solid ASCII
  facet normal 9.914449e-01 1.305262e-01 0.000000e+00
    outer loop
      vertex   1.484634e+02 -1.485175e+02 -4.490000e+00
      vertex   1.484634e+02 -1.485175e+02 -5.990000e+00
      vertex   1.484259e+02 -1.482328e+02 -4.490000e+00
    endloop
  endfacet
  facet normal 9.914449e-01 1.305262e-01 0.000000e+00
    outer loop
      vertex   1.484259e+02 -1.482328e+02 -4.490000e+00
      vertex   1.484634e+02 -1.485175e+02 -5.990000e+00
      vertex   1.484259e+02 -1.482328e+02 -5.990000e+00
    endloop
  endfacet
  facet normal 9.914449e-01 -1.305262e-01 0.000000e+00
    outer loop
      vertex   1.484259e+02 -1.482328e+02 -4.490000e+00
      vertex   1.484259e+02 -1.482328e+02 -5.990000e+00
      vertex   1.484634e+02 -1.479481e+02 -4.490000e+00
    endloop
  endfacet
  facet normal 9.914449e-01 -1.305262e-01 0.000000e+00
    outer loop
      vertex   1.484634e+02 -1.479481e+02 -4.490000e+00
      vertex   1.484259e+02 -1.482328e+02 -5.990000e+00
      vertex   1.484634e+02 -1.479481e+02 -5.990000e+00
    endloop
  endfacet
  facet normal 9.238795e-01 -3.826834e-01 0.000000e+00
    outer loop
      vertex   1.484634e+02 -1.479481e+02 -4.490000e+00
      vertex   1.484634e+02 -1.479481e+02 -5.990000e+00
      vertex   1.485733e+02 -1.476828e+02 -4.490000e+00
    endloop
  endfacet
  facet normal 9.238795e-01 -3.826834e-01 0.000000e+00
    outer loop
      vertex   1.485733e+02 -1.476828e+02 -4.490000e+00
      vertex   1.484634e+02 -1.479481e+02 -5.990000e+00
      vertex   1.485733e+02 -1.476828e+02 -5.990000e+00
    endloop
  endfacet
  facet normal 7.933533e-01 -6.087614e-01 0.000000e+00
    outer loop
      vertex   1.485733e+02 -1.476828e+02 -4.490000e+00
      vertex   1.485733e+02 -1.476828e+02 -5.990000e+00
      vertex   1.487481e+02 -1.474550e+02 -4.490000e+00
    endloop
  endfacet
  facet normal 7.933533e-01 -6.087614e-01 0.000000e+00
    outer loop
      vertex   1.487481e+02 -1.474550e+02 -4.490000e+00
      vertex   1.485733e+02 -1.476828e+02 -5.990000e+00
      vertex   1.487481e+02 -1.474550e+02 -5.990000e+00
    endloop
  endfacet
  facet normal 6.087614e-01 -7.933533e-01 0.000000e+00
    outer loop
      vertex   1.487481e+02 -1.474550e+02 -4.490000e+00
      vertex   1.487481e+02 -1.474550e+02 -5.990000e+00
      vertex   1.489759e+02 -1.472802e+02 -4.490000e+00
    endloop
  endfacet
  facet normal 6.087614e-01 -7.933533e-01 0.000000e+00
    outer loop
      vertex   1.489759e+02 -1.472802e+02 -4.490000e+00
      vertex   1.487481e+02 -1.474550e+02 -5.990000e+00
      vertex   1.489759e+02 -1.472802e+02 -5.990000e+00
    endloop
  endfacet
  facet normal 3.826834e-01 -9.238795e-01 0.000000e+00
    outer loop
      vertex   1.489759e+02 -1.472802e+02 -4.490000e+00
      vertex   1.489759e+02 -1.472802e+02 -5.990000e+00
      vertex   1.492412e+02 -1.471703e+02 -4.490000e+00
    endloop
  endfacet
  facet normal 3.826834e-01 -9.238795e-01 0.000000e+00
    outer loop
      vertex   1.492412e+02 -1.471703e+02 -4.490000e+00
      vertex   1.489759e+02 -1.472802e+02 -5.990000e+00
      vertex   1.492412e+02 -1.471703e+02 -5.990000e+00
    endloop
  endfacet
  facet normal 1.305262e-01 -9.914449e-01 0.000000e+00
    outer loop
      vertex   1.492412e+02 -1.471703e+02 -4.490000e+00
      vertex   1.492412e+02 -1.471703e+02 -5.990000e+00
      vertex   1.495259e+02 -1.471328e+02 -4.490000e+00
    endloop
  endfacet
  facet normal 1.305262e-01 -9.914449e-01 0.000000e+00
    outer loop
      vertex   1.495259e+02 -1.471328e+02 -4.490000e+00
      vertex   1.492412e+02 -1.471703e+02 -5.990000e+00
      vertex   1.495259e+02 -1.471328e+02 -5.990000e+00
    endloop
  endfacet
  facet normal -1.305262e-01 -9.914449e-01 -0.000000e+00
    outer loop
      vertex   1.495259e+02 -1.471328e+02 -4.490000e+00
      vertex   1.495259e+02 -1.471328e+02 -5.990000e+00
      vertex   1.498106e+02 -1.471703e+02 -4.490000e+00
    endloop
  endfacet
  facet normal -1.305262e-01 -9.914449e-01 -0.000000e+00
    outer loop
      vertex   1.498106e+02 -1.471703e+02 -4.490000e+00
      vertex   1.495259e+02 -1.471328e+02 -5.990000e+00
      vertex   1.498106e+02 -1.471703e+02 -5.990000e+00
    endloop
  endfacet
  facet normal -3.826834e-01 -9.238795e-01 -0.000000e+00
    outer loop
      vertex   1.498106e+02 -1.471703e+02 -4.490000e+00
      vertex   1.498106e+02 -1.471703e+02 -5.990000e+00
      vertex   1.500759e+02 -1.472802e+02 -4.490000e+00
    endloop
  endfacet
  facet normal -3.826834e-01 -9.238795e-01 -0.000000e+00
    outer loop
      vertex   1.500759e+02 -1.472802e+02 -4.490000e+00
      vertex   1.498106e+02 -1.471703e+02 -5.990000e+00
      vertex   1.500759e+02 -1.472802e+02 -5.990000e+00
    endloop
  endfacet
  facet normal -6.087614e-01 -7.933533e-01 -0.000000e+00
    outer loop
      vertex   1.500759e+02 -1.472802e+02 -4.490000e+00
      vertex   1.500759e+02 -1.472802e+02 -5.990000e+00
      vertex   1.503038e+02 -1.474550e+02 -4.490000e+00
    endloop
  endfacet
  facet normal -6.087614e-01 -7.933533e-01 -0.000000e+00
    outer loop
      vertex   1.503038e+02 -1.474550e+02 -4.490000e+00
      vertex   1.500759e+02 -1.472802e+02 -5.990000e+00
      vertex   1.503038e+02 -1.474550e+02 -5.990000e+00
    endloop
  endfacet
  facet normal -7.933533e-01 -6.087614e-01 -0.000000e+00
    outer loop
      vertex   1.503038e+02 -1.474550e+02 -4.490000e+00
      vertex   1.503038e+02 -1.474550e+02 -5.990000e+00
      vertex   1.504786e+02 -1.476828e+02 -4.490000e+00
    endloop
  endfacet
  facet normal -7.933533e-01 -6.087614e-01 -0.000000e+00
    outer loop
      vertex   1.504786e+02 -1.476828e+02 -4.490000e+00
      vertex   1.503038e+02 -1.474550e+02 -5.990000e+00
      vertex   1.504786e+02 -1.476828e+02 -5.990000e+00
    endloop
  endfacet
  facet normal -9.238795e-01 -3.826834e-01 -0.000000e+00
    outer loop
      vertex   1.504786e+02 -1.476828e+02 -4.490000e+00
      vertex   1.504786e+02 -1.476828e+02 -5.990000e+00
      vertex   1.505885e+02 -1.479481e+02 -4.490000e+00
    endloop
  endfacet
  facet normal -9.238795e-01 -3.826834e-01 -0.000000e+00
    outer loop
      vertex   1.505885e+02 -1.479481e+02 -4.490000e+00
      vertex   1.504786e+02 -1.476828e+02 -5.990000e+00
      vertex   1.505885e+02 -1.479481e+02 -5.990000e+00
    endloop
  endfacet
  facet normal -9.914449e-01 -1.305262e-01 -0.000000e+00
    outer loop
      vertex   1.505885e+02 -1.479481e+02 -4.490000e+00
      vertex   1.505885e+02 -1.479481e+02 -5.990000e+00
      vertex   1.506259e+02 -1.482328e+02 -4.490000e+00
    endloop
  endfacet
  facet normal -9.914449e-01 -1.305262e-01 -0.000000e+00
    outer loop
      vertex   1.506259e+02 -1.482328e+02 -4.490000e+00
      vertex   1.505885e+02 -1.479481e+02 -5.990000e+00
      vertex   1.506259e+02 -1.482328e+02 -5.990000e+00
    endloop
  endfacet
  facet normal -9.914449e-01 1.305262e-01 0.000000e+00
    outer loop
      vertex   1.506259e+02 -1.482328e+02 -4.490000e+00
      vertex   1.506259e+02 -1.482328e+02 -5.990000e+00
      vertex   1.505885e+02 -1.485175e+02 -4.490000e+00
    endloop
  endfacet
  facet normal -9.914449e-01 1.305262e-01 0.000000e+00
    outer loop
      vertex   1.505885e+02 -1.485175e+02 -4.490000e+00
      vertex   1.506259e+02 -1.482328e+02 -5.990000e+00
      vertex   1.505885e+02 -1.485175e+02 -5.990000e+00
    endloop
  endfacet
  facet normal -9.238795e-01 3.826834e-01 0.000000e+00
    outer loop
      vertex   1.505885e+02 -1.485175e+02 -4.490000e+00
      vertex   1.505885e+02 -1.485175e+02 -5.990000e+00
      vertex   1.504786e+02 -1.487828e+02 -4.490000e+00
    endloop
  endfacet
  facet normal -9.238795e-01 3.826834e-01 0.000000e+00
    outer loop
      vertex   1.504786e+02 -1.487828e+02 -4.490000e+00
      vertex   1.505885e+02 -1.485175e+02 -5.990000e+00
      vertex   1.504786e+02 -1.487828e+02 -5.990000e+00
    endloop
  endfacet
  facet normal -7.933533e-01 6.087614e-01 0.000000e+00
    outer loop
      vertex   1.504786e+02 -1.487828e+02 -4.490000e+00
      vertex   1.504786e+02 -1.487828e+02 -5.990000e+00
      vertex   1.503038e+02 -1.490106e+02 -4.490000e+00
    endloop
  endfacet
  facet normal -7.933533e-01 6.087614e-01 0.000000e+00
    outer loop
      vertex   1.503038e+02 -1.490106e+02 -4.490000e+00
      vertex   1.504786e+02 -1.487828e+02 -5.990000e+00
      vertex   1.503038e+02 -1.490106e+02 -5.990000e+00
    endloop
  endfacet
  facet normal -6.087614e-01 7.933533e-01 0.000000e+00
    outer loop
      vertex   1.503038e+02 -1.490106e+02 -4.490000e+00
      vertex   1.503038e+02 -1.490106e+02 -5.990000e+00
      vertex   1.500759e+02 -1.491854e+02 -4.490000e+00
    endloop
  endfacet
  facet normal -6.087614e-01 7.933533e-01 0.000000e+00
    outer loop
      vertex   1.500759e+02 -1.491854e+02 -4.490000e+00
      vertex   1.503038e+02 -1.490106e+02 -5.990000e+00
      vertex   1.500759e+02 -1.491854e+02 -5.990000e+00
    endloop
  endfacet
  facet normal -3.826834e-01 9.238795e-01 0.000000e+00
    outer loop
      vertex   1.500759e+02 -1.491854e+02 -4.490000e+00
      vertex   1.500759e+02 -1.491854e+02 -5.990000e+00
      vertex   1.498106e+02 -1.492953e+02 -4.490000e+00
    endloop
  endfacet
  facet normal -3.826834e-01 9.238795e-01 0.000000e+00
    outer loop
      vertex   1.498106e+02 -1.492953e+02 -4.490000e+00
      vertex   1.500759e+02 -1.491854e+02 -5.990000e+00
      vertex   1.498106e+02 -1.492953e+02 -5.990000e+00
    endloop
  endfacet
  facet normal -1.305262e-01 9.914449e-01 0.000000e+00
    outer loop
      vertex   1.498106e+02 -1.492953e+02 -4.490000e+00
      vertex   1.498106e+02 -1.492953e+02 -5.990000e+00
      vertex   1.495259e+02 -1.493328e+02 -4.490000e+00
    endloop
  endfacet
  facet normal -1.305262e-01 9.914449e-01 0.000000e+00
    outer loop
      vertex   1.495259e+02 -1.493328e+02 -4.490000e+00
      vertex   1.498106e+02 -1.492953e+02 -5.990000e+00
      vertex   1.495259e+02 -1.493328e+02 -5.990000e+00
    endloop
  endfacet
  facet normal 1.305262e-01 9.914449e-01 0.000000e+00
    outer loop
      vertex   1.495259e+02 -1.493328e+02 -4.490000e+00
      vertex   1.495259e+02 -1.493328e+02 -5.990000e+00
      vertex   1.492412e+02 -1.492953e+02 -4.490000e+00
    endloop
  endfacet
  facet normal 1.305262e-01 9.914449e-01 0.000000e+00
    outer loop
      vertex   1.492412e+02 -1.492953e+02 -4.490000e+00
      vertex   1.495259e+02 -1.493328e+02 -5.990000e+00
      vertex   1.492412e+02 -1.492953e+02 -5.990000e+00
    endloop
  endfacet
  facet normal 3.826834e-01 9.238795e-01 0.000000e+00
    outer loop
      vertex   1.492412e+02 -1.492953e+02 -4.490000e+00
      vertex   1.492412e+02 -1.492953e+02 -5.990000e+00
      vertex   1.489759e+02 -1.491854e+02 -4.490000e+00
    endloop
  endfacet
  facet normal 3.826834e-01 9.238795e-01 0.000000e+00
    outer loop
      vertex   1.489759e+02 -1.491854e+02 -4.490000e+00
      vertex   1.492412e+02 -1.492953e+02 -5.990000e+00
      vertex   1.489759e+02 -1.491854e+02 -5.990000e+00
    endloop
  endfacet
  facet normal 6.087614e-01 7.933533e-01 0.000000e+00
    outer loop
      vertex   1.489759e+02 -1.491854e+02 -4.490000e+00
      vertex   1.489759e+02 -1.491854e+02 -5.990000e+00
      vertex   1.487481e+02 -1.490106e+02 -4.490000e+00
    endloop
  endfacet
  facet normal 6.087614e-01 7.933533e-01 0.000000e+00
    outer loop
      vertex   1.487481e+02 -1.490106e+02 -4.490000e+00
      vertex   1.489759e+02 -1.491854e+02 -5.990000e+00
      vertex   1.487481e+02 -1.490106e+02 -5.990000e+00
    endloop
  endfacet
  facet normal 7.933533e-01 6.087614e-01 0.000000e+00
    outer loop
      vertex   1.487481e+02 -1.490106e+02 -4.490000e+00
      vertex   1.487481e+02 -1.490106e+02 -5.990000e+00
      vertex   1.485733e+02 -1.487828e+02 -4.490000e+00
    endloop
  endfacet
  facet normal 7.933533e-01 6.087614e-01 0.000000e+00
    outer loop
      vertex   1.485733e+02 -1.487828e+02 -4.490000e+00
      vertex   1.487481e+02 -1.490106e+02 -5.990000e+00
      vertex   1.485733e+02 -1.487828e+02 -5.990000e+00
    endloop
  endfacet
  facet normal 9.238795e-01 3.826834e-01 0.000000e+00
    outer loop
      vertex   1.485733e+02 -1.487828e+02 -4.490000e+00
      vertex   1.485733e+02 -1.487828e+02 -5.990000e+00
      vertex   1.484634e+02 -1.485175e+02 -4.490000e+00
    endloop
  endfacet
  facet normal 9.238795e-01 3.826834e-01 0.000000e+00
    outer loop
      vertex   1.484634e+02 -1.485175e+02 -4.490000e+00
      vertex   1.485733e+02 -1.487828e+02 -5.990000e+00
      vertex   1.484634e+02 -1.485175e+02 -5.990000e+00
    endloop
  endfacet
  facet normal 9.914449e-01 1.305262e-01 0.000000e+00
    outer loop
      vertex   1.297680e+02 -5.242158e+01 -4.490000e+00
      vertex   1.297680e+02 -5.242158e+01 -5.990000e+00
      vertex   1.297305e+02 -5.213688e+01 -4.490000e+00
    endloop
  endfacet
  facet normal 9.914449e-01 1.305262e-01 0.000000e+00
    outer loop
      vertex   1.297305e+02 -5.213688e+01 -4.490000e+00
      vertex   1.297680e+02 -5.242158e+01 -5.990000e+00
      vertex   1.297305e+02 -5.213688e+01 -5.990000e+00
    endloop
  endfacet
  facet normal 9.914449e-01 -1.305262e-01 0.000000e+00
    outer loop
      vertex   1.297305e+02 -5.213688e+01 -4.490000e+00
      vertex   1.297305e+02 -5.213688e+01 -5.990000e+00
      vertex   1.297680e+02 -5.185218e+01 -4.490000e+00
    endloop
  endfacet
  facet normal 9.914449e-01 -1.305262e-01 0.000000e+00
    outer loop
      vertex   1.297680e+02 -5.185218e+01 -4.490000e+00
      vertex   1.297305e+02 -5.213688e+01 -5.990000e+00
      vertex   1.297680e+02 -5.185218e+01 -5.990000e+00
    endloop
  endfacet
  facet normal 9.238795e-01 -3.826834e-01 0.000000e+00
    outer loop
      vertex   1.297680e+02 -5.185218e+01 -4.490000e+00
      vertex   1.297680e+02 -5.185218e+01 -5.990000e+00
      vertex   1.298779e+02 -5.158688e+01 -4.490000e+00
    endloop
  endfacet
  facet normal 9.238795e-01 -3.826834e-01 0.000000e+00
    outer loop
      vertex   1.298779e+02 -5.158688e+01 -4.490000e+00
      vertex   1.297680e+02 -5.185218e+01 -5.990000e+00
      vertex   1.298779e+02 -5.158688e+01 -5.990000e+00
    endloop
  endfacet
  facet normal 7.933533e-01 -6.087614e-01 0.000000e+00
    outer loop
      vertex   1.298779e+02 -5.158688e+01 -4.490000e+00
      vertex   1.298779e+02 -5.158688e+01 -5.990000e+00
      vertex   1.300527e+02 -5.135907e+01 -4.490000e+00
    endloop
  endfacet
  facet normal 7.933533e-01 -6.087614e-01 0.000000e+00
    outer loop
      vertex   1.300527e+02 -5.135907e+01 -4.490000e+00
      vertex   1.298779e+02 -5.158688e+01 -5.990000e+00
      vertex   1.300527e+02 -5.135907e+01 -5.990000e+00
    endloop
  endfacet
  facet normal 6.087614e-01 -7.933533e-01 0.000000e+00
    outer loop
      vertex   1.300527e+02 -5.135907e+01 -4.490000e+00
      vertex   1.300527e+02 -5.135907e+01 -5.990000e+00
      vertex   1.302805e+02 -5.118426e+01 -4.490000e+00
    endloop
  endfacet
  facet normal 6.087614e-01 -7.933533e-01 0.000000e+00
    outer loop
      vertex   1.302805e+02 -5.118426e+01 -4.490000e+00
      vertex   1.300527e+02 -5.135907e+01 -5.990000e+00
      vertex   1.302805e+02 -5.118426e+01 -5.990000e+00
    endloop
  endfacet
  facet normal 3.826834e-01 -9.238795e-01 0.000000e+00
    outer loop
      vertex   1.302805e+02 -5.118426e+01 -4.490000e+00
      vertex   1.302805e+02 -5.118426e+01 -5.990000e+00
      vertex   1.305458e+02 -5.107437e+01 -4.490000e+00
    endloop
  endfacet
  facet normal 3.826834e-01 -9.238795e-01 0.000000e+00
    outer loop
      vertex   1.305458e+02 -5.107437e+01 -4.490000e+00
      vertex   1.302805e+02 -5.118426e+01 -5.990000e+00
      vertex   1.305458e+02 -5.107437e+01 -5.990000e+00
    endloop
  endfacet
  facet normal 1.305262e-01 -9.914449e-01 0.000000e+00
    outer loop
      vertex   1.305458e+02 -5.107437e+01 -4.490000e+00
      vertex   1.305458e+02 -5.107437e+01 -5.990000e+00
      vertex   1.308305e+02 -5.103688e+01 -4.490000e+00
    endloop
  endfacet
  facet normal 1.305262e-01 -9.914449e-01 0.000000e+00
    outer loop
      vertex   1.308305e+02 -5.103688e+01 -4.490000e+00
      vertex   1.305458e+02 -5.107437e+01 -5.990000e+00
      vertex   1.308305e+02 -5.103688e+01 -5.990000e+00
    endloop
  endfacet
  facet normal -1.305262e-01 -9.914449e-01 -0.000000e+00
    outer loop
      vertex   1.308305e+02 -5.103688e+01 -4.490000e+00
      vertex   1.308305e+02 -5.103688e+01 -5.990000e+00
      vertex   1.311152e+02 -5.107437e+01 -4.490000e+00
    endloop
  endfacet
  facet normal -1.305262e-01 -9.914449e-01 -9.392853e-15
    outer loop
      vertex   1.311152e+02 -5.107437e+01 -4.490000e+00
      vertex   1.308305e+02 -5.103688e+01 -5.990000e+00
      vertex   1.311152e+02 -5.107437e+01 -5.990000e+00
    endloop
  endfacet
  facet normal -3.826834e-01 -9.238795e-01 -8.752745e-15
    outer loop
      vertex   1.311152e+02 -5.107437e+01 -4.490000e+00
      vertex   1.311152e+02 -5.107437e+01 -5.990000e+00
      vertex   1.313805e+02 -5.118426e+01 -4.490000e+00
    endloop
  endfacet
  facet normal -3.826834e-01 -9.238795e-01 -0.000000e+00
    outer loop
      vertex   1.313805e+02 -5.118426e+01 -4.490000e+00
      vertex   1.311152e+02 -5.107437e+01 -5.990000e+00
      vertex   1.313805e+02 -5.118426e+01 -5.990000e+00
    endloop
  endfacet
  facet normal -6.087614e-01 -7.933533e-01 -0.000000e+00
    outer loop
      vertex   1.313805e+02 -5.118426e+01 -4.490000e+00
      vertex   1.313805e+02 -5.118426e+01 -5.990000e+00
      vertex   1.316083e+02 -5.135907e+01 -4.490000e+00
    endloop
  endfacet
  facet normal -6.087614e-01 -7.933533e-01 -0.000000e+00
    outer loop
      vertex   1.316083e+02 -5.135907e+01 -4.490000e+00
      vertex   1.313805e+02 -5.118426e+01 -5.990000e+00
      vertex   1.316083e+02 -5.135907e+01 -5.990000e+00
    endloop
  endfacet
  facet normal -7.933533e-01 -6.087614e-01 -0.000000e+00
    outer loop
      vertex   1.316083e+02 -5.135907e+01 -4.490000e+00
      vertex   1.316083e+02 -5.135907e+01 -5.990000e+00
      vertex   1.317831e+02 -5.158688e+01 -4.490000e+00
    endloop
  endfacet
  facet normal -7.933533e-01 -6.087614e-01 -0.000000e+00
    outer loop
      vertex   1.317831e+02 -5.158688e+01 -4.490000e+00
      vertex   1.316083e+02 -5.135907e+01 -5.990000e+00
      vertex   1.317831e+02 -5.158688e+01 -5.990000e+00
    endloop
  endfacet
  facet normal -9.238795e-01 -3.826834e-01 -0.000000e+00
    outer loop
      vertex   1.317831e+02 -5.158688e+01 -4.490000e+00
      vertex   1.317831e+02 -5.158688e+01 -5.990000e+00
      vertex   1.318930e+02 -5.185218e+01 -4.490000e+00
    endloop
  endfacet
  facet normal -9.238795e-01 -3.826834e-01 -0.000000e+00
    outer loop
      vertex   1.318930e+02 -5.185218e+01 -4.490000e+00
      vertex   1.317831e+02 -5.158688e+01 -5.990000e+00
      vertex   1.318930e+02 -5.185218e+01 -5.990000e+00
    endloop
  endfacet
  facet normal -9.914449e-01 -1.305262e-01 -0.000000e+00
    outer loop
      vertex   1.318930e+02 -5.185218e+01 -4.490000e+00
      vertex   1.318930e+02 -5.185218e+01 -5.990000e+00
      vertex   1.319305e+02 -5.213688e+01 -4.490000e+00
    endloop
  endfacet
  facet normal -9.914449e-01 -1.305262e-01 -0.000000e+00
    outer loop
      vertex   1.319305e+02 -5.213688e+01 -4.490000e+00
      vertex   1.318930e+02 -5.185218e+01 -5.990000e+00
      vertex   1.319305e+02 -5.213688e+01 -5.990000e+00
    endloop
  endfacet
  facet normal -9.914449e-01 1.305262e-01 0.000000e+00
    outer loop
      vertex   1.319305e+02 -5.213688e+01 -4.490000e+00
      vertex   1.319305e+02 -5.213688e+01 -5.990000e+00
      vertex   1.318930e+02 -5.242158e+01 -4.490000e+00
    endloop
  endfacet
  facet normal -9.914449e-01 1.305262e-01 0.000000e+00
    outer loop
      vertex   1.318930e+02 -5.242158e+01 -4.490000e+00
      vertex   1.319305e+02 -5.213688e+01 -5.990000e+00
      vertex   1.318930e+02 -5.242158e+01 -5.990000e+00
    endloop
  endfacet
  facet normal -9.238795e-01 3.826834e-01 0.000000e+00
    outer loop
      vertex   1.318930e+02 -5.242158e+01 -4.490000e+00
      vertex   1.318930e+02 -5.242158e+01 -5.990000e+00
      vertex   1.317831e+02 -5.268688e+01 -4.490000e+00
    endloop
  endfacet
  facet normal -9.238795e-01 3.826834e-01 0.000000e+00
    outer loop
      vertex   1.317831e+02 -5.268688e+01 -4.490000e+00
      vertex   1.318930e+02 -5.242158e+01 -5.990000e+00
      vertex   1.317831e+02 -5.268688e+01 -5.990000e+00
    endloop
  endfacet
  facet normal -7.933533e-01 6.087614e-01 0.000000e+00
    outer loop
      vertex   1.317831e+02 -5.268688e+01 -4.490000e+00
      vertex   1.317831e+02 -5.268688e+01 -5.990000e+00
      vertex   1.316083e+02 -5.291470e+01 -4.490000e+00
    endloop
  endfacet
  facet normal -7.933533e-01 6.087614e-01 0.000000e+00
    outer loop
      vertex   1.316083e+02 -5.291470e+01 -4.490000e+00
      vertex   1.317831e+02 -5.268688e+01 -5.990000e+00
      vertex   1.316083e+02 -5.291470e+01 -5.990000e+00
    endloop
  endfacet
  facet normal -6.087614e-01 7.933533e-01 0.000000e+00
    outer loop
      vertex   1.316083e+02 -5.291470e+01 -4.490000e+00
      vertex   1.316083e+02 -5.291470e+01 -5.990000e+00
      vertex   1.313805e+02 -5.308951e+01 -4.490000e+00
    endloop
  endfacet
  facet normal -6.087614e-01 7.933533e-01 0.000000e+00
    outer loop
      vertex   1.313805e+02 -5.308951e+01 -4.490000e+00
      vertex   1.316083e+02 -5.291470e+01 -5.990000e+00
      vertex   1.313805e+02 -5.308951e+01 -5.990000e+00
    endloop
  endfacet
  facet normal -3.826834e-01 9.238795e-01 0.000000e+00
    outer loop
      vertex   1.313805e+02 -5.308951e+01 -4.490000e+00
      vertex   1.313805e+02 -5.308951e+01 -5.990000e+00
      vertex   1.311152e+02 -5.319940e+01 -4.490000e+00
    endloop
  endfacet
  facet normal -3.826834e-01 9.238795e-01 4.376373e-15
    outer loop
      vertex   1.311152e+02 -5.319940e+01 -4.490000e+00
      vertex   1.313805e+02 -5.308951e+01 -5.990000e+00
      vertex   1.311152e+02 -5.319940e+01 -5.990000e+00
    endloop
  endfacet
  facet normal -1.305262e-01 9.914449e-01 4.696426e-15
    outer loop
      vertex   1.311152e+02 -5.319940e+01 -4.490000e+00
      vertex   1.311152e+02 -5.319940e+01 -5.990000e+00
      vertex   1.308305e+02 -5.323688e+01 -4.490000e+00
    endloop
  endfacet
  facet normal -1.305262e-01 9.914449e-01 0.000000e+00
    outer loop
      vertex   1.308305e+02 -5.323688e+01 -4.490000e+00
      vertex   1.311152e+02 -5.319940e+01 -5.990000e+00
      vertex   1.308305e+02 -5.323688e+01 -5.990000e+00
    endloop
  endfacet
  facet normal 1.305262e-01 9.914449e-01 0.000000e+00
    outer loop
      vertex   1.308305e+02 -5.323688e+01 -4.490000e+00
      vertex   1.308305e+02 -5.323688e+01 -5.990000e+00
      vertex   1.305458e+02 -5.319940e+01 -4.490000e+00
    endloop
  endfacet
  facet normal 1.305262e-01 9.914449e-01 0.000000e+00
    outer loop
      vertex   1.305458e+02 -5.319940e+01 -4.490000e+00
      vertex   1.308305e+02 -5.323688e+01 -5.990000e+00
      vertex   1.305458e+02 -5.319940e+01 -5.990000e+00
    endloop
  endfacet
  facet normal 3.826834e-01 9.238795e-01 0.000000e+00
    outer loop
      vertex   1.305458e+02 -5.319940e+01 -4.490000e+00
      vertex   1.305458e+02 -5.319940e+01 -5.990000e+00
      vertex   1.302805e+02 -5.308951e+01 -4.490000e+00
    endloop
  endfacet
  facet normal 3.826834e-01 9.238795e-01 0.000000e+00
    outer loop
      vertex   1.302805e+02 -5.308951e+01 -4.490000e+00
      vertex   1.305458e+02 -5.319940e+01 -5.990000e+00
      vertex   1.302805e+02 -5.308951e+01 -5.990000e+00
    endloop
  endfacet
  facet normal 6.087614e-01 7.933533e-01 0.000000e+00
    outer loop
      vertex   1.302805e+02 -5.308951e+01 -4.490000e+00
      vertex   1.302805e+02 -5.308951e+01 -5.990000e+00
      vertex   1.300527e+02 -5.291470e+01 -4.490000e+00
    endloop
  endfacet
  facet normal 6.087614e-01 7.933533e-01 0.000000e+00
    outer loop
      vertex   1.300527e+02 -5.291470e+01 -4.490000e+00
      vertex   1.302805e+02 -5.308951e+01 -5.990000e+00
      vertex   1.300527e+02 -5.291470e+01 -5.990000e+00
    endloop
  endfacet
  facet normal 7.933533e-01 6.087614e-01 0.000000e+00
    outer loop
      vertex   1.300527e+02 -5.291470e+01 -4.490000e+00
      vertex   1.300527e+02 -5.291470e+01 -5.990000e+00
      vertex   1.298779e+02 -5.268688e+01 -4.490000e+00
    endloop
  endfacet
  facet normal 7.933533e-01 6.087614e-01 0.000000e+00
    outer loop
      vertex   1.298779e+02 -5.268688e+01 -4.490000e+00
      vertex   1.300527e+02 -5.291470e+01 -5.990000e+00
      vertex   1.298779e+02 -5.268688e+01 -5.990000e+00
    endloop
  endfacet
  facet normal 9.238795e-01 3.826834e-01 0.000000e+00
    outer loop
      vertex   1.298779e+02 -5.268688e+01 -4.490000e+00
      vertex   1.298779e+02 -5.268688e+01 -5.990000e+00
      vertex   1.297680e+02 -5.242158e+01 -4.490000e+00
    endloop
  endfacet
  facet normal 9.238795e-01 3.826834e-01 0.000000e+00
    outer loop
      vertex   1.297680e+02 -5.242158e+01 -4.490000e+00
      vertex   1.298779e+02 -5.268688e+01 -5.990000e+00
      vertex   1.297680e+02 -5.242158e+01 -5.990000e+00
    endloop
  endfacet
  facet normal 9.914449e-01 1.305262e-01 0.000000e+00
    outer loop
      vertex   2.005705e+02 -1.689993e+02 -4.490000e+00
      vertex   2.005705e+02 -1.689993e+02 -5.990000e+00
      vertex   2.005159e+02 -1.685852e+02 -4.490000e+00
    endloop
  endfacet
  facet normal 9.914449e-01 1.305262e-01 0.000000e+00
    outer loop
      vertex   2.005159e+02 -1.685852e+02 -4.490000e+00
      vertex   2.005705e+02 -1.689993e+02 -5.990000e+00
      vertex   2.005159e+02 -1.685852e+02 -5.990000e+00
    endloop
  endfacet
  facet normal 9.914449e-01 -1.305262e-01 0.000000e+00
    outer loop
      vertex   2.005159e+02 -1.685852e+02 -4.490000e+00
      vertex   2.005159e+02 -1.685852e+02 -5.990000e+00
      vertex   2.005705e+02 -1.681711e+02 -4.490000e+00
    endloop
  endfacet
  facet normal 9.914449e-01 -1.305262e-01 0.000000e+00
    outer loop
      vertex   2.005705e+02 -1.681711e+02 -4.490000e+00
      vertex   2.005159e+02 -1.685852e+02 -5.990000e+00
      vertex   2.005705e+02 -1.681711e+02 -5.990000e+00
    endloop
  endfacet
  facet normal 9.238795e-01 -3.826834e-01 0.000000e+00
    outer loop
      vertex   2.005705e+02 -1.681711e+02 -4.490000e+00
      vertex   2.005705e+02 -1.681711e+02 -5.990000e+00
      vertex   2.007303e+02 -1.677852e+02 -4.490000e+00
    endloop
  endfacet
  facet normal 9.238795e-01 -3.826834e-01 7.251012e-15
    outer loop
      vertex   2.007303e+02 -1.677852e+02 -4.490000e+00
      vertex   2.005705e+02 -1.681711e+02 -5.990000e+00
      vertex   2.007303e+02 -1.677852e+02 -5.990000e+00
    endloop
  endfacet
  facet normal 7.933533e-01 -6.087614e-01 1.153469e-14
    outer loop
      vertex   2.007303e+02 -1.677852e+02 -4.490000e+00
      vertex   2.007303e+02 -1.677852e+02 -5.990000e+00
      vertex   2.009846e+02 -1.674538e+02 -4.490000e+00
    endloop
  endfacet
  facet normal 7.933533e-01 -6.087614e-01 0.000000e+00
    outer loop
      vertex   2.009846e+02 -1.674538e+02 -4.490000e+00
      vertex   2.007303e+02 -1.677852e+02 -5.990000e+00
      vertex   2.009846e+02 -1.674538e+02 -5.990000e+00
    endloop
  endfacet
  facet normal 6.087614e-01 -7.933533e-01 0.000000e+00
    outer loop
      vertex   2.009846e+02 -1.674538e+02 -4.490000e+00
      vertex   2.009846e+02 -1.674538e+02 -5.990000e+00
      vertex   2.013159e+02 -1.671996e+02 -4.490000e+00
    endloop
  endfacet
  facet normal 6.087614e-01 -7.933533e-01 -1.153469e-14
    outer loop
      vertex   2.013159e+02 -1.671996e+02 -4.490000e+00
      vertex   2.009846e+02 -1.674538e+02 -5.990000e+00
      vertex   2.013159e+02 -1.671996e+02 -5.990000e+00
    endloop
  endfacet
  facet normal 3.826834e-01 -9.238795e-01 -7.251012e-15
    outer loop
      vertex   2.013159e+02 -1.671996e+02 -4.490000e+00
      vertex   2.013159e+02 -1.671996e+02 -5.990000e+00
      vertex   2.017018e+02 -1.670397e+02 -4.490000e+00
    endloop
  endfacet
  facet normal 3.826834e-01 -9.238795e-01 0.000000e+00
    outer loop
      vertex   2.017018e+02 -1.670397e+02 -4.490000e+00
      vertex   2.013159e+02 -1.671996e+02 -5.990000e+00
      vertex   2.017018e+02 -1.670397e+02 -5.990000e+00
    endloop
  endfacet
  facet normal 1.305262e-01 -9.914449e-01 0.000000e+00
    outer loop
      vertex   2.017018e+02 -1.670397e+02 -4.490000e+00
      vertex   2.017018e+02 -1.670397e+02 -5.990000e+00
      vertex   2.021159e+02 -1.669852e+02 -4.490000e+00
    endloop
  endfacet
  facet normal 1.305262e-01 -9.914449e-01 0.000000e+00
    outer loop
      vertex   2.021159e+02 -1.669852e+02 -4.490000e+00
      vertex   2.017018e+02 -1.670397e+02 -5.990000e+00
      vertex   2.021159e+02 -1.669852e+02 -5.990000e+00
    endloop
  endfacet
  facet normal -1.305262e-01 -9.914449e-01 -0.000000e+00
    outer loop
      vertex   2.021159e+02 -1.669852e+02 -4.490000e+00
      vertex   2.021159e+02 -1.669852e+02 -5.990000e+00
      vertex   2.025301e+02 -1.670397e+02 -4.490000e+00
    endloop
  endfacet
  facet normal -1.305262e-01 -9.914449e-01 -0.000000e+00
    outer loop
      vertex   2.025301e+02 -1.670397e+02 -4.490000e+00
      vertex   2.021159e+02 -1.669852e+02 -5.990000e+00
      vertex   2.025301e+02 -1.670397e+02 -5.990000e+00
    endloop
  endfacet
  facet normal -3.826834e-01 -9.238795e-01 -0.000000e+00
    outer loop
      vertex   2.025301e+02 -1.670397e+02 -4.490000e+00
      vertex   2.025301e+02 -1.670397e+02 -5.990000e+00
      vertex   2.029159e+02 -1.671996e+02 -4.490000e+00
    endloop
  endfacet
  facet normal -3.826834e-01 -9.238795e-01 1.450202e-14
    outer loop
      vertex   2.029159e+02 -1.671996e+02 -4.490000e+00
      vertex   2.025301e+02 -1.670397e+02 -5.990000e+00
      vertex   2.029159e+02 -1.671996e+02 -5.990000e+00
    endloop
  endfacet
  facet normal -6.087614e-01 -7.933533e-01 2.306939e-14
    outer loop
      vertex   2.029159e+02 -1.671996e+02 -4.490000e+00
      vertex   2.029159e+02 -1.671996e+02 -5.990000e+00
      vertex   2.032473e+02 -1.674538e+02 -4.490000e+00
    endloop
  endfacet
  facet normal -6.087614e-01 -7.933533e-01 -0.000000e+00
    outer loop
      vertex   2.032473e+02 -1.674538e+02 -4.490000e+00
      vertex   2.029159e+02 -1.671996e+02 -5.990000e+00
      vertex   2.032473e+02 -1.674538e+02 -5.990000e+00
    endloop
  endfacet
  facet normal -7.933533e-01 -6.087614e-01 -0.000000e+00
    outer loop
      vertex   2.032473e+02 -1.674538e+02 -4.490000e+00
      vertex   2.032473e+02 -1.674538e+02 -5.990000e+00
      vertex   2.035016e+02 -1.677852e+02 -4.490000e+00
    endloop
  endfacet
  facet normal -7.933533e-01 -6.087614e-01 -1.153469e-14
    outer loop
      vertex   2.035016e+02 -1.677852e+02 -4.490000e+00
      vertex   2.032473e+02 -1.674538e+02 -5.990000e+00
      vertex   2.035016e+02 -1.677852e+02 -5.990000e+00
    endloop
  endfacet
  facet normal -9.238795e-01 -3.826834e-01 -7.251012e-15
    outer loop
      vertex   2.035016e+02 -1.677852e+02 -4.490000e+00
      vertex   2.035016e+02 -1.677852e+02 -5.990000e+00
      vertex   2.036614e+02 -1.681711e+02 -4.490000e+00
    endloop
  endfacet
  facet normal -9.238795e-01 -3.826834e-01 -0.000000e+00
    outer loop
      vertex   2.036614e+02 -1.681711e+02 -4.490000e+00
      vertex   2.035016e+02 -1.677852e+02 -5.990000e+00
      vertex   2.036614e+02 -1.681711e+02 -5.990000e+00
    endloop
  endfacet
  facet normal -9.914449e-01 -1.305262e-01 -0.000000e+00
    outer loop
      vertex   2.036614e+02 -1.681711e+02 -4.490000e+00
      vertex   2.036614e+02 -1.681711e+02 -5.990000e+00
      vertex   2.037159e+02 -1.685852e+02 -4.490000e+00
    endloop
  endfacet
  facet normal -9.914449e-01 -1.305262e-01 -0.000000e+00
    outer loop
      vertex   2.037159e+02 -1.685852e+02 -4.490000e+00
      vertex   2.036614e+02 -1.681711e+02 -5.990000e+00
      vertex   2.037159e+02 -1.685852e+02 -5.990000e+00
    endloop
  endfacet
  facet normal -9.914449e-01 1.305262e-01 0.000000e+00
    outer loop
      vertex   2.037159e+02 -1.685852e+02 -4.490000e+00
      vertex   2.037159e+02 -1.685852e+02 -5.990000e+00
      vertex   2.036614e+02 -1.689993e+02 -4.490000e+00
    endloop
  endfacet
  facet normal -9.914449e-01 1.305262e-01 0.000000e+00
    outer loop
      vertex   2.036614e+02 -1.689993e+02 -4.490000e+00
      vertex   2.037159e+02 -1.685852e+02 -5.990000e+00
      vertex   2.036614e+02 -1.689993e+02 -5.990000e+00
    endloop
  endfacet
  facet normal -9.238795e-01 3.826834e-01 0.000000e+00
    outer loop
      vertex   2.036614e+02 -1.689993e+02 -4.490000e+00
      vertex   2.036614e+02 -1.689993e+02 -5.990000e+00
      vertex   2.035016e+02 -1.693852e+02 -4.490000e+00
    endloop
  endfacet
  facet normal -9.238795e-01 3.826834e-01 1.450202e-14
    outer loop
      vertex   2.035016e+02 -1.693852e+02 -4.490000e+00
      vertex   2.036614e+02 -1.689993e+02 -5.990000e+00
      vertex   2.035016e+02 -1.693852e+02 -5.990000e+00
    endloop
  endfacet
  facet normal -7.933533e-01 6.087614e-01 2.306939e-14
    outer loop
      vertex   2.035016e+02 -1.693852e+02 -4.490000e+00
      vertex   2.035016e+02 -1.693852e+02 -5.990000e+00
      vertex   2.032473e+02 -1.697166e+02 -4.490000e+00
    endloop
  endfacet
  facet normal -7.933533e-01 6.087614e-01 0.000000e+00
    outer loop
      vertex   2.032473e+02 -1.697166e+02 -4.490000e+00
      vertex   2.035016e+02 -1.693852e+02 -5.990000e+00
      vertex   2.032473e+02 -1.697166e+02 -5.990000e+00
    endloop
  endfacet
  facet normal -6.087614e-01 7.933533e-01 0.000000e+00
    outer loop
      vertex   2.032473e+02 -1.697166e+02 -4.490000e+00
      vertex   2.032473e+02 -1.697166e+02 -5.990000e+00
      vertex   2.029159e+02 -1.699708e+02 -4.490000e+00
    endloop
  endfacet
  facet normal -6.087614e-01 7.933533e-01 -2.306939e-14
    outer loop
      vertex   2.029159e+02 -1.699708e+02 -4.490000e+00
      vertex   2.032473e+02 -1.697166e+02 -5.990000e+00
      vertex   2.029159e+02 -1.699708e+02 -5.990000e+00
    endloop
  endfacet
  facet normal -3.826834e-01 9.238795e-01 -1.450202e-14
    outer loop
      vertex   2.029159e+02 -1.699708e+02 -4.490000e+00
      vertex   2.029159e+02 -1.699708e+02 -5.990000e+00
      vertex   2.025301e+02 -1.701307e+02 -4.490000e+00
    endloop
  endfacet
  facet normal -3.826834e-01 9.238795e-01 0.000000e+00
    outer loop
      vertex   2.025301e+02 -1.701307e+02 -4.490000e+00
      vertex   2.029159e+02 -1.699708e+02 -5.990000e+00
      vertex   2.025301e+02 -1.701307e+02 -5.990000e+00
    endloop
  endfacet
  facet normal -1.305262e-01 9.914449e-01 0.000000e+00
    outer loop
      vertex   2.025301e+02 -1.701307e+02 -4.490000e+00
      vertex   2.025301e+02 -1.701307e+02 -5.990000e+00
      vertex   2.021159e+02 -1.701852e+02 -4.490000e+00
    endloop
  endfacet
  facet normal -1.305262e-01 9.914449e-01 0.000000e+00
    outer loop
      vertex   2.021159e+02 -1.701852e+02 -4.490000e+00
      vertex   2.025301e+02 -1.701307e+02 -5.990000e+00
      vertex   2.021159e+02 -1.701852e+02 -5.990000e+00
    endloop
  endfacet
  facet normal 1.305262e-01 9.914449e-01 0.000000e+00
    outer loop
      vertex   2.021159e+02 -1.701852e+02 -4.490000e+00
      vertex   2.021159e+02 -1.701852e+02 -5.990000e+00
      vertex   2.017018e+02 -1.701307e+02 -4.490000e+00
    endloop
  endfacet
  facet normal 1.305262e-01 9.914449e-01 0.000000e+00
    outer loop
      vertex   2.017018e+02 -1.701307e+02 -4.490000e+00
      vertex   2.021159e+02 -1.701852e+02 -5.990000e+00
      vertex   2.017018e+02 -1.701307e+02 -5.990000e+00
    endloop
  endfacet
  facet normal 3.826834e-01 9.238795e-01 0.000000e+00
    outer loop
      vertex   2.017018e+02 -1.701307e+02 -4.490000e+00
      vertex   2.017018e+02 -1.701307e+02 -5.990000e+00
      vertex   2.013159e+02 -1.699708e+02 -4.490000e+00
    endloop
  endfacet
  facet normal 3.826834e-01 9.238795e-01 7.251012e-15
    outer loop
      vertex   2.013159e+02 -1.699708e+02 -4.490000e+00
      vertex   2.017018e+02 -1.701307e+02 -5.990000e+00
      vertex   2.013159e+02 -1.699708e+02 -5.990000e+00
    endloop
  endfacet
  facet normal 6.087614e-01 7.933533e-01 1.153469e-14
    outer loop
      vertex   2.013159e+02 -1.699708e+02 -4.490000e+00
      vertex   2.013159e+02 -1.699708e+02 -5.990000e+00
      vertex   2.009846e+02 -1.697166e+02 -4.490000e+00
    endloop
  endfacet
  facet normal 6.087614e-01 7.933533e-01 0.000000e+00
    outer loop
      vertex   2.009846e+02 -1.697166e+02 -4.490000e+00
      vertex   2.013159e+02 -1.699708e+02 -5.990000e+00
      vertex   2.009846e+02 -1.697166e+02 -5.990000e+00
    endloop
  endfacet
  facet normal 7.933533e-01 6.087614e-01 0.000000e+00
    outer loop
      vertex   2.009846e+02 -1.697166e+02 -4.490000e+00
      vertex   2.009846e+02 -1.697166e+02 -5.990000e+00
      vertex   2.007303e+02 -1.693852e+02 -4.490000e+00
    endloop
  endfacet
  facet normal 7.933533e-01 6.087614e-01 -2.306939e-14
    outer loop
      vertex   2.007303e+02 -1.693852e+02 -4.490000e+00
      vertex   2.009846e+02 -1.697166e+02 -5.990000e+00
      vertex   2.007303e+02 -1.693852e+02 -5.990000e+00
    endloop
  endfacet
  facet normal 9.238795e-01 3.826834e-01 -1.450202e-14
    outer loop
      vertex   2.007303e+02 -1.693852e+02 -4.490000e+00
      vertex   2.007303e+02 -1.693852e+02 -5.990000e+00
      vertex   2.005705e+02 -1.689993e+02 -4.490000e+00
    endloop
  endfacet
  facet normal 9.238795e-01 3.826834e-01 0.000000e+00
    outer loop
      vertex   2.005705e+02 -1.689993e+02 -4.490000e+00
      vertex   2.007303e+02 -1.693852e+02 -5.990000e+00
      vertex   2.005705e+02 -1.689993e+02 -5.990000e+00
    endloop
  endfacet
  facet normal 9.914449e-01 1.305262e-01 0.000000e+00
    outer loop
      vertex   2.009028e+02 -6.511477e+01 -4.490000e+00
      vertex   2.009028e+02 -6.511477e+01 -5.990000e+00
      vertex   2.008483e+02 -6.470066e+01 -4.490000e+00
    endloop
  endfacet
  facet normal 9.914449e-01 1.305262e-01 0.000000e+00
    outer loop
      vertex   2.008483e+02 -6.470066e+01 -4.490000e+00
      vertex   2.009028e+02 -6.511477e+01 -5.990000e+00
      vertex   2.008483e+02 -6.470066e+01 -5.990000e+00
    endloop
  endfacet
  facet normal 9.914449e-01 -1.305262e-01 0.000000e+00
    outer loop
      vertex   2.008483e+02 -6.470066e+01 -4.490000e+00
      vertex   2.008483e+02 -6.470066e+01 -5.990000e+00
      vertex   2.009028e+02 -6.428655e+01 -4.490000e+00
    endloop
  endfacet
  facet normal 9.914449e-01 -1.305262e-01 0.000000e+00
    outer loop
      vertex   2.009028e+02 -6.428655e+01 -4.490000e+00
      vertex   2.008483e+02 -6.470066e+01 -5.990000e+00
      vertex   2.009028e+02 -6.428655e+01 -5.990000e+00
    endloop
  endfacet
  facet normal 9.238795e-01 -3.826834e-01 0.000000e+00
    outer loop
      vertex   2.009028e+02 -6.428655e+01 -4.490000e+00
      vertex   2.009028e+02 -6.428655e+01 -5.990000e+00
      vertex   2.010626e+02 -6.390066e+01 -4.490000e+00
    endloop
  endfacet
  facet normal 9.238795e-01 -3.826834e-01 0.000000e+00
    outer loop
      vertex   2.010626e+02 -6.390066e+01 -4.490000e+00
      vertex   2.009028e+02 -6.428655e+01 -5.990000e+00
      vertex   2.010626e+02 -6.390066e+01 -5.990000e+00
    endloop
  endfacet
  facet normal 7.933533e-01 -6.087614e-01 0.000000e+00
    outer loop
      vertex   2.010626e+02 -6.390066e+01 -4.490000e+00
      vertex   2.010626e+02 -6.390066e+01 -5.990000e+00
      vertex   2.013169e+02 -6.356929e+01 -4.490000e+00
    endloop
  endfacet
  facet normal 7.933533e-01 -6.087614e-01 0.000000e+00
    outer loop
      vertex   2.013169e+02 -6.356929e+01 -4.490000e+00
      vertex   2.010626e+02 -6.390066e+01 -5.990000e+00
      vertex   2.013169e+02 -6.356929e+01 -5.990000e+00
    endloop
  endfacet
  facet normal 6.087614e-01 -7.933533e-01 0.000000e+00
    outer loop
      vertex   2.013169e+02 -6.356929e+01 -4.490000e+00
      vertex   2.013169e+02 -6.356929e+01 -5.990000e+00
      vertex   2.016483e+02 -6.331502e+01 -4.490000e+00
    endloop
  endfacet
  facet normal 6.087614e-01 -7.933533e-01 -1.153469e-14
    outer loop
      vertex   2.016483e+02 -6.331502e+01 -4.490000e+00
      vertex   2.013169e+02 -6.356929e+01 -5.990000e+00
      vertex   2.016483e+02 -6.331502e+01 -5.990000e+00
    endloop
  endfacet
  facet normal 3.826834e-01 -9.238795e-01 -7.251012e-15
    outer loop
      vertex   2.016483e+02 -6.331502e+01 -4.490000e+00
      vertex   2.016483e+02 -6.331502e+01 -5.990000e+00
      vertex   2.020341e+02 -6.315517e+01 -4.490000e+00
    endloop
  endfacet
  facet normal 3.826834e-01 -9.238795e-01 0.000000e+00
    outer loop
      vertex   2.020341e+02 -6.315517e+01 -4.490000e+00
      vertex   2.016483e+02 -6.331502e+01 -5.990000e+00
      vertex   2.020341e+02 -6.315517e+01 -5.990000e+00
    endloop
  endfacet
  facet normal 1.305262e-01 -9.914449e-01 0.000000e+00
    outer loop
      vertex   2.020341e+02 -6.315517e+01 -4.490000e+00
      vertex   2.020341e+02 -6.315517e+01 -5.990000e+00
      vertex   2.024483e+02 -6.310066e+01 -4.490000e+00
    endloop
  endfacet
  facet normal 1.305262e-01 -9.914449e-01 0.000000e+00
    outer loop
      vertex   2.024483e+02 -6.310066e+01 -4.490000e+00
      vertex   2.020341e+02 -6.315517e+01 -5.990000e+00
      vertex   2.024483e+02 -6.310066e+01 -5.990000e+00
    endloop
  endfacet
  facet normal -1.305262e-01 -9.914449e-01 -0.000000e+00
    outer loop
      vertex   2.024483e+02 -6.310066e+01 -4.490000e+00
      vertex   2.024483e+02 -6.310066e+01 -5.990000e+00
      vertex   2.028624e+02 -6.315517e+01 -4.490000e+00
    endloop
  endfacet
  facet normal -1.305262e-01 -9.914449e-01 -0.000000e+00
    outer loop
      vertex   2.028624e+02 -6.315517e+01 -4.490000e+00
      vertex   2.024483e+02 -6.310066e+01 -5.990000e+00
      vertex   2.028624e+02 -6.315517e+01 -5.990000e+00
    endloop
  endfacet
  facet normal -3.826834e-01 -9.238795e-01 -0.000000e+00
    outer loop
      vertex   2.028624e+02 -6.315517e+01 -4.490000e+00
      vertex   2.028624e+02 -6.315517e+01 -5.990000e+00
      vertex   2.032483e+02 -6.331502e+01 -4.490000e+00
    endloop
  endfacet
  facet normal -3.826834e-01 -9.238795e-01 1.450202e-14
    outer loop
      vertex   2.032483e+02 -6.331502e+01 -4.490000e+00
      vertex   2.028624e+02 -6.315517e+01 -5.990000e+00
      vertex   2.032483e+02 -6.331502e+01 -5.990000e+00
    endloop
  endfacet
  facet normal -6.087614e-01 -7.933533e-01 2.306939e-14
    outer loop
      vertex   2.032483e+02 -6.331502e+01 -4.490000e+00
      vertex   2.032483e+02 -6.331502e+01 -5.990000e+00
      vertex   2.035796e+02 -6.356929e+01 -4.490000e+00
    endloop
  endfacet
  facet normal -6.087614e-01 -7.933533e-01 -0.000000e+00
    outer loop
      vertex   2.035796e+02 -6.356929e+01 -4.490000e+00
      vertex   2.032483e+02 -6.331502e+01 -5.990000e+00
      vertex   2.035796e+02 -6.356929e+01 -5.990000e+00
    endloop
  endfacet
  facet normal -7.933533e-01 -6.087614e-01 -0.000000e+00
    outer loop
      vertex   2.035796e+02 -6.356929e+01 -4.490000e+00
      vertex   2.035796e+02 -6.356929e+01 -5.990000e+00
      vertex   2.038339e+02 -6.390066e+01 -4.490000e+00
    endloop
  endfacet
  facet normal -7.933533e-01 -6.087614e-01 -0.000000e+00
    outer loop
      vertex   2.038339e+02 -6.390066e+01 -4.490000e+00
      vertex   2.035796e+02 -6.356929e+01 -5.990000e+00
      vertex   2.038339e+02 -6.390066e+01 -5.990000e+00
    endloop
  endfacet
  facet normal -9.238795e-01 -3.826834e-01 -0.000000e+00
    outer loop
      vertex   2.038339e+02 -6.390066e+01 -4.490000e+00
      vertex   2.038339e+02 -6.390066e+01 -5.990000e+00
      vertex   2.039937e+02 -6.428655e+01 -4.490000e+00
    endloop
  endfacet
  facet normal -9.238795e-01 -3.826834e-01 -0.000000e+00
    outer loop
      vertex   2.039937e+02 -6.428655e+01 -4.490000e+00
      vertex   2.038339e+02 -6.390066e+01 -5.990000e+00
      vertex   2.039937e+02 -6.428655e+01 -5.990000e+00
    endloop
  endfacet
  facet normal -9.914449e-01 -1.305262e-01 -0.000000e+00
    outer loop
      vertex   2.039937e+02 -6.428655e+01 -4.490000e+00
      vertex   2.039937e+02 -6.428655e+01 -5.990000e+00
      vertex   2.040483e+02 -6.470066e+01 -4.490000e+00
    endloop
  endfacet
  facet normal -9.914449e-01 -1.305262e-01 -0.000000e+00
    outer loop
      vertex   2.040483e+02 -6.470066e+01 -4.490000e+00
      vertex   2.039937e+02 -6.428655e+01 -5.990000e+00
      vertex   2.040483e+02 -6.470066e+01 -5.990000e+00
    endloop
  endfacet
  facet normal -9.914449e-01 1.305262e-01 0.000000e+00
    outer loop
      vertex   2.040483e+02 -6.470066e+01 -4.490000e+00
      vertex   2.040483e+02 -6.470066e+01 -5.990000e+00
      vertex   2.039937e+02 -6.511477e+01 -4.490000e+00
    endloop
  endfacet
  facet normal -9.914449e-01 1.305262e-01 0.000000e+00
    outer loop
      vertex   2.039937e+02 -6.511477e+01 -4.490000e+00
      vertex   2.040483e+02 -6.470066e+01 -5.990000e+00
      vertex   2.039937e+02 -6.511477e+01 -5.990000e+00
    endloop
  endfacet
  facet normal -9.238795e-01 3.826834e-01 0.000000e+00
    outer loop
      vertex   2.039937e+02 -6.511477e+01 -4.490000e+00
      vertex   2.039937e+02 -6.511477e+01 -5.990000e+00
      vertex   2.038339e+02 -6.550066e+01 -4.490000e+00
    endloop
  endfacet
  facet normal -9.238795e-01 3.826834e-01 0.000000e+00
    outer loop
      vertex   2.038339e+02 -6.550066e+01 -4.490000e+00
      vertex   2.039937e+02 -6.511477e+01 -5.990000e+00
      vertex   2.038339e+02 -6.550066e+01 -5.990000e+00
    endloop
  endfacet
  facet normal -7.933533e-01 6.087614e-01 0.000000e+00
    outer loop
      vertex   2.038339e+02 -6.550066e+01 -4.490000e+00
      vertex   2.038339e+02 -6.550066e+01 -5.990000e+00
      vertex   2.035796e+02 -6.583203e+01 -4.490000e+00
    endloop
  endfacet
  facet normal -7.933533e-01 6.087614e-01 0.000000e+00
    outer loop
      vertex   2.035796e+02 -6.583203e+01 -4.490000e+00
      vertex   2.038339e+02 -6.550066e+01 -5.990000e+00
      vertex   2.035796e+02 -6.583203e+01 -5.990000e+00
    endloop
  endfacet
  facet normal -6.087614e-01 7.933533e-01 0.000000e+00
    outer loop
      vertex   2.035796e+02 -6.583203e+01 -4.490000e+00
      vertex   2.035796e+02 -6.583203e+01 -5.990000e+00
      vertex   2.032483e+02 -6.608630e+01 -4.490000e+00
    endloop
  endfacet
  facet normal -6.087614e-01 7.933533e-01 -2.306939e-14
    outer loop
      vertex   2.032483e+02 -6.608630e+01 -4.490000e+00
      vertex   2.035796e+02 -6.583203e+01 -5.990000e+00
      vertex   2.032483e+02 -6.608630e+01 -5.990000e+00
    endloop
  endfacet
  facet normal -3.826834e-01 9.238795e-01 -1.450202e-14
    outer loop
      vertex   2.032483e+02 -6.608630e+01 -4.490000e+00
      vertex   2.032483e+02 -6.608630e+01 -5.990000e+00
      vertex   2.028624e+02 -6.624614e+01 -4.490000e+00
    endloop
  endfacet
  facet normal -3.826834e-01 9.238795e-01 0.000000e+00
    outer loop
      vertex   2.028624e+02 -6.624614e+01 -4.490000e+00
      vertex   2.032483e+02 -6.608630e+01 -5.990000e+00
      vertex   2.028624e+02 -6.624614e+01 -5.990000e+00
    endloop
  endfacet
  facet normal -1.305262e-01 9.914449e-01 0.000000e+00
    outer loop
      vertex   2.028624e+02 -6.624614e+01 -4.490000e+00
      vertex   2.028624e+02 -6.624614e+01 -5.990000e+00
      vertex   2.024483e+02 -6.630066e+01 -4.490000e+00
    endloop
  endfacet
  facet normal -1.305262e-01 9.914449e-01 0.000000e+00
    outer loop
      vertex   2.024483e+02 -6.630066e+01 -4.490000e+00
      vertex   2.028624e+02 -6.624614e+01 -5.990000e+00
      vertex   2.024483e+02 -6.630066e+01 -5.990000e+00
    endloop
  endfacet
  facet normal 1.305262e-01 9.914449e-01 0.000000e+00
    outer loop
      vertex   2.024483e+02 -6.630066e+01 -4.490000e+00
      vertex   2.024483e+02 -6.630066e+01 -5.990000e+00
      vertex   2.020341e+02 -6.624614e+01 -4.490000e+00
    endloop
  endfacet
  facet normal 1.305262e-01 9.914449e-01 0.000000e+00
    outer loop
      vertex   2.020341e+02 -6.624614e+01 -4.490000e+00
      vertex   2.024483e+02 -6.630066e+01 -5.990000e+00
      vertex   2.020341e+02 -6.624614e+01 -5.990000e+00
    endloop
  endfacet
  facet normal 3.826834e-01 9.238795e-01 0.000000e+00
    outer loop
      vertex   2.020341e+02 -6.624614e+01 -4.490000e+00
      vertex   2.020341e+02 -6.624614e+01 -5.990000e+00
      vertex   2.016483e+02 -6.608630e+01 -4.490000e+00
    endloop
  endfacet
  facet normal 3.826834e-01 9.238795e-01 7.251012e-15
    outer loop
      vertex   2.016483e+02 -6.608630e+01 -4.490000e+00
      vertex   2.020341e+02 -6.624614e+01 -5.990000e+00
      vertex   2.016483e+02 -6.608630e+01 -5.990000e+00
    endloop
  endfacet
  facet normal 6.087614e-01 7.933533e-01 1.153469e-14
    outer loop
      vertex   2.016483e+02 -6.608630e+01 -4.490000e+00
      vertex   2.016483e+02 -6.608630e+01 -5.990000e+00
      vertex   2.013169e+02 -6.583203e+01 -4.490000e+00
    endloop
  endfacet
  facet normal 6.087614e-01 7.933533e-01 0.000000e+00
    outer loop
      vertex   2.013169e+02 -6.583203e+01 -4.490000e+00
      vertex   2.016483e+02 -6.608630e+01 -5.990000e+00
      vertex   2.013169e+02 -6.583203e+01 -5.990000e+00
    endloop
  endfacet
  facet normal 7.933533e-01 6.087614e-01 0.000000e+00
    outer loop
      vertex   2.013169e+02 -6.583203e+01 -4.490000e+00
      vertex   2.013169e+02 -6.583203e+01 -5.990000e+00
      vertex   2.010626e+02 -6.550066e+01 -4.490000e+00
    endloop
  endfacet
  facet normal 7.933533e-01 6.087614e-01 0.000000e+00
    outer loop
      vertex   2.010626e+02 -6.550066e+01 -4.490000e+00
      vertex   2.013169e+02 -6.583203e+01 -5.990000e+00
      vertex   2.010626e+02 -6.550066e+01 -5.990000e+00
    endloop
  endfacet
  facet normal 9.238795e-01 3.826834e-01 0.000000e+00
    outer loop
      vertex   2.010626e+02 -6.550066e+01 -4.490000e+00
      vertex   2.010626e+02 -6.550066e+01 -5.990000e+00
      vertex   2.009028e+02 -6.511477e+01 -4.490000e+00
    endloop
  endfacet
  facet normal 9.238795e-01 3.826834e-01 0.000000e+00
    outer loop
      vertex   2.009028e+02 -6.511477e+01 -4.490000e+00
      vertex   2.010626e+02 -6.550066e+01 -5.990000e+00
      vertex   2.009028e+02 -6.511477e+01 -5.990000e+00
    endloop
  endfacet
  facet normal 9.914449e-01 1.305262e-01 0.000000e+00
    outer loop
      vertex   5.915990e+01 -1.304497e+02 -4.490000e+00
      vertex   5.915990e+01 -1.304497e+02 -5.990000e+00
      vertex   5.910539e+01 -1.300356e+02 -4.490000e+00
    endloop
  endfacet
  facet normal 9.914449e-01 1.305262e-01 0.000000e+00
    outer loop
      vertex   5.910539e+01 -1.300356e+02 -4.490000e+00
      vertex   5.915990e+01 -1.304497e+02 -5.990000e+00
      vertex   5.910539e+01 -1.300356e+02 -5.990000e+00
    endloop
  endfacet
  facet normal 9.914449e-01 -1.305262e-01 0.000000e+00
    outer loop
      vertex   5.910539e+01 -1.300356e+02 -4.490000e+00
      vertex   5.910539e+01 -1.300356e+02 -5.990000e+00
      vertex   5.915990e+01 -1.296215e+02 -4.490000e+00
    endloop
  endfacet
  facet normal 9.914449e-01 -1.305262e-01 0.000000e+00
    outer loop
      vertex   5.915990e+01 -1.296215e+02 -4.490000e+00
      vertex   5.910539e+01 -1.300356e+02 -5.990000e+00
      vertex   5.915990e+01 -1.296215e+02 -5.990000e+00
    endloop
  endfacet
  facet normal 9.238795e-01 -3.826834e-01 0.000000e+00
    outer loop
      vertex   5.915990e+01 -1.296215e+02 -4.490000e+00
      vertex   5.915990e+01 -1.296215e+02 -5.990000e+00
      vertex   5.931974e+01 -1.292356e+02 -4.490000e+00
    endloop
  endfacet
  facet normal 9.238795e-01 -3.826834e-01 0.000000e+00
    outer loop
      vertex   5.931974e+01 -1.292356e+02 -4.490000e+00
      vertex   5.915990e+01 -1.296215e+02 -5.990000e+00
      vertex   5.931974e+01 -1.292356e+02 -5.990000e+00
    endloop
  endfacet
  facet normal 7.933533e-01 -6.087614e-01 0.000000e+00
    outer loop
      vertex   5.931974e+01 -1.292356e+02 -4.490000e+00
      vertex   5.931974e+01 -1.292356e+02 -5.990000e+00
      vertex   5.957401e+01 -1.289043e+02 -4.490000e+00
    endloop
  endfacet
  facet normal 7.933533e-01 -6.087614e-01 0.000000e+00
    outer loop
      vertex   5.957401e+01 -1.289043e+02 -4.490000e+00
      vertex   5.931974e+01 -1.292356e+02 -5.990000e+00
      vertex   5.957401e+01 -1.289043e+02 -5.990000e+00
    endloop
  endfacet
  facet normal 6.087614e-01 -7.933533e-01 0.000000e+00
    outer loop
      vertex   5.957401e+01 -1.289043e+02 -4.490000e+00
      vertex   5.957401e+01 -1.289043e+02 -5.990000e+00
      vertex   5.990539e+01 -1.286500e+02 -4.490000e+00
    endloop
  endfacet
  facet normal 6.087614e-01 -7.933533e-01 0.000000e+00
    outer loop
      vertex   5.990539e+01 -1.286500e+02 -4.490000e+00
      vertex   5.957401e+01 -1.289043e+02 -5.990000e+00
      vertex   5.990539e+01 -1.286500e+02 -5.990000e+00
    endloop
  endfacet
  facet normal 3.826834e-01 -9.238795e-01 0.000000e+00
    outer loop
      vertex   5.990539e+01 -1.286500e+02 -4.490000e+00
      vertex   5.990539e+01 -1.286500e+02 -5.990000e+00
      vertex   6.029127e+01 -1.284901e+02 -4.490000e+00
    endloop
  endfacet
  facet normal 3.826834e-01 -9.238795e-01 0.000000e+00
    outer loop
      vertex   6.029127e+01 -1.284901e+02 -4.490000e+00
      vertex   5.990539e+01 -1.286500e+02 -5.990000e+00
      vertex   6.029127e+01 -1.284901e+02 -5.990000e+00
    endloop
  endfacet
  facet normal 1.305262e-01 -9.914449e-01 0.000000e+00
    outer loop
      vertex   6.029127e+01 -1.284901e+02 -4.490000e+00
      vertex   6.029127e+01 -1.284901e+02 -5.990000e+00
      vertex   6.070539e+01 -1.284356e+02 -4.490000e+00
    endloop
  endfacet
  facet normal 1.305262e-01 -9.914449e-01 0.000000e+00
    outer loop
      vertex   6.070539e+01 -1.284356e+02 -4.490000e+00
      vertex   6.029127e+01 -1.284901e+02 -5.990000e+00
      vertex   6.070539e+01 -1.284356e+02 -5.990000e+00
    endloop
  endfacet
  facet normal -1.305262e-01 -9.914449e-01 -0.000000e+00
    outer loop
      vertex   6.070539e+01 -1.284356e+02 -4.490000e+00
      vertex   6.070539e+01 -1.284356e+02 -5.990000e+00
      vertex   6.111950e+01 -1.284901e+02 -4.490000e+00
    endloop
  endfacet
  facet normal -1.305262e-01 -9.914449e-01 -0.000000e+00
    outer loop
      vertex   6.111950e+01 -1.284901e+02 -4.490000e+00
      vertex   6.070539e+01 -1.284356e+02 -5.990000e+00
      vertex   6.111950e+01 -1.284901e+02 -5.990000e+00
    endloop
  endfacet
  facet normal -3.826834e-01 -9.238795e-01 -0.000000e+00
    outer loop
      vertex   6.111950e+01 -1.284901e+02 -4.490000e+00
      vertex   6.111950e+01 -1.284901e+02 -5.990000e+00
      vertex   6.150539e+01 -1.286500e+02 -4.490000e+00
    endloop
  endfacet
  facet normal -3.826834e-01 -9.238795e-01 -0.000000e+00
    outer loop
      vertex   6.150539e+01 -1.286500e+02 -4.490000e+00
      vertex   6.111950e+01 -1.284901e+02 -5.990000e+00
      vertex   6.150539e+01 -1.286500e+02 -5.990000e+00
    endloop
  endfacet
  facet normal -6.087614e-01 -7.933533e-01 -0.000000e+00
    outer loop
      vertex   6.150539e+01 -1.286500e+02 -4.490000e+00
      vertex   6.150539e+01 -1.286500e+02 -5.990000e+00
      vertex   6.183676e+01 -1.289043e+02 -4.490000e+00
    endloop
  endfacet
  facet normal -6.087614e-01 -7.933533e-01 -0.000000e+00
    outer loop
      vertex   6.183676e+01 -1.289043e+02 -4.490000e+00
      vertex   6.150539e+01 -1.286500e+02 -5.990000e+00
      vertex   6.183676e+01 -1.289043e+02 -5.990000e+00
    endloop
  endfacet
  facet normal -7.933533e-01 -6.087614e-01 -0.000000e+00
    outer loop
      vertex   6.183676e+01 -1.289043e+02 -4.490000e+00
      vertex   6.183676e+01 -1.289043e+02 -5.990000e+00
      vertex   6.209103e+01 -1.292356e+02 -4.490000e+00
    endloop
  endfacet
  facet normal -7.933533e-01 -6.087614e-01 -0.000000e+00
    outer loop
      vertex   6.209103e+01 -1.292356e+02 -4.490000e+00
      vertex   6.183676e+01 -1.289043e+02 -5.990000e+00
      vertex   6.209103e+01 -1.292356e+02 -5.990000e+00
    endloop
  endfacet
  facet normal -9.238795e-01 -3.826834e-01 -0.000000e+00
    outer loop
      vertex   6.209103e+01 -1.292356e+02 -4.490000e+00
      vertex   6.209103e+01 -1.292356e+02 -5.990000e+00
      vertex   6.225087e+01 -1.296215e+02 -4.490000e+00
    endloop
  endfacet
  facet normal -9.238795e-01 -3.826834e-01 -0.000000e+00
    outer loop
      vertex   6.225087e+01 -1.296215e+02 -4.490000e+00
      vertex   6.209103e+01 -1.292356e+02 -5.990000e+00
      vertex   6.225087e+01 -1.296215e+02 -5.990000e+00
    endloop
  endfacet
  facet normal -9.914449e-01 -1.305262e-01 -0.000000e+00
    outer loop
      vertex   6.225087e+01 -1.296215e+02 -4.490000e+00
      vertex   6.225087e+01 -1.296215e+02 -5.990000e+00
      vertex   6.230539e+01 -1.300356e+02 -4.490000e+00
    endloop
  endfacet
  facet normal -9.914449e-01 -1.305262e-01 -0.000000e+00
    outer loop
      vertex   6.230539e+01 -1.300356e+02 -4.490000e+00
      vertex   6.225087e+01 -1.296215e+02 -5.990000e+00
      vertex   6.230539e+01 -1.300356e+02 -5.990000e+00
    endloop
  endfacet
  facet normal -9.914449e-01 1.305262e-01 0.000000e+00
    outer loop
      vertex   6.230539e+01 -1.300356e+02 -4.490000e+00
      vertex   6.230539e+01 -1.300356e+02 -5.990000e+00
      vertex   6.225087e+01 -1.304497e+02 -4.490000e+00
    endloop
  endfacet
  facet normal -9.914449e-01 1.305262e-01 0.000000e+00
    outer loop
      vertex   6.225087e+01 -1.304497e+02 -4.490000e+00
      vertex   6.230539e+01 -1.300356e+02 -5.990000e+00
      vertex   6.225087e+01 -1.304497e+02 -5.990000e+00
    endloop
  endfacet
  facet normal -9.238795e-01 3.826834e-01 0.000000e+00
    outer loop
      vertex   6.225087e+01 -1.304497e+02 -4.490000e+00
      vertex   6.225087e+01 -1.304497e+02 -5.990000e+00
      vertex   6.209103e+01 -1.308356e+02 -4.490000e+00
    endloop
  endfacet
  facet normal -9.238795e-01 3.826834e-01 0.000000e+00
    outer loop
      vertex   6.209103e+01 -1.308356e+02 -4.490000e+00
      vertex   6.225087e+01 -1.304497e+02 -5.990000e+00
      vertex   6.209103e+01 -1.308356e+02 -5.990000e+00
    endloop
  endfacet
  facet normal -7.933533e-01 6.087614e-01 0.000000e+00
    outer loop
      vertex   6.209103e+01 -1.308356e+02 -4.490000e+00
      vertex   6.209103e+01 -1.308356e+02 -5.990000e+00
      vertex   6.183676e+01 -1.311670e+02 -4.490000e+00
    endloop
  endfacet
  facet normal -7.933533e-01 6.087614e-01 0.000000e+00
    outer loop
      vertex   6.183676e+01 -1.311670e+02 -4.490000e+00
      vertex   6.209103e+01 -1.308356e+02 -5.990000e+00
      vertex   6.183676e+01 -1.311670e+02 -5.990000e+00
    endloop
  endfacet
  facet normal -6.087614e-01 7.933533e-01 0.000000e+00
    outer loop
      vertex   6.183676e+01 -1.311670e+02 -4.490000e+00
      vertex   6.183676e+01 -1.311670e+02 -5.990000e+00
      vertex   6.150539e+01 -1.314213e+02 -4.490000e+00
    endloop
  endfacet
  facet normal -6.087614e-01 7.933533e-01 0.000000e+00
    outer loop
      vertex   6.150539e+01 -1.314213e+02 -4.490000e+00
      vertex   6.183676e+01 -1.311670e+02 -5.990000e+00
      vertex   6.150539e+01 -1.314213e+02 -5.990000e+00
    endloop
  endfacet
  facet normal -3.826834e-01 9.238795e-01 0.000000e+00
    outer loop
      vertex   6.150539e+01 -1.314213e+02 -4.490000e+00
      vertex   6.150539e+01 -1.314213e+02 -5.990000e+00
      vertex   6.111950e+01 -1.315811e+02 -4.490000e+00
    endloop
  endfacet
  facet normal -3.826834e-01 9.238795e-01 0.000000e+00
    outer loop
      vertex   6.111950e+01 -1.315811e+02 -4.490000e+00
      vertex   6.150539e+01 -1.314213e+02 -5.990000e+00
      vertex   6.111950e+01 -1.315811e+02 -5.990000e+00
    endloop
  endfacet
  facet normal -1.305262e-01 9.914449e-01 0.000000e+00
    outer loop
      vertex   6.111950e+01 -1.315811e+02 -4.490000e+00
      vertex   6.111950e+01 -1.315811e+02 -5.990000e+00
      vertex   6.070539e+01 -1.316356e+02 -4.490000e+00
    endloop
  endfacet
  facet normal -1.305262e-01 9.914449e-01 0.000000e+00
    outer loop
      vertex   6.070539e+01 -1.316356e+02 -4.490000e+00
      vertex   6.111950e+01 -1.315811e+02 -5.990000e+00
      vertex   6.070539e+01 -1.316356e+02 -5.990000e+00
    endloop
  endfacet
  facet normal 1.305262e-01 9.914449e-01 0.000000e+00
    outer loop
      vertex   6.070539e+01 -1.316356e+02 -4.490000e+00
      vertex   6.070539e+01 -1.316356e+02 -5.990000e+00
      vertex   6.029127e+01 -1.315811e+02 -4.490000e+00
    endloop
  endfacet
  facet normal 1.305262e-01 9.914449e-01 0.000000e+00
    outer loop
      vertex   6.029127e+01 -1.315811e+02 -4.490000e+00
      vertex   6.070539e+01 -1.316356e+02 -5.990000e+00
      vertex   6.029127e+01 -1.315811e+02 -5.990000e+00
    endloop
  endfacet
  facet normal 3.826834e-01 9.238795e-01 0.000000e+00
    outer loop
      vertex   6.029127e+01 -1.315811e+02 -4.490000e+00
      vertex   6.029127e+01 -1.315811e+02 -5.990000e+00
      vertex   5.990539e+01 -1.314213e+02 -4.490000e+00
    endloop
  endfacet
  facet normal 3.826834e-01 9.238795e-01 0.000000e+00
    outer loop
      vertex   5.990539e+01 -1.314213e+02 -4.490000e+00
      vertex   6.029127e+01 -1.315811e+02 -5.990000e+00
      vertex   5.990539e+01 -1.314213e+02 -5.990000e+00
    endloop
  endfacet
  facet normal 6.087614e-01 7.933533e-01 0.000000e+00
    outer loop
      vertex   5.990539e+01 -1.314213e+02 -4.490000e+00
      vertex   5.990539e+01 -1.314213e+02 -5.990000e+00
      vertex   5.957401e+01 -1.311670e+02 -4.490000e+00
    endloop
  endfacet
  facet normal 6.087614e-01 7.933533e-01 0.000000e+00
    outer loop
      vertex   5.957401e+01 -1.311670e+02 -4.490000e+00
      vertex   5.990539e+01 -1.314213e+02 -5.990000e+00
      vertex   5.957401e+01 -1.311670e+02 -5.990000e+00
    endloop
  endfacet
  facet normal 7.933533e-01 6.087614e-01 0.000000e+00
    outer loop
      vertex   5.957401e+01 -1.311670e+02 -4.490000e+00
      vertex   5.957401e+01 -1.311670e+02 -5.990000e+00
      vertex   5.931974e+01 -1.308356e+02 -4.490000e+00
    endloop
  endfacet
  facet normal 7.933533e-01 6.087614e-01 0.000000e+00
    outer loop
      vertex   5.931974e+01 -1.308356e+02 -4.490000e+00
      vertex   5.957401e+01 -1.311670e+02 -5.990000e+00
      vertex   5.931974e+01 -1.308356e+02 -5.990000e+00
    endloop
  endfacet
  facet normal 9.238795e-01 3.826834e-01 0.000000e+00
    outer loop
      vertex   5.931974e+01 -1.308356e+02 -4.490000e+00
      vertex   5.931974e+01 -1.308356e+02 -5.990000e+00
      vertex   5.915990e+01 -1.304497e+02 -4.490000e+00
    endloop
  endfacet
  facet normal 9.238795e-01 3.826834e-01 0.000000e+00
    outer loop
      vertex   5.915990e+01 -1.304497e+02 -4.490000e+00
      vertex   5.931974e+01 -1.308356e+02 -5.990000e+00
      vertex   5.915990e+01 -1.304497e+02 -5.990000e+00
    endloop
  endfacet
  facet normal 9.914449e-01 1.305262e-01 0.000000e+00
    outer loop
      vertex   2.215014e+02 -1.413604e+02 -4.490000e+00
      vertex   2.215014e+02 -1.413604e+02 -5.990000e+00
      vertex   2.214469e+02 -1.409463e+02 -4.490000e+00
    endloop
  endfacet
  facet normal 9.914449e-01 1.305262e-01 0.000000e+00
    outer loop
      vertex   2.214469e+02 -1.409463e+02 -4.490000e+00
      vertex   2.215014e+02 -1.413604e+02 -5.990000e+00
      vertex   2.214469e+02 -1.409463e+02 -5.990000e+00
    endloop
  endfacet
  facet normal 9.914449e-01 -1.305262e-01 0.000000e+00
    outer loop
      vertex   2.214469e+02 -1.409463e+02 -4.490000e+00
      vertex   2.214469e+02 -1.409463e+02 -5.990000e+00
      vertex   2.215014e+02 -1.405322e+02 -4.490000e+00
    endloop
  endfacet
  facet normal 9.914449e-01 -1.305262e-01 0.000000e+00
    outer loop
      vertex   2.215014e+02 -1.405322e+02 -4.490000e+00
      vertex   2.214469e+02 -1.409463e+02 -5.990000e+00
      vertex   2.215014e+02 -1.405322e+02 -5.990000e+00
    endloop
  endfacet
  facet normal 9.238795e-01 -3.826834e-01 0.000000e+00
    outer loop
      vertex   2.215014e+02 -1.405322e+02 -4.490000e+00
      vertex   2.215014e+02 -1.405322e+02 -5.990000e+00
      vertex   2.216613e+02 -1.401463e+02 -4.490000e+00
    endloop
  endfacet
  facet normal 9.238795e-01 -3.826834e-01 0.000000e+00
    outer loop
      vertex   2.216613e+02 -1.401463e+02 -4.490000e+00
      vertex   2.215014e+02 -1.405322e+02 -5.990000e+00
      vertex   2.216613e+02 -1.401463e+02 -5.990000e+00
    endloop
  endfacet
  facet normal 7.933533e-01 -6.087614e-01 0.000000e+00
    outer loop
      vertex   2.216613e+02 -1.401463e+02 -4.490000e+00
      vertex   2.216613e+02 -1.401463e+02 -5.990000e+00
      vertex   2.219156e+02 -1.398149e+02 -4.490000e+00
    endloop
  endfacet
  facet normal 7.933533e-01 -6.087614e-01 0.000000e+00
    outer loop
      vertex   2.219156e+02 -1.398149e+02 -4.490000e+00
      vertex   2.216613e+02 -1.401463e+02 -5.990000e+00
      vertex   2.219156e+02 -1.398149e+02 -5.990000e+00
    endloop
  endfacet
  facet normal 6.087614e-01 -7.933533e-01 0.000000e+00
    outer loop
      vertex   2.219156e+02 -1.398149e+02 -4.490000e+00
      vertex   2.219156e+02 -1.398149e+02 -5.990000e+00
      vertex   2.222469e+02 -1.395606e+02 -4.490000e+00
    endloop
  endfacet
  facet normal 6.087614e-01 -7.933533e-01 -2.306939e-14
    outer loop
      vertex   2.222469e+02 -1.395606e+02 -4.490000e+00
      vertex   2.219156e+02 -1.398149e+02 -5.990000e+00
      vertex   2.222469e+02 -1.395606e+02 -5.990000e+00
    endloop
  endfacet
  facet normal 3.826834e-01 -9.238795e-01 -1.450202e-14
    outer loop
      vertex   2.222469e+02 -1.395606e+02 -4.490000e+00
      vertex   2.222469e+02 -1.395606e+02 -5.990000e+00
      vertex   2.226328e+02 -1.394008e+02 -4.490000e+00
    endloop
  endfacet
  facet normal 3.826834e-01 -9.238795e-01 0.000000e+00
    outer loop
      vertex   2.226328e+02 -1.394008e+02 -4.490000e+00
      vertex   2.222469e+02 -1.395606e+02 -5.990000e+00
      vertex   2.226328e+02 -1.394008e+02 -5.990000e+00
    endloop
  endfacet
  facet normal 1.305262e-01 -9.914449e-01 0.000000e+00
    outer loop
      vertex   2.226328e+02 -1.394008e+02 -4.490000e+00
      vertex   2.226328e+02 -1.394008e+02 -5.990000e+00
      vertex   2.230469e+02 -1.393463e+02 -4.490000e+00
    endloop
  endfacet
  facet normal 1.305262e-01 -9.914449e-01 0.000000e+00
    outer loop
      vertex   2.230469e+02 -1.393463e+02 -4.490000e+00
      vertex   2.226328e+02 -1.394008e+02 -5.990000e+00
      vertex   2.230469e+02 -1.393463e+02 -5.990000e+00
    endloop
  endfacet
  facet normal -1.305262e-01 -9.914449e-01 -0.000000e+00
    outer loop
      vertex   2.230469e+02 -1.393463e+02 -4.490000e+00
      vertex   2.230469e+02 -1.393463e+02 -5.990000e+00
      vertex   2.234610e+02 -1.394008e+02 -4.490000e+00
    endloop
  endfacet
  facet normal -1.305262e-01 -9.914449e-01 -0.000000e+00
    outer loop
      vertex   2.234610e+02 -1.394008e+02 -4.490000e+00
      vertex   2.230469e+02 -1.393463e+02 -5.990000e+00
      vertex   2.234610e+02 -1.394008e+02 -5.990000e+00
    endloop
  endfacet
  facet normal -3.826834e-01 -9.238795e-01 -0.000000e+00
    outer loop
      vertex   2.234610e+02 -1.394008e+02 -4.490000e+00
      vertex   2.234610e+02 -1.394008e+02 -5.990000e+00
      vertex   2.238469e+02 -1.395606e+02 -4.490000e+00
    endloop
  endfacet
  facet normal -3.826834e-01 -9.238795e-01 7.251012e-15
    outer loop
      vertex   2.238469e+02 -1.395606e+02 -4.490000e+00
      vertex   2.234610e+02 -1.394008e+02 -5.990000e+00
      vertex   2.238469e+02 -1.395606e+02 -5.990000e+00
    endloop
  endfacet
  facet normal -6.087614e-01 -7.933533e-01 1.153469e-14
    outer loop
      vertex   2.238469e+02 -1.395606e+02 -4.490000e+00
      vertex   2.238469e+02 -1.395606e+02 -5.990000e+00
      vertex   2.241783e+02 -1.398149e+02 -4.490000e+00
    endloop
  endfacet
  facet normal -6.087614e-01 -7.933533e-01 -0.000000e+00
    outer loop
      vertex   2.241783e+02 -1.398149e+02 -4.490000e+00
      vertex   2.238469e+02 -1.395606e+02 -5.990000e+00
      vertex   2.241783e+02 -1.398149e+02 -5.990000e+00
    endloop
  endfacet
  facet normal -7.933533e-01 -6.087614e-01 -0.000000e+00
    outer loop
      vertex   2.241783e+02 -1.398149e+02 -4.490000e+00
      vertex   2.241783e+02 -1.398149e+02 -5.990000e+00
      vertex   2.244326e+02 -1.401463e+02 -4.490000e+00
    endloop
  endfacet
  facet normal -7.933533e-01 -6.087614e-01 -0.000000e+00
    outer loop
      vertex   2.244326e+02 -1.401463e+02 -4.490000e+00
      vertex   2.241783e+02 -1.398149e+02 -5.990000e+00
      vertex   2.244326e+02 -1.401463e+02 -5.990000e+00
    endloop
  endfacet
  facet normal -9.238795e-01 -3.826834e-01 -0.000000e+00
    outer loop
      vertex   2.244326e+02 -1.401463e+02 -4.490000e+00
      vertex   2.244326e+02 -1.401463e+02 -5.990000e+00
      vertex   2.245924e+02 -1.405322e+02 -4.490000e+00
    endloop
  endfacet
  facet normal -9.238795e-01 -3.826834e-01 -0.000000e+00
    outer loop
      vertex   2.245924e+02 -1.405322e+02 -4.490000e+00
      vertex   2.244326e+02 -1.401463e+02 -5.990000e+00
      vertex   2.245924e+02 -1.405322e+02 -5.990000e+00
    endloop
  endfacet
  facet normal -9.914449e-01 -1.305262e-01 -0.000000e+00
    outer loop
      vertex   2.245924e+02 -1.405322e+02 -4.490000e+00
      vertex   2.245924e+02 -1.405322e+02 -5.990000e+00
      vertex   2.246469e+02 -1.409463e+02 -4.490000e+00
    endloop
  endfacet
  facet normal -9.914449e-01 -1.305262e-01 -0.000000e+00
    outer loop
      vertex   2.246469e+02 -1.409463e+02 -4.490000e+00
      vertex   2.245924e+02 -1.405322e+02 -5.990000e+00
      vertex   2.246469e+02 -1.409463e+02 -5.990000e+00
    endloop
  endfacet
  facet normal -9.914449e-01 1.305262e-01 0.000000e+00
    outer loop
      vertex   2.246469e+02 -1.409463e+02 -4.490000e+00
      vertex   2.246469e+02 -1.409463e+02 -5.990000e+00
      vertex   2.245924e+02 -1.413604e+02 -4.490000e+00
    endloop
  endfacet
  facet normal -9.914449e-01 1.305262e-01 0.000000e+00
    outer loop
      vertex   2.245924e+02 -1.413604e+02 -4.490000e+00
      vertex   2.246469e+02 -1.409463e+02 -5.990000e+00
      vertex   2.245924e+02 -1.413604e+02 -5.990000e+00
    endloop
  endfacet
  facet normal -9.238795e-01 3.826834e-01 0.000000e+00
    outer loop
      vertex   2.245924e+02 -1.413604e+02 -4.490000e+00
      vertex   2.245924e+02 -1.413604e+02 -5.990000e+00
      vertex   2.244326e+02 -1.417463e+02 -4.490000e+00
    endloop
  endfacet
  facet normal -9.238795e-01 3.826834e-01 0.000000e+00
    outer loop
      vertex   2.244326e+02 -1.417463e+02 -4.490000e+00
      vertex   2.245924e+02 -1.413604e+02 -5.990000e+00
      vertex   2.244326e+02 -1.417463e+02 -5.990000e+00
    endloop
  endfacet
  facet normal -7.933533e-01 6.087614e-01 0.000000e+00
    outer loop
      vertex   2.244326e+02 -1.417463e+02 -4.490000e+00
      vertex   2.244326e+02 -1.417463e+02 -5.990000e+00
      vertex   2.241783e+02 -1.420777e+02 -4.490000e+00
    endloop
  endfacet
  facet normal -7.933533e-01 6.087614e-01 0.000000e+00
    outer loop
      vertex   2.241783e+02 -1.420777e+02 -4.490000e+00
      vertex   2.244326e+02 -1.417463e+02 -5.990000e+00
      vertex   2.241783e+02 -1.420777e+02 -5.990000e+00
    endloop
  endfacet
  facet normal -6.087614e-01 7.933533e-01 0.000000e+00
    outer loop
      vertex   2.241783e+02 -1.420777e+02 -4.490000e+00
      vertex   2.241783e+02 -1.420777e+02 -5.990000e+00
      vertex   2.238469e+02 -1.423319e+02 -4.490000e+00
    endloop
  endfacet
  facet normal -6.087614e-01 7.933533e-01 -1.153469e-14
    outer loop
      vertex   2.238469e+02 -1.423319e+02 -4.490000e+00
      vertex   2.241783e+02 -1.420777e+02 -5.990000e+00
      vertex   2.238469e+02 -1.423319e+02 -5.990000e+00
    endloop
  endfacet
  facet normal -3.826834e-01 9.238795e-01 -7.251012e-15
    outer loop
      vertex   2.238469e+02 -1.423319e+02 -4.490000e+00
      vertex   2.238469e+02 -1.423319e+02 -5.990000e+00
      vertex   2.234610e+02 -1.424918e+02 -4.490000e+00
    endloop
  endfacet
  facet normal -3.826834e-01 9.238795e-01 0.000000e+00
    outer loop
      vertex   2.234610e+02 -1.424918e+02 -4.490000e+00
      vertex   2.238469e+02 -1.423319e+02 -5.990000e+00
      vertex   2.234610e+02 -1.424918e+02 -5.990000e+00
    endloop
  endfacet
  facet normal -1.305262e-01 9.914449e-01 0.000000e+00
    outer loop
      vertex   2.234610e+02 -1.424918e+02 -4.490000e+00
      vertex   2.234610e+02 -1.424918e+02 -5.990000e+00
      vertex   2.230469e+02 -1.425463e+02 -4.490000e+00
    endloop
  endfacet
  facet normal -1.305262e-01 9.914449e-01 0.000000e+00
    outer loop
      vertex   2.230469e+02 -1.425463e+02 -4.490000e+00
      vertex   2.234610e+02 -1.424918e+02 -5.990000e+00
      vertex   2.230469e+02 -1.425463e+02 -5.990000e+00
    endloop
  endfacet
  facet normal 1.305262e-01 9.914449e-01 0.000000e+00
    outer loop
      vertex   2.230469e+02 -1.425463e+02 -4.490000e+00
      vertex   2.230469e+02 -1.425463e+02 -5.990000e+00
      vertex   2.226328e+02 -1.424918e+02 -4.490000e+00
    endloop
  endfacet
  facet normal 1.305262e-01 9.914449e-01 0.000000e+00
    outer loop
      vertex   2.226328e+02 -1.424918e+02 -4.490000e+00
      vertex   2.230469e+02 -1.425463e+02 -5.990000e+00
      vertex   2.226328e+02 -1.424918e+02 -5.990000e+00
    endloop
  endfacet
  facet normal 3.826834e-01 9.238795e-01 0.000000e+00
    outer loop
      vertex   2.226328e+02 -1.424918e+02 -4.490000e+00
      vertex   2.226328e+02 -1.424918e+02 -5.990000e+00
      vertex   2.222469e+02 -1.423319e+02 -4.490000e+00
    endloop
  endfacet
  facet normal 3.826834e-01 9.238795e-01 1.450202e-14
    outer loop
      vertex   2.222469e+02 -1.423319e+02 -4.490000e+00
      vertex   2.226328e+02 -1.424918e+02 -5.990000e+00
      vertex   2.222469e+02 -1.423319e+02 -5.990000e+00
    endloop
  endfacet
  facet normal 6.087614e-01 7.933533e-01 2.306939e-14
    outer loop
      vertex   2.222469e+02 -1.423319e+02 -4.490000e+00
      vertex   2.222469e+02 -1.423319e+02 -5.990000e+00
      vertex   2.219156e+02 -1.420777e+02 -4.490000e+00
    endloop
  endfacet
  facet normal 6.087614e-01 7.933533e-01 0.000000e+00
    outer loop
      vertex   2.219156e+02 -1.420777e+02 -4.490000e+00
      vertex   2.222469e+02 -1.423319e+02 -5.990000e+00
      vertex   2.219156e+02 -1.420777e+02 -5.990000e+00
    endloop
  endfacet
  facet normal 7.933533e-01 6.087614e-01 0.000000e+00
    outer loop
      vertex   2.219156e+02 -1.420777e+02 -4.490000e+00
      vertex   2.219156e+02 -1.420777e+02 -5.990000e+00
      vertex   2.216613e+02 -1.417463e+02 -4.490000e+00
    endloop
  endfacet
  facet normal 7.933533e-01 6.087614e-01 0.000000e+00
    outer loop
      vertex   2.216613e+02 -1.417463e+02 -4.490000e+00
      vertex   2.219156e+02 -1.420777e+02 -5.990000e+00
      vertex   2.216613e+02 -1.417463e+02 -5.990000e+00
    endloop
  endfacet
  facet normal 9.238795e-01 3.826834e-01 0.000000e+00
    outer loop
      vertex   2.216613e+02 -1.417463e+02 -4.490000e+00
      vertex   2.216613e+02 -1.417463e+02 -5.990000e+00
      vertex   2.215014e+02 -1.413604e+02 -4.490000e+00
    endloop
  endfacet
  facet normal 9.238795e-01 3.826834e-01 0.000000e+00
    outer loop
      vertex   2.215014e+02 -1.413604e+02 -4.490000e+00
      vertex   2.216613e+02 -1.417463e+02 -5.990000e+00
      vertex   2.215014e+02 -1.413604e+02 -5.990000e+00
    endloop
  endfacet
  facet normal 9.914449e-01 1.305262e-01 0.000000e+00
    outer loop
      vertex   2.018405e+02 -1.251606e+02 -4.490000e+00
      vertex   2.018405e+02 -1.251606e+02 -5.990000e+00
      vertex   2.017860e+02 -1.247465e+02 -4.490000e+00
    endloop
  endfacet
  facet normal 9.914449e-01 1.305262e-01 0.000000e+00
    outer loop
      vertex   2.017860e+02 -1.247465e+02 -4.490000e+00
      vertex   2.018405e+02 -1.251606e+02 -5.990000e+00
      vertex   2.017860e+02 -1.247465e+02 -5.990000e+00
    endloop
  endfacet
  facet normal 9.914449e-01 -1.305262e-01 0.000000e+00
    outer loop
      vertex   2.017860e+02 -1.247465e+02 -4.490000e+00
      vertex   2.017860e+02 -1.247465e+02 -5.990000e+00
      vertex   2.018405e+02 -1.243324e+02 -4.490000e+00
    endloop
  endfacet
  facet normal 9.914449e-01 -1.305262e-01 0.000000e+00
    outer loop
      vertex   2.018405e+02 -1.243324e+02 -4.490000e+00
      vertex   2.017860e+02 -1.247465e+02 -5.990000e+00
      vertex   2.018405e+02 -1.243324e+02 -5.990000e+00
    endloop
  endfacet
  facet normal 9.238795e-01 -3.826834e-01 0.000000e+00
    outer loop
      vertex   2.018405e+02 -1.243324e+02 -4.490000e+00
      vertex   2.018405e+02 -1.243324e+02 -5.990000e+00
      vertex   2.020003e+02 -1.239465e+02 -4.490000e+00
    endloop
  endfacet
  facet normal 9.238795e-01 -3.826834e-01 0.000000e+00
    outer loop
      vertex   2.020003e+02 -1.239465e+02 -4.490000e+00
      vertex   2.018405e+02 -1.243324e+02 -5.990000e+00
      vertex   2.020003e+02 -1.239465e+02 -5.990000e+00
    endloop
  endfacet
  facet normal 7.933533e-01 -6.087614e-01 0.000000e+00
    outer loop
      vertex   2.020003e+02 -1.239465e+02 -4.490000e+00
      vertex   2.020003e+02 -1.239465e+02 -5.990000e+00
      vertex   2.022546e+02 -1.236151e+02 -4.490000e+00
    endloop
  endfacet
  facet normal 7.933533e-01 -6.087614e-01 0.000000e+00
    outer loop
      vertex   2.022546e+02 -1.236151e+02 -4.490000e+00
      vertex   2.020003e+02 -1.239465e+02 -5.990000e+00
      vertex   2.022546e+02 -1.236151e+02 -5.990000e+00
    endloop
  endfacet
  facet normal 6.087614e-01 -7.933533e-01 0.000000e+00
    outer loop
      vertex   2.022546e+02 -1.236151e+02 -4.490000e+00
      vertex   2.022546e+02 -1.236151e+02 -5.990000e+00
      vertex   2.025860e+02 -1.233609e+02 -4.490000e+00
    endloop
  endfacet
  facet normal 6.087614e-01 -7.933533e-01 -2.306939e-14
    outer loop
      vertex   2.025860e+02 -1.233609e+02 -4.490000e+00
      vertex   2.022546e+02 -1.236151e+02 -5.990000e+00
      vertex   2.025860e+02 -1.233609e+02 -5.990000e+00
    endloop
  endfacet
  facet normal 3.826834e-01 -9.238795e-01 -1.450202e-14
    outer loop
      vertex   2.025860e+02 -1.233609e+02 -4.490000e+00
      vertex   2.025860e+02 -1.233609e+02 -5.990000e+00
      vertex   2.029719e+02 -1.232010e+02 -4.490000e+00
    endloop
  endfacet
  facet normal 3.826834e-01 -9.238795e-01 0.000000e+00
    outer loop
      vertex   2.029719e+02 -1.232010e+02 -4.490000e+00
      vertex   2.025860e+02 -1.233609e+02 -5.990000e+00
      vertex   2.029719e+02 -1.232010e+02 -5.990000e+00
    endloop
  endfacet
  facet normal 1.305262e-01 -9.914449e-01 0.000000e+00
    outer loop
      vertex   2.029719e+02 -1.232010e+02 -4.490000e+00
      vertex   2.029719e+02 -1.232010e+02 -5.990000e+00
      vertex   2.033860e+02 -1.231465e+02 -4.490000e+00
    endloop
  endfacet
  facet normal 1.305262e-01 -9.914449e-01 0.000000e+00
    outer loop
      vertex   2.033860e+02 -1.231465e+02 -4.490000e+00
      vertex   2.029719e+02 -1.232010e+02 -5.990000e+00
      vertex   2.033860e+02 -1.231465e+02 -5.990000e+00
    endloop
  endfacet
  facet normal -1.305262e-01 -9.914449e-01 -0.000000e+00
    outer loop
      vertex   2.033860e+02 -1.231465e+02 -4.490000e+00
      vertex   2.033860e+02 -1.231465e+02 -5.990000e+00
      vertex   2.038001e+02 -1.232010e+02 -4.490000e+00
    endloop
  endfacet
  facet normal -1.305262e-01 -9.914449e-01 -0.000000e+00
    outer loop
      vertex   2.038001e+02 -1.232010e+02 -4.490000e+00
      vertex   2.033860e+02 -1.231465e+02 -5.990000e+00
      vertex   2.038001e+02 -1.232010e+02 -5.990000e+00
    endloop
  endfacet
  facet normal -3.826834e-01 -9.238795e-01 -0.000000e+00
    outer loop
      vertex   2.038001e+02 -1.232010e+02 -4.490000e+00
      vertex   2.038001e+02 -1.232010e+02 -5.990000e+00
      vertex   2.041860e+02 -1.233609e+02 -4.490000e+00
    endloop
  endfacet
  facet normal -3.826834e-01 -9.238795e-01 7.251012e-15
    outer loop
      vertex   2.041860e+02 -1.233609e+02 -4.490000e+00
      vertex   2.038001e+02 -1.232010e+02 -5.990000e+00
      vertex   2.041860e+02 -1.233609e+02 -5.990000e+00
    endloop
  endfacet
  facet normal -6.087614e-01 -7.933533e-01 1.153469e-14
    outer loop
      vertex   2.041860e+02 -1.233609e+02 -4.490000e+00
      vertex   2.041860e+02 -1.233609e+02 -5.990000e+00
      vertex   2.045173e+02 -1.236151e+02 -4.490000e+00
    endloop
  endfacet
  facet normal -6.087614e-01 -7.933533e-01 -0.000000e+00
    outer loop
      vertex   2.045173e+02 -1.236151e+02 -4.490000e+00
      vertex   2.041860e+02 -1.233609e+02 -5.990000e+00
      vertex   2.045173e+02 -1.236151e+02 -5.990000e+00
    endloop
  endfacet
  facet normal -7.933533e-01 -6.087614e-01 -0.000000e+00
    outer loop
      vertex   2.045173e+02 -1.236151e+02 -4.490000e+00
      vertex   2.045173e+02 -1.236151e+02 -5.990000e+00
      vertex   2.047716e+02 -1.239465e+02 -4.490000e+00
    endloop
  endfacet
  facet normal -7.933533e-01 -6.087614e-01 -0.000000e+00
    outer loop
      vertex   2.047716e+02 -1.239465e+02 -4.490000e+00
      vertex   2.045173e+02 -1.236151e+02 -5.990000e+00
      vertex   2.047716e+02 -1.239465e+02 -5.990000e+00
    endloop
  endfacet
  facet normal -9.238795e-01 -3.826834e-01 -0.000000e+00
    outer loop
      vertex   2.047716e+02 -1.239465e+02 -4.490000e+00
      vertex   2.047716e+02 -1.239465e+02 -5.990000e+00
      vertex   2.049315e+02 -1.243324e+02 -4.490000e+00
    endloop
  endfacet
  facet normal -9.238795e-01 -3.826834e-01 -0.000000e+00
    outer loop
      vertex   2.049315e+02 -1.243324e+02 -4.490000e+00
      vertex   2.047716e+02 -1.239465e+02 -5.990000e+00
      vertex   2.049315e+02 -1.243324e+02 -5.990000e+00
    endloop
  endfacet
  facet normal -9.914449e-01 -1.305262e-01 -0.000000e+00
    outer loop
      vertex   2.049315e+02 -1.243324e+02 -4.490000e+00
      vertex   2.049315e+02 -1.243324e+02 -5.990000e+00
      vertex   2.049860e+02 -1.247465e+02 -4.490000e+00
    endloop
  endfacet
  facet normal -9.914449e-01 -1.305262e-01 -0.000000e+00
    outer loop
      vertex   2.049860e+02 -1.247465e+02 -4.490000e+00
      vertex   2.049315e+02 -1.243324e+02 -5.990000e+00
      vertex   2.049860e+02 -1.247465e+02 -5.990000e+00
    endloop
  endfacet
  facet normal -9.914449e-01 1.305262e-01 0.000000e+00
    outer loop
      vertex   2.049860e+02 -1.247465e+02 -4.490000e+00
      vertex   2.049860e+02 -1.247465e+02 -5.990000e+00
      vertex   2.049315e+02 -1.251606e+02 -4.490000e+00
    endloop
  endfacet
  facet normal -9.914449e-01 1.305262e-01 0.000000e+00
    outer loop
      vertex   2.049315e+02 -1.251606e+02 -4.490000e+00
      vertex   2.049860e+02 -1.247465e+02 -5.990000e+00
      vertex   2.049315e+02 -1.251606e+02 -5.990000e+00
    endloop
  endfacet
  facet normal -9.238795e-01 3.826834e-01 0.000000e+00
    outer loop
      vertex   2.049315e+02 -1.251606e+02 -4.490000e+00
      vertex   2.049315e+02 -1.251606e+02 -5.990000e+00
      vertex   2.047716e+02 -1.255465e+02 -4.490000e+00
    endloop
  endfacet
  facet normal -9.238795e-01 3.826834e-01 0.000000e+00
    outer loop
      vertex   2.047716e+02 -1.255465e+02 -4.490000e+00
      vertex   2.049315e+02 -1.251606e+02 -5.990000e+00
      vertex   2.047716e+02 -1.255465e+02 -5.990000e+00
    endloop
  endfacet
  facet normal -7.933533e-01 6.087614e-01 0.000000e+00
    outer loop
      vertex   2.047716e+02 -1.255465e+02 -4.490000e+00
      vertex   2.047716e+02 -1.255465e+02 -5.990000e+00
      vertex   2.045173e+02 -1.258779e+02 -4.490000e+00
    endloop
  endfacet
  facet normal -7.933533e-01 6.087614e-01 0.000000e+00
    outer loop
      vertex   2.045173e+02 -1.258779e+02 -4.490000e+00
      vertex   2.047716e+02 -1.255465e+02 -5.990000e+00
      vertex   2.045173e+02 -1.258779e+02 -5.990000e+00
    endloop
  endfacet
  facet normal -6.087614e-01 7.933533e-01 0.000000e+00
    outer loop
      vertex   2.045173e+02 -1.258779e+02 -4.490000e+00
      vertex   2.045173e+02 -1.258779e+02 -5.990000e+00
      vertex   2.041860e+02 -1.261321e+02 -4.490000e+00
    endloop
  endfacet
  facet normal -6.087614e-01 7.933533e-01 -1.153469e-14
    outer loop
      vertex   2.041860e+02 -1.261321e+02 -4.490000e+00
      vertex   2.045173e+02 -1.258779e+02 -5.990000e+00
      vertex   2.041860e+02 -1.261321e+02 -5.990000e+00
    endloop
  endfacet
  facet normal -3.826834e-01 9.238795e-01 -7.251012e-15
    outer loop
      vertex   2.041860e+02 -1.261321e+02 -4.490000e+00
      vertex   2.041860e+02 -1.261321e+02 -5.990000e+00
      vertex   2.038001e+02 -1.262920e+02 -4.490000e+00
    endloop
  endfacet
  facet normal -3.826834e-01 9.238795e-01 0.000000e+00
    outer loop
      vertex   2.038001e+02 -1.262920e+02 -4.490000e+00
      vertex   2.041860e+02 -1.261321e+02 -5.990000e+00
      vertex   2.038001e+02 -1.262920e+02 -5.990000e+00
    endloop
  endfacet
  facet normal -1.305262e-01 9.914449e-01 0.000000e+00
    outer loop
      vertex   2.038001e+02 -1.262920e+02 -4.490000e+00
      vertex   2.038001e+02 -1.262920e+02 -5.990000e+00
      vertex   2.033860e+02 -1.263465e+02 -4.490000e+00
    endloop
  endfacet
  facet normal -1.305262e-01 9.914449e-01 0.000000e+00
    outer loop
      vertex   2.033860e+02 -1.263465e+02 -4.490000e+00
      vertex   2.038001e+02 -1.262920e+02 -5.990000e+00
      vertex   2.033860e+02 -1.263465e+02 -5.990000e+00
    endloop
  endfacet
  facet normal 1.305262e-01 9.914449e-01 0.000000e+00
    outer loop
      vertex   2.033860e+02 -1.263465e+02 -4.490000e+00
      vertex   2.033860e+02 -1.263465e+02 -5.990000e+00
      vertex   2.029719e+02 -1.262920e+02 -4.490000e+00
    endloop
  endfacet
  facet normal 1.305262e-01 9.914449e-01 0.000000e+00
    outer loop
      vertex   2.029719e+02 -1.262920e+02 -4.490000e+00
      vertex   2.033860e+02 -1.263465e+02 -5.990000e+00
      vertex   2.029719e+02 -1.262920e+02 -5.990000e+00
    endloop
  endfacet
  facet normal 3.826834e-01 9.238795e-01 0.000000e+00
    outer loop
      vertex   2.029719e+02 -1.262920e+02 -4.490000e+00
      vertex   2.029719e+02 -1.262920e+02 -5.990000e+00
      vertex   2.025860e+02 -1.261321e+02 -4.490000e+00
    endloop
  endfacet
  facet normal 3.826834e-01 9.238795e-01 1.450202e-14
    outer loop
      vertex   2.025860e+02 -1.261321e+02 -4.490000e+00
      vertex   2.029719e+02 -1.262920e+02 -5.990000e+00
      vertex   2.025860e+02 -1.261321e+02 -5.990000e+00
    endloop
  endfacet
  facet normal 6.087614e-01 7.933533e-01 2.306939e-14
    outer loop
      vertex   2.025860e+02 -1.261321e+02 -4.490000e+00
      vertex   2.025860e+02 -1.261321e+02 -5.990000e+00
      vertex   2.022546e+02 -1.258779e+02 -4.490000e+00
    endloop
  endfacet
  facet normal 6.087614e-01 7.933533e-01 0.000000e+00
    outer loop
      vertex   2.022546e+02 -1.258779e+02 -4.490000e+00
      vertex   2.025860e+02 -1.261321e+02 -5.990000e+00
      vertex   2.022546e+02 -1.258779e+02 -5.990000e+00
    endloop
  endfacet
  facet normal 7.933533e-01 6.087614e-01 0.000000e+00
    outer loop
      vertex   2.022546e+02 -1.258779e+02 -4.490000e+00
      vertex   2.022546e+02 -1.258779e+02 -5.990000e+00
      vertex   2.020003e+02 -1.255465e+02 -4.490000e+00
    endloop
  endfacet
  facet normal 7.933533e-01 6.087614e-01 0.000000e+00
    outer loop
      vertex   2.020003e+02 -1.255465e+02 -4.490000e+00
      vertex   2.022546e+02 -1.258779e+02 -5.990000e+00
      vertex   2.020003e+02 -1.255465e+02 -5.990000e+00
    endloop
  endfacet
  facet normal 9.238795e-01 3.826834e-01 0.000000e+00
    outer loop
      vertex   2.020003e+02 -1.255465e+02 -4.490000e+00
      vertex   2.020003e+02 -1.255465e+02 -5.990000e+00
      vertex   2.018405e+02 -1.251606e+02 -4.490000e+00
    endloop
  endfacet
  facet normal 9.238795e-01 3.826834e-01 0.000000e+00
    outer loop
      vertex   2.018405e+02 -1.251606e+02 -4.490000e+00
      vertex   2.020003e+02 -1.255465e+02 -5.990000e+00
      vertex   2.018405e+02 -1.251606e+02 -5.990000e+00
    endloop
  endfacet
  facet normal 9.914449e-01 1.305262e-01 0.000000e+00
    outer loop
      vertex   5.912160e+01 -6.812891e+01 -4.490000e+00
      vertex   5.912160e+01 -6.812891e+01 -5.990000e+00
      vertex   5.906708e+01 -6.771480e+01 -4.490000e+00
    endloop
  endfacet
  facet normal 9.914449e-01 1.305262e-01 0.000000e+00
    outer loop
      vertex   5.906708e+01 -6.771480e+01 -4.490000e+00
      vertex   5.912160e+01 -6.812891e+01 -5.990000e+00
      vertex   5.906708e+01 -6.771480e+01 -5.990000e+00
    endloop
  endfacet
  facet normal 9.914449e-01 -1.305262e-01 0.000000e+00
    outer loop
      vertex   5.906708e+01 -6.771480e+01 -4.490000e+00
      vertex   5.906708e+01 -6.771480e+01 -5.990000e+00
      vertex   5.912160e+01 -6.730069e+01 -4.490000e+00
    endloop
  endfacet
  facet normal 9.914449e-01 -1.305262e-01 0.000000e+00
    outer loop
      vertex   5.912160e+01 -6.730069e+01 -4.490000e+00
      vertex   5.906708e+01 -6.771480e+01 -5.990000e+00
      vertex   5.912160e+01 -6.730069e+01 -5.990000e+00
    endloop
  endfacet
  facet normal 9.238795e-01 -3.826834e-01 0.000000e+00
    outer loop
      vertex   5.912160e+01 -6.730069e+01 -4.490000e+00
      vertex   5.912160e+01 -6.730069e+01 -5.990000e+00
      vertex   5.928144e+01 -6.691480e+01 -4.490000e+00
    endloop
  endfacet
  facet normal 9.238795e-01 -3.826834e-01 0.000000e+00
    outer loop
      vertex   5.928144e+01 -6.691480e+01 -4.490000e+00
      vertex   5.912160e+01 -6.730069e+01 -5.990000e+00
      vertex   5.928144e+01 -6.691480e+01 -5.990000e+00
    endloop
  endfacet
  facet normal 7.933533e-01 -6.087614e-01 0.000000e+00
    outer loop
      vertex   5.928144e+01 -6.691480e+01 -4.490000e+00
      vertex   5.928144e+01 -6.691480e+01 -5.990000e+00
      vertex   5.953571e+01 -6.658343e+01 -4.490000e+00
    endloop
  endfacet
  facet normal 7.933533e-01 -6.087614e-01 0.000000e+00
    outer loop
      vertex   5.953571e+01 -6.658343e+01 -4.490000e+00
      vertex   5.928144e+01 -6.691480e+01 -5.990000e+00
      vertex   5.953571e+01 -6.658343e+01 -5.990000e+00
    endloop
  endfacet
  facet normal 6.087614e-01 -7.933533e-01 0.000000e+00
    outer loop
      vertex   5.953571e+01 -6.658343e+01 -4.490000e+00
      vertex   5.953571e+01 -6.658343e+01 -5.990000e+00
      vertex   5.986708e+01 -6.632916e+01 -4.490000e+00
    endloop
  endfacet
  facet normal 6.087614e-01 -7.933533e-01 0.000000e+00
    outer loop
      vertex   5.986708e+01 -6.632916e+01 -4.490000e+00
      vertex   5.953571e+01 -6.658343e+01 -5.990000e+00
      vertex   5.986708e+01 -6.632916e+01 -5.990000e+00
    endloop
  endfacet
  facet normal 3.826834e-01 -9.238795e-01 0.000000e+00
    outer loop
      vertex   5.986708e+01 -6.632916e+01 -4.490000e+00
      vertex   5.986708e+01 -6.632916e+01 -5.990000e+00
      vertex   6.025297e+01 -6.616932e+01 -4.490000e+00
    endloop
  endfacet
  facet normal 3.826834e-01 -9.238795e-01 0.000000e+00
    outer loop
      vertex   6.025297e+01 -6.616932e+01 -4.490000e+00
      vertex   5.986708e+01 -6.632916e+01 -5.990000e+00
      vertex   6.025297e+01 -6.616932e+01 -5.990000e+00
    endloop
  endfacet
  facet normal 1.305262e-01 -9.914449e-01 0.000000e+00
    outer loop
      vertex   6.025297e+01 -6.616932e+01 -4.490000e+00
      vertex   6.025297e+01 -6.616932e+01 -5.990000e+00
      vertex   6.066708e+01 -6.611480e+01 -4.490000e+00
    endloop
  endfacet
  facet normal 1.305262e-01 -9.914449e-01 0.000000e+00
    outer loop
      vertex   6.066708e+01 -6.611480e+01 -4.490000e+00
      vertex   6.025297e+01 -6.616932e+01 -5.990000e+00
      vertex   6.066708e+01 -6.611480e+01 -5.990000e+00
    endloop
  endfacet
  facet normal -1.305262e-01 -9.914449e-01 -0.000000e+00
    outer loop
      vertex   6.066708e+01 -6.611480e+01 -4.490000e+00
      vertex   6.066708e+01 -6.611480e+01 -5.990000e+00
      vertex   6.108119e+01 -6.616932e+01 -4.490000e+00
    endloop
  endfacet
  facet normal -1.305262e-01 -9.914449e-01 -0.000000e+00
    outer loop
      vertex   6.108119e+01 -6.616932e+01 -4.490000e+00
      vertex   6.066708e+01 -6.611480e+01 -5.990000e+00
      vertex   6.108119e+01 -6.616932e+01 -5.990000e+00
    endloop
  endfacet
  facet normal -3.826834e-01 -9.238795e-01 -0.000000e+00
    outer loop
      vertex   6.108119e+01 -6.616932e+01 -4.490000e+00
      vertex   6.108119e+01 -6.616932e+01 -5.990000e+00
      vertex   6.146708e+01 -6.632916e+01 -4.490000e+00
    endloop
  endfacet
  facet normal -3.826834e-01 -9.238795e-01 -0.000000e+00
    outer loop
      vertex   6.146708e+01 -6.632916e+01 -4.490000e+00
      vertex   6.108119e+01 -6.616932e+01 -5.990000e+00
      vertex   6.146708e+01 -6.632916e+01 -5.990000e+00
    endloop
  endfacet
  facet normal -6.087614e-01 -7.933533e-01 -0.000000e+00
    outer loop
      vertex   6.146708e+01 -6.632916e+01 -4.490000e+00
      vertex   6.146708e+01 -6.632916e+01 -5.990000e+00
      vertex   6.179845e+01 -6.658343e+01 -4.490000e+00
    endloop
  endfacet
  facet normal -6.087614e-01 -7.933533e-01 -0.000000e+00
    outer loop
      vertex   6.179845e+01 -6.658343e+01 -4.490000e+00
      vertex   6.146708e+01 -6.632916e+01 -5.990000e+00
      vertex   6.179845e+01 -6.658343e+01 -5.990000e+00
    endloop
  endfacet
  facet normal -7.933533e-01 -6.087614e-01 -0.000000e+00
    outer loop
      vertex   6.179845e+01 -6.658343e+01 -4.490000e+00
      vertex   6.179845e+01 -6.658343e+01 -5.990000e+00
      vertex   6.205272e+01 -6.691480e+01 -4.490000e+00
    endloop
  endfacet
  facet normal -7.933533e-01 -6.087614e-01 -0.000000e+00
    outer loop
      vertex   6.205272e+01 -6.691480e+01 -4.490000e+00
      vertex   6.179845e+01 -6.658343e+01 -5.990000e+00
      vertex   6.205272e+01 -6.691480e+01 -5.990000e+00
    endloop
  endfacet
  facet normal -9.238795e-01 -3.826834e-01 -0.000000e+00
    outer loop
      vertex   6.205272e+01 -6.691480e+01 -4.490000e+00
      vertex   6.205272e+01 -6.691480e+01 -5.990000e+00
      vertex   6.221256e+01 -6.730069e+01 -4.490000e+00
    endloop
  endfacet
  facet normal -9.238795e-01 -3.826834e-01 -0.000000e+00
    outer loop
      vertex   6.221256e+01 -6.730069e+01 -4.490000e+00
      vertex   6.205272e+01 -6.691480e+01 -5.990000e+00
      vertex   6.221256e+01 -6.730069e+01 -5.990000e+00
    endloop
  endfacet
  facet normal -9.914449e-01 -1.305262e-01 -0.000000e+00
    outer loop
      vertex   6.221256e+01 -6.730069e+01 -4.490000e+00
      vertex   6.221256e+01 -6.730069e+01 -5.990000e+00
      vertex   6.226708e+01 -6.771480e+01 -4.490000e+00
    endloop
  endfacet
  facet normal -9.914449e-01 -1.305262e-01 -0.000000e+00
    outer loop
      vertex   6.226708e+01 -6.771480e+01 -4.490000e+00
      vertex   6.221256e+01 -6.730069e+01 -5.990000e+00
      vertex   6.226708e+01 -6.771480e+01 -5.990000e+00
    endloop
  endfacet
  facet normal -9.914449e-01 1.305262e-01 0.000000e+00
    outer loop
      vertex   6.226708e+01 -6.771480e+01 -4.490000e+00
      vertex   6.226708e+01 -6.771480e+01 -5.990000e+00
      vertex   6.221256e+01 -6.812891e+01 -4.490000e+00
    endloop
  endfacet
  facet normal -9.914449e-01 1.305262e-01 0.000000e+00
    outer loop
      vertex   6.221256e+01 -6.812891e+01 -4.490000e+00
      vertex   6.226708e+01 -6.771480e+01 -5.990000e+00
      vertex   6.221256e+01 -6.812891e+01 -5.990000e+00
    endloop
  endfacet
  facet normal -9.238795e-01 3.826834e-01 0.000000e+00
    outer loop
      vertex   6.221256e+01 -6.812891e+01 -4.490000e+00
      vertex   6.221256e+01 -6.812891e+01 -5.990000e+00
      vertex   6.205272e+01 -6.851480e+01 -4.490000e+00
    endloop
  endfacet
  facet normal -9.238795e-01 3.826834e-01 0.000000e+00
    outer loop
      vertex   6.205272e+01 -6.851480e+01 -4.490000e+00
      vertex   6.221256e+01 -6.812891e+01 -5.990000e+00
      vertex   6.205272e+01 -6.851480e+01 -5.990000e+00
    endloop
  endfacet
  facet normal -7.933533e-01 6.087614e-01 0.000000e+00
    outer loop
      vertex   6.205272e+01 -6.851480e+01 -4.490000e+00
      vertex   6.205272e+01 -6.851480e+01 -5.990000e+00
      vertex   6.179845e+01 -6.884617e+01 -4.490000e+00
    endloop
  endfacet
  facet normal -7.933533e-01 6.087614e-01 0.000000e+00
    outer loop
      vertex   6.179845e+01 -6.884617e+01 -4.490000e+00
      vertex   6.205272e+01 -6.851480e+01 -5.990000e+00
      vertex   6.179845e+01 -6.884617e+01 -5.990000e+00
    endloop
  endfacet
  facet normal -6.087614e-01 7.933533e-01 0.000000e+00
    outer loop
      vertex   6.179845e+01 -6.884617e+01 -4.490000e+00
      vertex   6.179845e+01 -6.884617e+01 -5.990000e+00
      vertex   6.146708e+01 -6.910044e+01 -4.490000e+00
    endloop
  endfacet
  facet normal -6.087614e-01 7.933533e-01 0.000000e+00
    outer loop
      vertex   6.146708e+01 -6.910044e+01 -4.490000e+00
      vertex   6.179845e+01 -6.884617e+01 -5.990000e+00
      vertex   6.146708e+01 -6.910044e+01 -5.990000e+00
    endloop
  endfacet
  facet normal -3.826834e-01 9.238795e-01 0.000000e+00
    outer loop
      vertex   6.146708e+01 -6.910044e+01 -4.490000e+00
      vertex   6.146708e+01 -6.910044e+01 -5.990000e+00
      vertex   6.108119e+01 -6.926028e+01 -4.490000e+00
    endloop
  endfacet
  facet normal -3.826834e-01 9.238795e-01 0.000000e+00
    outer loop
      vertex   6.108119e+01 -6.926028e+01 -4.490000e+00
      vertex   6.146708e+01 -6.910044e+01 -5.990000e+00
      vertex   6.108119e+01 -6.926028e+01 -5.990000e+00
    endloop
  endfacet
  facet normal -1.305262e-01 9.914449e-01 0.000000e+00
    outer loop
      vertex   6.108119e+01 -6.926028e+01 -4.490000e+00
      vertex   6.108119e+01 -6.926028e+01 -5.990000e+00
      vertex   6.066708e+01 -6.931480e+01 -4.490000e+00
    endloop
  endfacet
  facet normal -1.305262e-01 9.914449e-01 0.000000e+00
    outer loop
      vertex   6.066708e+01 -6.931480e+01 -4.490000e+00
      vertex   6.108119e+01 -6.926028e+01 -5.990000e+00
      vertex   6.066708e+01 -6.931480e+01 -5.990000e+00
    endloop
  endfacet
  facet normal 1.305262e-01 9.914449e-01 0.000000e+00
    outer loop
      vertex   6.066708e+01 -6.931480e+01 -4.490000e+00
      vertex   6.066708e+01 -6.931480e+01 -5.990000e+00
      vertex   6.025297e+01 -6.926028e+01 -4.490000e+00
    endloop
  endfacet
  facet normal 1.305262e-01 9.914449e-01 0.000000e+00
    outer loop
      vertex   6.025297e+01 -6.926028e+01 -4.490000e+00
      vertex   6.066708e+01 -6.931480e+01 -5.990000e+00
      vertex   6.025297e+01 -6.926028e+01 -5.990000e+00
    endloop
  endfacet
  facet normal 3.826834e-01 9.238795e-01 0.000000e+00
    outer loop
      vertex   6.025297e+01 -6.926028e+01 -4.490000e+00
      vertex   6.025297e+01 -6.926028e+01 -5.990000e+00
      vertex   5.986708e+01 -6.910044e+01 -4.490000e+00
    endloop
  endfacet
  facet normal 3.826834e-01 9.238795e-01 0.000000e+00
    outer loop
      vertex   5.986708e+01 -6.910044e+01 -4.490000e+00
      vertex   6.025297e+01 -6.926028e+01 -5.990000e+00
      vertex   5.986708e+01 -6.910044e+01 -5.990000e+00
    endloop
  endfacet
  facet normal 6.087614e-01 7.933533e-01 0.000000e+00
    outer loop
      vertex   5.986708e+01 -6.910044e+01 -4.490000e+00
      vertex   5.986708e+01 -6.910044e+01 -5.990000e+00
      vertex   5.953571e+01 -6.884617e+01 -4.490000e+00
    endloop
  endfacet
  facet normal 6.087614e-01 7.933533e-01 0.000000e+00
    outer loop
      vertex   5.953571e+01 -6.884617e+01 -4.490000e+00
      vertex   5.986708e+01 -6.910044e+01 -5.990000e+00
      vertex   5.953571e+01 -6.884617e+01 -5.990000e+00
    endloop
  endfacet
  facet normal 7.933533e-01 6.087614e-01 0.000000e+00
    outer loop
      vertex   5.953571e+01 -6.884617e+01 -4.490000e+00
      vertex   5.953571e+01 -6.884617e+01 -5.990000e+00
      vertex   5.928144e+01 -6.851480e+01 -4.490000e+00
    endloop
  endfacet
  facet normal 7.933533e-01 6.087614e-01 0.000000e+00
    outer loop
      vertex   5.928144e+01 -6.851480e+01 -4.490000e+00
      vertex   5.953571e+01 -6.884617e+01 -5.990000e+00
      vertex   5.928144e+01 -6.851480e+01 -5.990000e+00
    endloop
  endfacet
  facet normal 9.238795e-01 3.826834e-01 0.000000e+00
    outer loop
      vertex   5.928144e+01 -6.851480e+01 -4.490000e+00
      vertex   5.928144e+01 -6.851480e+01 -5.990000e+00
      vertex   5.912160e+01 -6.812891e+01 -4.490000e+00
    endloop
  endfacet
  facet normal 9.238795e-01 3.826834e-01 0.000000e+00
    outer loop
      vertex   5.912160e+01 -6.812891e+01 -4.490000e+00
      vertex   5.928144e+01 -6.851480e+01 -5.990000e+00
      vertex   5.912160e+01 -6.812891e+01 -5.990000e+00
    endloop
  endfacet
  facet normal -1.000000e+00 0.000000e+00 0.000000e+00
    outer loop
      vertex   1.949144e+02 -9.824597e+01 -4.490000e+00
      vertex   1.949144e+02 -9.424363e+01 -4.490000e+00
      vertex   1.949144e+02 -9.824597e+01 -5.490000e+00
    endloop
  endfacet
  facet normal -1.000000e+00 0.000000e+00 0.000000e+00
    outer loop
      vertex   1.949144e+02 -9.824597e+01 -5.490000e+00
      vertex   1.949144e+02 -9.424363e+01 -4.490000e+00
      vertex   1.949144e+02 -9.424363e+01 -5.490000e+00
    endloop
  endfacet
  facet normal -1.305262e-01 9.914449e-01 0.000000e+00
    outer loop
      vertex   1.936644e+02 -9.949597e+01 -5.490000e+00
      vertex   1.936644e+02 -9.949597e+01 -4.490000e+00
      vertex   1.939879e+02 -9.945337e+01 -5.490000e+00
    endloop
  endfacet
  facet normal -1.305262e-01 9.914449e-01 0.000000e+00
    outer loop
      vertex   1.939879e+02 -9.945337e+01 -5.490000e+00
      vertex   1.936644e+02 -9.949597e+01 -4.490000e+00
      vertex   1.939879e+02 -9.945337e+01 -4.490000e+00
    endloop
  endfacet
  facet normal -3.826834e-01 9.238795e-01 0.000000e+00
    outer loop
      vertex   1.939879e+02 -9.945337e+01 -5.490000e+00
      vertex   1.939879e+02 -9.945337e+01 -4.490000e+00
      vertex   1.942894e+02 -9.932850e+01 -5.490000e+00
    endloop
  endfacet
  facet normal -3.826834e-01 9.238795e-01 0.000000e+00
    outer loop
      vertex   1.942894e+02 -9.932850e+01 -5.490000e+00
      vertex   1.939879e+02 -9.945337e+01 -4.490000e+00
      vertex   1.942894e+02 -9.932850e+01 -4.490000e+00
    endloop
  endfacet
  facet normal -6.087614e-01 7.933533e-01 0.000000e+00
    outer loop
      vertex   1.942894e+02 -9.932850e+01 -5.490000e+00
      vertex   1.942894e+02 -9.932850e+01 -4.490000e+00
      vertex   1.945483e+02 -9.912985e+01 -5.490000e+00
    endloop
  endfacet
  facet normal -6.087614e-01 7.933533e-01 0.000000e+00
    outer loop
      vertex   1.945483e+02 -9.912985e+01 -5.490000e+00
      vertex   1.942894e+02 -9.932850e+01 -4.490000e+00
      vertex   1.945483e+02 -9.912985e+01 -4.490000e+00
    endloop
  endfacet
  facet normal -7.933533e-01 6.087614e-01 0.000000e+00
    outer loop
      vertex   1.945483e+02 -9.912985e+01 -5.490000e+00
      vertex   1.945483e+02 -9.912985e+01 -4.490000e+00
      vertex   1.947469e+02 -9.887097e+01 -5.490000e+00
    endloop
  endfacet
  facet normal -7.933533e-01 6.087614e-01 0.000000e+00
    outer loop
      vertex   1.947469e+02 -9.887097e+01 -5.490000e+00
      vertex   1.945483e+02 -9.912985e+01 -4.490000e+00
      vertex   1.947469e+02 -9.887097e+01 -4.490000e+00
    endloop
  endfacet
  facet normal -9.238795e-01 3.826834e-01 0.000000e+00
    outer loop
      vertex   1.947469e+02 -9.887097e+01 -5.490000e+00
      vertex   1.947469e+02 -9.887097e+01 -4.490000e+00
      vertex   1.948718e+02 -9.856949e+01 -5.490000e+00
    endloop
  endfacet
  facet normal -9.238795e-01 3.826834e-01 0.000000e+00
    outer loop
      vertex   1.948718e+02 -9.856949e+01 -5.490000e+00
      vertex   1.947469e+02 -9.887097e+01 -4.490000e+00
      vertex   1.948718e+02 -9.856949e+01 -4.490000e+00
    endloop
  endfacet
  facet normal -9.914449e-01 1.305262e-01 0.000000e+00
    outer loop
      vertex   1.948718e+02 -9.856949e+01 -5.490000e+00
      vertex   1.948718e+02 -9.856949e+01 -4.490000e+00
      vertex   1.949144e+02 -9.824597e+01 -5.490000e+00
    endloop
  endfacet
  facet normal -9.914449e-01 1.305262e-01 0.000000e+00
    outer loop
      vertex   1.949144e+02 -9.824597e+01 -5.490000e+00
      vertex   1.948718e+02 -9.856949e+01 -4.490000e+00
      vertex   1.949144e+02 -9.824597e+01 -4.490000e+00
    endloop
  endfacet
  facet normal -0.000000e+00 1.000000e+00 0.000000e+00
    outer loop
      vertex   1.888642e+02 -9.949597e+01 -4.490000e+00
      vertex   1.936644e+02 -9.949597e+01 -4.490000e+00
      vertex   1.888642e+02 -9.949597e+01 -5.490000e+00
    endloop
  endfacet
  facet normal 0.000000e+00 1.000000e+00 0.000000e+00
    outer loop
      vertex   1.888642e+02 -9.949597e+01 -5.490000e+00
      vertex   1.936644e+02 -9.949597e+01 -4.490000e+00
      vertex   1.936644e+02 -9.949597e+01 -5.490000e+00
    endloop
  endfacet
  facet normal 1.000000e+00 0.000000e+00 0.000000e+00
    outer loop
      vertex   1.888642e+02 -9.299363e+01 -4.490000e+00
      vertex   1.888642e+02 -9.949597e+01 -4.490000e+00
      vertex   1.888642e+02 -9.299363e+01 -5.490000e+00
    endloop
  endfacet
  facet normal 1.000000e+00 0.000000e+00 0.000000e+00
    outer loop
      vertex   1.888642e+02 -9.299363e+01 -5.490000e+00
      vertex   1.888642e+02 -9.949597e+01 -4.490000e+00
      vertex   1.888642e+02 -9.949597e+01 -5.490000e+00
    endloop
  endfacet
  facet normal -0.000000e+00 -1.000000e+00 -0.000000e+00
    outer loop
      vertex   1.936644e+02 -9.299363e+01 -4.490000e+00
      vertex   1.888642e+02 -9.299363e+01 -4.490000e+00
      vertex   1.936644e+02 -9.299363e+01 -5.490000e+00
    endloop
  endfacet
  facet normal 0.000000e+00 -1.000000e+00 0.000000e+00
    outer loop
      vertex   1.936644e+02 -9.299363e+01 -5.490000e+00
      vertex   1.888642e+02 -9.299363e+01 -4.490000e+00
      vertex   1.888642e+02 -9.299363e+01 -5.490000e+00
    endloop
  endfacet
  facet normal -9.914449e-01 -1.305262e-01 0.000000e+00
    outer loop
      vertex   1.949144e+02 -9.424363e+01 -5.490000e+00
      vertex   1.949144e+02 -9.424363e+01 -4.490000e+00
      vertex   1.948718e+02 -9.392011e+01 -5.490000e+00
    endloop
  endfacet
  facet normal -9.914449e-01 -1.305262e-01 0.000000e+00
    outer loop
      vertex   1.948718e+02 -9.392011e+01 -5.490000e+00
      vertex   1.949144e+02 -9.424363e+01 -4.490000e+00
      vertex   1.948718e+02 -9.392011e+01 -4.490000e+00
    endloop
  endfacet
  facet normal -9.238795e-01 -3.826834e-01 0.000000e+00
    outer loop
      vertex   1.948718e+02 -9.392011e+01 -5.490000e+00
      vertex   1.948718e+02 -9.392011e+01 -4.490000e+00
      vertex   1.947469e+02 -9.361863e+01 -5.490000e+00
    endloop
  endfacet
  facet normal -9.238795e-01 -3.826834e-01 0.000000e+00
    outer loop
      vertex   1.947469e+02 -9.361863e+01 -5.490000e+00
      vertex   1.948718e+02 -9.392011e+01 -4.490000e+00
      vertex   1.947469e+02 -9.361863e+01 -4.490000e+00
    endloop
  endfacet
  facet normal -7.933533e-01 -6.087614e-01 0.000000e+00
    outer loop
      vertex   1.947469e+02 -9.361863e+01 -5.490000e+00
      vertex   1.947469e+02 -9.361863e+01 -4.490000e+00
      vertex   1.945483e+02 -9.335975e+01 -5.490000e+00
    endloop
  endfacet
  facet normal -7.933533e-01 -6.087614e-01 0.000000e+00
    outer loop
      vertex   1.945483e+02 -9.335975e+01 -5.490000e+00
      vertex   1.947469e+02 -9.361863e+01 -4.490000e+00
      vertex   1.945483e+02 -9.335975e+01 -4.490000e+00
    endloop
  endfacet
  facet normal -6.087614e-01 -7.933533e-01 0.000000e+00
    outer loop
      vertex   1.945483e+02 -9.335975e+01 -5.490000e+00
      vertex   1.945483e+02 -9.335975e+01 -4.490000e+00
      vertex   1.942894e+02 -9.316110e+01 -5.490000e+00
    endloop
  endfacet
  facet normal -6.087614e-01 -7.933533e-01 0.000000e+00
    outer loop
      vertex   1.942894e+02 -9.316110e+01 -5.490000e+00
      vertex   1.945483e+02 -9.335975e+01 -4.490000e+00
      vertex   1.942894e+02 -9.316110e+01 -4.490000e+00
    endloop
  endfacet
  facet normal -3.826834e-01 -9.238795e-01 0.000000e+00
    outer loop
      vertex   1.942894e+02 -9.316110e+01 -5.490000e+00
      vertex   1.942894e+02 -9.316110e+01 -4.490000e+00
      vertex   1.939879e+02 -9.303622e+01 -5.490000e+00
    endloop
  endfacet
  facet normal -3.826834e-01 -9.238795e-01 0.000000e+00
    outer loop
      vertex   1.939879e+02 -9.303622e+01 -5.490000e+00
      vertex   1.942894e+02 -9.316110e+01 -4.490000e+00
      vertex   1.939879e+02 -9.303622e+01 -4.490000e+00
    endloop
  endfacet
  facet normal -1.305262e-01 -9.914449e-01 0.000000e+00
    outer loop
      vertex   1.939879e+02 -9.303622e+01 -5.490000e+00
      vertex   1.939879e+02 -9.303622e+01 -4.490000e+00
      vertex   1.936644e+02 -9.299363e+01 -5.490000e+00
    endloop
  endfacet
  facet normal -1.305262e-01 -9.914449e-01 0.000000e+00
    outer loop
      vertex   1.936644e+02 -9.299363e+01 -5.490000e+00
      vertex   1.939879e+02 -9.303622e+01 -4.490000e+00
      vertex   1.936644e+02 -9.299363e+01 -4.490000e+00
    endloop
  endfacet
  facet normal 9.715869e-15 4.024445e-15 1.000000e+00
    outer loop
      vertex   1.948718e+02 -9.392011e+01 -5.490000e+00
      vertex   1.947469e+02 -9.361863e+01 -5.490000e+00
      vertex   1.949144e+02 -9.424363e+01 -5.490000e+00
    endloop
  endfacet
  facet normal 2.845712e-15 2.183592e-15 1.000000e+00
    outer loop
      vertex   1.949144e+02 -9.424363e+01 -5.490000e+00
      vertex   1.947469e+02 -9.361863e+01 -5.490000e+00
      vertex   1.945483e+02 -9.335975e+01 -5.490000e+00
    endloop
  endfacet
  facet normal 1.130310e-15 1.473049e-15 1.000000e+00
    outer loop
      vertex   1.949144e+02 -9.424363e+01 -5.490000e+00
      vertex   1.945483e+02 -9.335975e+01 -5.490000e+00
      vertex   1.942894e+02 -9.316110e+01 -5.490000e+00
    endloop
  endfacet
  facet normal 4.466658e-16 1.078347e-15 1.000000e+00
    outer loop
      vertex   1.942894e+02 -9.316110e+01 -5.490000e+00
      vertex   1.939879e+02 -9.303622e+01 -5.490000e+00
      vertex   1.949144e+02 -9.424363e+01 -5.490000e+00
    endloop
  endfacet
  facet normal 1.077273e-16 8.182700e-16 1.000000e+00
    outer loop
      vertex   1.949144e+02 -9.424363e+01 -5.490000e+00
      vertex   1.939879e+02 -9.303622e+01 -5.490000e+00
      vertex   1.936644e+02 -9.299363e+01 -5.490000e+00
    endloop
  endfacet
  facet normal -7.105427e-16 0.000000e+00 1.000000e+00
    outer loop
      vertex   1.949144e+02 -9.424363e+01 -5.490000e+00
      vertex   1.936644e+02 -9.299363e+01 -5.490000e+00
      vertex   1.936644e+02 -9.949597e+01 -5.490000e+00
    endloop
  endfacet
  facet normal 0.000000e+00 -0.000000e+00 1.000000e+00
    outer loop
      vertex   1.936644e+02 -9.949597e+01 -5.490000e+00
      vertex   1.936644e+02 -9.299363e+01 -5.490000e+00
      vertex   1.888642e+02 -9.299363e+01 -5.490000e+00
    endloop
  endfacet
  facet normal 0.000000e+00 0.000000e+00 1.000000e+00
    outer loop
      vertex   1.936644e+02 -9.949597e+01 -5.490000e+00
      vertex   1.888642e+02 -9.299363e+01 -5.490000e+00
      vertex   1.888642e+02 -9.949597e+01 -5.490000e+00
    endloop
  endfacet
  facet normal -7.105427e-16 0.000000e+00 1.000000e+00
    outer loop
      vertex   1.949144e+02 -9.424363e+01 -5.490000e+00
      vertex   1.936644e+02 -9.949597e+01 -5.490000e+00
      vertex   1.949144e+02 -9.824597e+01 -5.490000e+00
    endloop
  endfacet
  facet normal 1.077273e-16 -8.182700e-16 1.000000e+00
    outer loop
      vertex   1.949144e+02 -9.824597e+01 -5.490000e+00
      vertex   1.936644e+02 -9.949597e+01 -5.490000e+00
      vertex   1.939879e+02 -9.945337e+01 -5.490000e+00
    endloop
  endfacet
  facet normal 4.466658e-16 -1.078347e-15 1.000000e+00
    outer loop
      vertex   1.949144e+02 -9.824597e+01 -5.490000e+00
      vertex   1.939879e+02 -9.945337e+01 -5.490000e+00
      vertex   1.942894e+02 -9.932850e+01 -5.490000e+00
    endloop
  endfacet
  facet normal 1.130310e-15 -1.473049e-15 1.000000e+00
    outer loop
      vertex   1.942894e+02 -9.932850e+01 -5.490000e+00
      vertex   1.945483e+02 -9.912985e+01 -5.490000e+00
      vertex   1.949144e+02 -9.824597e+01 -5.490000e+00
    endloop
  endfacet
  facet normal 2.845712e-15 -2.183592e-15 1.000000e+00
    outer loop
      vertex   1.949144e+02 -9.824597e+01 -5.490000e+00
      vertex   1.945483e+02 -9.912985e+01 -5.490000e+00
      vertex   1.947469e+02 -9.887097e+01 -5.490000e+00
    endloop
  endfacet
  facet normal 9.715869e-15 -4.024445e-15 1.000000e+00
    outer loop
      vertex   1.949144e+02 -9.824597e+01 -5.490000e+00
      vertex   1.947469e+02 -9.887097e+01 -5.490000e+00
      vertex   1.948718e+02 -9.856949e+01 -5.490000e+00
    endloop
  endfacet
  facet normal 1.000000e+00 0.000000e+00 0.000000e+00
    outer loop
      vertex   1.820140e+02 -9.424363e+01 -4.490000e+00
      vertex   1.820140e+02 -9.824597e+01 -4.490000e+00
      vertex   1.820140e+02 -9.424363e+01 -5.490000e+00
    endloop
  endfacet
  facet normal 1.000000e+00 0.000000e+00 0.000000e+00
    outer loop
      vertex   1.820140e+02 -9.424363e+01 -5.490000e+00
      vertex   1.820140e+02 -9.824597e+01 -4.490000e+00
      vertex   1.820140e+02 -9.824597e+01 -5.490000e+00
    endloop
  endfacet
  facet normal 1.305262e-01 -9.914449e-01 0.000000e+00
    outer loop
      vertex   1.832640e+02 -9.299363e+01 -5.490000e+00
      vertex   1.832640e+02 -9.299363e+01 -4.490000e+00
      vertex   1.829405e+02 -9.303622e+01 -5.490000e+00
    endloop
  endfacet
  facet normal 1.305262e-01 -9.914449e-01 0.000000e+00
    outer loop
      vertex   1.829405e+02 -9.303622e+01 -5.490000e+00
      vertex   1.832640e+02 -9.299363e+01 -4.490000e+00
      vertex   1.829405e+02 -9.303622e+01 -4.490000e+00
    endloop
  endfacet
  facet normal 3.826834e-01 -9.238795e-01 0.000000e+00
    outer loop
      vertex   1.829405e+02 -9.303622e+01 -5.490000e+00
      vertex   1.829405e+02 -9.303622e+01 -4.490000e+00
      vertex   1.826390e+02 -9.316110e+01 -5.490000e+00
    endloop
  endfacet
  facet normal 3.826834e-01 -9.238795e-01 0.000000e+00
    outer loop
      vertex   1.826390e+02 -9.316110e+01 -5.490000e+00
      vertex   1.829405e+02 -9.303622e+01 -4.490000e+00
      vertex   1.826390e+02 -9.316110e+01 -4.490000e+00
    endloop
  endfacet
  facet normal 6.087614e-01 -7.933533e-01 0.000000e+00
    outer loop
      vertex   1.826390e+02 -9.316110e+01 -5.490000e+00
      vertex   1.826390e+02 -9.316110e+01 -4.490000e+00
      vertex   1.823801e+02 -9.335975e+01 -5.490000e+00
    endloop
  endfacet
  facet normal 6.087614e-01 -7.933533e-01 0.000000e+00
    outer loop
      vertex   1.823801e+02 -9.335975e+01 -5.490000e+00
      vertex   1.826390e+02 -9.316110e+01 -4.490000e+00
      vertex   1.823801e+02 -9.335975e+01 -4.490000e+00
    endloop
  endfacet
  facet normal 7.933533e-01 -6.087614e-01 0.000000e+00
    outer loop
      vertex   1.823801e+02 -9.335975e+01 -5.490000e+00
      vertex   1.823801e+02 -9.335975e+01 -4.490000e+00
      vertex   1.821815e+02 -9.361863e+01 -5.490000e+00
    endloop
  endfacet
  facet normal 7.933533e-01 -6.087614e-01 0.000000e+00
    outer loop
      vertex   1.821815e+02 -9.361863e+01 -5.490000e+00
      vertex   1.823801e+02 -9.335975e+01 -4.490000e+00
      vertex   1.821815e+02 -9.361863e+01 -4.490000e+00
    endloop
  endfacet
  facet normal 9.238795e-01 -3.826834e-01 0.000000e+00
    outer loop
      vertex   1.821815e+02 -9.361863e+01 -5.490000e+00
      vertex   1.821815e+02 -9.361863e+01 -4.490000e+00
      vertex   1.820566e+02 -9.392011e+01 -5.490000e+00
    endloop
  endfacet
  facet normal 9.238795e-01 -3.826834e-01 0.000000e+00
    outer loop
      vertex   1.820566e+02 -9.392011e+01 -5.490000e+00
      vertex   1.821815e+02 -9.361863e+01 -4.490000e+00
      vertex   1.820566e+02 -9.392011e+01 -4.490000e+00
    endloop
  endfacet
  facet normal 9.914449e-01 -1.305262e-01 0.000000e+00
    outer loop
      vertex   1.820566e+02 -9.392011e+01 -5.490000e+00
      vertex   1.820566e+02 -9.392011e+01 -4.490000e+00
      vertex   1.820140e+02 -9.424363e+01 -5.490000e+00
    endloop
  endfacet
  facet normal 9.914449e-01 -1.305262e-01 0.000000e+00
    outer loop
      vertex   1.820140e+02 -9.424363e+01 -5.490000e+00
      vertex   1.820566e+02 -9.392011e+01 -4.490000e+00
      vertex   1.820140e+02 -9.424363e+01 -4.490000e+00
    endloop
  endfacet
  facet normal 2.960471e-15 -1.000000e+00 0.000000e+00
    outer loop
      vertex   1.880642e+02 -9.299363e+01 -4.490000e+00
      vertex   1.832640e+02 -9.299363e+01 -4.490000e+00
      vertex   1.880642e+02 -9.299363e+01 -5.490000e+00
    endloop
  endfacet
  facet normal 2.960471e-15 -1.000000e+00 0.000000e+00
    outer loop
      vertex   1.880642e+02 -9.299363e+01 -5.490000e+00
      vertex   1.832640e+02 -9.299363e+01 -4.490000e+00
      vertex   1.832640e+02 -9.299363e+01 -5.490000e+00
    endloop
  endfacet
  facet normal -1.000000e+00 0.000000e+00 0.000000e+00
    outer loop
      vertex   1.880642e+02 -9.949597e+01 -4.490000e+00
      vertex   1.880642e+02 -9.299363e+01 -4.490000e+00
      vertex   1.880642e+02 -9.949597e+01 -5.490000e+00
    endloop
  endfacet
  facet normal -1.000000e+00 0.000000e+00 0.000000e+00
    outer loop
      vertex   1.880642e+02 -9.949597e+01 -5.490000e+00
      vertex   1.880642e+02 -9.299363e+01 -4.490000e+00
      vertex   1.880642e+02 -9.299363e+01 -5.490000e+00
    endloop
  endfacet
  facet normal -0.000000e+00 1.000000e+00 0.000000e+00
    outer loop
      vertex   1.832640e+02 -9.949597e+01 -4.490000e+00
      vertex   1.880642e+02 -9.949597e+01 -4.490000e+00
      vertex   1.832640e+02 -9.949597e+01 -5.490000e+00
    endloop
  endfacet
  facet normal 0.000000e+00 1.000000e+00 0.000000e+00
    outer loop
      vertex   1.832640e+02 -9.949597e+01 -5.490000e+00
      vertex   1.880642e+02 -9.949597e+01 -4.490000e+00
      vertex   1.880642e+02 -9.949597e+01 -5.490000e+00
    endloop
  endfacet
  facet normal 9.914449e-01 1.305262e-01 -0.000000e+00
    outer loop
      vertex   1.820140e+02 -9.824597e+01 -5.490000e+00
      vertex   1.820140e+02 -9.824597e+01 -4.490000e+00
      vertex   1.820566e+02 -9.856949e+01 -5.490000e+00
    endloop
  endfacet
  facet normal 9.914449e-01 1.305262e-01 -0.000000e+00
    outer loop
      vertex   1.820566e+02 -9.856949e+01 -5.490000e+00
      vertex   1.820140e+02 -9.824597e+01 -4.490000e+00
      vertex   1.820566e+02 -9.856949e+01 -4.490000e+00
    endloop
  endfacet
  facet normal 9.238795e-01 3.826834e-01 -0.000000e+00
    outer loop
      vertex   1.820566e+02 -9.856949e+01 -5.490000e+00
      vertex   1.820566e+02 -9.856949e+01 -4.490000e+00
      vertex   1.821815e+02 -9.887097e+01 -5.490000e+00
    endloop
  endfacet
  facet normal 9.238795e-01 3.826834e-01 -0.000000e+00
    outer loop
      vertex   1.821815e+02 -9.887097e+01 -5.490000e+00
      vertex   1.820566e+02 -9.856949e+01 -4.490000e+00
      vertex   1.821815e+02 -9.887097e+01 -4.490000e+00
    endloop
  endfacet
  facet normal 7.933533e-01 6.087614e-01 -0.000000e+00
    outer loop
      vertex   1.821815e+02 -9.887097e+01 -5.490000e+00
      vertex   1.821815e+02 -9.887097e+01 -4.490000e+00
      vertex   1.823801e+02 -9.912985e+01 -5.490000e+00
    endloop
  endfacet
  facet normal 7.933533e-01 6.087614e-01 -0.000000e+00
    outer loop
      vertex   1.823801e+02 -9.912985e+01 -5.490000e+00
      vertex   1.821815e+02 -9.887097e+01 -4.490000e+00
      vertex   1.823801e+02 -9.912985e+01 -4.490000e+00
    endloop
  endfacet
  facet normal 6.087614e-01 7.933533e-01 -0.000000e+00
    outer loop
      vertex   1.823801e+02 -9.912985e+01 -5.490000e+00
      vertex   1.823801e+02 -9.912985e+01 -4.490000e+00
      vertex   1.826390e+02 -9.932850e+01 -5.490000e+00
    endloop
  endfacet
  facet normal 6.087614e-01 7.933533e-01 -0.000000e+00
    outer loop
      vertex   1.826390e+02 -9.932850e+01 -5.490000e+00
      vertex   1.823801e+02 -9.912985e+01 -4.490000e+00
      vertex   1.826390e+02 -9.932850e+01 -4.490000e+00
    endloop
  endfacet
  facet normal 3.826834e-01 9.238795e-01 -0.000000e+00
    outer loop
      vertex   1.826390e+02 -9.932850e+01 -5.490000e+00
      vertex   1.826390e+02 -9.932850e+01 -4.490000e+00
      vertex   1.829405e+02 -9.945337e+01 -5.490000e+00
    endloop
  endfacet
  facet normal 3.826834e-01 9.238795e-01 -0.000000e+00
    outer loop
      vertex   1.829405e+02 -9.945337e+01 -5.490000e+00
      vertex   1.826390e+02 -9.932850e+01 -4.490000e+00
      vertex   1.829405e+02 -9.945337e+01 -4.490000e+00
    endloop
  endfacet
  facet normal 1.305262e-01 9.914449e-01 -0.000000e+00
    outer loop
      vertex   1.829405e+02 -9.945337e+01 -5.490000e+00
      vertex   1.829405e+02 -9.945337e+01 -4.490000e+00
      vertex   1.832640e+02 -9.949597e+01 -5.490000e+00
    endloop
  endfacet
  facet normal 1.305262e-01 9.914449e-01 -0.000000e+00
    outer loop
      vertex   1.832640e+02 -9.949597e+01 -5.490000e+00
      vertex   1.829405e+02 -9.945337e+01 -4.490000e+00
      vertex   1.832640e+02 -9.949597e+01 -4.490000e+00
    endloop
  endfacet
  facet normal -0.000000e+00 -0.000000e+00 1.000000e+00
    outer loop
      vertex   1.820566e+02 -9.856949e+01 -5.490000e+00
      vertex   1.821815e+02 -9.887097e+01 -5.490000e+00
      vertex   1.820140e+02 -9.824597e+01 -5.490000e+00
    endloop
  endfacet
  facet normal 0.000000e+00 0.000000e+00 1.000000e+00
    outer loop
      vertex   1.820140e+02 -9.824597e+01 -5.490000e+00
      vertex   1.821815e+02 -9.887097e+01 -5.490000e+00
      vertex   1.823801e+02 -9.912985e+01 -5.490000e+00
    endloop
  endfacet
  facet normal 0.000000e+00 0.000000e+00 1.000000e+00
    outer loop
      vertex   1.820140e+02 -9.824597e+01 -5.490000e+00
      vertex   1.823801e+02 -9.912985e+01 -5.490000e+00
      vertex   1.826390e+02 -9.932850e+01 -5.490000e+00
    endloop
  endfacet
  facet normal -0.000000e+00 -0.000000e+00 1.000000e+00
    outer loop
      vertex   1.826390e+02 -9.932850e+01 -5.490000e+00
      vertex   1.829405e+02 -9.945337e+01 -5.490000e+00
      vertex   1.820140e+02 -9.824597e+01 -5.490000e+00
    endloop
  endfacet
  facet normal 0.000000e+00 0.000000e+00 1.000000e+00
    outer loop
      vertex   1.820140e+02 -9.824597e+01 -5.490000e+00
      vertex   1.829405e+02 -9.945337e+01 -5.490000e+00
      vertex   1.832640e+02 -9.949597e+01 -5.490000e+00
    endloop
  endfacet
  facet normal -0.000000e+00 0.000000e+00 1.000000e+00
    outer loop
      vertex   1.820140e+02 -9.824597e+01 -5.490000e+00
      vertex   1.832640e+02 -9.949597e+01 -5.490000e+00
      vertex   1.820140e+02 -9.424363e+01 -5.490000e+00
    endloop
  endfacet
  facet normal -0.000000e+00 0.000000e+00 1.000000e+00
    outer loop
      vertex   1.820140e+02 -9.424363e+01 -5.490000e+00
      vertex   1.832640e+02 -9.949597e+01 -5.490000e+00
      vertex   1.832640e+02 -9.299363e+01 -5.490000e+00
    endloop
  endfacet
  facet normal 0.000000e+00 0.000000e+00 1.000000e+00
    outer loop
      vertex   1.820140e+02 -9.424363e+01 -5.490000e+00
      vertex   1.832640e+02 -9.299363e+01 -5.490000e+00
      vertex   1.829405e+02 -9.303622e+01 -5.490000e+00
    endloop
  endfacet
  facet normal -3.700589e-16 0.000000e+00 1.000000e+00
    outer loop
      vertex   1.880642e+02 -9.949597e+01 -5.490000e+00
      vertex   1.880642e+02 -9.299363e+01 -5.490000e+00
      vertex   1.832640e+02 -9.949597e+01 -5.490000e+00
    endloop
  endfacet
  facet normal -3.700589e-16 -3.235054e-30 1.000000e+00
    outer loop
      vertex   1.832640e+02 -9.949597e+01 -5.490000e+00
      vertex   1.880642e+02 -9.299363e+01 -5.490000e+00
      vertex   1.832640e+02 -9.299363e+01 -5.490000e+00
    endloop
  endfacet
  facet normal 0.000000e+00 0.000000e+00 1.000000e+00
    outer loop
      vertex   1.829405e+02 -9.303622e+01 -5.490000e+00
      vertex   1.826390e+02 -9.316110e+01 -5.490000e+00
      vertex   1.820140e+02 -9.424363e+01 -5.490000e+00
    endloop
  endfacet
  facet normal 0.000000e+00 0.000000e+00 1.000000e+00
    outer loop
      vertex   1.820140e+02 -9.424363e+01 -5.490000e+00
      vertex   1.826390e+02 -9.316110e+01 -5.490000e+00
      vertex   1.823801e+02 -9.335975e+01 -5.490000e+00
    endloop
  endfacet
  facet normal 0.000000e+00 0.000000e+00 1.000000e+00
    outer loop
      vertex   1.820140e+02 -9.424363e+01 -5.490000e+00
      vertex   1.823801e+02 -9.335975e+01 -5.490000e+00
      vertex   1.821815e+02 -9.361863e+01 -5.490000e+00
    endloop
  endfacet
  facet normal 0.000000e+00 0.000000e+00 1.000000e+00
    outer loop
      vertex   1.821815e+02 -9.361863e+01 -5.490000e+00
      vertex   1.820566e+02 -9.392011e+01 -5.490000e+00
      vertex   1.820140e+02 -9.424363e+01 -5.490000e+00
    endloop
  endfacet
  facet normal 9.914449e-01 1.305262e-01 0.000000e+00
    outer loop
      vertex   8.212227e+01 -1.076165e+02 -4.490000e+00
      vertex   8.212227e+01 -1.076165e+02 -5.990000e+00
      vertex   8.208479e+01 -1.073318e+02 -4.490000e+00
    endloop
  endfacet
  facet normal 9.914449e-01 1.305262e-01 0.000000e+00
    outer loop
      vertex   8.208479e+01 -1.073318e+02 -4.490000e+00
      vertex   8.212227e+01 -1.076165e+02 -5.990000e+00
      vertex   8.208479e+01 -1.073318e+02 -5.990000e+00
    endloop
  endfacet
  facet normal 9.914449e-01 -1.305262e-01 0.000000e+00
    outer loop
      vertex   8.208479e+01 -1.073318e+02 -4.490000e+00
      vertex   8.208479e+01 -1.073318e+02 -5.990000e+00
      vertex   8.212227e+01 -1.070471e+02 -4.490000e+00
    endloop
  endfacet
  facet normal 9.914449e-01 -1.305262e-01 0.000000e+00
    outer loop
      vertex   8.212227e+01 -1.070471e+02 -4.490000e+00
      vertex   8.208479e+01 -1.073318e+02 -5.990000e+00
      vertex   8.212227e+01 -1.070471e+02 -5.990000e+00
    endloop
  endfacet
  facet normal 9.238795e-01 -3.826834e-01 0.000000e+00
    outer loop
      vertex   8.212227e+01 -1.070471e+02 -4.490000e+00
      vertex   8.212227e+01 -1.070471e+02 -5.990000e+00
      vertex   8.223216e+01 -1.067818e+02 -4.490000e+00
    endloop
  endfacet
  facet normal 9.238795e-01 -3.826834e-01 0.000000e+00
    outer loop
      vertex   8.223216e+01 -1.067818e+02 -4.490000e+00
      vertex   8.212227e+01 -1.070471e+02 -5.990000e+00
      vertex   8.223216e+01 -1.067818e+02 -5.990000e+00
    endloop
  endfacet
  facet normal 7.933533e-01 -6.087614e-01 0.000000e+00
    outer loop
      vertex   8.223216e+01 -1.067818e+02 -4.490000e+00
      vertex   8.223216e+01 -1.067818e+02 -5.990000e+00
      vertex   8.240697e+01 -1.065540e+02 -4.490000e+00
    endloop
  endfacet
  facet normal 7.933533e-01 -6.087614e-01 0.000000e+00
    outer loop
      vertex   8.240697e+01 -1.065540e+02 -4.490000e+00
      vertex   8.223216e+01 -1.067818e+02 -5.990000e+00
      vertex   8.240697e+01 -1.065540e+02 -5.990000e+00
    endloop
  endfacet
  facet normal 6.087614e-01 -7.933533e-01 0.000000e+00
    outer loop
      vertex   8.240697e+01 -1.065540e+02 -4.490000e+00
      vertex   8.240697e+01 -1.065540e+02 -5.990000e+00
      vertex   8.263479e+01 -1.063792e+02 -4.490000e+00
    endloop
  endfacet
  facet normal 6.087614e-01 -7.933533e-01 0.000000e+00
    outer loop
      vertex   8.263479e+01 -1.063792e+02 -4.490000e+00
      vertex   8.240697e+01 -1.065540e+02 -5.990000e+00
      vertex   8.263479e+01 -1.063792e+02 -5.990000e+00
    endloop
  endfacet
  facet normal 3.826834e-01 -9.238795e-01 0.000000e+00
    outer loop
      vertex   8.263479e+01 -1.063792e+02 -4.490000e+00
      vertex   8.263479e+01 -1.063792e+02 -5.990000e+00
      vertex   8.290009e+01 -1.062693e+02 -4.490000e+00
    endloop
  endfacet
  facet normal 3.826834e-01 -9.238795e-01 0.000000e+00
    outer loop
      vertex   8.290009e+01 -1.062693e+02 -4.490000e+00
      vertex   8.263479e+01 -1.063792e+02 -5.990000e+00
      vertex   8.290009e+01 -1.062693e+02 -5.990000e+00
    endloop
  endfacet
  facet normal 1.305262e-01 -9.914449e-01 0.000000e+00
    outer loop
      vertex   8.290009e+01 -1.062693e+02 -4.490000e+00
      vertex   8.290009e+01 -1.062693e+02 -5.990000e+00
      vertex   8.318479e+01 -1.062318e+02 -4.490000e+00
    endloop
  endfacet
  facet normal 1.305262e-01 -9.914449e-01 0.000000e+00
    outer loop
      vertex   8.318479e+01 -1.062318e+02 -4.490000e+00
      vertex   8.290009e+01 -1.062693e+02 -5.990000e+00
      vertex   8.318479e+01 -1.062318e+02 -5.990000e+00
    endloop
  endfacet
  facet normal -1.305262e-01 -9.914449e-01 -0.000000e+00
    outer loop
      vertex   8.318479e+01 -1.062318e+02 -4.490000e+00
      vertex   8.318479e+01 -1.062318e+02 -5.990000e+00
      vertex   8.346949e+01 -1.062693e+02 -4.490000e+00
    endloop
  endfacet
  facet normal -1.305262e-01 -9.914449e-01 -0.000000e+00
    outer loop
      vertex   8.346949e+01 -1.062693e+02 -4.490000e+00
      vertex   8.318479e+01 -1.062318e+02 -5.990000e+00
      vertex   8.346949e+01 -1.062693e+02 -5.990000e+00
    endloop
  endfacet
  facet normal -3.826834e-01 -9.238795e-01 -0.000000e+00
    outer loop
      vertex   8.346949e+01 -1.062693e+02 -4.490000e+00
      vertex   8.346949e+01 -1.062693e+02 -5.990000e+00
      vertex   8.373479e+01 -1.063792e+02 -4.490000e+00
    endloop
  endfacet
  facet normal -3.826834e-01 -9.238795e-01 -0.000000e+00
    outer loop
      vertex   8.373479e+01 -1.063792e+02 -4.490000e+00
      vertex   8.346949e+01 -1.062693e+02 -5.990000e+00
      vertex   8.373479e+01 -1.063792e+02 -5.990000e+00
    endloop
  endfacet
  facet normal -6.087614e-01 -7.933533e-01 -0.000000e+00
    outer loop
      vertex   8.373479e+01 -1.063792e+02 -4.490000e+00
      vertex   8.373479e+01 -1.063792e+02 -5.990000e+00
      vertex   8.396261e+01 -1.065540e+02 -4.490000e+00
    endloop
  endfacet
  facet normal -6.087614e-01 -7.933533e-01 -0.000000e+00
    outer loop
      vertex   8.396261e+01 -1.065540e+02 -4.490000e+00
      vertex   8.373479e+01 -1.063792e+02 -5.990000e+00
      vertex   8.396261e+01 -1.065540e+02 -5.990000e+00
    endloop
  endfacet
  facet normal -7.933533e-01 -6.087614e-01 -0.000000e+00
    outer loop
      vertex   8.396261e+01 -1.065540e+02 -4.490000e+00
      vertex   8.396261e+01 -1.065540e+02 -5.990000e+00
      vertex   8.413742e+01 -1.067818e+02 -4.490000e+00
    endloop
  endfacet
  facet normal -7.933533e-01 -6.087614e-01 -0.000000e+00
    outer loop
      vertex   8.413742e+01 -1.067818e+02 -4.490000e+00
      vertex   8.396261e+01 -1.065540e+02 -5.990000e+00
      vertex   8.413742e+01 -1.067818e+02 -5.990000e+00
    endloop
  endfacet
  facet normal -9.238795e-01 -3.826834e-01 -0.000000e+00
    outer loop
      vertex   8.413742e+01 -1.067818e+02 -4.490000e+00
      vertex   8.413742e+01 -1.067818e+02 -5.990000e+00
      vertex   8.424731e+01 -1.070471e+02 -4.490000e+00
    endloop
  endfacet
  facet normal -9.238795e-01 -3.826834e-01 -0.000000e+00
    outer loop
      vertex   8.424731e+01 -1.070471e+02 -4.490000e+00
      vertex   8.413742e+01 -1.067818e+02 -5.990000e+00
      vertex   8.424731e+01 -1.070471e+02 -5.990000e+00
    endloop
  endfacet
  facet normal -9.914449e-01 -1.305262e-01 -0.000000e+00
    outer loop
      vertex   8.424731e+01 -1.070471e+02 -4.490000e+00
      vertex   8.424731e+01 -1.070471e+02 -5.990000e+00
      vertex   8.428479e+01 -1.073318e+02 -4.490000e+00
    endloop
  endfacet
  facet normal -9.914449e-01 -1.305262e-01 -0.000000e+00
    outer loop
      vertex   8.428479e+01 -1.073318e+02 -4.490000e+00
      vertex   8.424731e+01 -1.070471e+02 -5.990000e+00
      vertex   8.428479e+01 -1.073318e+02 -5.990000e+00
    endloop
  endfacet
  facet normal -9.914449e-01 1.305262e-01 0.000000e+00
    outer loop
      vertex   8.428479e+01 -1.073318e+02 -4.490000e+00
      vertex   8.428479e+01 -1.073318e+02 -5.990000e+00
      vertex   8.424731e+01 -1.076165e+02 -4.490000e+00
    endloop
  endfacet
  facet normal -9.914449e-01 1.305262e-01 0.000000e+00
    outer loop
      vertex   8.424731e+01 -1.076165e+02 -4.490000e+00
      vertex   8.428479e+01 -1.073318e+02 -5.990000e+00
      vertex   8.424731e+01 -1.076165e+02 -5.990000e+00
    endloop
  endfacet
  facet normal -9.238795e-01 3.826834e-01 0.000000e+00
    outer loop
      vertex   8.424731e+01 -1.076165e+02 -4.490000e+00
      vertex   8.424731e+01 -1.076165e+02 -5.990000e+00
      vertex   8.413742e+01 -1.078818e+02 -4.490000e+00
    endloop
  endfacet
  facet normal -9.238795e-01 3.826834e-01 0.000000e+00
    outer loop
      vertex   8.413742e+01 -1.078818e+02 -4.490000e+00
      vertex   8.424731e+01 -1.076165e+02 -5.990000e+00
      vertex   8.413742e+01 -1.078818e+02 -5.990000e+00
    endloop
  endfacet
  facet normal -7.933533e-01 6.087614e-01 0.000000e+00
    outer loop
      vertex   8.413742e+01 -1.078818e+02 -4.490000e+00
      vertex   8.413742e+01 -1.078818e+02 -5.990000e+00
      vertex   8.396261e+01 -1.081096e+02 -4.490000e+00
    endloop
  endfacet
  facet normal -7.933533e-01 6.087614e-01 0.000000e+00
    outer loop
      vertex   8.396261e+01 -1.081096e+02 -4.490000e+00
      vertex   8.413742e+01 -1.078818e+02 -5.990000e+00
      vertex   8.396261e+01 -1.081096e+02 -5.990000e+00
    endloop
  endfacet
  facet normal -6.087614e-01 7.933533e-01 0.000000e+00
    outer loop
      vertex   8.396261e+01 -1.081096e+02 -4.490000e+00
      vertex   8.396261e+01 -1.081096e+02 -5.990000e+00
      vertex   8.373479e+01 -1.082844e+02 -4.490000e+00
    endloop
  endfacet
  facet normal -6.087614e-01 7.933533e-01 0.000000e+00
    outer loop
      vertex   8.373479e+01 -1.082844e+02 -4.490000e+00
      vertex   8.396261e+01 -1.081096e+02 -5.990000e+00
      vertex   8.373479e+01 -1.082844e+02 -5.990000e+00
    endloop
  endfacet
  facet normal -3.826834e-01 9.238795e-01 0.000000e+00
    outer loop
      vertex   8.373479e+01 -1.082844e+02 -4.490000e+00
      vertex   8.373479e+01 -1.082844e+02 -5.990000e+00
      vertex   8.346949e+01 -1.083943e+02 -4.490000e+00
    endloop
  endfacet
  facet normal -3.826834e-01 9.238795e-01 0.000000e+00
    outer loop
      vertex   8.346949e+01 -1.083943e+02 -4.490000e+00
      vertex   8.373479e+01 -1.082844e+02 -5.990000e+00
      vertex   8.346949e+01 -1.083943e+02 -5.990000e+00
    endloop
  endfacet
  facet normal -1.305262e-01 9.914449e-01 0.000000e+00
    outer loop
      vertex   8.346949e+01 -1.083943e+02 -4.490000e+00
      vertex   8.346949e+01 -1.083943e+02 -5.990000e+00
      vertex   8.318479e+01 -1.084318e+02 -4.490000e+00
    endloop
  endfacet
  facet normal -1.305262e-01 9.914449e-01 0.000000e+00
    outer loop
      vertex   8.318479e+01 -1.084318e+02 -4.490000e+00
      vertex   8.346949e+01 -1.083943e+02 -5.990000e+00
      vertex   8.318479e+01 -1.084318e+02 -5.990000e+00
    endloop
  endfacet
  facet normal 1.305262e-01 9.914449e-01 0.000000e+00
    outer loop
      vertex   8.318479e+01 -1.084318e+02 -4.490000e+00
      vertex   8.318479e+01 -1.084318e+02 -5.990000e+00
      vertex   8.290009e+01 -1.083943e+02 -4.490000e+00
    endloop
  endfacet
  facet normal 1.305262e-01 9.914449e-01 0.000000e+00
    outer loop
      vertex   8.290009e+01 -1.083943e+02 -4.490000e+00
      vertex   8.318479e+01 -1.084318e+02 -5.990000e+00
      vertex   8.290009e+01 -1.083943e+02 -5.990000e+00
    endloop
  endfacet
  facet normal 3.826834e-01 9.238795e-01 0.000000e+00
    outer loop
      vertex   8.290009e+01 -1.083943e+02 -4.490000e+00
      vertex   8.290009e+01 -1.083943e+02 -5.990000e+00
      vertex   8.263479e+01 -1.082844e+02 -4.490000e+00
    endloop
  endfacet
  facet normal 3.826834e-01 9.238795e-01 0.000000e+00
    outer loop
      vertex   8.263479e+01 -1.082844e+02 -4.490000e+00
      vertex   8.290009e+01 -1.083943e+02 -5.990000e+00
      vertex   8.263479e+01 -1.082844e+02 -5.990000e+00
    endloop
  endfacet
  facet normal 6.087614e-01 7.933533e-01 0.000000e+00
    outer loop
      vertex   8.263479e+01 -1.082844e+02 -4.490000e+00
      vertex   8.263479e+01 -1.082844e+02 -5.990000e+00
      vertex   8.240697e+01 -1.081096e+02 -4.490000e+00
    endloop
  endfacet
  facet normal 6.087614e-01 7.933533e-01 0.000000e+00
    outer loop
      vertex   8.240697e+01 -1.081096e+02 -4.490000e+00
      vertex   8.263479e+01 -1.082844e+02 -5.990000e+00
      vertex   8.240697e+01 -1.081096e+02 -5.990000e+00
    endloop
  endfacet
  facet normal 7.933533e-01 6.087614e-01 0.000000e+00
    outer loop
      vertex   8.240697e+01 -1.081096e+02 -4.490000e+00
      vertex   8.240697e+01 -1.081096e+02 -5.990000e+00
      vertex   8.223216e+01 -1.078818e+02 -4.490000e+00
    endloop
  endfacet
  facet normal 7.933533e-01 6.087614e-01 0.000000e+00
    outer loop
      vertex   8.223216e+01 -1.078818e+02 -4.490000e+00
      vertex   8.240697e+01 -1.081096e+02 -5.990000e+00
      vertex   8.223216e+01 -1.078818e+02 -5.990000e+00
    endloop
  endfacet
  facet normal 9.238795e-01 3.826834e-01 0.000000e+00
    outer loop
      vertex   8.223216e+01 -1.078818e+02 -4.490000e+00
      vertex   8.223216e+01 -1.078818e+02 -5.990000e+00
      vertex   8.212227e+01 -1.076165e+02 -4.490000e+00
    endloop
  endfacet
  facet normal 9.238795e-01 3.826834e-01 0.000000e+00
    outer loop
      vertex   8.212227e+01 -1.076165e+02 -4.490000e+00
      vertex   8.223216e+01 -1.078818e+02 -5.990000e+00
      vertex   8.212227e+01 -1.076165e+02 -5.990000e+00
    endloop
  endfacet
  facet normal 1.305262e-01 -9.914449e-01 0.000000e+00
    outer loop
      vertex   1.836549e+02 -6.746760e+01 -4.490000e+00
      vertex   1.836549e+02 -6.746760e+01 -5.990000e+00
      vertex   1.837843e+02 -6.745056e+01 -4.490000e+00
    endloop
  endfacet
  facet normal 1.305262e-01 -9.914449e-01 0.000000e+00
    outer loop
      vertex   1.837843e+02 -6.745056e+01 -4.490000e+00
      vertex   1.836549e+02 -6.746760e+01 -5.990000e+00
      vertex   1.837843e+02 -6.745056e+01 -5.990000e+00
    endloop
  endfacet
  facet normal 3.826834e-01 -9.238795e-01 0.000000e+00
    outer loop
      vertex   1.837843e+02 -6.745056e+01 -4.490000e+00
      vertex   1.837843e+02 -6.745056e+01 -5.990000e+00
      vertex   1.839049e+02 -6.740061e+01 -4.490000e+00
    endloop
  endfacet
  facet normal 3.826834e-01 -9.238795e-01 0.000000e+00
    outer loop
      vertex   1.839049e+02 -6.740061e+01 -4.490000e+00
      vertex   1.837843e+02 -6.745056e+01 -5.990000e+00
      vertex   1.839049e+02 -6.740061e+01 -5.990000e+00
    endloop
  endfacet
  facet normal 6.087614e-01 -7.933533e-01 0.000000e+00
    outer loop
      vertex   1.839049e+02 -6.740061e+01 -4.490000e+00
      vertex   1.839049e+02 -6.740061e+01 -5.990000e+00
      vertex   1.840084e+02 -6.732115e+01 -4.490000e+00
    endloop
  endfacet
  facet normal 6.087614e-01 -7.933533e-01 0.000000e+00
    outer loop
      vertex   1.840084e+02 -6.732115e+01 -4.490000e+00
      vertex   1.839049e+02 -6.740061e+01 -5.990000e+00
      vertex   1.840084e+02 -6.732115e+01 -5.990000e+00
    endloop
  endfacet
  facet normal 7.933533e-01 -6.087614e-01 0.000000e+00
    outer loop
      vertex   1.840084e+02 -6.732115e+01 -4.490000e+00
      vertex   1.840084e+02 -6.732115e+01 -5.990000e+00
      vertex   1.840879e+02 -6.721760e+01 -4.490000e+00
    endloop
  endfacet
  facet normal 7.933533e-01 -6.087614e-01 0.000000e+00
    outer loop
      vertex   1.840879e+02 -6.721760e+01 -4.490000e+00
      vertex   1.840084e+02 -6.732115e+01 -5.990000e+00
      vertex   1.840879e+02 -6.721760e+01 -5.990000e+00
    endloop
  endfacet
  facet normal 9.238795e-01 -3.826834e-01 0.000000e+00
    outer loop
      vertex   1.840879e+02 -6.721760e+01 -4.490000e+00
      vertex   1.840879e+02 -6.721760e+01 -5.990000e+00
      vertex   1.841378e+02 -6.709701e+01 -4.490000e+00
    endloop
  endfacet
  facet normal 9.238795e-01 -3.826834e-01 0.000000e+00
    outer loop
      vertex   1.841378e+02 -6.709701e+01 -4.490000e+00
      vertex   1.840879e+02 -6.721760e+01 -5.990000e+00
      vertex   1.841378e+02 -6.709701e+01 -5.990000e+00
    endloop
  endfacet
  facet normal 9.914449e-01 -1.305262e-01 0.000000e+00
    outer loop
      vertex   1.841378e+02 -6.709701e+01 -4.490000e+00
      vertex   1.841378e+02 -6.709701e+01 -5.990000e+00
      vertex   1.841549e+02 -6.696760e+01 -4.490000e+00
    endloop
  endfacet
  facet normal 9.914449e-01 -1.305262e-01 0.000000e+00
    outer loop
      vertex   1.841549e+02 -6.696760e+01 -4.490000e+00
      vertex   1.841378e+02 -6.709701e+01 -5.990000e+00
      vertex   1.841549e+02 -6.696760e+01 -5.990000e+00
    endloop
  endfacet
  facet normal -6.529641e-17 -8.596435e-18 1.000000e+00
    outer loop
      vertex   1.484634e+02 -1.485175e+02 -4.490000e+00
      vertex   1.484259e+02 -1.482328e+02 -4.490000e+00
      vertex   1.333392e+02 -1.369570e+02 -4.490000e+00
    endloop
  endfacet
  facet normal -5.359761e-17 7.056259e-18 1.000000e+00
    outer loop
      vertex   1.333392e+02 -1.369570e+02 -4.490000e+00
      vertex   1.484259e+02 -1.482328e+02 -4.490000e+00
      vertex   1.484634e+02 -1.479481e+02 -4.490000e+00
    endloop
  endfacet
  facet normal -4.513814e-17 1.869683e-17 1.000000e+00
    outer loop
      vertex   1.333392e+02 -1.369570e+02 -4.490000e+00
      vertex   1.484634e+02 -1.479481e+02 -4.490000e+00
      vertex   1.485733e+02 -1.476828e+02 -4.490000e+00
    endloop
  endfacet
  facet normal -3.785230e-17 2.904509e-17 1.000000e+00
    outer loop
      vertex   1.485733e+02 -1.476828e+02 -4.490000e+00
      vertex   1.487481e+02 -1.474550e+02 -4.490000e+00
      vertex   1.333392e+02 -1.369570e+02 -4.490000e+00
    endloop
  endfacet
  facet normal -6.344132e-17 -8.514404e-18 1.000000e+00
    outer loop
      vertex   1.333392e+02 -1.369570e+02 -4.490000e+00
      vertex   1.487481e+02 -1.474550e+02 -4.490000e+00
      vertex   1.473392e+02 -1.369570e+02 -4.490000e+00
    endloop
  endfacet
  facet normal 0.000000e+00 0.000000e+00 1.000000e+00
    outer loop
      vertex   1.473392e+02 -1.369570e+02 -4.490000e+00
      vertex   1.487481e+02 -1.474550e+02 -4.490000e+00
      vertex   1.489759e+02 -1.472802e+02 -4.490000e+00
    endloop
  endfacet
  facet normal -2.067798e-16 -3.278500e-17 1.000000e+00
    outer loop
      vertex   1.473392e+02 -1.369570e+02 -4.490000e+00
      vertex   1.489759e+02 -1.472802e+02 -4.490000e+00
      vertex   1.523896e+02 -1.417196e+02 -4.490000e+00
    endloop
  endfacet
  facet normal 8.872220e-17 -2.141943e-16 1.000000e+00
    outer loop
      vertex   1.523896e+02 -1.417196e+02 -4.490000e+00
      vertex   1.489759e+02 -1.472802e+02 -4.490000e+00
      vertex   1.492412e+02 -1.471703e+02 -4.490000e+00
    endloop
  endfacet
  facet normal 2.321807e-17 -1.763587e-16 1.000000e+00
    outer loop
      vertex   1.523896e+02 -1.417196e+02 -4.490000e+00
      vertex   1.492412e+02 -1.471703e+02 -4.490000e+00
      vertex   1.495259e+02 -1.471328e+02 -4.490000e+00
    endloop
  endfacet
  facet normal -2.019456e-17 -1.533929e-16 1.000000e+00
    outer loop
      vertex   1.495259e+02 -1.471328e+02 -4.490000e+00
      vertex   1.498106e+02 -1.471703e+02 -4.490000e+00
      vertex   1.523896e+02 -1.417196e+02 -4.490000e+00
    endloop
  endfacet
  facet normal -5.643496e-17 -1.362460e-16 1.000000e+00
    outer loop
      vertex   1.523896e+02 -1.417196e+02 -4.490000e+00
      vertex   1.498106e+02 -1.471703e+02 -4.490000e+00
      vertex   1.500759e+02 -1.472802e+02 -4.490000e+00
    endloop
  endfacet
  facet normal -9.290231e-17 -1.210727e-16 1.000000e+00
    outer loop
      vertex   1.523896e+02 -1.417196e+02 -4.490000e+00
      vertex   1.500759e+02 -1.472802e+02 -4.490000e+00
      vertex   1.503038e+02 -1.474550e+02 -4.490000e+00
    endloop
  endfacet
  facet normal -1.369217e-16 -1.050637e-16 1.000000e+00
    outer loop
      vertex   1.503038e+02 -1.474550e+02 -4.490000e+00
      vertex   1.504786e+02 -1.476828e+02 -4.490000e+00
      vertex   1.523896e+02 -1.417196e+02 -4.490000e+00
    endloop
  endfacet
  facet normal -2.027309e-16 -8.397391e-17 1.000000e+00
    outer loop
      vertex   1.523896e+02 -1.417196e+02 -4.490000e+00
      vertex   1.504786e+02 -1.476828e+02 -4.490000e+00
      vertex   1.505885e+02 -1.479481e+02 -4.490000e+00
    endloop
  endfacet
  facet normal -1.905270e-16 -8.750298e-17 1.000000e+00
    outer loop
      vertex   1.523896e+02 -1.417196e+02 -4.490000e+00
      vertex   1.505885e+02 -1.479481e+02 -4.490000e+00
      vertex   1.660876e+02 -1.512448e+02 -4.490000e+00
    endloop
  endfacet
  facet normal -1.768678e-16 -2.328509e-17 1.000000e+00
    outer loop
      vertex   1.660876e+02 -1.512448e+02 -4.490000e+00
      vertex   1.505885e+02 -1.479481e+02 -4.490000e+00
      vertex   1.506259e+02 -1.482328e+02 -4.490000e+00
    endloop
  endfacet
  facet normal -1.680226e-16 2.212060e-17 1.000000e+00
    outer loop
      vertex   1.660876e+02 -1.512448e+02 -4.490000e+00
      vertex   1.506259e+02 -1.482328e+02 -4.490000e+00
      vertex   1.505885e+02 -1.485175e+02 -4.490000e+00
    endloop
  endfacet
  facet normal -1.602360e-16 6.637192e-17 1.000000e+00
    outer loop
      vertex   1.505885e+02 -1.485175e+02 -4.490000e+00
      vertex   1.504786e+02 -1.487828e+02 -4.490000e+00
      vertex   1.660876e+02 -1.512448e+02 -4.490000e+00
    endloop
  endfacet
  facet normal -1.608743e-16 6.232479e-17 1.000000e+00
    outer loop
      vertex   1.660876e+02 -1.512448e+02 -4.490000e+00
      vertex   1.504786e+02 -1.487828e+02 -4.490000e+00
      vertex   1.495248e+02 -1.512448e+02 -4.490000e+00
    endloop
  endfacet
  facet normal 0.000000e+00 0.000000e+00 1.000000e+00
    outer loop
      vertex   1.495248e+02 -1.512448e+02 -4.490000e+00
      vertex   1.504786e+02 -1.487828e+02 -4.490000e+00
      vertex   1.503038e+02 -1.490106e+02 -4.490000e+00
    endloop
  endfacet
  facet normal 0.000000e+00 0.000000e+00 1.000000e+00
    outer loop
      vertex   1.495248e+02 -1.512448e+02 -4.490000e+00
      vertex   1.503038e+02 -1.490106e+02 -4.490000e+00
      vertex   1.500759e+02 -1.491854e+02 -4.490000e+00
    endloop
  endfacet
  facet normal 0.000000e+00 0.000000e+00 1.000000e+00
    outer loop
      vertex   1.500759e+02 -1.491854e+02 -4.490000e+00
      vertex   1.498106e+02 -1.492953e+02 -4.490000e+00
      vertex   1.495248e+02 -1.512448e+02 -4.490000e+00
    endloop
  endfacet
  facet normal 0.000000e+00 0.000000e+00 1.000000e+00
    outer loop
      vertex   1.495248e+02 -1.512448e+02 -4.490000e+00
      vertex   1.498106e+02 -1.492953e+02 -4.490000e+00
      vertex   1.495259e+02 -1.493328e+02 -4.490000e+00
    endloop
  endfacet
  facet normal 0.000000e+00 -0.000000e+00 1.000000e+00
    outer loop
      vertex   1.495248e+02 -1.512448e+02 -4.490000e+00
      vertex   1.495259e+02 -1.493328e+02 -4.490000e+00
      vertex   1.493289e+02 -1.512384e+02 -4.490000e+00
    endloop
  endfacet
  facet normal 0.000000e+00 -0.000000e+00 1.000000e+00
    outer loop
      vertex   1.493289e+02 -1.512384e+02 -4.490000e+00
      vertex   1.495259e+02 -1.493328e+02 -4.490000e+00
      vertex   1.491340e+02 -1.512192e+02 -4.490000e+00
    endloop
  endfacet
  facet normal 0.000000e+00 -0.000000e+00 1.000000e+00
    outer loop
      vertex   1.491340e+02 -1.512192e+02 -4.490000e+00
      vertex   1.495259e+02 -1.493328e+02 -4.490000e+00
      vertex   1.489407e+02 -1.511874e+02 -4.490000e+00
    endloop
  endfacet
  facet normal 0.000000e+00 0.000000e+00 1.000000e+00
    outer loop
      vertex   1.489407e+02 -1.511874e+02 -4.490000e+00
      vertex   1.495259e+02 -1.493328e+02 -4.490000e+00
      vertex   1.492412e+02 -1.492953e+02 -4.490000e+00
    endloop
  endfacet
  facet normal 0.000000e+00 0.000000e+00 1.000000e+00
    outer loop
      vertex   1.489407e+02 -1.511874e+02 -4.490000e+00
      vertex   1.492412e+02 -1.492953e+02 -4.490000e+00
      vertex   1.489759e+02 -1.491854e+02 -4.490000e+00
    endloop
  endfacet
  facet normal 0.000000e+00 0.000000e+00 1.000000e+00
    outer loop
      vertex   1.489759e+02 -1.491854e+02 -4.490000e+00
      vertex   1.487481e+02 -1.490106e+02 -4.490000e+00
      vertex   1.489407e+02 -1.511874e+02 -4.490000e+00
    endloop
  endfacet
  facet normal 0.000000e+00 0.000000e+00 1.000000e+00
    outer loop
      vertex   1.489407e+02 -1.511874e+02 -4.490000e+00
      vertex   1.487481e+02 -1.490106e+02 -4.490000e+00
      vertex   1.485733e+02 -1.487828e+02 -4.490000e+00
    endloop
  endfacet
  facet normal 0.000000e+00 0.000000e+00 1.000000e+00
    outer loop
      vertex   1.489407e+02 -1.511874e+02 -4.490000e+00
      vertex   1.485733e+02 -1.487828e+02 -4.490000e+00
      vertex   1.484634e+02 -1.485175e+02 -4.490000e+00
    endloop
  endfacet
  facet normal -6.801922e-17 -1.215860e-17 1.000000e+00
    outer loop
      vertex   1.489407e+02 -1.511874e+02 -4.490000e+00
      vertex   1.484634e+02 -1.485175e+02 -4.490000e+00
      vertex   1.333392e+02 -1.369570e+02 -4.490000e+00
    endloop
  endfacet
  facet normal -1.039328e-16 -1.368302e-17 1.000000e+00
    outer loop
      vertex   1.297680e+02 -5.242158e+01 -4.490000e+00
      vertex   1.297305e+02 -5.213688e+01 -4.490000e+00
      vertex   1.207900e+02 -4.913819e+01 -4.490000e+00
    endloop
  endfacet
  facet normal -9.514224e-17 1.252571e-17 1.000000e+00
    outer loop
      vertex   1.207900e+02 -4.913819e+01 -4.490000e+00
      vertex   1.297305e+02 -5.213688e+01 -4.490000e+00
      vertex   1.297680e+02 -5.185218e+01 -4.490000e+00
    endloop
  endfacet
  facet normal -8.791985e-17 3.641759e-17 1.000000e+00
    outer loop
      vertex   1.207900e+02 -4.913819e+01 -4.490000e+00
      vertex   1.297680e+02 -5.185218e+01 -4.490000e+00
      vertex   1.298779e+02 -5.158688e+01 -4.490000e+00
    endloop
  endfacet
  facet normal -8.098789e-17 6.214419e-17 1.000000e+00
    outer loop
      vertex   1.298779e+02 -5.158688e+01 -4.490000e+00
      vertex   1.300527e+02 -5.135907e+01 -4.490000e+00
      vertex   1.207900e+02 -4.913819e+01 -4.490000e+00
    endloop
  endfacet
  facet normal -7.305919e-17 9.521259e-17 1.000000e+00
    outer loop
      vertex   1.207900e+02 -4.913819e+01 -4.490000e+00
      vertex   1.300527e+02 -5.135907e+01 -4.490000e+00
      vertex   1.302805e+02 -5.118426e+01 -4.490000e+00
    endloop
  endfacet
  facet normal -6.155028e-17 1.485955e-16 1.000000e+00
    outer loop
      vertex   1.207900e+02 -4.913819e+01 -4.490000e+00
      vertex   1.302805e+02 -5.118426e+01 -4.490000e+00
      vertex   1.305458e+02 -5.107437e+01 -4.490000e+00
    endloop
  endfacet
  facet normal -3.630774e-17 2.757847e-16 1.000000e+00
    outer loop
      vertex   1.305458e+02 -5.107437e+01 -4.490000e+00
      vertex   1.308305e+02 -5.103688e+01 -4.490000e+00
      vertex   1.207900e+02 -4.913819e+01 -4.490000e+00
    endloop
  endfacet
  facet normal -1.321912e-16 -2.312562e-16 1.000000e+00
    outer loop
      vertex   1.207900e+02 -4.913819e+01 -4.490000e+00
      vertex   1.308305e+02 -5.103688e+01 -4.490000e+00
      vertex   1.409421e+02 -4.913557e+01 -4.490000e+00
    endloop
  endfacet
  facet normal -7.234631e-17 -5.495248e-16 1.000000e+00
    outer loop
      vertex   1.409421e+02 -4.913557e+01 -4.490000e+00
      vertex   1.308305e+02 -5.103688e+01 -4.490000e+00
      vertex   1.311152e+02 -5.107437e+01 -4.490000e+00
    endloop
  endfacet
  facet normal -1.224434e-16 -2.956045e-16 1.000000e+00
    outer loop
      vertex   1.409421e+02 -4.913557e+01 -4.490000e+00
      vertex   1.311152e+02 -5.107437e+01 -4.490000e+00
      vertex   1.313805e+02 -5.118426e+01 -4.490000e+00
    endloop
  endfacet
  facet normal -1.452279e-16 -1.892647e-16 1.000000e+00
    outer loop
      vertex   1.313805e+02 -5.118426e+01 -4.490000e+00
      vertex   1.316083e+02 -5.135907e+01 -4.490000e+00
      vertex   1.409421e+02 -4.913557e+01 -4.490000e+00
    endloop
  endfacet
  facet normal -1.609027e-16 -1.234650e-16 1.000000e+00
    outer loop
      vertex   1.409421e+02 -4.913557e+01 -4.490000e+00
      vertex   1.316083e+02 -5.135907e+01 -4.490000e+00
      vertex   1.317831e+02 -5.158688e+01 -4.490000e+00
    endloop
  endfacet
  facet normal -1.745916e-16 -7.231822e-17 1.000000e+00
    outer loop
      vertex   1.409421e+02 -4.913557e+01 -4.490000e+00
      vertex   1.317831e+02 -5.158688e+01 -4.490000e+00
      vertex   1.318930e+02 -5.185218e+01 -4.490000e+00
    endloop
  endfacet
  facet normal -1.888386e-16 -2.486108e-17 1.000000e+00
    outer loop
      vertex   1.318930e+02 -5.185218e+01 -4.490000e+00
      vertex   1.319305e+02 -5.213688e+01 -4.490000e+00
      vertex   1.409421e+02 -4.913557e+01 -4.490000e+00
    endloop
  endfacet
  facet normal -2.061580e-16 2.714121e-17 1.000000e+00
    outer loop
      vertex   1.409421e+02 -4.913557e+01 -4.490000e+00
      vertex   1.319305e+02 -5.213688e+01 -4.490000e+00
      vertex   1.318930e+02 -5.242158e+01 -4.490000e+00
    endloop
  endfacet
  facet normal -1.844384e-16 -3.267072e-17 1.000000e+00
    outer loop
      vertex   1.409421e+02 -4.913557e+01 -4.490000e+00
      vertex   1.318930e+02 -5.242158e+01 -4.490000e+00
      vertex   1.378140e+02 -5.866190e+01 -4.490000e+00
    endloop
  endfacet
  facet normal -1.044204e-16 4.325235e-17 1.000000e+00
    outer loop
      vertex   1.378140e+02 -5.866190e+01 -4.490000e+00
      vertex   1.318930e+02 -5.242158e+01 -4.490000e+00
      vertex   1.317831e+02 -5.268688e+01 -4.490000e+00
    endloop
  endfacet
  facet normal -8.366688e-17 6.419986e-17 1.000000e+00
    outer loop
      vertex   1.378140e+02 -5.866190e+01 -4.490000e+00
      vertex   1.317831e+02 -5.268688e+01 -4.490000e+00
      vertex   1.316083e+02 -5.291470e+01 -4.490000e+00
    endloop
  endfacet
  facet normal -6.485154e-17 8.451617e-17 1.000000e+00
    outer loop
      vertex   1.316083e+02 -5.291470e+01 -4.490000e+00
      vertex   1.313805e+02 -5.308951e+01 -4.490000e+00
      vertex   1.378140e+02 -5.866190e+01 -4.490000e+00
    endloop
  endfacet
  facet normal -4.466256e-17 1.078249e-16 1.000000e+00
    outer loop
      vertex   1.378140e+02 -5.866190e+01 -4.490000e+00
      vertex   1.313805e+02 -5.308951e+01 -4.490000e+00
      vertex   1.311152e+02 -5.319940e+01 -4.490000e+00
    endloop
  endfacet
  facet normal -1.843054e-17 1.399939e-16 1.000000e+00
    outer loop
      vertex   1.378140e+02 -5.866190e+01 -4.490000e+00
      vertex   1.311152e+02 -5.319940e+01 -4.490000e+00
      vertex   1.308305e+02 -5.323688e+01 -4.490000e+00
    endloop
  endfacet
  facet normal -6.344132e-17 8.205262e-17 1.000000e+00
    outer loop
      vertex   1.378140e+02 -5.866190e+01 -4.490000e+00
      vertex   1.308305e+02 -5.323688e+01 -4.490000e+00
      vertex   1.238140e+02 -5.866190e+01 -4.490000e+00
    endloop
  endfacet
  facet normal 0.000000e+00 0.000000e+00 1.000000e+00
    outer loop
      vertex   1.238140e+02 -5.866190e+01 -4.490000e+00
      vertex   1.308305e+02 -5.323688e+01 -4.490000e+00
      vertex   1.305458e+02 -5.319940e+01 -4.490000e+00
    endloop
  endfacet
  facet normal 0.000000e+00 0.000000e+00 1.000000e+00
    outer loop
      vertex   1.238140e+02 -5.866190e+01 -4.490000e+00
      vertex   1.305458e+02 -5.319940e+01 -4.490000e+00
      vertex   1.302805e+02 -5.308951e+01 -4.490000e+00
    endloop
  endfacet
  facet normal 0.000000e+00 0.000000e+00 1.000000e+00
    outer loop
      vertex   1.302805e+02 -5.308951e+01 -4.490000e+00
      vertex   1.300527e+02 -5.291470e+01 -4.490000e+00
      vertex   1.238140e+02 -5.866190e+01 -4.490000e+00
    endloop
  endfacet
  facet normal 0.000000e+00 0.000000e+00 1.000000e+00
    outer loop
      vertex   1.238140e+02 -5.866190e+01 -4.490000e+00
      vertex   1.300527e+02 -5.291470e+01 -4.490000e+00
      vertex   1.298779e+02 -5.268688e+01 -4.490000e+00
    endloop
  endfacet
  facet normal 0.000000e+00 0.000000e+00 1.000000e+00
    outer loop
      vertex   1.238140e+02 -5.866190e+01 -4.490000e+00
      vertex   1.298779e+02 -5.268688e+01 -4.490000e+00
      vertex   1.297680e+02 -5.242158e+01 -4.490000e+00
    endloop
  endfacet
  facet normal -7.333826e-17 6.997332e-17 1.000000e+00
    outer loop
      vertex   1.238140e+02 -5.866190e+01 -4.490000e+00
      vertex   1.297680e+02 -5.242158e+01 -4.490000e+00
      vertex   1.207900e+02 -4.913819e+01 -4.490000e+00
    endloop
  endfacet
  facet normal -1.449702e-16 -1.908569e-17 1.000000e+00
    outer loop
      vertex   2.005705e+02 -1.689993e+02 -4.490000e+00
      vertex   2.005159e+02 -1.685852e+02 -4.490000e+00
      vertex   1.676584e+02 -1.516889e+02 -4.490000e+00
    endloop
  endfacet
  facet normal -1.265860e-16 1.666536e-17 1.000000e+00
    outer loop
      vertex   1.676584e+02 -1.516889e+02 -4.490000e+00
      vertex   2.005159e+02 -1.685852e+02 -4.490000e+00
      vertex   2.005705e+02 -1.681711e+02 -4.490000e+00
    endloop
  endfacet
  facet normal -1.117508e-16 4.628869e-17 1.000000e+00
    outer loop
      vertex   1.676584e+02 -1.516889e+02 -4.490000e+00
      vertex   2.005705e+02 -1.681711e+02 -4.490000e+00
      vertex   2.007303e+02 -1.677852e+02 -4.490000e+00
    endloop
  endfacet
  facet normal -1.415203e-16 -1.487673e-17 1.000000e+00
    outer loop
      vertex   1.676584e+02 -1.516889e+02 -4.490000e+00
      vertex   2.007303e+02 -1.677852e+02 -4.490000e+00
      vertex   1.924273e+02 -1.485026e+02 -4.490000e+00
    endloop
  endfacet
  facet normal -3.845083e-17 2.950436e-17 1.000000e+00
    outer loop
      vertex   1.924273e+02 -1.485026e+02 -4.490000e+00
      vertex   2.007303e+02 -1.677852e+02 -4.490000e+00
      vertex   2.009846e+02 -1.674538e+02 -4.490000e+00
    endloop
  endfacet
  facet normal -6.710191e-17 1.656725e-17 1.000000e+00
    outer loop
      vertex   1.924273e+02 -1.485026e+02 -4.490000e+00
      vertex   2.009846e+02 -1.674538e+02 -4.490000e+00
      vertex   2.035713e+02 -1.569767e+02 -4.490000e+00
    endloop
  endfacet
  facet normal 0.000000e+00 0.000000e+00 1.000000e+00
    outer loop
      vertex   2.035713e+02 -1.569767e+02 -4.490000e+00
      vertex   2.009846e+02 -1.674538e+02 -4.490000e+00
      vertex   2.013159e+02 -1.671996e+02 -4.490000e+00
    endloop
  endfacet
  facet normal 0.000000e+00 0.000000e+00 1.000000e+00
    outer loop
      vertex   2.035713e+02 -1.569767e+02 -4.490000e+00
      vertex   2.013159e+02 -1.671996e+02 -4.490000e+00
      vertex   2.017018e+02 -1.670397e+02 -4.490000e+00
    endloop
  endfacet
  facet normal 0.000000e+00 0.000000e+00 1.000000e+00
    outer loop
      vertex   2.017018e+02 -1.670397e+02 -4.490000e+00
      vertex   2.021159e+02 -1.669852e+02 -4.490000e+00
      vertex   2.035713e+02 -1.569767e+02 -4.490000e+00
    endloop
  endfacet
  facet normal 0.000000e+00 0.000000e+00 1.000000e+00
    outer loop
      vertex   2.035713e+02 -1.569767e+02 -4.490000e+00
      vertex   2.021159e+02 -1.669852e+02 -4.490000e+00
      vertex   2.025301e+02 -1.670397e+02 -4.490000e+00
    endloop
  endfacet
  facet normal 0.000000e+00 0.000000e+00 1.000000e+00
    outer loop
      vertex   2.035713e+02 -1.569767e+02 -4.490000e+00
      vertex   2.025301e+02 -1.670397e+02 -4.490000e+00
      vertex   2.029159e+02 -1.671996e+02 -4.490000e+00
    endloop
  endfacet
  facet normal -0.000000e+00 0.000000e+00 1.000000e+00
    outer loop
      vertex   2.029159e+02 -1.671996e+02 -4.490000e+00
      vertex   2.032473e+02 -1.674538e+02 -4.490000e+00
      vertex   2.035713e+02 -1.569767e+02 -4.490000e+00
    endloop
  endfacet
  facet normal 0.000000e+00 0.000000e+00 1.000000e+00
    outer loop
      vertex   2.035713e+02 -1.569767e+02 -4.490000e+00
      vertex   2.032473e+02 -1.674538e+02 -4.490000e+00
      vertex   2.035016e+02 -1.677852e+02 -4.490000e+00
    endloop
  endfacet
  facet normal 0.000000e+00 0.000000e+00 1.000000e+00
    outer loop
      vertex   2.035713e+02 -1.569767e+02 -4.490000e+00
      vertex   2.035016e+02 -1.677852e+02 -4.490000e+00
      vertex   2.036614e+02 -1.681711e+02 -4.490000e+00
    endloop
  endfacet
  facet normal -1.492708e-15 -1.965187e-16 1.000000e+00
    outer loop
      vertex   2.037159e+02 -1.685852e+02 -4.490000e+00
      vertex   2.046630e+02 -1.712594e+02 -4.490000e+00
      vertex   2.036614e+02 -1.681711e+02 -4.490000e+00
    endloop
  endfacet
  facet normal -3.220783e-16 1.831394e-16 1.000000e+00
    outer loop
      vertex   2.036614e+02 -1.681711e+02 -4.490000e+00
      vertex   2.046630e+02 -1.712594e+02 -4.490000e+00
      vertex   2.264609e+02 -1.426239e+02 -4.490000e+00
    endloop
  endfacet
  facet normal -1.158238e-16 -9.319818e-19 1.000000e+00
    outer loop
      vertex   2.036614e+02 -1.681711e+02 -4.490000e+00
      vertex   2.264609e+02 -1.426239e+02 -4.490000e+00
      vertex   2.035713e+02 -1.569767e+02 -4.490000e+00
    endloop
  endfacet
  facet normal -1.269777e-16 1.685608e-17 1.000000e+00
    outer loop
      vertex   2.035713e+02 -1.569767e+02 -4.490000e+00
      vertex   2.264609e+02 -1.426239e+02 -4.490000e+00
      vertex   2.120455e+02 -1.458326e+02 -4.490000e+00
    endloop
  endfacet
  facet normal -1.142065e-17 -5.022926e-16 1.000000e+00
    outer loop
      vertex   2.120455e+02 -1.458326e+02 -4.490000e+00
      vertex   2.264609e+02 -1.426239e+02 -4.490000e+00
      vertex   2.230469e+02 -1.425463e+02 -4.490000e+00
    endloop
  endfacet
  facet normal -4.939288e-17 -3.751762e-16 1.000000e+00
    outer loop
      vertex   2.120455e+02 -1.458326e+02 -4.490000e+00
      vertex   2.230469e+02 -1.425463e+02 -4.490000e+00
      vertex   2.226328e+02 -1.424918e+02 -4.490000e+00
    endloop
  endfacet
  facet normal -6.836686e-16 9.000667e-17 1.000000e+00
    outer loop
      vertex   2.037159e+02 -1.685852e+02 -4.490000e+00
      vertex   2.036614e+02 -1.689993e+02 -4.490000e+00
      vertex   2.046630e+02 -1.712594e+02 -4.490000e+00
    endloop
  endfacet
  facet normal -4.583572e-16 1.898578e-16 1.000000e+00
    outer loop
      vertex   2.046630e+02 -1.712594e+02 -4.490000e+00
      vertex   2.036614e+02 -1.689993e+02 -4.490000e+00
      vertex   2.035016e+02 -1.693852e+02 -4.490000e+00
    endloop
  endfacet
  facet normal -3.416675e-16 2.621707e-16 1.000000e+00
    outer loop
      vertex   2.046630e+02 -1.712594e+02 -4.490000e+00
      vertex   2.035016e+02 -1.693852e+02 -4.490000e+00
      vertex   2.032473e+02 -1.697166e+02 -4.490000e+00
    endloop
  endfacet
  facet normal -2.592217e-16 3.378242e-16 1.000000e+00
    outer loop
      vertex   2.032473e+02 -1.697166e+02 -4.490000e+00
      vertex   2.029159e+02 -1.699708e+02 -4.490000e+00
      vertex   2.046630e+02 -1.712594e+02 -4.490000e+00
    endloop
  endfacet
  facet normal -1.828326e-16 4.413970e-16 1.000000e+00
    outer loop
      vertex   2.046630e+02 -1.712594e+02 -4.490000e+00
      vertex   2.029159e+02 -1.699708e+02 -4.490000e+00
      vertex   2.025301e+02 -1.701307e+02 -4.490000e+00
    endloop
  endfacet
  facet normal -8.648019e-16 -8.473602e-16 1.000000e+00
    outer loop
      vertex   2.046630e+02 -1.712594e+02 -4.490000e+00
      vertex   2.025301e+02 -1.701307e+02 -4.490000e+00
      vertex   2.041505e+02 -1.717845e+02 -4.490000e+00
    endloop
  endfacet
  facet normal 0.000000e+00 0.000000e+00 1.000000e+00
    outer loop
      vertex   2.041505e+02 -1.717845e+02 -4.490000e+00
      vertex   2.025301e+02 -1.701307e+02 -4.490000e+00
      vertex   2.035259e+02 -1.721695e+02 -4.490000e+00
    endloop
  endfacet
  facet normal 0.000000e+00 0.000000e+00 1.000000e+00
    outer loop
      vertex   2.035259e+02 -1.721695e+02 -4.490000e+00
      vertex   2.025301e+02 -1.701307e+02 -4.490000e+00
      vertex   2.021159e+02 -1.701852e+02 -4.490000e+00
    endloop
  endfacet
  facet normal 0.000000e+00 0.000000e+00 1.000000e+00
    outer loop
      vertex   2.035259e+02 -1.721695e+02 -4.490000e+00
      vertex   2.021159e+02 -1.701852e+02 -4.490000e+00
      vertex   2.028264e+02 -1.723913e+02 -4.490000e+00
    endloop
  endfacet
  facet normal 0.000000e+00 0.000000e+00 1.000000e+00
    outer loop
      vertex   2.028264e+02 -1.723913e+02 -4.490000e+00
      vertex   2.021159e+02 -1.701852e+02 -4.490000e+00
      vertex   2.020941e+02 -1.724368e+02 -4.490000e+00
    endloop
  endfacet
  facet normal 0.000000e+00 -0.000000e+00 1.000000e+00
    outer loop
      vertex   2.020941e+02 -1.724368e+02 -4.490000e+00
      vertex   2.021159e+02 -1.701852e+02 -4.490000e+00
      vertex   2.013726e+02 -1.723030e+02 -4.490000e+00
    endloop
  endfacet
  facet normal 0.000000e+00 -0.000000e+00 1.000000e+00
    outer loop
      vertex   2.013726e+02 -1.723030e+02 -4.490000e+00
      vertex   2.021159e+02 -1.701852e+02 -4.490000e+00
      vertex   2.007052e+02 -1.719982e+02 -4.490000e+00
    endloop
  endfacet
  facet normal 0.000000e+00 0.000000e+00 1.000000e+00
    outer loop
      vertex   2.007052e+02 -1.719982e+02 -4.490000e+00
      vertex   2.021159e+02 -1.701852e+02 -4.490000e+00
      vertex   2.017018e+02 -1.701307e+02 -4.490000e+00
    endloop
  endfacet
  facet normal 0.000000e+00 0.000000e+00 1.000000e+00
    outer loop
      vertex   2.007052e+02 -1.719982e+02 -4.490000e+00
      vertex   2.017018e+02 -1.701307e+02 -4.490000e+00
      vertex   2.013159e+02 -1.699708e+02 -4.490000e+00
    endloop
  endfacet
  facet normal 0.000000e+00 0.000000e+00 1.000000e+00
    outer loop
      vertex   2.013159e+02 -1.699708e+02 -4.490000e+00
      vertex   2.009846e+02 -1.697166e+02 -4.490000e+00
      vertex   2.007052e+02 -1.719982e+02 -4.490000e+00
    endloop
  endfacet
  facet normal 0.000000e+00 0.000000e+00 1.000000e+00
    outer loop
      vertex   2.007052e+02 -1.719982e+02 -4.490000e+00
      vertex   2.009846e+02 -1.697166e+02 -4.490000e+00
      vertex   2.007303e+02 -1.693852e+02 -4.490000e+00
    endloop
  endfacet
  facet normal 0.000000e+00 -0.000000e+00 1.000000e+00
    outer loop
      vertex   2.007052e+02 -1.719982e+02 -4.490000e+00
      vertex   2.007303e+02 -1.693852e+02 -4.490000e+00
      vertex   2.005705e+02 -1.689993e+02 -4.490000e+00
    endloop
  endfacet
  facet normal -1.381969e-16 -6.207689e-18 1.000000e+00
    outer loop
      vertex   2.007052e+02 -1.719982e+02 -4.490000e+00
      vertex   2.005705e+02 -1.689993e+02 -4.490000e+00
      vertex   1.676584e+02 -1.516889e+02 -4.490000e+00
    endloop
  endfacet
  facet normal 0.000000e+00 0.000000e+00 1.000000e+00
    outer loop
      vertex   2.009028e+02 -6.511477e+01 -4.490000e+00
      vertex   2.008483e+02 -6.470066e+01 -4.490000e+00
      vertex   1.956556e+02 -6.527069e+01 -4.490000e+00
    endloop
  endfacet
  facet normal 0.000000e+00 0.000000e+00 1.000000e+00
    outer loop
      vertex   1.956556e+02 -6.527069e+01 -4.490000e+00
      vertex   2.008483e+02 -6.470066e+01 -4.490000e+00
      vertex   2.009028e+02 -6.428655e+01 -4.490000e+00
    endloop
  endfacet
  facet normal 0.000000e+00 0.000000e+00 1.000000e+00
    outer loop
      vertex   1.956556e+02 -6.527069e+01 -4.490000e+00
      vertex   2.009028e+02 -6.428655e+01 -4.490000e+00
      vertex   2.010626e+02 -6.390066e+01 -4.490000e+00
    endloop
  endfacet
  facet normal 0.000000e+00 0.000000e+00 1.000000e+00
    outer loop
      vertex   2.013169e+02 -6.356929e+01 -4.490000e+00
      vertex   1.962018e+02 -6.096760e+01 -4.490000e+00
      vertex   2.010626e+02 -6.390066e+01 -4.490000e+00
    endloop
  endfacet
  facet normal 0.000000e+00 0.000000e+00 1.000000e+00
    outer loop
      vertex   2.010626e+02 -6.390066e+01 -4.490000e+00
      vertex   1.962018e+02 -6.096760e+01 -4.490000e+00
      vertex   1.956556e+02 -6.146760e+01 -4.490000e+00
    endloop
  endfacet
  facet normal 0.000000e+00 0.000000e+00 1.000000e+00
    outer loop
      vertex   2.010626e+02 -6.390066e+01 -4.490000e+00
      vertex   1.956556e+02 -6.146760e+01 -4.490000e+00
      vertex   1.956556e+02 -6.527069e+01 -4.490000e+00
    endloop
  endfacet
  facet normal 0.000000e+00 -0.000000e+00 1.000000e+00
    outer loop
      vertex   2.013169e+02 -6.356929e+01 -4.490000e+00
      vertex   2.016483e+02 -6.331502e+01 -4.490000e+00
      vertex   1.962018e+02 -6.096760e+01 -4.490000e+00
    endloop
  endfacet
  facet normal -0.000000e+00 0.000000e+00 1.000000e+00
    outer loop
      vertex   1.962018e+02 -6.096760e+01 -4.490000e+00
      vertex   2.016483e+02 -6.331502e+01 -4.490000e+00
      vertex   2.031820e+02 -6.096760e+01 -4.490000e+00
    endloop
  endfacet
  facet normal 0.000000e+00 0.000000e+00 1.000000e+00
    outer loop
      vertex   2.031820e+02 -6.096760e+01 -4.490000e+00
      vertex   2.016483e+02 -6.331502e+01 -4.490000e+00
      vertex   2.020341e+02 -6.315517e+01 -4.490000e+00
    endloop
  endfacet
  facet normal 0.000000e+00 0.000000e+00 1.000000e+00
    outer loop
      vertex   2.031820e+02 -6.096760e+01 -4.490000e+00
      vertex   2.020341e+02 -6.315517e+01 -4.490000e+00
      vertex   2.024483e+02 -6.310066e+01 -4.490000e+00
    endloop
  endfacet
  facet normal -0.000000e+00 0.000000e+00 1.000000e+00
    outer loop
      vertex   2.024483e+02 -6.310066e+01 -4.490000e+00
      vertex   2.028624e+02 -6.315517e+01 -4.490000e+00
      vertex   2.031820e+02 -6.096760e+01 -4.490000e+00
    endloop
  endfacet
  facet normal 0.000000e+00 0.000000e+00 1.000000e+00
    outer loop
      vertex   2.031820e+02 -6.096760e+01 -4.490000e+00
      vertex   2.028624e+02 -6.315517e+01 -4.490000e+00
      vertex   2.038499e+02 -6.104290e+01 -4.490000e+00
    endloop
  endfacet
  facet normal 0.000000e+00 0.000000e+00 1.000000e+00
    outer loop
      vertex   2.038499e+02 -6.104290e+01 -4.490000e+00
      vertex   2.028624e+02 -6.315517e+01 -4.490000e+00
      vertex   2.044844e+02 -6.126504e+01 -4.490000e+00
    endloop
  endfacet
  facet normal 0.000000e+00 0.000000e+00 1.000000e+00
    outer loop
      vertex   2.044844e+02 -6.126504e+01 -4.490000e+00
      vertex   2.028624e+02 -6.315517e+01 -4.490000e+00
      vertex   2.050534e+02 -6.162285e+01 -4.490000e+00
    endloop
  endfacet
  facet normal 0.000000e+00 0.000000e+00 1.000000e+00
    outer loop
      vertex   2.050534e+02 -6.162285e+01 -4.490000e+00
      vertex   2.028624e+02 -6.315517e+01 -4.490000e+00
      vertex   2.032483e+02 -6.331502e+01 -4.490000e+00
    endloop
  endfacet
  facet normal 0.000000e+00 0.000000e+00 1.000000e+00
    outer loop
      vertex   2.050534e+02 -6.162285e+01 -4.490000e+00
      vertex   2.032483e+02 -6.331502e+01 -4.490000e+00
      vertex   2.055285e+02 -6.209838e+01 -4.490000e+00
    endloop
  endfacet
  facet normal 0.000000e+00 0.000000e+00 1.000000e+00
    outer loop
      vertex   2.055285e+02 -6.209838e+01 -4.490000e+00
      vertex   2.032483e+02 -6.331502e+01 -4.490000e+00
      vertex   2.035796e+02 -6.356929e+01 -4.490000e+00
    endloop
  endfacet
  facet normal 0.000000e+00 0.000000e+00 1.000000e+00
    outer loop
      vertex   2.055285e+02 -6.209838e+01 -4.490000e+00
      vertex   2.035796e+02 -6.356929e+01 -4.490000e+00
      vertex   2.058858e+02 -6.266775e+01 -4.490000e+00
    endloop
  endfacet
  facet normal 0.000000e+00 0.000000e+00 1.000000e+00
    outer loop
      vertex   2.058858e+02 -6.266775e+01 -4.490000e+00
      vertex   2.035796e+02 -6.356929e+01 -4.490000e+00
      vertex   2.061073e+02 -6.330238e+01 -4.490000e+00
    endloop
  endfacet
  facet normal 0.000000e+00 0.000000e+00 1.000000e+00
    outer loop
      vertex   2.061073e+02 -6.330238e+01 -4.490000e+00
      vertex   2.035796e+02 -6.356929e+01 -4.490000e+00
      vertex   2.038339e+02 -6.390066e+01 -4.490000e+00
    endloop
  endfacet
  facet normal -3.398921e-16 1.291564e-15 1.000000e+00
    outer loop
      vertex   2.061073e+02 -6.330238e+01 -4.490000e+00
      vertex   2.038339e+02 -6.390066e+01 -4.490000e+00
      vertex   2.061820e+02 -6.397040e+01 -4.490000e+00
    endloop
  endfacet
  facet normal -3.829654e-16 -1.586295e-16 1.000000e+00
    outer loop
      vertex   2.061820e+02 -6.397040e+01 -4.490000e+00
      vertex   2.038339e+02 -6.390066e+01 -4.490000e+00
      vertex   2.039937e+02 -6.428655e+01 -4.490000e+00
    endloop
  endfacet
  facet normal -3.983073e-16 -5.243815e-17 1.000000e+00
    outer loop
      vertex   2.061820e+02 -6.397040e+01 -4.490000e+00
      vertex   2.039937e+02 -6.428655e+01 -4.490000e+00
      vertex   2.040483e+02 -6.470066e+01 -4.490000e+00
    endloop
  endfacet
  facet normal -4.358940e-16 5.738653e-17 1.000000e+00
    outer loop
      vertex   2.040483e+02 -6.470066e+01 -4.490000e+00
      vertex   2.039937e+02 -6.511477e+01 -4.490000e+00
      vertex   2.061820e+02 -6.397040e+01 -4.490000e+00
    endloop
  endfacet
  facet normal -5.181154e-16 2.146104e-16 1.000000e+00
    outer loop
      vertex   2.061820e+02 -6.397040e+01 -4.490000e+00
      vertex   2.039937e+02 -6.511477e+01 -4.490000e+00
      vertex   2.038339e+02 -6.550066e+01 -4.490000e+00
    endloop
  endfacet
  facet normal -7.566088e-16 5.805663e-16 1.000000e+00
    outer loop
      vertex   2.061820e+02 -6.397040e+01 -4.490000e+00
      vertex   2.038339e+02 -6.550066e+01 -4.490000e+00
      vertex   2.035796e+02 -6.583203e+01 -4.490000e+00
    endloop
  endfacet
  facet normal -3.997414e-16 8.170114e-17 1.000000e+00
    outer loop
      vertex   2.061820e+02 -6.397040e+01 -4.490000e+00
      vertex   2.035796e+02 -6.583203e+01 -4.490000e+00
      vertex   1.986414e+02 -8.999363e+01 -4.490000e+00
    endloop
  endfacet
  facet normal 0.000000e+00 0.000000e+00 1.000000e+00
    outer loop
      vertex   1.986414e+02 -8.999363e+01 -4.490000e+00
      vertex   2.035796e+02 -6.583203e+01 -4.490000e+00
      vertex   2.032483e+02 -6.608630e+01 -4.490000e+00
    endloop
  endfacet
  facet normal 0.000000e+00 0.000000e+00 1.000000e+00
    outer loop
      vertex   1.986414e+02 -8.999363e+01 -4.490000e+00
      vertex   2.032483e+02 -6.608630e+01 -4.490000e+00
      vertex   1.986414e+02 -6.946760e+01 -4.490000e+00
    endloop
  endfacet
  facet normal 0.000000e+00 0.000000e+00 1.000000e+00
    outer loop
      vertex   1.986414e+02 -6.946760e+01 -4.490000e+00
      vertex   2.032483e+02 -6.608630e+01 -4.490000e+00
      vertex   2.028624e+02 -6.624614e+01 -4.490000e+00
    endloop
  endfacet
  facet normal 0.000000e+00 0.000000e+00 1.000000e+00
    outer loop
      vertex   1.986414e+02 -6.946760e+01 -4.490000e+00
      vertex   2.028624e+02 -6.624614e+01 -4.490000e+00
      vertex   2.024483e+02 -6.630066e+01 -4.490000e+00
    endloop
  endfacet
  facet normal 0.000000e+00 -0.000000e+00 1.000000e+00
    outer loop
      vertex   1.986414e+02 -6.946760e+01 -4.490000e+00
      vertex   2.024483e+02 -6.630066e+01 -4.490000e+00
      vertex   1.985732e+02 -6.894996e+01 -4.490000e+00
    endloop
  endfacet
  facet normal 0.000000e+00 0.000000e+00 1.000000e+00
    outer loop
      vertex   1.985732e+02 -6.894996e+01 -4.490000e+00
      vertex   2.024483e+02 -6.630066e+01 -4.490000e+00
      vertex   2.020341e+02 -6.624614e+01 -4.490000e+00
    endloop
  endfacet
  facet normal 0.000000e+00 -0.000000e+00 1.000000e+00
    outer loop
      vertex   1.985732e+02 -6.894996e+01 -4.490000e+00
      vertex   2.020341e+02 -6.624614e+01 -4.490000e+00
      vertex   1.983734e+02 -6.846760e+01 -4.490000e+00
    endloop
  endfacet
  facet normal 0.000000e+00 0.000000e+00 1.000000e+00
    outer loop
      vertex   1.983734e+02 -6.846760e+01 -4.490000e+00
      vertex   2.020341e+02 -6.624614e+01 -4.490000e+00
      vertex   2.016483e+02 -6.608630e+01 -4.490000e+00
    endloop
  endfacet
  facet normal 0.000000e+00 -0.000000e+00 1.000000e+00
    outer loop
      vertex   1.983734e+02 -6.846760e+01 -4.490000e+00
      vertex   2.016483e+02 -6.608630e+01 -4.490000e+00
      vertex   1.980556e+02 -6.805338e+01 -4.490000e+00
    endloop
  endfacet
  facet normal 0.000000e+00 0.000000e+00 1.000000e+00
    outer loop
      vertex   1.980556e+02 -6.805338e+01 -4.490000e+00
      vertex   2.016483e+02 -6.608630e+01 -4.490000e+00
      vertex   2.013169e+02 -6.583203e+01 -4.490000e+00
    endloop
  endfacet
  facet normal 0.000000e+00 -0.000000e+00 1.000000e+00
    outer loop
      vertex   1.980556e+02 -6.805338e+01 -4.490000e+00
      vertex   2.013169e+02 -6.583203e+01 -4.490000e+00
      vertex   1.976414e+02 -6.773555e+01 -4.490000e+00
    endloop
  endfacet
  facet normal 0.000000e+00 0.000000e+00 1.000000e+00
    outer loop
      vertex   1.976414e+02 -6.773555e+01 -4.490000e+00
      vertex   2.013169e+02 -6.583203e+01 -4.490000e+00
      vertex   2.010626e+02 -6.550066e+01 -4.490000e+00
    endloop
  endfacet
  facet normal 0.000000e+00 -0.000000e+00 1.000000e+00
    outer loop
      vertex   1.976414e+02 -6.773555e+01 -4.490000e+00
      vertex   2.010626e+02 -6.550066e+01 -4.490000e+00
      vertex   1.971590e+02 -6.753575e+01 -4.490000e+00
    endloop
  endfacet
  facet normal 0.000000e+00 0.000000e+00 1.000000e+00
    outer loop
      vertex   1.971590e+02 -6.753575e+01 -4.490000e+00
      vertex   2.010626e+02 -6.550066e+01 -4.490000e+00
      vertex   2.009028e+02 -6.511477e+01 -4.490000e+00
    endloop
  endfacet
  facet normal 0.000000e+00 -0.000000e+00 1.000000e+00
    outer loop
      vertex   1.971590e+02 -6.753575e+01 -4.490000e+00
      vertex   2.009028e+02 -6.511477e+01 -4.490000e+00
      vertex   1.956556e+02 -6.527069e+01 -4.490000e+00
    endloop
  endfacet
  facet normal -4.377067e-16 -5.762518e-17 1.000000e+00
    outer loop
      vertex   5.915990e+01 -1.304497e+02 -4.490000e+00
      vertex   5.910539e+01 -1.300356e+02 -4.490000e+00
      vertex   5.713759e+01 -1.305018e+02 -4.490000e+00
    endloop
  endfacet
  facet normal -4.658881e-16 6.133534e-17 1.000000e+00
    outer loop
      vertex   5.713759e+01 -1.305018e+02 -4.490000e+00
      vertex   5.910539e+01 -1.300356e+02 -4.490000e+00
      vertex   5.915990e+01 -1.296215e+02 -4.490000e+00
    endloop
  endfacet
  facet normal -5.357933e-16 2.219329e-16 1.000000e+00
    outer loop
      vertex   5.713759e+01 -1.305018e+02 -4.490000e+00
      vertex   5.915990e+01 -1.296215e+02 -4.490000e+00
      vertex   5.931974e+01 -1.292356e+02 -4.490000e+00
    endloop
  endfacet
  facet normal -7.336747e-16 5.629684e-16 1.000000e+00
    outer loop
      vertex   5.931974e+01 -1.292356e+02 -4.490000e+00
      vertex   5.957401e+01 -1.289043e+02 -4.490000e+00
      vertex   5.713759e+01 -1.305018e+02 -4.490000e+00
    endloop
  endfacet
  facet normal -2.505637e-15 3.265409e-15 1.000000e+00
    outer loop
      vertex   5.713759e+01 -1.305018e+02 -4.490000e+00
      vertex   5.957401e+01 -1.289043e+02 -4.490000e+00
      vertex   5.990539e+01 -1.286500e+02 -4.490000e+00
    endloop
  endfacet
  facet normal -4.318291e-16 1.658029e-16 1.000000e+00
    outer loop
      vertex   5.713759e+01 -1.305018e+02 -4.490000e+00
      vertex   5.990539e+01 -1.286500e+02 -4.490000e+00
      vertex   6.666279e+01 -1.110505e+02 -4.490000e+00
    endloop
  endfacet
  facet normal 0.000000e+00 0.000000e+00 1.000000e+00
    outer loop
      vertex   6.666279e+01 -1.110505e+02 -4.490000e+00
      vertex   5.990539e+01 -1.286500e+02 -4.490000e+00
      vertex   6.029127e+01 -1.284901e+02 -4.490000e+00
    endloop
  endfacet
  facet normal 0.000000e+00 0.000000e+00 1.000000e+00
    outer loop
      vertex   6.666279e+01 -1.110505e+02 -4.490000e+00
      vertex   6.029127e+01 -1.284901e+02 -4.490000e+00
      vertex   6.666279e+01 -1.250505e+02 -4.490000e+00
    endloop
  endfacet
  facet normal 0.000000e+00 0.000000e+00 1.000000e+00
    outer loop
      vertex   6.666279e+01 -1.250505e+02 -4.490000e+00
      vertex   6.029127e+01 -1.284901e+02 -4.490000e+00
      vertex   6.070539e+01 -1.284356e+02 -4.490000e+00
    endloop
  endfacet
  facet normal 0.000000e+00 0.000000e+00 1.000000e+00
    outer loop
      vertex   6.666279e+01 -1.250505e+02 -4.490000e+00
      vertex   6.070539e+01 -1.284356e+02 -4.490000e+00
      vertex   6.111950e+01 -1.284901e+02 -4.490000e+00
    endloop
  endfacet
  facet normal -0.000000e+00 0.000000e+00 1.000000e+00
    outer loop
      vertex   6.111950e+01 -1.284901e+02 -4.490000e+00
      vertex   6.150539e+01 -1.286500e+02 -4.490000e+00
      vertex   6.666279e+01 -1.250505e+02 -4.490000e+00
    endloop
  endfacet
  facet normal 0.000000e+00 0.000000e+00 1.000000e+00
    outer loop
      vertex   6.666279e+01 -1.250505e+02 -4.490000e+00
      vertex   6.150539e+01 -1.286500e+02 -4.490000e+00
      vertex   6.183676e+01 -1.289043e+02 -4.490000e+00
    endloop
  endfacet
  facet normal 0.000000e+00 0.000000e+00 1.000000e+00
    outer loop
      vertex   6.666279e+01 -1.250505e+02 -4.490000e+00
      vertex   6.183676e+01 -1.289043e+02 -4.490000e+00
      vertex   6.209103e+01 -1.292356e+02 -4.490000e+00
    endloop
  endfacet
  facet normal -0.000000e+00 0.000000e+00 1.000000e+00
    outer loop
      vertex   6.209103e+01 -1.292356e+02 -4.490000e+00
      vertex   6.225087e+01 -1.296215e+02 -4.490000e+00
      vertex   6.666279e+01 -1.250505e+02 -4.490000e+00
    endloop
  endfacet
  facet normal 0.000000e+00 0.000000e+00 1.000000e+00
    outer loop
      vertex   6.666279e+01 -1.250505e+02 -4.490000e+00
      vertex   6.225087e+01 -1.296215e+02 -4.490000e+00
      vertex   6.230539e+01 -1.300356e+02 -4.490000e+00
    endloop
  endfacet
  facet normal 0.000000e+00 0.000000e+00 1.000000e+00
    outer loop
      vertex   6.666279e+01 -1.250505e+02 -4.490000e+00
      vertex   6.230539e+01 -1.300356e+02 -4.490000e+00
      vertex   6.225087e+01 -1.304497e+02 -4.490000e+00
    endloop
  endfacet
  facet normal -1.268826e-16 1.036807e-16 1.000000e+00
    outer loop
      vertex   6.666279e+01 -1.250505e+02 -4.490000e+00
      vertex   6.225087e+01 -1.304497e+02 -4.490000e+00
      vertex   8.066279e+01 -1.250505e+02 -4.490000e+00
    endloop
  endfacet
  facet normal -1.098178e-16 4.548803e-17 1.000000e+00
    outer loop
      vertex   8.066279e+01 -1.250505e+02 -4.490000e+00
      vertex   6.225087e+01 -1.304497e+02 -4.490000e+00
      vertex   6.209103e+01 -1.308356e+02 -4.490000e+00
    endloop
  endfacet
  facet normal -1.256914e-16 9.644641e-17 1.000000e+00
    outer loop
      vertex   8.066279e+01 -1.250505e+02 -4.490000e+00
      vertex   6.209103e+01 -1.308356e+02 -4.490000e+00
      vertex   6.183676e+01 -1.311670e+02 -4.490000e+00
    endloop
  endfacet
  facet normal -1.399393e-16 1.403001e-16 1.000000e+00
    outer loop
      vertex   8.066279e+01 -1.250505e+02 -4.490000e+00
      vertex   6.183676e+01 -1.311670e+02 -4.490000e+00
      vertex   5.955350e+01 -1.334444e+02 -4.490000e+00
    endloop
  endfacet
  facet normal 0.000000e+00 0.000000e+00 1.000000e+00
    outer loop
      vertex   5.955350e+01 -1.334444e+02 -4.490000e+00
      vertex   6.183676e+01 -1.311670e+02 -4.490000e+00
      vertex   6.150539e+01 -1.314213e+02 -4.490000e+00
    endloop
  endfacet
  facet normal 0.000000e+00 0.000000e+00 1.000000e+00
    outer loop
      vertex   5.955350e+01 -1.334444e+02 -4.490000e+00
      vertex   6.150539e+01 -1.314213e+02 -4.490000e+00
      vertex   6.111950e+01 -1.315811e+02 -4.490000e+00
    endloop
  endfacet
  facet normal 0.000000e+00 0.000000e+00 1.000000e+00
    outer loop
      vertex   6.111950e+01 -1.315811e+02 -4.490000e+00
      vertex   6.070539e+01 -1.316356e+02 -4.490000e+00
      vertex   5.955350e+01 -1.334444e+02 -4.490000e+00
    endloop
  endfacet
  facet normal 0.000000e+00 0.000000e+00 1.000000e+00
    outer loop
      vertex   5.955350e+01 -1.334444e+02 -4.490000e+00
      vertex   6.070539e+01 -1.316356e+02 -4.490000e+00
      vertex   6.029127e+01 -1.315811e+02 -4.490000e+00
    endloop
  endfacet
  facet normal 0.000000e+00 -0.000000e+00 1.000000e+00
    outer loop
      vertex   5.955350e+01 -1.334444e+02 -4.490000e+00
      vertex   6.029127e+01 -1.315811e+02 -4.490000e+00
      vertex   5.890038e+01 -1.332348e+02 -4.490000e+00
    endloop
  endfacet
  facet normal 0.000000e+00 0.000000e+00 1.000000e+00
    outer loop
      vertex   5.890038e+01 -1.332348e+02 -4.490000e+00
      vertex   6.029127e+01 -1.315811e+02 -4.490000e+00
      vertex   5.990539e+01 -1.314213e+02 -4.490000e+00
    endloop
  endfacet
  facet normal 0.000000e+00 -0.000000e+00 1.000000e+00
    outer loop
      vertex   5.890038e+01 -1.332348e+02 -4.490000e+00
      vertex   5.990539e+01 -1.314213e+02 -4.490000e+00
      vertex   5.831194e+01 -1.328823e+02 -4.490000e+00
    endloop
  endfacet
  facet normal -8.766843e-16 9.561096e-16 1.000000e+00
    outer loop
      vertex   5.831194e+01 -1.328823e+02 -4.490000e+00
      vertex   5.990539e+01 -1.314213e+02 -4.490000e+00
      vertex   5.781894e+01 -1.324054e+02 -4.490000e+00
    endloop
  endfacet
  facet normal -2.636299e-16 -3.435692e-16 1.000000e+00
    outer loop
      vertex   5.781894e+01 -1.324054e+02 -4.490000e+00
      vertex   5.990539e+01 -1.314213e+02 -4.490000e+00
      vertex   5.957401e+01 -1.311670e+02 -4.490000e+00
    endloop
  endfacet
  facet normal 3.994243e-16 -1.283227e-15 1.000000e+00
    outer loop
      vertex   5.781894e+01 -1.324054e+02 -4.490000e+00
      vertex   5.957401e+01 -1.311670e+02 -4.490000e+00
      vertex   5.744715e+01 -1.318290e+02 -4.490000e+00
    endloop
  endfacet
  facet normal 0.000000e+00 0.000000e+00 1.000000e+00
    outer loop
      vertex   5.744715e+01 -1.318290e+02 -4.490000e+00
      vertex   5.957401e+01 -1.311670e+02 -4.490000e+00
      vertex   5.931974e+01 -1.308356e+02 -4.490000e+00
    endloop
  endfacet
  facet normal 0.000000e+00 -0.000000e+00 1.000000e+00
    outer loop
      vertex   5.744715e+01 -1.318290e+02 -4.490000e+00
      vertex   5.931974e+01 -1.308356e+02 -4.490000e+00
      vertex   5.721601e+01 -1.311832e+02 -4.490000e+00
    endloop
  endfacet
  facet normal 0.000000e+00 0.000000e+00 1.000000e+00
    outer loop
      vertex   5.721601e+01 -1.311832e+02 -4.490000e+00
      vertex   5.931974e+01 -1.308356e+02 -4.490000e+00
      vertex   5.915990e+01 -1.304497e+02 -4.490000e+00
    endloop
  endfacet
  facet normal -4.713437e-16 1.249176e-15 1.000000e+00
    outer loop
      vertex   5.721601e+01 -1.311832e+02 -4.490000e+00
      vertex   5.915990e+01 -1.304497e+02 -4.490000e+00
      vertex   5.713759e+01 -1.305018e+02 -4.490000e+00
    endloop
  endfacet
  facet normal -1.131771e-15 1.995786e-15 1.000000e+00
    outer loop
      vertex   2.215014e+02 -1.413604e+02 -4.490000e+00
      vertex   2.214469e+02 -1.409463e+02 -4.490000e+00
      vertex   2.120455e+02 -1.458326e+02 -4.490000e+00
    endloop
  endfacet
  facet normal 1.095209e-15 -2.288973e-15 1.000000e+00
    outer loop
      vertex   2.120455e+02 -1.458326e+02 -4.490000e+00
      vertex   2.214469e+02 -1.409463e+02 -4.490000e+00
      vertex   2.215014e+02 -1.405322e+02 -4.490000e+00
    endloop
  endfacet
  facet normal -1.419602e-16 -8.187649e-17 1.000000e+00
    outer loop
      vertex   2.120455e+02 -1.458326e+02 -4.490000e+00
      vertex   2.215014e+02 -1.405322e+02 -4.490000e+00
      vertex   2.009014e+02 -1.373585e+02 -4.490000e+00
    endloop
  endfacet
  facet normal -1.215873e-16 5.036313e-17 1.000000e+00
    outer loop
      vertex   2.009014e+02 -1.373585e+02 -4.490000e+00
      vertex   2.215014e+02 -1.405322e+02 -4.490000e+00
      vertex   2.216613e+02 -1.401463e+02 -4.490000e+00
    endloop
  endfacet
  facet normal -1.163605e-16 8.928654e-17 1.000000e+00
    outer loop
      vertex   2.009014e+02 -1.373585e+02 -4.490000e+00
      vertex   2.216613e+02 -1.401463e+02 -4.490000e+00
      vertex   2.219156e+02 -1.398149e+02 -4.490000e+00
    endloop
  endfacet
  facet normal -1.226044e-16 3.587072e-17 1.000000e+00
    outer loop
      vertex   2.009014e+02 -1.373585e+02 -4.490000e+00
      vertex   2.219156e+02 -1.398149e+02 -4.490000e+00
      vertex   2.041860e+02 -1.261321e+02 -4.490000e+00
    endloop
  endfacet
  facet normal -7.492790e-17 9.764795e-17 1.000000e+00
    outer loop
      vertex   2.041860e+02 -1.261321e+02 -4.490000e+00
      vertex   2.219156e+02 -1.398149e+02 -4.490000e+00
      vertex   2.222469e+02 -1.395606e+02 -4.490000e+00
    endloop
  endfacet
  facet normal -7.492790e-17 9.764795e-17 1.000000e+00
    outer loop
      vertex   2.041860e+02 -1.261321e+02 -4.490000e+00
      vertex   2.222469e+02 -1.395606e+02 -4.490000e+00
      vertex   2.045173e+02 -1.258779e+02 -4.490000e+00
    endloop
  endfacet
  facet normal -2.467985e-16 -1.250550e-16 1.000000e+00
    outer loop
      vertex   2.045173e+02 -1.258779e+02 -4.490000e+00
      vertex   2.222469e+02 -1.395606e+02 -4.490000e+00
      vertex   2.073119e+02 -1.242907e+02 -4.490000e+00
    endloop
  endfacet
  facet normal -5.633097e-16 4.322427e-16 1.000000e+00
    outer loop
      vertex   2.045173e+02 -1.258779e+02 -4.490000e+00
      vertex   2.073119e+02 -1.242907e+02 -4.490000e+00
      vertex   2.047716e+02 -1.255465e+02 -4.490000e+00
    endloop
  endfacet
  facet normal -4.396604e-16 1.821133e-16 1.000000e+00
    outer loop
      vertex   2.047716e+02 -1.255465e+02 -4.490000e+00
      vertex   2.073119e+02 -1.242907e+02 -4.490000e+00
      vertex   2.049315e+02 -1.251606e+02 -4.490000e+00
    endloop
  endfacet
  facet normal -3.919685e-16 5.160363e-17 1.000000e+00
    outer loop
      vertex   2.049315e+02 -1.251606e+02 -4.490000e+00
      vertex   2.073119e+02 -1.242907e+02 -4.490000e+00
      vertex   2.049860e+02 -1.247465e+02 -4.490000e+00
    endloop
  endfacet
  facet normal -6.197239e-16 1.213895e-15 1.000000e+00
    outer loop
      vertex   2.049860e+02 -1.247465e+02 -4.490000e+00
      vertex   2.073119e+02 -1.242907e+02 -4.490000e+00
      vertex   2.068146e+02 -1.238129e+02 -4.490000e+00
    endloop
  endfacet
  facet normal 0.000000e+00 -0.000000e+00 1.000000e+00
    outer loop
      vertex   2.049860e+02 -1.247465e+02 -4.490000e+00
      vertex   2.068146e+02 -1.238129e+02 -4.490000e+00
      vertex   2.049315e+02 -1.243324e+02 -4.490000e+00
    endloop
  endfacet
  facet normal 0.000000e+00 -0.000000e+00 1.000000e+00
    outer loop
      vertex   2.049315e+02 -1.243324e+02 -4.490000e+00
      vertex   2.068146e+02 -1.238129e+02 -4.490000e+00
      vertex   2.047716e+02 -1.239465e+02 -4.490000e+00
    endloop
  endfacet
  facet normal 0.000000e+00 0.000000e+00 1.000000e+00
    outer loop
      vertex   2.047716e+02 -1.239465e+02 -4.490000e+00
      vertex   2.068146e+02 -1.238129e+02 -4.490000e+00
      vertex   2.064395e+02 -1.232342e+02 -4.490000e+00
    endloop
  endfacet
  facet normal 0.000000e+00 -0.000000e+00 1.000000e+00
    outer loop
      vertex   2.047716e+02 -1.239465e+02 -4.490000e+00
      vertex   2.064395e+02 -1.232342e+02 -4.490000e+00
      vertex   2.045173e+02 -1.236151e+02 -4.490000e+00
    endloop
  endfacet
  facet normal 0.000000e+00 0.000000e+00 1.000000e+00
    outer loop
      vertex   2.045173e+02 -1.236151e+02 -4.490000e+00
      vertex   2.064395e+02 -1.232342e+02 -4.490000e+00
      vertex   2.062065e+02 -1.225851e+02 -4.490000e+00
    endloop
  endfacet
  facet normal 0.000000e+00 -0.000000e+00 1.000000e+00
    outer loop
      vertex   2.045173e+02 -1.236151e+02 -4.490000e+00
      vertex   2.062065e+02 -1.225851e+02 -4.490000e+00
      vertex   2.041860e+02 -1.233609e+02 -4.490000e+00
    endloop
  endfacet
  facet normal 4.766892e-16 -1.241638e-15 1.000000e+00
    outer loop
      vertex   2.041860e+02 -1.233609e+02 -4.490000e+00
      vertex   2.062065e+02 -1.225851e+02 -4.490000e+00
      vertex   2.061279e+02 -1.219000e+02 -4.490000e+00
    endloop
  endfacet
  facet normal -1.624088e-16 -3.920894e-16 1.000000e+00
    outer loop
      vertex   2.041860e+02 -1.233609e+02 -4.490000e+00
      vertex   2.061279e+02 -1.219000e+02 -4.490000e+00
      vertex   2.038001e+02 -1.232010e+02 -4.490000e+00
    endloop
  endfacet
  facet normal -7.274111e-17 -5.525236e-16 1.000000e+00
    outer loop
      vertex   2.038001e+02 -1.232010e+02 -4.490000e+00
      vertex   2.061279e+02 -1.219000e+02 -4.490000e+00
      vertex   2.033860e+02 -1.231465e+02 -4.490000e+00
    endloop
  endfacet
  facet normal -3.354920e-16 2.544405e-17 1.000000e+00
    outer loop
      vertex   2.033860e+02 -1.231465e+02 -4.490000e+00
      vertex   2.061279e+02 -1.219000e+02 -4.490000e+00
      vertex   2.038686e+02 -1.167829e+02 -4.490000e+00
    endloop
  endfacet
  facet normal 0.000000e+00 -0.000000e+00 1.000000e+00
    outer loop
      vertex   2.033860e+02 -1.231465e+02 -4.490000e+00
      vertex   2.038686e+02 -1.167829e+02 -4.490000e+00
      vertex   2.029719e+02 -1.232010e+02 -4.490000e+00
    endloop
  endfacet
  facet normal 0.000000e+00 -0.000000e+00 1.000000e+00
    outer loop
      vertex   2.029719e+02 -1.232010e+02 -4.490000e+00
      vertex   2.038686e+02 -1.167829e+02 -4.490000e+00
      vertex   2.025860e+02 -1.233609e+02 -4.490000e+00
    endloop
  endfacet
  facet normal -8.925532e-17 1.740371e-17 1.000000e+00
    outer loop
      vertex   2.025860e+02 -1.233609e+02 -4.490000e+00
      vertex   2.038686e+02 -1.167829e+02 -4.490000e+00
      vertex   1.943686e+02 -1.144700e+02 -4.490000e+00
    endloop
  endfacet
  facet normal -4.484809e-17 5.844717e-17 1.000000e+00
    outer loop
      vertex   2.025860e+02 -1.233609e+02 -4.490000e+00
      vertex   1.943686e+02 -1.144700e+02 -4.490000e+00
      vertex   2.022546e+02 -1.236151e+02 -4.490000e+00
    endloop
  endfacet
  facet normal -5.959609e-17 4.572969e-17 1.000000e+00
    outer loop
      vertex   2.022546e+02 -1.236151e+02 -4.490000e+00
      vertex   1.943686e+02 -1.144700e+02 -4.490000e+00
      vertex   2.020003e+02 -1.239465e+02 -4.490000e+00
    endloop
  endfacet
  facet normal -7.685181e-17 3.183306e-17 1.000000e+00
    outer loop
      vertex   2.020003e+02 -1.239465e+02 -4.490000e+00
      vertex   1.943686e+02 -1.144700e+02 -4.490000e+00
      vertex   2.018405e+02 -1.243324e+02 -4.490000e+00
    endloop
  endfacet
  facet normal -1.255341e-16 -5.049430e-18 1.000000e+00
    outer loop
      vertex   2.018405e+02 -1.243324e+02 -4.490000e+00
      vertex   1.943686e+02 -1.144700e+02 -4.490000e+00
      vertex   1.806952e+02 -1.263297e+02 -4.490000e+00
    endloop
  endfacet
  facet normal -1.275977e-16 1.679856e-17 1.000000e+00
    outer loop
      vertex   2.018405e+02 -1.243324e+02 -4.490000e+00
      vertex   1.806952e+02 -1.263297e+02 -4.490000e+00
      vertex   2.017860e+02 -1.247465e+02 -4.490000e+00
    endloop
  endfacet
  facet normal -1.283574e-16 2.691890e-17 1.000000e+00
    outer loop
      vertex   2.017860e+02 -1.247465e+02 -4.490000e+00
      vertex   1.806952e+02 -1.263297e+02 -4.490000e+00
      vertex   1.932243e+02 -1.325764e+02 -4.490000e+00
    endloop
  endfacet
  facet normal -9.259105e-17 -1.218984e-17 1.000000e+00
    outer loop
      vertex   2.017860e+02 -1.247465e+02 -4.490000e+00
      vertex   1.932243e+02 -1.325764e+02 -4.490000e+00
      vertex   2.018405e+02 -1.251606e+02 -4.490000e+00
    endloop
  endfacet
  facet normal -7.599119e-17 -3.147658e-17 1.000000e+00
    outer loop
      vertex   2.018405e+02 -1.251606e+02 -4.490000e+00
      vertex   1.932243e+02 -1.325764e+02 -4.490000e+00
      vertex   2.020003e+02 -1.255465e+02 -4.490000e+00
    endloop
  endfacet
  facet normal -6.267895e-17 -4.809525e-17 1.000000e+00
    outer loop
      vertex   2.020003e+02 -1.255465e+02 -4.490000e+00
      vertex   1.932243e+02 -1.325764e+02 -4.490000e+00
      vertex   2.022546e+02 -1.258779e+02 -4.490000e+00
    endloop
  endfacet
  facet normal -5.000994e-17 -6.517422e-17 1.000000e+00
    outer loop
      vertex   2.022546e+02 -1.258779e+02 -4.490000e+00
      vertex   1.932243e+02 -1.325764e+02 -4.490000e+00
      vertex   2.025860e+02 -1.261321e+02 -4.490000e+00
    endloop
  endfacet
  facet normal -3.564178e-17 -8.604687e-17 1.000000e+00
    outer loop
      vertex   2.025860e+02 -1.261321e+02 -4.490000e+00
      vertex   1.932243e+02 -1.325764e+02 -4.490000e+00
      vertex   2.029719e+02 -1.262920e+02 -4.490000e+00
    endloop
  endfacet
  facet normal -1.036164e-16 1.938547e-17 1.000000e+00
    outer loop
      vertex   2.029719e+02 -1.262920e+02 -4.490000e+00
      vertex   1.932243e+02 -1.325764e+02 -4.490000e+00
      vertex   2.009014e+02 -1.373585e+02 -4.490000e+00
    endloop
  endfacet
  facet normal 0.000000e+00 0.000000e+00 1.000000e+00
    outer loop
      vertex   2.029719e+02 -1.262920e+02 -4.490000e+00
      vertex   2.009014e+02 -1.373585e+02 -4.490000e+00
      vertex   2.033860e+02 -1.263465e+02 -4.490000e+00
    endloop
  endfacet
  facet normal -0.000000e+00 0.000000e+00 1.000000e+00
    outer loop
      vertex   2.033860e+02 -1.263465e+02 -4.490000e+00
      vertex   2.009014e+02 -1.373585e+02 -4.490000e+00
      vertex   2.038001e+02 -1.262920e+02 -4.490000e+00
    endloop
  endfacet
  facet normal -0.000000e+00 0.000000e+00 1.000000e+00
    outer loop
      vertex   2.038001e+02 -1.262920e+02 -4.490000e+00
      vertex   2.009014e+02 -1.373585e+02 -4.490000e+00
      vertex   2.041860e+02 -1.261321e+02 -4.490000e+00
    endloop
  endfacet
  facet normal -3.429269e-17 8.278989e-17 1.000000e+00
    outer loop
      vertex   2.222469e+02 -1.395606e+02 -4.490000e+00
      vertex   2.226328e+02 -1.394008e+02 -4.490000e+00
      vertex   2.073119e+02 -1.242907e+02 -4.490000e+00
    endloop
  endfacet
  facet normal -2.714450e-17 9.003781e-17 1.000000e+00
    outer loop
      vertex   2.073119e+02 -1.242907e+02 -4.490000e+00
      vertex   2.226328e+02 -1.394008e+02 -4.490000e+00
      vertex   2.258898e+02 -1.384189e+02 -4.490000e+00
    endloop
  endfacet
  facet normal 0.000000e+00 0.000000e+00 1.000000e+00
    outer loop
      vertex   2.258898e+02 -1.384189e+02 -4.490000e+00
      vertex   2.226328e+02 -1.394008e+02 -4.490000e+00
      vertex   2.230469e+02 -1.393463e+02 -4.490000e+00
    endloop
  endfacet
  facet normal 0.000000e+00 0.000000e+00 1.000000e+00
    outer loop
      vertex   2.258898e+02 -1.384189e+02 -4.490000e+00
      vertex   2.230469e+02 -1.393463e+02 -4.490000e+00
      vertex   2.234610e+02 -1.394008e+02 -4.490000e+00
    endloop
  endfacet
  facet normal -0.000000e+00 0.000000e+00 1.000000e+00
    outer loop
      vertex   2.234610e+02 -1.394008e+02 -4.490000e+00
      vertex   2.238469e+02 -1.395606e+02 -4.490000e+00
      vertex   2.258898e+02 -1.384189e+02 -4.490000e+00
    endloop
  endfacet
  facet normal 0.000000e+00 0.000000e+00 1.000000e+00
    outer loop
      vertex   2.258898e+02 -1.384189e+02 -4.490000e+00
      vertex   2.238469e+02 -1.395606e+02 -4.490000e+00
      vertex   2.241783e+02 -1.398149e+02 -4.490000e+00
    endloop
  endfacet
  facet normal -8.418967e-16 1.032168e-15 1.000000e+00
    outer loop
      vertex   2.258898e+02 -1.384189e+02 -4.490000e+00
      vertex   2.241783e+02 -1.398149e+02 -4.490000e+00
      vertex   2.263758e+02 -1.388830e+02 -4.490000e+00
    endloop
  endfacet
  facet normal -3.049445e-16 -2.339921e-16 1.000000e+00
    outer loop
      vertex   2.263758e+02 -1.388830e+02 -4.490000e+00
      vertex   2.241783e+02 -1.398149e+02 -4.490000e+00
      vertex   2.244326e+02 -1.401463e+02 -4.490000e+00
    endloop
  endfacet
  facet normal -3.197186e-16 -2.112660e-16 1.000000e+00
    outer loop
      vertex   2.263758e+02 -1.388830e+02 -4.490000e+00
      vertex   2.244326e+02 -1.401463e+02 -4.490000e+00
      vertex   2.267463e+02 -1.394436e+02 -4.490000e+00
    endloop
  endfacet
  facet normal -3.445568e-16 -1.294777e-16 1.000000e+00
    outer loop
      vertex   2.267463e+02 -1.394436e+02 -4.490000e+00
      vertex   2.244326e+02 -1.401463e+02 -4.490000e+00
      vertex   2.269826e+02 -1.400727e+02 -4.490000e+00
    endloop
  endfacet
  facet normal -3.441791e-16 -1.425636e-16 1.000000e+00
    outer loop
      vertex   2.269826e+02 -1.400727e+02 -4.490000e+00
      vertex   2.244326e+02 -1.401463e+02 -4.490000e+00
      vertex   2.245924e+02 -1.405322e+02 -4.490000e+00
    endloop
  endfacet
  facet normal -3.621305e-16 -4.918250e-17 1.000000e+00
    outer loop
      vertex   2.269826e+02 -1.400727e+02 -4.490000e+00
      vertex   2.245924e+02 -1.405322e+02 -4.490000e+00
      vertex   2.270731e+02 -1.407385e+02 -4.490000e+00
    endloop
  endfacet
  facet normal -3.620037e-16 -4.765869e-17 1.000000e+00
    outer loop
      vertex   2.270731e+02 -1.407385e+02 -4.490000e+00
      vertex   2.245924e+02 -1.405322e+02 -4.490000e+00
      vertex   2.246469e+02 -1.409463e+02 -4.490000e+00
    endloop
  endfacet
  facet normal -3.689183e-16 3.309846e-17 1.000000e+00
    outer loop
      vertex   2.270731e+02 -1.407385e+02 -4.490000e+00
      vertex   2.246469e+02 -1.409463e+02 -4.490000e+00
      vertex   2.270130e+02 -1.414078e+02 -4.490000e+00
    endloop
  endfacet
  facet normal -3.659759e-16 4.818165e-17 1.000000e+00
    outer loop
      vertex   2.270130e+02 -1.414078e+02 -4.490000e+00
      vertex   2.246469e+02 -1.409463e+02 -4.490000e+00
      vertex   2.245924e+02 -1.413604e+02 -4.490000e+00
    endloop
  endfacet
  facet normal -3.645997e-16 1.183791e-16 1.000000e+00
    outer loop
      vertex   2.270130e+02 -1.414078e+02 -4.490000e+00
      vertex   2.245924e+02 -1.413604e+02 -4.490000e+00
      vertex   2.268055e+02 -1.420470e+02 -4.490000e+00
    endloop
  endfacet
  facet normal -3.556257e-16 1.473050e-16 1.000000e+00
    outer loop
      vertex   2.268055e+02 -1.420470e+02 -4.490000e+00
      vertex   2.245924e+02 -1.413604e+02 -4.490000e+00
      vertex   2.244326e+02 -1.417463e+02 -4.490000e+00
    endloop
  endfacet
  facet normal -5.293227e-16 -1.223376e-15 1.000000e+00
    outer loop
      vertex   2.268055e+02 -1.420470e+02 -4.490000e+00
      vertex   2.244326e+02 -1.417463e+02 -4.490000e+00
      vertex   2.264609e+02 -1.426239e+02 -4.490000e+00
    endloop
  endfacet
  facet normal 0.000000e+00 0.000000e+00 1.000000e+00
    outer loop
      vertex   2.264609e+02 -1.426239e+02 -4.490000e+00
      vertex   2.244326e+02 -1.417463e+02 -4.490000e+00
      vertex   2.241783e+02 -1.420777e+02 -4.490000e+00
    endloop
  endfacet
  facet normal 0.000000e+00 0.000000e+00 1.000000e+00
    outer loop
      vertex   2.264609e+02 -1.426239e+02 -4.490000e+00
      vertex   2.241783e+02 -1.420777e+02 -4.490000e+00
      vertex   2.238469e+02 -1.423319e+02 -4.490000e+00
    endloop
  endfacet
  facet normal 0.000000e+00 0.000000e+00 1.000000e+00
    outer loop
      vertex   2.238469e+02 -1.423319e+02 -4.490000e+00
      vertex   2.234610e+02 -1.424918e+02 -4.490000e+00
      vertex   2.264609e+02 -1.426239e+02 -4.490000e+00
    endloop
  endfacet
  facet normal 0.000000e+00 0.000000e+00 1.000000e+00
    outer loop
      vertex   2.264609e+02 -1.426239e+02 -4.490000e+00
      vertex   2.234610e+02 -1.424918e+02 -4.490000e+00
      vertex   2.230469e+02 -1.425463e+02 -4.490000e+00
    endloop
  endfacet
  facet normal -9.523201e-17 -2.299104e-16 1.000000e+00
    outer loop
      vertex   2.226328e+02 -1.424918e+02 -4.490000e+00
      vertex   2.222469e+02 -1.423319e+02 -4.490000e+00
      vertex   2.120455e+02 -1.458326e+02 -4.490000e+00
    endloop
  endfacet
  facet normal -1.203193e-16 -1.568032e-16 1.000000e+00
    outer loop
      vertex   2.120455e+02 -1.458326e+02 -4.490000e+00
      vertex   2.222469e+02 -1.423319e+02 -4.490000e+00
      vertex   2.219156e+02 -1.420777e+02 -4.490000e+00
    endloop
  endfacet
  facet normal -1.393069e-16 -1.068939e-16 1.000000e+00
    outer loop
      vertex   2.120455e+02 -1.458326e+02 -4.490000e+00
      vertex   2.219156e+02 -1.420777e+02 -4.490000e+00
      vertex   2.216613e+02 -1.417463e+02 -4.490000e+00
    endloop
  endfacet
  facet normal -1.570823e-16 -6.506563e-17 1.000000e+00
    outer loop
      vertex   2.216613e+02 -1.417463e+02 -4.490000e+00
      vertex   2.215014e+02 -1.413604e+02 -4.490000e+00
      vertex   2.120455e+02 -1.458326e+02 -4.490000e+00
    endloop
  endfacet
  facet normal -4.736801e-16 -6.236117e-17 1.000000e+00
    outer loop
      vertex   5.912160e+01 -6.812891e+01 -4.490000e+00
      vertex   5.906708e+01 -6.771480e+01 -4.490000e+00
      vertex   5.713759e+01 -6.730139e+01 -4.490000e+00
    endloop
  endfacet
  facet normal -4.476903e-16 5.893954e-17 1.000000e+00
    outer loop
      vertex   5.713759e+01 -6.730139e+01 -4.490000e+00
      vertex   5.906708e+01 -6.771480e+01 -4.490000e+00
      vertex   5.912160e+01 -6.730069e+01 -4.490000e+00
    endloop
  endfacet
  facet normal -4.472105e-16 -1.301174e-15 1.000000e+00
    outer loop
      vertex   5.713759e+01 -6.730139e+01 -4.490000e+00
      vertex   5.912160e+01 -6.730069e+01 -4.490000e+00
      vertex   5.721054e+01 -6.664386e+01 -4.490000e+00
    endloop
  endfacet
  facet normal 0.000000e+00 0.000000e+00 1.000000e+00
    outer loop
      vertex   5.721054e+01 -6.664386e+01 -4.490000e+00
      vertex   5.912160e+01 -6.730069e+01 -4.490000e+00
      vertex   5.928144e+01 -6.691480e+01 -4.490000e+00
    endloop
  endfacet
  facet normal 1.777542e-16 1.358657e-15 1.000000e+00
    outer loop
      vertex   5.721054e+01 -6.664386e+01 -4.490000e+00
      vertex   5.928144e+01 -6.691480e+01 -4.490000e+00
      vertex   5.742582e+01 -6.601831e+01 -4.490000e+00
    endloop
  endfacet
  facet normal -3.491928e-16 2.679451e-16 1.000000e+00
    outer loop
      vertex   5.742582e+01 -6.601831e+01 -4.490000e+00
      vertex   5.928144e+01 -6.691480e+01 -4.490000e+00
      vertex   5.953571e+01 -6.658343e+01 -4.490000e+00
    endloop
  endfacet
  facet normal -3.613048e-16 2.227247e-16 1.000000e+00
    outer loop
      vertex   5.742582e+01 -6.601831e+01 -4.490000e+00
      vertex   5.953571e+01 -6.658343e+01 -4.490000e+00
      vertex   5.777298e+01 -6.545515e+01 -4.490000e+00
    endloop
  endfacet
  facet normal -2.747116e-16 3.580112e-16 1.000000e+00
    outer loop
      vertex   5.777298e+01 -6.545515e+01 -4.490000e+00
      vertex   5.953571e+01 -6.658343e+01 -4.490000e+00
      vertex   5.986708e+01 -6.632916e+01 -4.490000e+00
    endloop
  endfacet
  facet normal -3.013458e-16 2.941963e-16 1.000000e+00
    outer loop
      vertex   5.777298e+01 -6.545515e+01 -4.490000e+00
      vertex   5.986708e+01 -6.632916e+01 -4.490000e+00
      vertex   5.823512e+01 -6.498178e+01 -4.490000e+00
    endloop
  endfacet
  facet normal -1.135642e-15 -7.163075e-16 1.000000e+00
    outer loop
      vertex   5.823512e+01 -6.498178e+01 -4.490000e+00
      vertex   5.986708e+01 -6.632916e+01 -4.490000e+00
      vertex   5.878978e+01 -6.462120e+01 -4.490000e+00
    endloop
  endfacet
  facet normal 0.000000e+00 0.000000e+00 1.000000e+00
    outer loop
      vertex   5.878978e+01 -6.462120e+01 -4.490000e+00
      vertex   5.986708e+01 -6.632916e+01 -4.490000e+00
      vertex   6.025297e+01 -6.616932e+01 -4.490000e+00
    endloop
  endfacet
  facet normal -0.000000e+00 0.000000e+00 1.000000e+00
    outer loop
      vertex   5.878978e+01 -6.462120e+01 -4.490000e+00
      vertex   6.025297e+01 -6.616932e+01 -4.490000e+00
      vertex   5.940999e+01 -6.439096e+01 -4.490000e+00
    endloop
  endfacet
  facet normal 0.000000e+00 0.000000e+00 1.000000e+00
    outer loop
      vertex   5.940999e+01 -6.439096e+01 -4.490000e+00
      vertex   6.025297e+01 -6.616932e+01 -4.490000e+00
      vertex   6.066708e+01 -6.611480e+01 -4.490000e+00
    endloop
  endfacet
  facet normal 0.000000e+00 0.000000e+00 1.000000e+00
    outer loop
      vertex   5.940999e+01 -6.439096e+01 -4.490000e+00
      vertex   6.066708e+01 -6.611480e+01 -4.490000e+00
      vertex   6.108119e+01 -6.616932e+01 -4.490000e+00
    endloop
  endfacet
  facet normal -0.000000e+00 -0.000000e+00 1.000000e+00
    outer loop
      vertex   6.108119e+01 -6.616932e+01 -4.490000e+00
      vertex   6.146708e+01 -6.632916e+01 -4.490000e+00
      vertex   5.940999e+01 -6.439096e+01 -4.490000e+00
    endloop
  endfacet
  facet normal 0.000000e+00 0.000000e+00 1.000000e+00
    outer loop
      vertex   5.940999e+01 -6.439096e+01 -4.490000e+00
      vertex   6.146708e+01 -6.632916e+01 -4.490000e+00
      vertex   6.179845e+01 -6.658343e+01 -4.490000e+00
    endloop
  endfacet
  facet normal -9.075298e-17 -9.886589e-17 1.000000e+00
    outer loop
      vertex   5.940999e+01 -6.439096e+01 -4.490000e+00
      vertex   6.179845e+01 -6.658343e+01 -4.490000e+00
      vertex   8.571319e+01 -7.056840e+01 -4.490000e+00
    endloop
  endfacet
  facet normal -8.516851e-17 -6.535209e-17 1.000000e+00
    outer loop
      vertex   8.571319e+01 -7.056840e+01 -4.490000e+00
      vertex   6.179845e+01 -6.658343e+01 -4.490000e+00
      vertex   6.205272e+01 -6.691480e+01 -4.490000e+00
    endloop
  endfacet
  facet normal -5.655525e-17 1.199457e-16 1.000000e+00
    outer loop
      vertex   8.571319e+01 -7.056840e+01 -4.490000e+00
      vertex   6.205272e+01 -6.691480e+01 -4.490000e+00
      vertex   8.066279e+01 -7.294970e+01 -4.490000e+00
    endloop
  endfacet
  facet normal -1.102619e-16 -4.567199e-17 1.000000e+00
    outer loop
      vertex   8.066279e+01 -7.294970e+01 -4.490000e+00
      vertex   6.205272e+01 -6.691480e+01 -4.490000e+00
      vertex   6.221256e+01 -6.730069e+01 -4.490000e+00
    endloop
  endfacet
  facet normal -1.268826e-16 -9.995690e-17 1.000000e+00
    outer loop
      vertex   8.066279e+01 -7.294970e+01 -4.490000e+00
      vertex   6.221256e+01 -6.730069e+01 -4.490000e+00
      vertex   6.666279e+01 -7.294970e+01 -4.490000e+00
    endloop
  endfacet
  facet normal 0.000000e+00 0.000000e+00 1.000000e+00
    outer loop
      vertex   6.666279e+01 -7.294970e+01 -4.490000e+00
      vertex   6.221256e+01 -6.730069e+01 -4.490000e+00
      vertex   6.226708e+01 -6.771480e+01 -4.490000e+00
    endloop
  endfacet
  facet normal 0.000000e+00 0.000000e+00 1.000000e+00
    outer loop
      vertex   6.666279e+01 -7.294970e+01 -4.490000e+00
      vertex   6.226708e+01 -6.771480e+01 -4.490000e+00
      vertex   6.221256e+01 -6.812891e+01 -4.490000e+00
    endloop
  endfacet
  facet normal 0.000000e+00 0.000000e+00 1.000000e+00
    outer loop
      vertex   6.221256e+01 -6.812891e+01 -4.490000e+00
      vertex   6.205272e+01 -6.851480e+01 -4.490000e+00
      vertex   6.666279e+01 -7.294970e+01 -4.490000e+00
    endloop
  endfacet
  facet normal 0.000000e+00 0.000000e+00 1.000000e+00
    outer loop
      vertex   6.666279e+01 -7.294970e+01 -4.490000e+00
      vertex   6.205272e+01 -6.851480e+01 -4.490000e+00
      vertex   6.179845e+01 -6.884617e+01 -4.490000e+00
    endloop
  endfacet
  facet normal 0.000000e+00 0.000000e+00 1.000000e+00
    outer loop
      vertex   6.666279e+01 -7.294970e+01 -4.490000e+00
      vertex   6.179845e+01 -6.884617e+01 -4.490000e+00
      vertex   6.146708e+01 -6.910044e+01 -4.490000e+00
    endloop
  endfacet
  facet normal 0.000000e+00 0.000000e+00 1.000000e+00
    outer loop
      vertex   6.146708e+01 -6.910044e+01 -4.490000e+00
      vertex   6.108119e+01 -6.926028e+01 -4.490000e+00
      vertex   6.666279e+01 -7.294970e+01 -4.490000e+00
    endloop
  endfacet
  facet normal 0.000000e+00 0.000000e+00 1.000000e+00
    outer loop
      vertex   6.666279e+01 -7.294970e+01 -4.490000e+00
      vertex   6.108119e+01 -6.926028e+01 -4.490000e+00
      vertex   6.066708e+01 -6.931480e+01 -4.490000e+00
    endloop
  endfacet
  facet normal 0.000000e+00 0.000000e+00 1.000000e+00
    outer loop
      vertex   6.666279e+01 -7.294970e+01 -4.490000e+00
      vertex   6.066708e+01 -6.931480e+01 -4.490000e+00
      vertex   6.025297e+01 -6.926028e+01 -4.490000e+00
    endloop
  endfacet
  facet normal 0.000000e+00 0.000000e+00 1.000000e+00
    outer loop
      vertex   6.666279e+01 -7.294970e+01 -4.490000e+00
      vertex   6.025297e+01 -6.926028e+01 -4.490000e+00
      vertex   6.666279e+01 -8.694970e+01 -4.490000e+00
    endloop
  endfacet
  facet normal 0.000000e+00 0.000000e+00 1.000000e+00
    outer loop
      vertex   6.666279e+01 -8.694970e+01 -4.490000e+00
      vertex   6.025297e+01 -6.926028e+01 -4.490000e+00
      vertex   5.986708e+01 -6.910044e+01 -4.490000e+00
    endloop
  endfacet
  facet normal -4.344155e-16 -1.653942e-16 1.000000e+00
    outer loop
      vertex   6.666279e+01 -8.694970e+01 -4.490000e+00
      vertex   5.986708e+01 -6.910044e+01 -4.490000e+00
      vertex   5.713759e+01 -6.730139e+01 -4.490000e+00
    endloop
  endfacet
  facet normal -2.307455e-15 -3.007134e-15 1.000000e+00
    outer loop
      vertex   5.713759e+01 -6.730139e+01 -4.490000e+00
      vertex   5.986708e+01 -6.910044e+01 -4.490000e+00
      vertex   5.953571e+01 -6.884617e+01 -4.490000e+00
    endloop
  endfacet
  facet normal -7.323595e-16 -5.619592e-16 1.000000e+00
    outer loop
      vertex   5.713759e+01 -6.730139e+01 -4.490000e+00
      vertex   5.953571e+01 -6.884617e+01 -4.490000e+00
      vertex   5.928144e+01 -6.851480e+01 -4.490000e+00
    endloop
  endfacet
  facet normal -5.411649e-16 -2.241578e-16 1.000000e+00
    outer loop
      vertex   5.928144e+01 -6.851480e+01 -4.490000e+00
      vertex   5.912160e+01 -6.812891e+01 -4.490000e+00
      vertex   5.713759e+01 -6.730139e+01 -4.490000e+00
    endloop
  endfacet
  facet normal -7.908171e-17 0.000000e+00 1.000000e+00
    outer loop
      vertex   1.949144e+02 -9.824597e+01 -4.490000e+00
      vertex   2.061455e+02 -1.030073e+02 -4.490000e+00
      vertex   1.949144e+02 -9.424363e+01 -4.490000e+00
    endloop
  endfacet
  facet normal -4.286104e-17 4.641889e-17 1.000000e+00
    outer loop
      vertex   1.949144e+02 -9.424363e+01 -4.490000e+00
      vertex   2.061455e+02 -1.030073e+02 -4.490000e+00
      vertex   1.976414e+02 -9.172568e+01 -4.490000e+00
    endloop
  endfacet
  facet normal 0.000000e+00 0.000000e+00 1.000000e+00
    outer loop
      vertex   1.949144e+02 -9.424363e+01 -4.490000e+00
      vertex   1.976414e+02 -9.172568e+01 -4.490000e+00
      vertex   1.971590e+02 -9.192548e+01 -4.490000e+00
    endloop
  endfacet
  facet normal -2.793616e-16 -4.724254e-16 1.000000e+00
    outer loop
      vertex   2.061455e+02 -1.030073e+02 -4.490000e+00
      vertex   1.949144e+02 -9.824597e+01 -4.490000e+00
      vertex   2.038686e+02 -1.035409e+02 -4.490000e+00
    endloop
  endfacet
  facet normal -1.506152e-15 -2.547038e-15 1.000000e+00
    outer loop
      vertex   2.038686e+02 -1.035409e+02 -4.490000e+00
      vertex   1.949144e+02 -9.824597e+01 -4.490000e+00
      vertex   1.948718e+02 -9.856949e+01 -4.490000e+00
    endloop
  endfacet
  facet normal -8.033440e-17 3.327560e-17 1.000000e+00
    outer loop
      vertex   2.038686e+02 -1.035409e+02 -4.490000e+00
      vertex   1.948718e+02 -9.856949e+01 -4.490000e+00
      vertex   1.947469e+02 -9.887097e+01 -4.490000e+00
    endloop
  endfacet
  facet normal -6.990761e-17 5.364200e-17 1.000000e+00
    outer loop
      vertex   1.947469e+02 -9.887097e+01 -4.490000e+00
      vertex   1.945483e+02 -9.912985e+01 -4.490000e+00
      vertex   2.038686e+02 -1.035409e+02 -4.490000e+00
    endloop
  endfacet
  facet normal -5.894114e-17 7.681359e-17 1.000000e+00
    outer loop
      vertex   2.038686e+02 -1.035409e+02 -4.490000e+00
      vertex   1.945483e+02 -9.912985e+01 -4.490000e+00
      vertex   1.942894e+02 -9.932850e+01 -4.490000e+00
    endloop
  endfacet
  facet normal -9.321701e-17 -1.131412e-18 1.000000e+00
    outer loop
      vertex   2.038686e+02 -1.035409e+02 -4.490000e+00
      vertex   1.942894e+02 -9.932850e+01 -4.490000e+00
      vertex   1.943686e+02 -1.058538e+02 -4.490000e+00
    endloop
  endfacet
  facet normal 0.000000e+00 0.000000e+00 1.000000e+00
    outer loop
      vertex   1.943686e+02 -1.058538e+02 -4.490000e+00
      vertex   1.942894e+02 -9.932850e+01 -4.490000e+00
      vertex   1.939879e+02 -9.945337e+01 -4.490000e+00
    endloop
  endfacet
  facet normal 0.000000e+00 0.000000e+00 1.000000e+00
    outer loop
      vertex   1.943686e+02 -1.058538e+02 -4.490000e+00
      vertex   1.939879e+02 -9.945337e+01 -4.490000e+00
      vertex   1.936644e+02 -9.949597e+01 -4.490000e+00
    endloop
  endfacet
  facet normal 0.000000e+00 0.000000e+00 1.000000e+00
    outer loop
      vertex   1.936644e+02 -9.949597e+01 -4.490000e+00
      vertex   1.888642e+02 -9.949597e+01 -4.490000e+00
      vertex   1.943686e+02 -1.058538e+02 -4.490000e+00
    endloop
  endfacet
  facet normal 0.000000e+00 0.000000e+00 1.000000e+00
    outer loop
      vertex   1.943686e+02 -1.058538e+02 -4.490000e+00
      vertex   1.888642e+02 -9.949597e+01 -4.490000e+00
      vertex   1.880642e+02 -9.949597e+01 -4.490000e+00
    endloop
  endfacet
  facet normal -3.700589e-16 -3.669496e-16 1.000000e+00
    outer loop
      vertex   1.943686e+02 -1.058538e+02 -4.490000e+00
      vertex   1.880642e+02 -9.949597e+01 -4.490000e+00
      vertex   1.832640e+02 -9.949597e+01 -4.490000e+00
    endloop
  endfacet
  facet normal 0.000000e+00 0.000000e+00 1.000000e+00
    outer loop
      vertex   1.880642e+02 -9.949597e+01 -4.490000e+00
      vertex   1.888642e+02 -9.949597e+01 -4.490000e+00
      vertex   1.880642e+02 -9.299363e+01 -4.490000e+00
    endloop
  endfacet
  facet normal -0.000000e+00 0.000000e+00 1.000000e+00
    outer loop
      vertex   1.880642e+02 -9.299363e+01 -4.490000e+00
      vertex   1.888642e+02 -9.949597e+01 -4.490000e+00
      vertex   1.888642e+02 -9.299363e+01 -4.490000e+00
    endloop
  endfacet
  facet normal -0.000000e+00 1.776357e-15 1.000000e+00
    outer loop
      vertex   1.880642e+02 -9.299363e+01 -4.490000e+00
      vertex   1.888642e+02 -9.299363e+01 -4.490000e+00
      vertex   1.816326e+02 -9.199363e+01 -4.490000e+00
    endloop
  endfacet
  facet normal -1.775326e-16 4.925209e-16 1.000000e+00
    outer loop
      vertex   1.816326e+02 -9.199363e+01 -4.490000e+00
      vertex   1.888642e+02 -9.299363e+01 -4.490000e+00
      vertex   1.966414e+02 -9.199363e+01 -4.490000e+00
    endloop
  endfacet
  facet normal 0.000000e+00 -8.881784e-16 1.000000e+00
    outer loop
      vertex   1.966414e+02 -9.199363e+01 -4.490000e+00
      vertex   1.888642e+02 -9.299363e+01 -4.490000e+00
      vertex   1.936644e+02 -9.299363e+01 -4.490000e+00
    endloop
  endfacet
  facet normal -8.400665e-17 -6.380939e-16 1.000000e+00
    outer loop
      vertex   1.966414e+02 -9.199363e+01 -4.490000e+00
      vertex   1.936644e+02 -9.299363e+01 -4.490000e+00
      vertex   1.939879e+02 -9.303622e+01 -4.490000e+00
    endloop
  endfacet
  facet normal -1.717787e-16 -4.147106e-16 1.000000e+00
    outer loop
      vertex   1.939879e+02 -9.303622e+01 -4.490000e+00
      vertex   1.942894e+02 -9.316110e+01 -4.490000e+00
      vertex   1.966414e+02 -9.199363e+01 -4.490000e+00
    endloop
  endfacet
  facet normal -2.292999e-16 -2.988295e-16 1.000000e+00
    outer loop
      vertex   1.966414e+02 -9.199363e+01 -4.490000e+00
      vertex   1.942894e+02 -9.316110e+01 -4.490000e+00
      vertex   1.945483e+02 -9.335975e+01 -4.490000e+00
    endloop
  endfacet
  facet normal -2.827391e-16 -2.169533e-16 1.000000e+00
    outer loop
      vertex   1.966414e+02 -9.199363e+01 -4.490000e+00
      vertex   1.945483e+02 -9.335975e+01 -4.490000e+00
      vertex   1.947469e+02 -9.361863e+01 -4.490000e+00
    endloop
  endfacet
  facet normal -3.459276e-16 -1.432879e-16 1.000000e+00
    outer loop
      vertex   1.947469e+02 -9.361863e+01 -4.490000e+00
      vertex   1.948718e+02 -9.392011e+01 -4.490000e+00
      vertex   1.966414e+02 -9.199363e+01 -4.490000e+00
    endloop
  endfacet
  facet normal 6.904648e-17 -5.244601e-16 1.000000e+00
    outer loop
      vertex   1.966414e+02 -9.199363e+01 -4.490000e+00
      vertex   1.948718e+02 -9.392011e+01 -4.490000e+00
      vertex   1.971590e+02 -9.192548e+01 -4.490000e+00
    endloop
  endfacet
  facet normal -2.495921e-15 2.416732e-15 1.000000e+00
    outer loop
      vertex   1.971590e+02 -9.192548e+01 -4.490000e+00
      vertex   1.948718e+02 -9.392011e+01 -4.490000e+00
      vertex   1.949144e+02 -9.424363e+01 -4.490000e+00
    endloop
  endfacet
  facet normal -1.456221e-16 0.000000e+00 1.000000e+00
    outer loop
      vertex   1.820140e+02 -9.424363e+01 -4.490000e+00
      vertex   1.759148e+02 -8.961880e+01 -4.490000e+00
      vertex   1.820140e+02 -9.824597e+01 -4.490000e+00
    endloop
  endfacet
  facet normal -1.456221e-16 0.000000e+00 1.000000e+00
    outer loop
      vertex   1.820140e+02 -9.824597e+01 -4.490000e+00
      vertex   1.759148e+02 -8.961880e+01 -4.490000e+00
      vertex   1.759148e+02 -1.036188e+02 -4.490000e+00
    endloop
  endfacet
  facet normal -1.304888e-16 -1.717918e-17 1.000000e+00
    outer loop
      vertex   1.820140e+02 -9.824597e+01 -4.490000e+00
      vertex   1.759148e+02 -1.036188e+02 -4.490000e+00
      vertex   1.820566e+02 -9.856949e+01 -4.490000e+00
    endloop
  endfacet
  facet normal -1.078765e-16 -4.468393e-17 1.000000e+00
    outer loop
      vertex   1.820566e+02 -9.856949e+01 -4.490000e+00
      vertex   1.759148e+02 -1.036188e+02 -4.490000e+00
      vertex   1.821815e+02 -9.887097e+01 -4.490000e+00
    endloop
  endfacet
  facet normal -8.962620e-17 -6.877260e-17 1.000000e+00
    outer loop
      vertex   1.821815e+02 -9.887097e+01 -4.490000e+00
      vertex   1.759148e+02 -1.036188e+02 -4.490000e+00
      vertex   1.823801e+02 -9.912985e+01 -4.490000e+00
    endloop
  endfacet
  facet normal -7.211917e-17 -9.398753e-17 1.000000e+00
    outer loop
      vertex   1.823801e+02 -9.912985e+01 -4.490000e+00
      vertex   1.759148e+02 -1.036188e+02 -4.490000e+00
      vertex   1.826390e+02 -9.932850e+01 -4.490000e+00
    endloop
  endfacet
  facet normal -5.199529e-17 -1.255277e-16 1.000000e+00
    outer loop
      vertex   1.826390e+02 -9.932850e+01 -4.490000e+00
      vertex   1.759148e+02 -1.036188e+02 -4.490000e+00
      vertex   1.829405e+02 -9.945337e+01 -4.490000e+00
    endloop
  endfacet
  facet normal -2.297099e-17 -1.744820e-16 1.000000e+00
    outer loop
      vertex   1.829405e+02 -9.945337e+01 -4.490000e+00
      vertex   1.759148e+02 -1.036188e+02 -4.490000e+00
      vertex   1.832640e+02 -9.949597e+01 -4.490000e+00
    endloop
  endfacet
  facet normal -1.402106e-16 3.450471e-17 1.000000e+00
    outer loop
      vertex   1.832640e+02 -9.949597e+01 -4.490000e+00
      vertex   1.759148e+02 -1.036188e+02 -4.490000e+00
      vertex   1.943686e+02 -1.058538e+02 -4.490000e+00
    endloop
  endfacet
  facet normal 0.000000e+00 0.000000e+00 1.000000e+00
    outer loop
      vertex   1.820566e+02 -9.392011e+01 -4.490000e+00
      vertex   1.806326e+02 -9.172568e+01 -4.490000e+00
      vertex   1.820140e+02 -9.424363e+01 -4.490000e+00
    endloop
  endfacet
  facet normal 0.000000e+00 0.000000e+00 1.000000e+00
    outer loop
      vertex   1.820140e+02 -9.424363e+01 -4.490000e+00
      vertex   1.806326e+02 -9.172568e+01 -4.490000e+00
      vertex   1.802184e+02 -9.140784e+01 -4.490000e+00
    endloop
  endfacet
  facet normal -2.801077e-16 -1.773588e-16 1.000000e+00
    outer loop
      vertex   1.820140e+02 -9.424363e+01 -4.490000e+00
      vertex   1.802184e+02 -9.140784e+01 -4.490000e+00
      vertex   1.759148e+02 -8.961880e+01 -4.490000e+00
    endloop
  endfacet
  facet normal -3.030444e-16 -2.325341e-16 1.000000e+00
    outer loop
      vertex   1.759148e+02 -8.961880e+01 -4.490000e+00
      vertex   1.802184e+02 -9.140784e+01 -4.490000e+00
      vertex   1.799006e+02 -9.099363e+01 -4.490000e+00
    endloop
  endfacet
  facet normal -2.599807e-16 -1.076875e-16 1.000000e+00
    outer loop
      vertex   1.759148e+02 -8.961880e+01 -4.490000e+00
      vertex   1.799006e+02 -9.099363e+01 -4.490000e+00
      vertex   1.797008e+02 -9.051127e+01 -4.490000e+00
    endloop
  endfacet
  facet normal 0.000000e+00 0.000000e+00 1.000000e+00
    outer loop
      vertex   1.806326e+02 -9.172568e+01 -4.490000e+00
      vertex   1.820566e+02 -9.392011e+01 -4.490000e+00
      vertex   1.811150e+02 -9.192548e+01 -4.490000e+00
    endloop
  endfacet
  facet normal 0.000000e+00 0.000000e+00 1.000000e+00
    outer loop
      vertex   1.811150e+02 -9.192548e+01 -4.490000e+00
      vertex   1.820566e+02 -9.392011e+01 -4.490000e+00
      vertex   1.821815e+02 -9.361863e+01 -4.490000e+00
    endloop
  endfacet
  facet normal 0.000000e+00 0.000000e+00 1.000000e+00
    outer loop
      vertex   1.811150e+02 -9.192548e+01 -4.490000e+00
      vertex   1.821815e+02 -9.361863e+01 -4.490000e+00
      vertex   1.823801e+02 -9.335975e+01 -4.490000e+00
    endloop
  endfacet
  facet normal 0.000000e+00 0.000000e+00 1.000000e+00
    outer loop
      vertex   1.811150e+02 -9.192548e+01 -4.490000e+00
      vertex   1.823801e+02 -9.335975e+01 -4.490000e+00
      vertex   1.816326e+02 -9.199363e+01 -4.490000e+00
    endloop
  endfacet
  facet normal 0.000000e+00 0.000000e+00 1.000000e+00
    outer loop
      vertex   1.816326e+02 -9.199363e+01 -4.490000e+00
      vertex   1.823801e+02 -9.335975e+01 -4.490000e+00
      vertex   1.826390e+02 -9.316110e+01 -4.490000e+00
    endloop
  endfacet
  facet normal 0.000000e+00 0.000000e+00 1.000000e+00
    outer loop
      vertex   1.816326e+02 -9.199363e+01 -4.490000e+00
      vertex   1.826390e+02 -9.316110e+01 -4.490000e+00
      vertex   1.829405e+02 -9.303622e+01 -4.490000e+00
    endloop
  endfacet
  facet normal 0.000000e+00 -0.000000e+00 1.000000e+00
    outer loop
      vertex   1.829405e+02 -9.303622e+01 -4.490000e+00
      vertex   1.832640e+02 -9.299363e+01 -4.490000e+00
      vertex   1.816326e+02 -9.199363e+01 -4.490000e+00
    endloop
  endfacet
  facet normal -3.700589e-16 -6.036964e-16 1.000000e+00
    outer loop
      vertex   1.816326e+02 -9.199363e+01 -4.490000e+00
      vertex   1.832640e+02 -9.299363e+01 -4.490000e+00
      vertex   1.880642e+02 -9.299363e+01 -4.490000e+00
    endloop
  endfacet
  facet normal 0.000000e+00 0.000000e+00 1.000000e+00
    outer loop
      vertex   8.212227e+01 -1.076165e+02 -4.490000e+00
      vertex   8.208479e+01 -1.073318e+02 -4.490000e+00
      vertex   8.066279e+01 -1.060001e+02 -4.490000e+00
    endloop
  endfacet
  facet normal 0.000000e+00 0.000000e+00 1.000000e+00
    outer loop
      vertex   8.066279e+01 -1.060001e+02 -4.490000e+00
      vertex   8.208479e+01 -1.073318e+02 -4.490000e+00
      vertex   8.212227e+01 -1.070471e+02 -4.490000e+00
    endloop
  endfacet
  facet normal 0.000000e+00 0.000000e+00 1.000000e+00
    outer loop
      vertex   8.066279e+01 -1.060001e+02 -4.490000e+00
      vertex   8.212227e+01 -1.070471e+02 -4.490000e+00
      vertex   8.223216e+01 -1.067818e+02 -4.490000e+00
    endloop
  endfacet
  facet normal 0.000000e+00 -0.000000e+00 1.000000e+00
    outer loop
      vertex   8.223216e+01 -1.067818e+02 -4.490000e+00
      vertex   8.240697e+01 -1.065540e+02 -4.490000e+00
      vertex   8.066279e+01 -1.060001e+02 -4.490000e+00
    endloop
  endfacet
  facet normal 0.000000e+00 0.000000e+00 1.000000e+00
    outer loop
      vertex   8.066279e+01 -1.060001e+02 -4.490000e+00
      vertex   8.240697e+01 -1.065540e+02 -4.490000e+00
      vertex   8.263479e+01 -1.063792e+02 -4.490000e+00
    endloop
  endfacet
  facet normal 0.000000e+00 0.000000e+00 1.000000e+00
    outer loop
      vertex   8.066279e+01 -1.060001e+02 -4.490000e+00
      vertex   8.263479e+01 -1.063792e+02 -4.490000e+00
      vertex   8.290009e+01 -1.062693e+02 -4.490000e+00
    endloop
  endfacet
  facet normal -0.000000e+00 0.000000e+00 1.000000e+00
    outer loop
      vertex   8.066279e+01 -1.060001e+02 -4.490000e+00
      vertex   8.290009e+01 -1.062693e+02 -4.490000e+00
      vertex   8.571319e+01 -1.036188e+02 -4.490000e+00
    endloop
  endfacet
  facet normal 0.000000e+00 0.000000e+00 1.000000e+00
    outer loop
      vertex   8.571319e+01 -1.036188e+02 -4.490000e+00
      vertex   8.290009e+01 -1.062693e+02 -4.490000e+00
      vertex   8.318479e+01 -1.062318e+02 -4.490000e+00
    endloop
  endfacet
  facet normal 0.000000e+00 0.000000e+00 1.000000e+00
    outer loop
      vertex   8.571319e+01 -1.036188e+02 -4.490000e+00
      vertex   8.318479e+01 -1.062318e+02 -4.490000e+00
      vertex   8.346949e+01 -1.062693e+02 -4.490000e+00
    endloop
  endfacet
  facet normal -0.000000e+00 0.000000e+00 1.000000e+00
    outer loop
      vertex   8.346949e+01 -1.062693e+02 -4.490000e+00
      vertex   8.373479e+01 -1.063792e+02 -4.490000e+00
      vertex   8.571319e+01 -1.036188e+02 -4.490000e+00
    endloop
  endfacet
  facet normal 0.000000e+00 0.000000e+00 1.000000e+00
    outer loop
      vertex   8.571319e+01 -1.036188e+02 -4.490000e+00
      vertex   8.373479e+01 -1.063792e+02 -4.490000e+00
      vertex   8.396261e+01 -1.065540e+02 -4.490000e+00
    endloop
  endfacet
  facet normal 0.000000e+00 0.000000e+00 1.000000e+00
    outer loop
      vertex   8.571319e+01 -1.036188e+02 -4.490000e+00
      vertex   8.396261e+01 -1.065540e+02 -4.490000e+00
      vertex   8.413742e+01 -1.067818e+02 -4.490000e+00
    endloop
  endfacet
  facet normal -0.000000e+00 0.000000e+00 1.000000e+00
    outer loop
      vertex   8.413742e+01 -1.067818e+02 -4.490000e+00
      vertex   8.424731e+01 -1.070471e+02 -4.490000e+00
      vertex   8.571319e+01 -1.036188e+02 -4.490000e+00
    endloop
  endfacet
  facet normal 0.000000e+00 0.000000e+00 1.000000e+00
    outer loop
      vertex   8.571319e+01 -1.036188e+02 -4.490000e+00
      vertex   8.424731e+01 -1.070471e+02 -4.490000e+00
      vertex   8.571319e+01 -1.086692e+02 -4.490000e+00
    endloop
  endfacet
  facet normal -1.903239e-16 0.000000e+00 1.000000e+00
    outer loop
      vertex   8.571319e+01 -1.036188e+02 -4.490000e+00
      vertex   8.571319e+01 -1.086692e+02 -4.490000e+00
      vertex   9.971319e+01 -1.036188e+02 -4.490000e+00
    endloop
  endfacet
  facet normal -1.903239e-16 -7.536987e-23 1.000000e+00
    outer loop
      vertex   9.971319e+01 -1.036188e+02 -4.490000e+00
      vertex   8.571319e+01 -1.086692e+02 -4.490000e+00
      vertex   9.971319e+01 -1.086692e+02 -4.490000e+00
    endloop
  endfacet
  facet normal -1.758630e-16 -6.964325e-23 1.000000e+00
    outer loop
      vertex   9.971319e+01 -1.036188e+02 -4.490000e+00
      vertex   9.971319e+01 -1.086692e+02 -4.490000e+00
      vertex   1.047636e+02 -1.015253e+02 -4.490000e+00
    endloop
  endfacet
  facet normal -1.758631e-16 0.000000e+00 1.000000e+00
    outer loop
      vertex   1.047636e+02 -1.015253e+02 -4.490000e+00
      vertex   9.971319e+01 -1.086692e+02 -4.490000e+00
      vertex   1.047636e+02 -1.155253e+02 -4.490000e+00
    endloop
  endfacet
  facet normal -1.758631e-16 0.000000e+00 1.000000e+00
    outer loop
      vertex   1.047636e+02 -1.155253e+02 -4.490000e+00
      vertex   9.971319e+01 -1.086692e+02 -4.490000e+00
      vertex   9.971319e+01 -1.226692e+02 -4.490000e+00
    endloop
  endfacet
  facet normal -1.835929e-16 5.464548e-18 1.000000e+00
    outer loop
      vertex   1.047636e+02 -1.155253e+02 -4.490000e+00
      vertex   9.971319e+01 -1.226692e+02 -4.490000e+00
      vertex   1.142888e+02 -1.205757e+02 -4.490000e+00
    endloop
  endfacet
  facet normal -1.828080e-16 0.000000e+00 1.000000e+00
    outer loop
      vertex   1.142888e+02 -1.205757e+02 -4.490000e+00
      vertex   9.971319e+01 -1.226692e+02 -4.490000e+00
      vertex   1.142888e+02 -1.345757e+02 -4.490000e+00
    endloop
  endfacet
  facet normal -1.455664e-16 4.559007e-17 1.000000e+00
    outer loop
      vertex   1.142888e+02 -1.345757e+02 -4.490000e+00
      vertex   9.971319e+01 -1.226692e+02 -4.490000e+00
      vertex   8.066279e+01 -1.250505e+02 -4.490000e+00
    endloop
  endfacet
  facet normal -1.275581e-16 1.091633e-16 1.000000e+00
    outer loop
      vertex   1.142888e+02 -1.345757e+02 -4.490000e+00
      vertex   8.066279e+01 -1.250505e+02 -4.490000e+00
      vertex   5.955350e+01 -1.334444e+02 -4.490000e+00
    endloop
  endfacet
  facet normal 0.000000e+00 0.000000e+00 1.000000e+00
    outer loop
      vertex   8.424731e+01 -1.070471e+02 -4.490000e+00
      vertex   8.428479e+01 -1.073318e+02 -4.490000e+00
      vertex   8.571319e+01 -1.086692e+02 -4.490000e+00
    endloop
  endfacet
  facet normal 0.000000e+00 0.000000e+00 1.000000e+00
    outer loop
      vertex   8.571319e+01 -1.086692e+02 -4.490000e+00
      vertex   8.428479e+01 -1.073318e+02 -4.490000e+00
      vertex   8.424731e+01 -1.076165e+02 -4.490000e+00
    endloop
  endfacet
  facet normal 0.000000e+00 0.000000e+00 1.000000e+00
    outer loop
      vertex   8.571319e+01 -1.086692e+02 -4.490000e+00
      vertex   8.424731e+01 -1.076165e+02 -4.490000e+00
      vertex   8.413742e+01 -1.078818e+02 -4.490000e+00
    endloop
  endfacet
  facet normal 0.000000e+00 0.000000e+00 1.000000e+00
    outer loop
      vertex   8.413742e+01 -1.078818e+02 -4.490000e+00
      vertex   8.396261e+01 -1.081096e+02 -4.490000e+00
      vertex   8.571319e+01 -1.086692e+02 -4.490000e+00
    endloop
  endfacet
  facet normal 0.000000e+00 0.000000e+00 1.000000e+00
    outer loop
      vertex   8.571319e+01 -1.086692e+02 -4.490000e+00
      vertex   8.396261e+01 -1.081096e+02 -4.490000e+00
      vertex   8.373479e+01 -1.082844e+02 -4.490000e+00
    endloop
  endfacet
  facet normal 0.000000e+00 0.000000e+00 1.000000e+00
    outer loop
      vertex   8.571319e+01 -1.086692e+02 -4.490000e+00
      vertex   8.373479e+01 -1.082844e+02 -4.490000e+00
      vertex   8.346949e+01 -1.083943e+02 -4.490000e+00
    endloop
  endfacet
  facet normal 0.000000e+00 0.000000e+00 1.000000e+00
    outer loop
      vertex   8.571319e+01 -1.086692e+02 -4.490000e+00
      vertex   8.346949e+01 -1.083943e+02 -4.490000e+00
      vertex   8.066279e+01 -1.110505e+02 -4.490000e+00
    endloop
  endfacet
  facet normal 0.000000e+00 0.000000e+00 1.000000e+00
    outer loop
      vertex   8.066279e+01 -1.110505e+02 -4.490000e+00
      vertex   8.346949e+01 -1.083943e+02 -4.490000e+00
      vertex   8.318479e+01 -1.084318e+02 -4.490000e+00
    endloop
  endfacet
  facet normal 0.000000e+00 0.000000e+00 1.000000e+00
    outer loop
      vertex   8.066279e+01 -1.110505e+02 -4.490000e+00
      vertex   8.318479e+01 -1.084318e+02 -4.490000e+00
      vertex   8.290009e+01 -1.083943e+02 -4.490000e+00
    endloop
  endfacet
  facet normal 0.000000e+00 0.000000e+00 1.000000e+00
    outer loop
      vertex   8.290009e+01 -1.083943e+02 -4.490000e+00
      vertex   8.263479e+01 -1.082844e+02 -4.490000e+00
      vertex   8.066279e+01 -1.110505e+02 -4.490000e+00
    endloop
  endfacet
  facet normal 0.000000e+00 0.000000e+00 1.000000e+00
    outer loop
      vertex   8.066279e+01 -1.110505e+02 -4.490000e+00
      vertex   8.263479e+01 -1.082844e+02 -4.490000e+00
      vertex   8.240697e+01 -1.081096e+02 -4.490000e+00
    endloop
  endfacet
  facet normal 0.000000e+00 0.000000e+00 1.000000e+00
    outer loop
      vertex   8.066279e+01 -1.110505e+02 -4.490000e+00
      vertex   8.240697e+01 -1.081096e+02 -4.490000e+00
      vertex   8.223216e+01 -1.078818e+02 -4.490000e+00
    endloop
  endfacet
  facet normal 0.000000e+00 0.000000e+00 1.000000e+00
    outer loop
      vertex   8.223216e+01 -1.078818e+02 -4.490000e+00
      vertex   8.212227e+01 -1.076165e+02 -4.490000e+00
      vertex   8.066279e+01 -1.110505e+02 -4.490000e+00
    endloop
  endfacet
  facet normal 0.000000e+00 -0.000000e+00 1.000000e+00
    outer loop
      vertex   8.066279e+01 -1.110505e+02 -4.490000e+00
      vertex   8.212227e+01 -1.076165e+02 -4.490000e+00
      vertex   8.066279e+01 -1.060001e+02 -4.490000e+00
    endloop
  endfacet
  facet normal -1.268826e-16 -3.570234e-31 1.000000e+00
    outer loop
      vertex   8.066279e+01 -1.110505e+02 -4.490000e+00
      vertex   8.066279e+01 -1.060001e+02 -4.490000e+00
      vertex   6.666279e+01 -1.060001e+02 -4.490000e+00
    endloop
  endfacet
  facet normal -6.344132e-17 -1.291282e-16 1.000000e+00
    outer loop
      vertex   1.238140e+02 -1.107627e+02 -4.490000e+00
      vertex   1.222366e+02 -1.168660e+02 -4.490000e+00
      vertex   1.378140e+02 -1.107627e+02 -4.490000e+00
    endloop
  endfacet
  facet normal -1.267933e-16 3.256426e-17 1.000000e+00
    outer loop
      vertex   1.378140e+02 -1.107627e+02 -4.490000e+00
      vertex   1.222366e+02 -1.168660e+02 -4.490000e+00
      vertex   1.282888e+02 -1.205757e+02 -4.490000e+00
    endloop
  endfacet
  facet normal -1.280604e-16 3.379417e-17 1.000000e+00
    outer loop
      vertex   1.378140e+02 -1.107627e+02 -4.490000e+00
      vertex   1.282888e+02 -1.205757e+02 -4.490000e+00
      vertex   1.428644e+02 -1.179066e+02 -4.490000e+00
    endloop
  endfacet
  facet normal -1.369750e-16 8.247584e-17 1.000000e+00
    outer loop
      vertex   1.428644e+02 -1.179066e+02 -4.490000e+00
      vertex   1.282888e+02 -1.205757e+02 -4.490000e+00
      vertex   1.333392e+02 -1.229570e+02 -4.490000e+00
    endloop
  endfacet
  facet normal -6.344132e-17 -5.621081e-17 1.000000e+00
    outer loop
      vertex   1.428644e+02 -1.179066e+02 -4.490000e+00
      vertex   1.333392e+02 -1.229570e+02 -4.490000e+00
      vertex   1.473392e+02 -1.229570e+02 -4.490000e+00
    endloop
  endfacet
  facet normal -1.758629e-16 0.000000e+00 1.000000e+00
    outer loop
      vertex   1.238140e+02 -9.676270e+01 -4.490000e+00
      vertex   1.187636e+02 -1.015253e+02 -4.490000e+00
      vertex   1.238140e+02 -1.107627e+02 -4.490000e+00
    endloop
  endfacet
  facet normal -1.758629e-16 0.000000e+00 1.000000e+00
    outer loop
      vertex   1.238140e+02 -1.107627e+02 -4.490000e+00
      vertex   1.187636e+02 -1.015253e+02 -4.490000e+00
      vertex   1.187636e+02 -1.155253e+02 -4.490000e+00
    endloop
  endfacet
  facet normal -4.390087e-17 -1.399365e-16 1.000000e+00
    outer loop
      vertex   1.238140e+02 -1.107627e+02 -4.490000e+00
      vertex   1.187636e+02 -1.155253e+02 -4.490000e+00
      vertex   1.212840e+02 -1.163160e+02 -4.490000e+00
    endloop
  endfacet
  facet normal 0.000000e+00 0.000000e+00 1.000000e+00
    outer loop
      vertex   1.212840e+02 -1.163160e+02 -4.490000e+00
      vertex   1.187636e+02 -1.155253e+02 -4.490000e+00
      vertex   1.209993e+02 -1.163535e+02 -4.490000e+00
    endloop
  endfacet
  facet normal 0.000000e+00 0.000000e+00 1.000000e+00
    outer loop
      vertex   1.209993e+02 -1.163535e+02 -4.490000e+00
      vertex   1.187636e+02 -1.155253e+02 -4.490000e+00
      vertex   1.207340e+02 -1.164634e+02 -4.490000e+00
    endloop
  endfacet
  facet normal 0.000000e+00 0.000000e+00 1.000000e+00
    outer loop
      vertex   1.207340e+02 -1.164634e+02 -4.490000e+00
      vertex   1.187636e+02 -1.155253e+02 -4.490000e+00
      vertex   1.205062e+02 -1.166382e+02 -4.490000e+00
    endloop
  endfacet
  facet normal 0.000000e+00 0.000000e+00 1.000000e+00
    outer loop
      vertex   1.205062e+02 -1.166382e+02 -4.490000e+00
      vertex   1.187636e+02 -1.155253e+02 -4.490000e+00
      vertex   1.203314e+02 -1.168660e+02 -4.490000e+00
    endloop
  endfacet
  facet normal 0.000000e+00 0.000000e+00 1.000000e+00
    outer loop
      vertex   1.203314e+02 -1.168660e+02 -4.490000e+00
      vertex   1.187636e+02 -1.155253e+02 -4.490000e+00
      vertex   1.202215e+02 -1.171313e+02 -4.490000e+00
    endloop
  endfacet
  facet normal 0.000000e+00 0.000000e+00 1.000000e+00
    outer loop
      vertex   1.202215e+02 -1.171313e+02 -4.490000e+00
      vertex   1.187636e+02 -1.155253e+02 -4.490000e+00
      vertex   1.201840e+02 -1.174160e+02 -4.490000e+00
    endloop
  endfacet
  facet normal 0.000000e+00 0.000000e+00 1.000000e+00
    outer loop
      vertex   1.201840e+02 -1.174160e+02 -4.490000e+00
      vertex   1.187636e+02 -1.155253e+02 -4.490000e+00
      vertex   1.142888e+02 -1.205757e+02 -4.490000e+00
    endloop
  endfacet
  facet normal 0.000000e+00 0.000000e+00 1.000000e+00
    outer loop
      vertex   1.201840e+02 -1.174160e+02 -4.490000e+00
      vertex   1.142888e+02 -1.205757e+02 -4.490000e+00
      vertex   1.202215e+02 -1.177007e+02 -4.490000e+00
    endloop
  endfacet
  facet normal 0.000000e+00 0.000000e+00 1.000000e+00
    outer loop
      vertex   1.202215e+02 -1.177007e+02 -4.490000e+00
      vertex   1.142888e+02 -1.205757e+02 -4.490000e+00
      vertex   1.203314e+02 -1.179660e+02 -4.490000e+00
    endloop
  endfacet
  facet normal 0.000000e+00 0.000000e+00 1.000000e+00
    outer loop
      vertex   1.203314e+02 -1.179660e+02 -4.490000e+00
      vertex   1.142888e+02 -1.205757e+02 -4.490000e+00
      vertex   1.205062e+02 -1.181938e+02 -4.490000e+00
    endloop
  endfacet
  facet normal 0.000000e+00 0.000000e+00 1.000000e+00
    outer loop
      vertex   1.205062e+02 -1.181938e+02 -4.490000e+00
      vertex   1.142888e+02 -1.205757e+02 -4.490000e+00
      vertex   1.207340e+02 -1.183686e+02 -4.490000e+00
    endloop
  endfacet
  facet normal 0.000000e+00 0.000000e+00 1.000000e+00
    outer loop
      vertex   1.207340e+02 -1.183686e+02 -4.490000e+00
      vertex   1.142888e+02 -1.205757e+02 -4.490000e+00
      vertex   1.209993e+02 -1.184785e+02 -4.490000e+00
    endloop
  endfacet
  facet normal 0.000000e+00 0.000000e+00 1.000000e+00
    outer loop
      vertex   1.209993e+02 -1.184785e+02 -4.490000e+00
      vertex   1.142888e+02 -1.205757e+02 -4.490000e+00
      vertex   1.212840e+02 -1.185160e+02 -4.490000e+00
    endloop
  endfacet
  facet normal -6.344132e-17 2.154608e-16 1.000000e+00
    outer loop
      vertex   1.212840e+02 -1.185160e+02 -4.490000e+00
      vertex   1.142888e+02 -1.205757e+02 -4.490000e+00
      vertex   1.282888e+02 -1.205757e+02 -4.490000e+00
    endloop
  endfacet
  facet normal -3.921355e-17 2.978565e-16 1.000000e+00
    outer loop
      vertex   1.212840e+02 -1.185160e+02 -4.490000e+00
      vertex   1.282888e+02 -1.205757e+02 -4.490000e+00
      vertex   1.215687e+02 -1.184785e+02 -4.490000e+00
    endloop
  endfacet
  facet normal -7.537703e-17 1.819762e-16 1.000000e+00
    outer loop
      vertex   1.215687e+02 -1.184785e+02 -4.490000e+00
      vertex   1.282888e+02 -1.205757e+02 -4.490000e+00
      vertex   1.218340e+02 -1.183686e+02 -4.490000e+00
    endloop
  endfacet
  facet normal -9.518462e-17 1.240470e-16 1.000000e+00
    outer loop
      vertex   1.218340e+02 -1.183686e+02 -4.490000e+00
      vertex   1.282888e+02 -1.205757e+02 -4.490000e+00
      vertex   1.220618e+02 -1.181938e+02 -4.490000e+00
    endloop
  endfacet
  facet normal -1.102688e-16 8.461224e-17 1.000000e+00
    outer loop
      vertex   1.220618e+02 -1.181938e+02 -4.490000e+00
      vertex   1.282888e+02 -1.205757e+02 -4.490000e+00
      vertex   1.222366e+02 -1.179660e+02 -4.490000e+00
    endloop
  endfacet
  facet normal -1.245143e-16 5.157551e-17 1.000000e+00
    outer loop
      vertex   1.222366e+02 -1.179660e+02 -4.490000e+00
      vertex   1.282888e+02 -1.205757e+02 -4.490000e+00
      vertex   1.223465e+02 -1.177007e+02 -4.490000e+00
    endloop
  endfacet
  facet normal -1.405172e-16 1.849944e-17 1.000000e+00
    outer loop
      vertex   1.223465e+02 -1.177007e+02 -4.490000e+00
      vertex   1.282888e+02 -1.205757e+02 -4.490000e+00
      vertex   1.223840e+02 -1.174160e+02 -4.490000e+00
    endloop
  endfacet
  facet normal -1.618160e-16 -2.130348e-17 1.000000e+00
    outer loop
      vertex   1.223840e+02 -1.174160e+02 -4.490000e+00
      vertex   1.282888e+02 -1.205757e+02 -4.490000e+00
      vertex   1.223465e+02 -1.171313e+02 -4.490000e+00
    endloop
  endfacet
  facet normal -1.966927e-16 -8.147280e-17 1.000000e+00
    outer loop
      vertex   1.223465e+02 -1.171313e+02 -4.490000e+00
      vertex   1.282888e+02 -1.205757e+02 -4.490000e+00
      vertex   1.222366e+02 -1.168660e+02 -4.490000e+00
    endloop
  endfacet
  facet normal -6.344132e-17 -2.512327e-23 1.000000e+00
    outer loop
      vertex   1.378140e+02 -9.676270e+01 -4.490000e+00
      vertex   1.378140e+02 -9.171230e+01 -4.490000e+00
      vertex   1.238140e+02 -9.676270e+01 -4.490000e+00
    endloop
  endfacet
  facet normal -6.344133e-17 0.000000e+00 1.000000e+00
    outer loop
      vertex   1.238140e+02 -9.676270e+01 -4.490000e+00
      vertex   1.378140e+02 -9.171230e+01 -4.490000e+00
      vertex   1.238140e+02 -9.171230e+01 -4.490000e+00
    endloop
  endfacet
  facet normal -1.758630e-16 0.000000e+00 1.000000e+00
    outer loop
      vertex   1.238140e+02 -9.676270e+01 -4.490000e+00
      vertex   1.238140e+02 -9.171230e+01 -4.490000e+00
      vertex   1.187636e+02 -9.647490e+01 -4.490000e+00
    endloop
  endfacet
  facet normal -1.758630e-16 0.000000e+00 1.000000e+00
    outer loop
      vertex   1.187636e+02 -9.647490e+01 -4.490000e+00
      vertex   1.238140e+02 -9.171230e+01 -4.490000e+00
      vertex   1.187636e+02 -8.247490e+01 -4.490000e+00
    endloop
  endfacet
  facet normal -1.758630e-16 0.000000e+00 1.000000e+00
    outer loop
      vertex   1.187636e+02 -8.247490e+01 -4.490000e+00
      vertex   1.238140e+02 -9.171230e+01 -4.490000e+00
      vertex   1.238140e+02 -7.771230e+01 -4.490000e+00
    endloop
  endfacet
  facet normal -1.758629e-16 -6.964318e-23 1.000000e+00
    outer loop
      vertex   1.187636e+02 -8.247490e+01 -4.490000e+00
      vertex   1.238140e+02 -7.771230e+01 -4.490000e+00
      vertex   1.187636e+02 -7.742450e+01 -4.490000e+00
    endloop
  endfacet
  facet normal -1.561683e-16 3.456029e-16 1.000000e+00
    outer loop
      vertex   1.187636e+02 -7.742450e+01 -4.490000e+00
      vertex   1.238140e+02 -7.771230e+01 -4.490000e+00
      vertex   1.212840e+02 -7.628560e+01 -4.490000e+00
    endloop
  endfacet
  facet normal 0.000000e+00 0.000000e+00 1.000000e+00
    outer loop
      vertex   1.187636e+02 -7.742450e+01 -4.490000e+00
      vertex   1.212840e+02 -7.628560e+01 -4.490000e+00
      vertex   1.209993e+02 -7.624812e+01 -4.490000e+00
    endloop
  endfacet
  facet normal -1.758629e-16 0.000000e+00 1.000000e+00
    outer loop
      vertex   1.378140e+02 -1.107627e+02 -4.490000e+00
      vertex   1.428644e+02 -1.039066e+02 -4.490000e+00
      vertex   1.378140e+02 -9.676270e+01 -4.490000e+00
    endloop
  endfacet
  facet normal -1.758629e-16 0.000000e+00 1.000000e+00
    outer loop
      vertex   1.378140e+02 -9.676270e+01 -4.490000e+00
      vertex   1.428644e+02 -1.039066e+02 -4.490000e+00
      vertex   1.428644e+02 -9.885620e+01 -4.490000e+00
    endloop
  endfacet
  facet normal -1.758629e-16 -6.964313e-23 1.000000e+00
    outer loop
      vertex   1.378140e+02 -9.676270e+01 -4.490000e+00
      vertex   1.428644e+02 -9.885620e+01 -4.490000e+00
      vertex   1.378140e+02 -9.171230e+01 -4.490000e+00
    endloop
  endfacet
  facet normal -1.758628e-16 0.000000e+00 1.000000e+00
    outer loop
      vertex   1.378140e+02 -9.171230e+01 -4.490000e+00
      vertex   1.428644e+02 -9.885620e+01 -4.490000e+00
      vertex   1.428644e+02 -8.485620e+01 -4.490000e+00
    endloop
  endfacet
  facet normal -1.758628e-16 0.000000e+00 1.000000e+00
    outer loop
      vertex   1.378140e+02 -9.171230e+01 -4.490000e+00
      vertex   1.428644e+02 -8.485620e+01 -4.490000e+00
      vertex   1.378140e+02 -7.771230e+01 -4.490000e+00
    endloop
  endfacet
  facet normal -1.758628e-16 0.000000e+00 1.000000e+00
    outer loop
      vertex   1.378140e+02 -7.771230e+01 -4.490000e+00
      vertex   1.428644e+02 -8.485620e+01 -4.490000e+00
      vertex   1.428644e+02 -7.980580e+01 -4.490000e+00
    endloop
  endfacet
  facet normal -1.758628e-16 1.392862e-22 1.000000e+00
    outer loop
      vertex   1.378140e+02 -7.771230e+01 -4.490000e+00
      vertex   1.428644e+02 -7.980580e+01 -4.490000e+00
      vertex   1.378140e+02 -7.266190e+01 -4.490000e+00
    endloop
  endfacet
  facet normal -1.758630e-16 0.000000e+00 1.000000e+00
    outer loop
      vertex   1.378140e+02 -7.266190e+01 -4.490000e+00
      vertex   1.428644e+02 -7.980580e+01 -4.490000e+00
      vertex   1.428644e+02 -6.580580e+01 -4.490000e+00
    endloop
  endfacet
  facet normal -1.758630e-16 0.000000e+00 1.000000e+00
    outer loop
      vertex   1.378140e+02 -7.266190e+01 -4.490000e+00
      vertex   1.428644e+02 -6.580580e+01 -4.490000e+00
      vertex   1.378140e+02 -5.866190e+01 -4.490000e+00
    endloop
  endfacet
  facet normal -6.344132e-17 7.947682e-17 1.000000e+00
    outer loop
      vertex   1.378140e+02 -5.866190e+01 -4.490000e+00
      vertex   1.428644e+02 -6.580580e+01 -4.490000e+00
      vertex   1.568644e+02 -6.580580e+01 -4.490000e+00
    endloop
  endfacet
  facet normal -1.109135e-16 -4.711577e-17 1.000000e+00
    outer loop
      vertex   1.378140e+02 -5.866190e+01 -4.490000e+00
      vertex   1.568644e+02 -6.580580e+01 -4.490000e+00
      vertex   1.418324e+02 -4.927061e+01 -4.490000e+00
    endloop
  endfacet
  facet normal -1.430090e-16 -7.629337e-17 1.000000e+00
    outer loop
      vertex   1.418324e+02 -4.927061e+01 -4.490000e+00
      vertex   1.568644e+02 -6.580580e+01 -4.490000e+00
      vertex   1.790538e+02 -6.083256e+01 -4.490000e+00
    endloop
  endfacet
  facet normal -1.969047e-16 1.641770e-16 1.000000e+00
    outer loop
      vertex   1.790538e+02 -6.083256e+01 -4.490000e+00
      vertex   1.568644e+02 -6.580580e+01 -4.490000e+00
      vertex   1.619148e+02 -7.056840e+01 -4.490000e+00
    endloop
  endfacet
  facet normal -6.344132e-17 -7.077294e-17 1.000000e+00
    outer loop
      vertex   1.790538e+02 -6.083256e+01 -4.490000e+00
      vertex   1.619148e+02 -7.056840e+01 -4.490000e+00
      vertex   1.759148e+02 -7.056840e+01 -4.490000e+00
    endloop
  endfacet
  facet normal -1.758630e-16 0.000000e+00 1.000000e+00
    outer loop
      vertex   1.333392e+02 -1.229570e+02 -4.490000e+00
      vertex   1.282888e+02 -1.345757e+02 -4.490000e+00
      vertex   1.333392e+02 -1.369570e+02 -4.490000e+00
    endloop
  endfacet
  facet normal -6.344132e-17 2.384304e-16 1.000000e+00
    outer loop
      vertex   1.333392e+02 -1.369570e+02 -4.490000e+00
      vertex   1.282888e+02 -1.345757e+02 -4.490000e+00
      vertex   1.142888e+02 -1.345757e+02 -4.490000e+00
    endloop
  endfacet
  facet normal -9.901235e-17 -4.613788e-17 1.000000e+00
    outer loop
      vertex   1.333392e+02 -1.369570e+02 -4.490000e+00
      vertex   1.142888e+02 -1.345757e+02 -4.490000e+00
      vertex   1.489407e+02 -1.511874e+02 -4.490000e+00
    endloop
  endfacet
  facet normal -1.321988e-16 -1.153647e-16 1.000000e+00
    outer loop
      vertex   1.489407e+02 -1.511874e+02 -4.490000e+00
      vertex   1.142888e+02 -1.345757e+02 -4.490000e+00
      vertex   5.955350e+01 -1.334444e+02 -4.490000e+00
    endloop
  endfacet
  facet normal -1.758630e-16 0.000000e+00 1.000000e+00
    outer loop
      vertex   1.473392e+02 -1.369570e+02 -4.490000e+00
      vertex   1.523896e+02 -1.277196e+02 -4.490000e+00
      vertex   1.473392e+02 -1.229570e+02 -4.490000e+00
    endloop
  endfacet
  facet normal -1.146396e-16 6.492313e-17 1.000000e+00
    outer loop
      vertex   1.473392e+02 -1.229570e+02 -4.490000e+00
      vertex   1.523896e+02 -1.277196e+02 -4.490000e+00
      vertex   1.548588e+02 -1.233596e+02 -4.490000e+00
    endloop
  endfacet
  facet normal -1.207944e-16 -5.003469e-17 1.000000e+00
    outer loop
      vertex   1.473392e+02 -1.229570e+02 -4.490000e+00
      vertex   1.548588e+02 -1.233596e+02 -4.490000e+00
      vertex   1.547489e+02 -1.230943e+02 -4.490000e+00
    endloop
  endfacet
  facet normal 0.000000e+00 0.000000e+00 1.000000e+00
    outer loop
      vertex   8.571319e+01 -1.086692e+02 -4.490000e+00
      vertex   8.066279e+01 -1.110505e+02 -4.490000e+00
      vertex   8.571319e+01 -1.226692e+02 -4.490000e+00
    endloop
  endfacet
  facet normal 0.000000e+00 0.000000e+00 1.000000e+00
    outer loop
      vertex   8.571319e+01 -1.226692e+02 -4.490000e+00
      vertex   8.066279e+01 -1.110505e+02 -4.490000e+00
      vertex   8.066279e+01 -1.250505e+02 -4.490000e+00
    endloop
  endfacet
  facet normal -1.903239e-16 4.036504e-16 1.000000e+00
    outer loop
      vertex   8.571319e+01 -1.226692e+02 -4.490000e+00
      vertex   8.066279e+01 -1.250505e+02 -4.490000e+00
      vertex   9.971319e+01 -1.226692e+02 -4.490000e+00
    endloop
  endfacet
  facet normal -1.903239e-16 -7.536982e-23 1.000000e+00
    outer loop
      vertex   9.971319e+01 -8.961880e+01 -4.490000e+00
      vertex   9.971319e+01 -8.456840e+01 -4.490000e+00
      vertex   8.571319e+01 -8.961880e+01 -4.490000e+00
    endloop
  endfacet
  facet normal -1.903239e-16 0.000000e+00 1.000000e+00
    outer loop
      vertex   8.571319e+01 -8.961880e+01 -4.490000e+00
      vertex   9.971319e+01 -8.456840e+01 -4.490000e+00
      vertex   8.571319e+01 -8.456840e+01 -4.490000e+00
    endloop
  endfacet
  facet normal 0.000000e+00 -0.000000e+00 1.000000e+00
    outer loop
      vertex   8.571319e+01 -8.961880e+01 -4.490000e+00
      vertex   8.571319e+01 -8.456840e+01 -4.490000e+00
      vertex   8.424731e+01 -8.799750e+01 -4.490000e+00
    endloop
  endfacet
  facet normal 0.000000e+00 -0.000000e+00 1.000000e+00
    outer loop
      vertex   8.424731e+01 -8.799750e+01 -4.490000e+00
      vertex   8.571319e+01 -8.456840e+01 -4.490000e+00
      vertex   8.413742e+01 -8.773220e+01 -4.490000e+00
    endloop
  endfacet
  facet normal 0.000000e+00 -0.000000e+00 1.000000e+00
    outer loop
      vertex   8.413742e+01 -8.773220e+01 -4.490000e+00
      vertex   8.571319e+01 -8.456840e+01 -4.490000e+00
      vertex   8.396261e+01 -8.750438e+01 -4.490000e+00
    endloop
  endfacet
  facet normal 0.000000e+00 -0.000000e+00 1.000000e+00
    outer loop
      vertex   8.396261e+01 -8.750438e+01 -4.490000e+00
      vertex   8.571319e+01 -8.456840e+01 -4.490000e+00
      vertex   8.373479e+01 -8.732957e+01 -4.490000e+00
    endloop
  endfacet
  facet normal 0.000000e+00 -0.000000e+00 1.000000e+00
    outer loop
      vertex   8.373479e+01 -8.732957e+01 -4.490000e+00
      vertex   8.571319e+01 -8.456840e+01 -4.490000e+00
      vertex   8.346949e+01 -8.721968e+01 -4.490000e+00
    endloop
  endfacet
  facet normal 0.000000e+00 -0.000000e+00 1.000000e+00
    outer loop
      vertex   8.346949e+01 -8.721968e+01 -4.490000e+00
      vertex   8.571319e+01 -8.456840e+01 -4.490000e+00
      vertex   8.318479e+01 -8.718220e+01 -4.490000e+00
    endloop
  endfacet
  facet normal 0.000000e+00 -0.000000e+00 1.000000e+00
    outer loop
      vertex   8.318479e+01 -8.718220e+01 -4.490000e+00
      vertex   8.571319e+01 -8.456840e+01 -4.490000e+00
      vertex   8.290009e+01 -8.721968e+01 -4.490000e+00
    endloop
  endfacet
  facet normal 0.000000e+00 -0.000000e+00 1.000000e+00
    outer loop
      vertex   8.290009e+01 -8.721968e+01 -4.490000e+00
      vertex   8.571319e+01 -8.456840e+01 -4.490000e+00
      vertex   8.066279e+01 -8.694970e+01 -4.490000e+00
    endloop
  endfacet
  facet normal 0.000000e+00 0.000000e+00 1.000000e+00
    outer loop
      vertex   8.290009e+01 -8.721968e+01 -4.490000e+00
      vertex   8.066279e+01 -8.694970e+01 -4.490000e+00
      vertex   8.263479e+01 -8.732957e+01 -4.490000e+00
    endloop
  endfacet
  facet normal 0.000000e+00 0.000000e+00 1.000000e+00
    outer loop
      vertex   8.263479e+01 -8.732957e+01 -4.490000e+00
      vertex   8.066279e+01 -8.694970e+01 -4.490000e+00
      vertex   8.240697e+01 -8.750438e+01 -4.490000e+00
    endloop
  endfacet
  facet normal 0.000000e+00 0.000000e+00 1.000000e+00
    outer loop
      vertex   8.240697e+01 -8.750438e+01 -4.490000e+00
      vertex   8.066279e+01 -8.694970e+01 -4.490000e+00
      vertex   8.223216e+01 -8.773220e+01 -4.490000e+00
    endloop
  endfacet
  facet normal 0.000000e+00 0.000000e+00 1.000000e+00
    outer loop
      vertex   8.223216e+01 -8.773220e+01 -4.490000e+00
      vertex   8.066279e+01 -8.694970e+01 -4.490000e+00
      vertex   8.212227e+01 -8.799750e+01 -4.490000e+00
    endloop
  endfacet
  facet normal 0.000000e+00 0.000000e+00 1.000000e+00
    outer loop
      vertex   8.212227e+01 -8.799750e+01 -4.490000e+00
      vertex   8.066279e+01 -8.694970e+01 -4.490000e+00
      vertex   8.208479e+01 -8.828220e+01 -4.490000e+00
    endloop
  endfacet
  facet normal 0.000000e+00 0.000000e+00 1.000000e+00
    outer loop
      vertex   8.208479e+01 -8.828220e+01 -4.490000e+00
      vertex   8.066279e+01 -8.694970e+01 -4.490000e+00
      vertex   8.212227e+01 -8.856690e+01 -4.490000e+00
    endloop
  endfacet
  facet normal 0.000000e+00 0.000000e+00 1.000000e+00
    outer loop
      vertex   8.212227e+01 -8.856690e+01 -4.490000e+00
      vertex   8.066279e+01 -8.694970e+01 -4.490000e+00
      vertex   8.066279e+01 -9.200010e+01 -4.490000e+00
    endloop
  endfacet
  facet normal 0.000000e+00 0.000000e+00 1.000000e+00
    outer loop
      vertex   8.212227e+01 -8.856690e+01 -4.490000e+00
      vertex   8.066279e+01 -9.200010e+01 -4.490000e+00
      vertex   8.223216e+01 -8.883220e+01 -4.490000e+00
    endloop
  endfacet
  facet normal 0.000000e+00 0.000000e+00 1.000000e+00
    outer loop
      vertex   8.223216e+01 -8.883220e+01 -4.490000e+00
      vertex   8.066279e+01 -9.200010e+01 -4.490000e+00
      vertex   8.240697e+01 -8.906002e+01 -4.490000e+00
    endloop
  endfacet
  facet normal 0.000000e+00 0.000000e+00 1.000000e+00
    outer loop
      vertex   8.240697e+01 -8.906002e+01 -4.490000e+00
      vertex   8.066279e+01 -9.200010e+01 -4.490000e+00
      vertex   8.263479e+01 -8.923483e+01 -4.490000e+00
    endloop
  endfacet
  facet normal 0.000000e+00 0.000000e+00 1.000000e+00
    outer loop
      vertex   8.263479e+01 -8.923483e+01 -4.490000e+00
      vertex   8.066279e+01 -9.200010e+01 -4.490000e+00
      vertex   8.290009e+01 -8.934472e+01 -4.490000e+00
    endloop
  endfacet
  facet normal 0.000000e+00 0.000000e+00 1.000000e+00
    outer loop
      vertex   8.290009e+01 -8.934472e+01 -4.490000e+00
      vertex   8.066279e+01 -9.200010e+01 -4.490000e+00
      vertex   8.318479e+01 -8.938220e+01 -4.490000e+00
    endloop
  endfacet
  facet normal -0.000000e+00 0.000000e+00 1.000000e+00
    outer loop
      vertex   8.318479e+01 -8.938220e+01 -4.490000e+00
      vertex   8.066279e+01 -9.200010e+01 -4.490000e+00
      vertex   8.346949e+01 -8.934472e+01 -4.490000e+00
    endloop
  endfacet
  facet normal 0.000000e+00 0.000000e+00 1.000000e+00
    outer loop
      vertex   8.346949e+01 -8.934472e+01 -4.490000e+00
      vertex   8.066279e+01 -9.200010e+01 -4.490000e+00
      vertex   8.571319e+01 -8.961880e+01 -4.490000e+00
    endloop
  endfacet
  facet normal -0.000000e+00 0.000000e+00 1.000000e+00
    outer loop
      vertex   8.346949e+01 -8.934472e+01 -4.490000e+00
      vertex   8.571319e+01 -8.961880e+01 -4.490000e+00
      vertex   8.373479e+01 -8.923483e+01 -4.490000e+00
    endloop
  endfacet
  facet normal -0.000000e+00 0.000000e+00 1.000000e+00
    outer loop
      vertex   8.373479e+01 -8.923483e+01 -4.490000e+00
      vertex   8.571319e+01 -8.961880e+01 -4.490000e+00
      vertex   8.396261e+01 -8.906002e+01 -4.490000e+00
    endloop
  endfacet
  facet normal -0.000000e+00 0.000000e+00 1.000000e+00
    outer loop
      vertex   8.396261e+01 -8.906002e+01 -4.490000e+00
      vertex   8.571319e+01 -8.961880e+01 -4.490000e+00
      vertex   8.413742e+01 -8.883220e+01 -4.490000e+00
    endloop
  endfacet
  facet normal -0.000000e+00 0.000000e+00 1.000000e+00
    outer loop
      vertex   8.413742e+01 -8.883220e+01 -4.490000e+00
      vertex   8.571319e+01 -8.961880e+01 -4.490000e+00
      vertex   8.424731e+01 -8.856690e+01 -4.490000e+00
    endloop
  endfacet
  facet normal -0.000000e+00 0.000000e+00 1.000000e+00
    outer loop
      vertex   8.424731e+01 -8.856690e+01 -4.490000e+00
      vertex   8.571319e+01 -8.961880e+01 -4.490000e+00
      vertex   8.428479e+01 -8.828220e+01 -4.490000e+00
    endloop
  endfacet
  facet normal -0.000000e+00 -0.000000e+00 1.000000e+00
    outer loop
      vertex   8.428479e+01 -8.828220e+01 -4.490000e+00
      vertex   8.571319e+01 -8.961880e+01 -4.490000e+00
      vertex   8.424731e+01 -8.799750e+01 -4.490000e+00
    endloop
  endfacet
  facet normal -1.758631e-16 0.000000e+00 1.000000e+00
    outer loop
      vertex   9.971319e+01 -1.036188e+02 -4.490000e+00
      vertex   1.047636e+02 -9.647490e+01 -4.490000e+00
      vertex   9.971319e+01 -8.961880e+01 -4.490000e+00
    endloop
  endfacet
  facet normal -1.758631e-16 0.000000e+00 1.000000e+00
    outer loop
      vertex   9.971319e+01 -8.961880e+01 -4.490000e+00
      vertex   1.047636e+02 -9.647490e+01 -4.490000e+00
      vertex   1.047636e+02 -8.247490e+01 -4.490000e+00
    endloop
  endfacet
  facet normal -1.758630e-16 -6.964316e-23 1.000000e+00
    outer loop
      vertex   9.971319e+01 -8.961880e+01 -4.490000e+00
      vertex   1.047636e+02 -8.247490e+01 -4.490000e+00
      vertex   9.971319e+01 -8.456840e+01 -4.490000e+00
    endloop
  endfacet
  facet normal -1.758630e-16 0.000000e+00 1.000000e+00
    outer loop
      vertex   9.971319e+01 -8.456840e+01 -4.490000e+00
      vertex   1.047636e+02 -8.247490e+01 -4.490000e+00
      vertex   1.047636e+02 -7.742450e+01 -4.490000e+00
    endloop
  endfacet
  facet normal -1.758630e-16 0.000000e+00 1.000000e+00
    outer loop
      vertex   9.971319e+01 -8.456840e+01 -4.490000e+00
      vertex   1.047636e+02 -7.742450e+01 -4.490000e+00
      vertex   9.971319e+01 -7.056840e+01 -4.490000e+00
    endloop
  endfacet
  facet normal -1.758630e-16 0.000000e+00 1.000000e+00
    outer loop
      vertex   9.971319e+01 -7.056840e+01 -4.490000e+00
      vertex   1.047636e+02 -7.742450e+01 -4.490000e+00
      vertex   1.047636e+02 -6.342450e+01 -4.490000e+00
    endloop
  endfacet
  facet normal -1.903239e-16 1.022322e-17 1.000000e+00
    outer loop
      vertex   9.971319e+01 -7.056840e+01 -4.490000e+00
      vertex   1.047636e+02 -6.342450e+01 -4.490000e+00
      vertex   8.571319e+01 -7.056840e+01 -4.490000e+00
    endloop
  endfacet
  facet normal -1.133439e-16 -1.950569e-16 1.000000e+00
    outer loop
      vertex   8.571319e+01 -7.056840e+01 -4.490000e+00
      vertex   1.047636e+02 -6.342450e+01 -4.490000e+00
      vertex   5.940999e+01 -6.439096e+01 -4.490000e+00
    endloop
  endfacet
  facet normal 0.000000e+00 0.000000e+00 1.000000e+00
    outer loop
      vertex   8.066279e+01 -1.060001e+02 -4.490000e+00
      vertex   8.571319e+01 -1.036188e+02 -4.490000e+00
      vertex   8.066279e+01 -9.200010e+01 -4.490000e+00
    endloop
  endfacet
  facet normal -0.000000e+00 0.000000e+00 1.000000e+00
    outer loop
      vertex   8.066279e+01 -9.200010e+01 -4.490000e+00
      vertex   8.571319e+01 -1.036188e+02 -4.490000e+00
      vertex   8.571319e+01 -8.961880e+01 -4.490000e+00
    endloop
  endfacet
  facet normal -1.268826e-16 4.022810e-18 1.000000e+00
    outer loop
      vertex   1.523896e+02 -1.417196e+02 -4.490000e+00
      vertex   1.660876e+02 -1.512448e+02 -4.490000e+00
      vertex   1.663896e+02 -1.417196e+02 -4.490000e+00
    endloop
  endfacet
  facet normal 0.000000e+00 0.000000e+00 1.000000e+00
    outer loop
      vertex   1.663896e+02 -1.417196e+02 -4.490000e+00
      vertex   1.660876e+02 -1.512448e+02 -4.490000e+00
      vertex   1.666356e+02 -1.512953e+02 -4.490000e+00
    endloop
  endfacet
  facet normal 0.000000e+00 0.000000e+00 1.000000e+00
    outer loop
      vertex   1.663896e+02 -1.417196e+02 -4.490000e+00
      vertex   1.666356e+02 -1.512953e+02 -4.490000e+00
      vertex   1.671651e+02 -1.514450e+02 -4.490000e+00
    endloop
  endfacet
  facet normal -1.758630e-16 0.000000e+00 1.000000e+00
    outer loop
      vertex   1.523896e+02 -1.417196e+02 -4.490000e+00
      vertex   1.523896e+02 -1.277196e+02 -4.490000e+00
      vertex   1.473392e+02 -1.369570e+02 -4.490000e+00
    endloop
  endfacet
  facet normal -1.268826e-16 1.222334e-16 1.000000e+00
    outer loop
      vertex   1.663896e+02 -1.277196e+02 -4.490000e+00
      vertex   1.560961e+02 -1.238721e+02 -4.490000e+00
      vertex   1.523896e+02 -1.277196e+02 -4.490000e+00
    endloop
  endfacet
  facet normal 0.000000e+00 0.000000e+00 1.000000e+00
    outer loop
      vertex   1.523896e+02 -1.277196e+02 -4.490000e+00
      vertex   1.560961e+02 -1.238721e+02 -4.490000e+00
      vertex   1.558114e+02 -1.239096e+02 -4.490000e+00
    endloop
  endfacet
  facet normal 0.000000e+00 0.000000e+00 1.000000e+00
    outer loop
      vertex   1.523896e+02 -1.277196e+02 -4.490000e+00
      vertex   1.558114e+02 -1.239096e+02 -4.490000e+00
      vertex   1.555267e+02 -1.238721e+02 -4.490000e+00
    endloop
  endfacet
  facet normal -1.102112e-16 0.000000e+00 1.000000e+00
    outer loop
      vertex   1.663896e+02 -1.417196e+02 -4.490000e+00
      vertex   1.744485e+02 -1.388588e+02 -4.490000e+00
      vertex   1.663896e+02 -1.277196e+02 -4.490000e+00
    endloop
  endfacet
  facet normal -1.232549e-16 -9.436739e-18 1.000000e+00
    outer loop
      vertex   1.663896e+02 -1.277196e+02 -4.490000e+00
      vertex   1.744485e+02 -1.388588e+02 -4.490000e+00
      vertex   1.806952e+02 -1.263297e+02 -4.490000e+00
    endloop
  endfacet
  facet normal -1.311104e-16 7.141496e-17 1.000000e+00
    outer loop
      vertex   1.663896e+02 -1.277196e+02 -4.490000e+00
      vertex   1.806952e+02 -1.263297e+02 -4.490000e+00
      vertex   1.759148e+02 -1.226692e+02 -4.490000e+00
    endloop
  endfacet
  facet normal -1.595928e-16 3.421792e-17 1.000000e+00
    outer loop
      vertex   1.759148e+02 -1.226692e+02 -4.490000e+00
      vertex   1.806952e+02 -1.263297e+02 -4.490000e+00
      vertex   1.943686e+02 -1.144700e+02 -4.490000e+00
    endloop
  endfacet
  facet normal -1.443895e-16 0.000000e+00 1.000000e+00
    outer loop
      vertex   1.759148e+02 -1.226692e+02 -4.490000e+00
      vertex   1.943686e+02 -1.144700e+02 -4.490000e+00
      vertex   1.759148e+02 -1.086692e+02 -4.490000e+00
    endloop
  endfacet
  facet normal -1.443895e-16 0.000000e+00 1.000000e+00
    outer loop
      vertex   1.759148e+02 -1.086692e+02 -4.490000e+00
      vertex   1.943686e+02 -1.144700e+02 -4.490000e+00
      vertex   1.943686e+02 -1.058538e+02 -4.490000e+00
    endloop
  endfacet
  facet normal -1.443895e-16 0.000000e+00 1.000000e+00
    outer loop
      vertex   1.759148e+02 -1.086692e+02 -4.490000e+00
      vertex   1.943686e+02 -1.058538e+02 -4.490000e+00
      vertex   1.759148e+02 -1.036188e+02 -4.490000e+00
    endloop
  endfacet
  facet normal -1.268826e-16 0.000000e+00 1.000000e+00
    outer loop
      vertex   8.066279e+01 -8.694970e+01 -4.490000e+00
      vertex   6.666279e+01 -8.694970e+01 -4.490000e+00
      vertex   8.066279e+01 -9.200010e+01 -4.490000e+00
    endloop
  endfacet
  facet normal -1.268826e-16 -3.570231e-31 1.000000e+00
    outer loop
      vertex   8.066279e+01 -9.200010e+01 -4.490000e+00
      vertex   6.666279e+01 -8.694970e+01 -4.490000e+00
      vertex   6.666279e+01 -9.200010e+01 -4.490000e+00
    endloop
  endfacet
  facet normal -9.324513e-17 -2.623737e-31 1.000000e+00
    outer loop
      vertex   6.666279e+01 -9.200010e+01 -4.490000e+00
      vertex   6.666279e+01 -8.694970e+01 -4.490000e+00
      vertex   5.713759e+01 -6.730139e+01 -4.490000e+00
    endloop
  endfacet
  facet normal -9.324513e-17 0.000000e+00 1.000000e+00
    outer loop
      vertex   6.666279e+01 -9.200010e+01 -4.490000e+00
      vertex   5.713759e+01 -6.730139e+01 -4.490000e+00
      vertex   5.713759e+01 -1.305018e+02 -4.490000e+00
    endloop
  endfacet
  facet normal 0.000000e+00 0.000000e+00 1.000000e+00
    outer loop
      vertex   8.571319e+01 -7.056840e+01 -4.490000e+00
      vertex   8.066279e+01 -7.294970e+01 -4.490000e+00
      vertex   8.571319e+01 -8.456840e+01 -4.490000e+00
    endloop
  endfacet
  facet normal 0.000000e+00 0.000000e+00 1.000000e+00
    outer loop
      vertex   8.571319e+01 -8.456840e+01 -4.490000e+00
      vertex   8.066279e+01 -7.294970e+01 -4.490000e+00
      vertex   8.066279e+01 -8.694970e+01 -4.490000e+00
    endloop
  endfacet
  facet normal -8.965668e-15 -5.059025e-15 1.000000e+00
    outer loop
      vertex   1.583269e+02 -8.204650e+01 -4.490000e+00
      vertex   1.568644e+02 -7.980580e+01 -4.490000e+00
      vertex   1.582894e+02 -8.233120e+01 -4.490000e+00
    endloop
  endfacet
  facet normal 0.000000e+00 0.000000e+00 1.000000e+00
    outer loop
      vertex   1.582894e+02 -8.233120e+01 -4.490000e+00
      vertex   1.568644e+02 -7.980580e+01 -4.490000e+00
      vertex   1.568644e+02 -8.485620e+01 -4.490000e+00
    endloop
  endfacet
  facet normal -8.964503e-15 5.059179e-15 1.000000e+00
    outer loop
      vertex   1.582894e+02 -8.233120e+01 -4.490000e+00
      vertex   1.568644e+02 -8.485620e+01 -4.490000e+00
      vertex   1.583269e+02 -8.261590e+01 -4.490000e+00
    endloop
  endfacet
  facet normal -7.431072e-16 -3.078051e-16 1.000000e+00
    outer loop
      vertex   1.583269e+02 -8.261590e+01 -4.490000e+00
      vertex   1.568644e+02 -8.485620e+01 -4.490000e+00
      vertex   1.584368e+02 -8.288120e+01 -4.490000e+00
    endloop
  endfacet
  facet normal -5.752742e-16 -4.414234e-16 1.000000e+00
    outer loop
      vertex   1.584368e+02 -8.288120e+01 -4.490000e+00
      vertex   1.568644e+02 -8.485620e+01 -4.490000e+00
      vertex   1.586116e+02 -8.310902e+01 -4.490000e+00
    endloop
  endfacet
  facet normal -4.414234e-16 -5.752742e-16 1.000000e+00
    outer loop
      vertex   1.586116e+02 -8.310902e+01 -4.490000e+00
      vertex   1.568644e+02 -8.485620e+01 -4.490000e+00
      vertex   1.588394e+02 -8.328383e+01 -4.490000e+00
    endloop
  endfacet
  facet normal -3.078052e-16 -7.431074e-16 1.000000e+00
    outer loop
      vertex   1.588394e+02 -8.328383e+01 -4.490000e+00
      vertex   1.568644e+02 -8.485620e+01 -4.490000e+00
      vertex   1.591047e+02 -8.339372e+01 -4.490000e+00
    endloop
  endfacet
  facet normal -1.330709e-16 -1.010774e-15 1.000000e+00
    outer loop
      vertex   1.591047e+02 -8.339372e+01 -4.490000e+00
      vertex   1.568644e+02 -8.485620e+01 -4.490000e+00
      vertex   1.593894e+02 -8.343120e+01 -4.490000e+00
    endloop
  endfacet
  facet normal -3.122152e-16 -6.933425e-16 1.000000e+00
    outer loop
      vertex   1.593894e+02 -8.343120e+01 -4.490000e+00
      vertex   1.568644e+02 -8.485620e+01 -4.490000e+00
      vertex   1.619148e+02 -8.456840e+01 -4.490000e+00
    endloop
  endfacet
  facet normal -0.000000e+00 0.000000e+00 1.000000e+00
    outer loop
      vertex   1.593894e+02 -8.343120e+01 -4.490000e+00
      vertex   1.619148e+02 -8.456840e+01 -4.490000e+00
      vertex   1.596741e+02 -8.339372e+01 -4.490000e+00
    endloop
  endfacet
  facet normal -0.000000e+00 0.000000e+00 1.000000e+00
    outer loop
      vertex   1.596741e+02 -8.339372e+01 -4.490000e+00
      vertex   1.619148e+02 -8.456840e+01 -4.490000e+00
      vertex   1.599394e+02 -8.328383e+01 -4.490000e+00
    endloop
  endfacet
  facet normal -0.000000e+00 0.000000e+00 1.000000e+00
    outer loop
      vertex   1.599394e+02 -8.328383e+01 -4.490000e+00
      vertex   1.619148e+02 -8.456840e+01 -4.490000e+00
      vertex   1.601672e+02 -8.310902e+01 -4.490000e+00
    endloop
  endfacet
  facet normal -0.000000e+00 0.000000e+00 1.000000e+00
    outer loop
      vertex   1.601672e+02 -8.310902e+01 -4.490000e+00
      vertex   1.619148e+02 -8.456840e+01 -4.490000e+00
      vertex   1.603420e+02 -8.288120e+01 -4.490000e+00
    endloop
  endfacet
  facet normal -0.000000e+00 0.000000e+00 1.000000e+00
    outer loop
      vertex   1.603420e+02 -8.288120e+01 -4.490000e+00
      vertex   1.619148e+02 -8.456840e+01 -4.490000e+00
      vertex   1.604519e+02 -8.261590e+01 -4.490000e+00
    endloop
  endfacet
  facet normal -0.000000e+00 0.000000e+00 1.000000e+00
    outer loop
      vertex   1.604519e+02 -8.261590e+01 -4.490000e+00
      vertex   1.619148e+02 -8.456840e+01 -4.490000e+00
      vertex   1.604894e+02 -8.233120e+01 -4.490000e+00
    endloop
  endfacet
  facet normal -0.000000e+00 -0.000000e+00 1.000000e+00
    outer loop
      vertex   1.604894e+02 -8.233120e+01 -4.490000e+00
      vertex   1.619148e+02 -8.456840e+01 -4.490000e+00
      vertex   1.604519e+02 -8.204650e+01 -4.490000e+00
    endloop
  endfacet
  facet normal -0.000000e+00 -0.000000e+00 1.000000e+00
    outer loop
      vertex   1.604519e+02 -8.204650e+01 -4.490000e+00
      vertex   1.619148e+02 -8.456840e+01 -4.490000e+00
      vertex   1.603420e+02 -8.178120e+01 -4.490000e+00
    endloop
  endfacet
  facet normal -0.000000e+00 0.000000e+00 1.000000e+00
    outer loop
      vertex   1.603420e+02 -8.178120e+01 -4.490000e+00
      vertex   1.619148e+02 -8.456840e+01 -4.490000e+00
      vertex   1.619148e+02 -7.056840e+01 -4.490000e+00
    endloop
  endfacet
  facet normal 0.000000e+00 -0.000000e+00 1.000000e+00
    outer loop
      vertex   1.603420e+02 -8.178120e+01 -4.490000e+00
      vertex   1.619148e+02 -7.056840e+01 -4.490000e+00
      vertex   1.601672e+02 -8.155338e+01 -4.490000e+00
    endloop
  endfacet
  facet normal 0.000000e+00 -0.000000e+00 1.000000e+00
    outer loop
      vertex   1.601672e+02 -8.155338e+01 -4.490000e+00
      vertex   1.619148e+02 -7.056840e+01 -4.490000e+00
      vertex   1.599394e+02 -8.137857e+01 -4.490000e+00
    endloop
  endfacet
  facet normal 0.000000e+00 -0.000000e+00 1.000000e+00
    outer loop
      vertex   1.599394e+02 -8.137857e+01 -4.490000e+00
      vertex   1.619148e+02 -7.056840e+01 -4.490000e+00
      vertex   1.596741e+02 -8.126868e+01 -4.490000e+00
    endloop
  endfacet
  facet normal -5.700695e-16 1.193757e-16 1.000000e+00
    outer loop
      vertex   1.596741e+02 -8.126868e+01 -4.490000e+00
      vertex   1.619148e+02 -7.056840e+01 -4.490000e+00
      vertex   1.568644e+02 -7.980580e+01 -4.490000e+00
    endloop
  endfacet
  facet normal 2.139674e-16 1.625244e-15 1.000000e+00
    outer loop
      vertex   1.596741e+02 -8.126868e+01 -4.490000e+00
      vertex   1.568644e+02 -7.980580e+01 -4.490000e+00
      vertex   1.593894e+02 -8.123120e+01 -4.490000e+00
    endloop
  endfacet
  facet normal -1.330406e-16 1.010543e-15 1.000000e+00
    outer loop
      vertex   1.593894e+02 -8.123120e+01 -4.490000e+00
      vertex   1.568644e+02 -7.980580e+01 -4.490000e+00
      vertex   1.591047e+02 -8.126868e+01 -4.490000e+00
    endloop
  endfacet
  facet normal -3.077536e-16 7.429830e-16 1.000000e+00
    outer loop
      vertex   1.591047e+02 -8.126868e+01 -4.490000e+00
      vertex   1.568644e+02 -7.980580e+01 -4.490000e+00
      vertex   1.588394e+02 -8.137857e+01 -4.490000e+00
    endloop
  endfacet
  facet normal -4.413663e-16 5.751998e-16 1.000000e+00
    outer loop
      vertex   1.588394e+02 -8.137857e+01 -4.490000e+00
      vertex   1.568644e+02 -7.980580e+01 -4.490000e+00
      vertex   1.586116e+02 -8.155338e+01 -4.490000e+00
    endloop
  endfacet
  facet normal -5.752172e-16 4.413797e-16 1.000000e+00
    outer loop
      vertex   1.586116e+02 -8.155338e+01 -4.490000e+00
      vertex   1.568644e+02 -7.980580e+01 -4.490000e+00
      vertex   1.584368e+02 -8.178120e+01 -4.490000e+00
    endloop
  endfacet
  facet normal -7.430562e-16 3.077840e-16 1.000000e+00
    outer loop
      vertex   1.584368e+02 -8.178120e+01 -4.490000e+00
      vertex   1.568644e+02 -7.980580e+01 -4.490000e+00
      vertex   1.583269e+02 -8.204650e+01 -4.490000e+00
    endloop
  endfacet
  facet normal -9.324513e-17 9.464950e-32 1.000000e+00
    outer loop
      vertex   6.666279e+01 -9.200010e+01 -4.490000e+00
      vertex   5.713759e+01 -1.305018e+02 -4.490000e+00
      vertex   6.666279e+01 -1.060001e+02 -4.490000e+00
    endloop
  endfacet
  facet normal -9.324513e-17 0.000000e+00 1.000000e+00
    outer loop
      vertex   6.666279e+01 -1.060001e+02 -4.490000e+00
      vertex   5.713759e+01 -1.305018e+02 -4.490000e+00
      vertex   6.666279e+01 -1.110505e+02 -4.490000e+00
    endloop
  endfacet
  facet normal -1.268826e-16 0.000000e+00 1.000000e+00
    outer loop
      vertex   6.666279e+01 -1.060001e+02 -4.490000e+00
      vertex   6.666279e+01 -1.110505e+02 -4.490000e+00
      vertex   8.066279e+01 -1.110505e+02 -4.490000e+00
    endloop
  endfacet
  facet normal -1.758630e-16 0.000000e+00 1.000000e+00
    outer loop
      vertex   1.282888e+02 -1.205757e+02 -4.490000e+00
      vertex   1.282888e+02 -1.345757e+02 -4.490000e+00
      vertex   1.333392e+02 -1.229570e+02 -4.490000e+00
    endloop
  endfacet
  facet normal -6.344133e-17 0.000000e+00 1.000000e+00
    outer loop
      vertex   1.378140e+02 -7.771230e+01 -4.490000e+00
      vertex   1.238140e+02 -7.266190e+01 -4.490000e+00
      vertex   1.238140e+02 -7.771230e+01 -4.490000e+00
    endloop
  endfacet
  facet normal -6.211034e-16 0.000000e+00 1.000000e+00
    outer loop
      vertex   1.238140e+02 -7.771230e+01 -4.490000e+00
      vertex   1.238140e+02 -7.266190e+01 -4.490000e+00
      vertex   1.223840e+02 -7.518560e+01 -4.490000e+00
    endloop
  endfacet
  facet normal -5.038888e-16 6.633822e-17 1.000000e+00
    outer loop
      vertex   1.238140e+02 -7.771230e+01 -4.490000e+00
      vertex   1.223840e+02 -7.518560e+01 -4.490000e+00
      vertex   1.223465e+02 -7.547030e+01 -4.490000e+00
    endloop
  endfacet
  facet normal -6.344132e-17 1.428093e-30 1.000000e+00
    outer loop
      vertex   1.619148e+02 -8.456840e+01 -4.490000e+00
      vertex   1.759148e+02 -8.961880e+01 -4.490000e+00
      vertex   1.759148e+02 -8.456840e+01 -4.490000e+00
    endloop
  endfacet
  facet normal -2.388958e-16 5.377655e-30 1.000000e+00
    outer loop
      vertex   1.759148e+02 -8.456840e+01 -4.490000e+00
      vertex   1.759148e+02 -8.961880e+01 -4.490000e+00
      vertex   1.796326e+02 -8.999363e+01 -4.490000e+00
    endloop
  endfacet
  facet normal -2.388958e-16 0.000000e+00 1.000000e+00
    outer loop
      vertex   1.759148e+02 -8.456840e+01 -4.490000e+00
      vertex   1.796326e+02 -8.999363e+01 -4.490000e+00
      vertex   1.796326e+02 -6.946760e+01 -4.490000e+00
    endloop
  endfacet
  facet normal -2.388958e-16 0.000000e+00 1.000000e+00
    outer loop
      vertex   1.759148e+02 -8.456840e+01 -4.490000e+00
      vertex   1.796326e+02 -6.946760e+01 -4.490000e+00
      vertex   1.759148e+02 -7.056840e+01 -4.490000e+00
    endloop
  endfacet
  facet normal -2.485858e-16 3.272694e-17 1.000000e+00
    outer loop
      vertex   1.759148e+02 -7.056840e+01 -4.490000e+00
      vertex   1.796326e+02 -6.946760e+01 -4.490000e+00
      vertex   1.797008e+02 -6.894996e+01 -4.490000e+00
    endloop
  endfacet
  facet normal -2.850730e-16 1.180811e-16 1.000000e+00
    outer loop
      vertex   1.759148e+02 -7.056840e+01 -4.490000e+00
      vertex   1.797008e+02 -6.894996e+01 -4.490000e+00
      vertex   1.799006e+02 -6.846760e+01 -4.490000e+00
    endloop
  endfacet
  facet normal -6.344132e-17 5.024655e-23 1.000000e+00
    outer loop
      vertex   1.378140e+02 -7.266190e+01 -4.490000e+00
      vertex   1.238140e+02 -7.266190e+01 -4.490000e+00
      vertex   1.378140e+02 -7.771230e+01 -4.490000e+00
    endloop
  endfacet
  facet normal -1.758629e-16 0.000000e+00 1.000000e+00
    outer loop
      vertex   1.238140e+02 -5.866190e+01 -4.490000e+00
      vertex   1.187636e+02 -6.342450e+01 -4.490000e+00
      vertex   1.238140e+02 -7.266190e+01 -4.490000e+00
    endloop
  endfacet
  facet normal -2.846682e-16 -5.948758e-17 1.000000e+00
    outer loop
      vertex   1.238140e+02 -7.266190e+01 -4.490000e+00
      vertex   1.187636e+02 -6.342450e+01 -4.490000e+00
      vertex   1.209993e+02 -7.412308e+01 -4.490000e+00
    endloop
  endfacet
  facet normal 1.072152e-16 -8.143801e-16 1.000000e+00
    outer loop
      vertex   1.238140e+02 -7.266190e+01 -4.490000e+00
      vertex   1.209993e+02 -7.412308e+01 -4.490000e+00
      vertex   1.212840e+02 -7.408560e+01 -4.490000e+00
    endloop
  endfacet
  facet normal -1.201604e-16 -1.581942e-17 1.000000e+00
    outer loop
      vertex   1.547489e+02 -1.230943e+02 -4.490000e+00
      vertex   1.547114e+02 -1.228096e+02 -4.490000e+00
      vertex   1.473392e+02 -1.229570e+02 -4.490000e+00
    endloop
  endfacet
  facet normal -1.207947e-16 1.590292e-17 1.000000e+00
    outer loop
      vertex   1.473392e+02 -1.229570e+02 -4.490000e+00
      vertex   1.547114e+02 -1.228096e+02 -4.490000e+00
      vertex   1.547489e+02 -1.225249e+02 -4.490000e+00
    endloop
  endfacet
  facet normal -1.228344e-16 5.087966e-17 1.000000e+00
    outer loop
      vertex   1.473392e+02 -1.229570e+02 -4.490000e+00
      vertex   1.547489e+02 -1.225249e+02 -4.490000e+00
      vertex   1.548588e+02 -1.222596e+02 -4.490000e+00
    endloop
  endfacet
  facet normal -1.271653e-16 9.757740e-17 1.000000e+00
    outer loop
      vertex   1.548588e+02 -1.222596e+02 -4.490000e+00
      vertex   1.550336e+02 -1.220318e+02 -4.490000e+00
      vertex   1.473392e+02 -1.229570e+02 -4.490000e+00
    endloop
  endfacet
  facet normal -1.368826e-16 1.783889e-16 1.000000e+00
    outer loop
      vertex   1.473392e+02 -1.229570e+02 -4.490000e+00
      vertex   1.550336e+02 -1.220318e+02 -4.490000e+00
      vertex   1.552614e+02 -1.218570e+02 -4.490000e+00
    endloop
  endfacet
  facet normal -9.983058e-17 -8.845274e-17 1.000000e+00
    outer loop
      vertex   1.473392e+02 -1.229570e+02 -4.490000e+00
      vertex   1.552614e+02 -1.218570e+02 -4.490000e+00
      vertex   1.428644e+02 -1.179066e+02 -4.490000e+00
    endloop
  endfacet
  facet normal -6.344132e-17 2.574349e-17 1.000000e+00
    outer loop
      vertex   1.428644e+02 -1.179066e+02 -4.490000e+00
      vertex   1.552614e+02 -1.218570e+02 -4.490000e+00
      vertex   1.568644e+02 -1.179066e+02 -4.490000e+00
    endloop
  endfacet
  facet normal 0.000000e+00 0.000000e+00 1.000000e+00
    outer loop
      vertex   1.568644e+02 -1.179066e+02 -4.490000e+00
      vertex   1.552614e+02 -1.218570e+02 -4.490000e+00
      vertex   1.555267e+02 -1.217471e+02 -4.490000e+00
    endloop
  endfacet
  facet normal 0.000000e+00 0.000000e+00 1.000000e+00
    outer loop
      vertex   1.568644e+02 -1.179066e+02 -4.490000e+00
      vertex   1.555267e+02 -1.217471e+02 -4.490000e+00
      vertex   1.558114e+02 -1.217096e+02 -4.490000e+00
    endloop
  endfacet
  facet normal -0.000000e+00 0.000000e+00 1.000000e+00
    outer loop
      vertex   1.558114e+02 -1.217096e+02 -4.490000e+00
      vertex   1.560961e+02 -1.217471e+02 -4.490000e+00
      vertex   1.568644e+02 -1.179066e+02 -4.490000e+00
    endloop
  endfacet
  facet normal 0.000000e+00 0.000000e+00 1.000000e+00
    outer loop
      vertex   1.568644e+02 -1.179066e+02 -4.490000e+00
      vertex   1.560961e+02 -1.217471e+02 -4.490000e+00
      vertex   1.563614e+02 -1.218570e+02 -4.490000e+00
    endloop
  endfacet
  facet normal 0.000000e+00 0.000000e+00 1.000000e+00
    outer loop
      vertex   1.568644e+02 -1.179066e+02 -4.490000e+00
      vertex   1.563614e+02 -1.218570e+02 -4.490000e+00
      vertex   1.565892e+02 -1.220318e+02 -4.490000e+00
    endloop
  endfacet
  facet normal -3.309096e-16 2.207423e-17 1.000000e+00
    outer loop
      vertex   1.568644e+02 -1.179066e+02 -4.490000e+00
      vertex   1.565892e+02 -1.220318e+02 -4.490000e+00
      vertex   1.619148e+02 -1.226692e+02 -4.490000e+00
    endloop
  endfacet
  facet normal -3.672834e-16 -2.818265e-16 1.000000e+00
    outer loop
      vertex   1.619148e+02 -1.226692e+02 -4.490000e+00
      vertex   1.565892e+02 -1.220318e+02 -4.490000e+00
      vertex   1.567640e+02 -1.222596e+02 -4.490000e+00
    endloop
  endfacet
  facet normal -3.566187e-16 -1.477163e-16 1.000000e+00
    outer loop
      vertex   1.619148e+02 -1.226692e+02 -4.490000e+00
      vertex   1.567640e+02 -1.222596e+02 -4.490000e+00
      vertex   1.568739e+02 -1.225249e+02 -4.490000e+00
    endloop
  endfacet
  facet normal -3.537232e-16 -4.656854e-17 1.000000e+00
    outer loop
      vertex   1.568739e+02 -1.225249e+02 -4.490000e+00
      vertex   1.569114e+02 -1.228096e+02 -4.490000e+00
      vertex   1.619148e+02 -1.226692e+02 -4.490000e+00
    endloop
  endfacet
  facet normal -3.563464e-16 4.691389e-17 1.000000e+00
    outer loop
      vertex   1.619148e+02 -1.226692e+02 -4.490000e+00
      vertex   1.569114e+02 -1.228096e+02 -4.490000e+00
      vertex   1.568739e+02 -1.230943e+02 -4.490000e+00
    endloop
  endfacet
  facet normal -3.651449e-16 1.512480e-16 1.000000e+00
    outer loop
      vertex   1.619148e+02 -1.226692e+02 -4.490000e+00
      vertex   1.568739e+02 -1.230943e+02 -4.490000e+00
      vertex   1.567640e+02 -1.233596e+02 -4.490000e+00
    endloop
  endfacet
  facet normal -3.844088e-16 2.949672e-16 1.000000e+00
    outer loop
      vertex   1.567640e+02 -1.233596e+02 -4.490000e+00
      vertex   1.565892e+02 -1.235874e+02 -4.490000e+00
      vertex   1.619148e+02 -1.226692e+02 -4.490000e+00
    endloop
  endfacet
  facet normal -4.302211e-16 5.606750e-16 1.000000e+00
    outer loop
      vertex   1.619148e+02 -1.226692e+02 -4.490000e+00
      vertex   1.565892e+02 -1.235874e+02 -4.490000e+00
      vertex   1.563614e+02 -1.237622e+02 -4.490000e+00
    endloop
  endfacet
  facet normal -2.723700e-16 -2.413276e-16 1.000000e+00
    outer loop
      vertex   1.619148e+02 -1.226692e+02 -4.490000e+00
      vertex   1.563614e+02 -1.237622e+02 -4.490000e+00
      vertex   1.663896e+02 -1.277196e+02 -4.490000e+00
    endloop
  endfacet
  facet normal -9.071310e-17 2.190008e-16 1.000000e+00
    outer loop
      vertex   1.663896e+02 -1.277196e+02 -4.490000e+00
      vertex   1.563614e+02 -1.237622e+02 -4.490000e+00
      vertex   1.560961e+02 -1.238721e+02 -4.490000e+00
    endloop
  endfacet
  facet normal 0.000000e+00 0.000000e+00 1.000000e+00
    outer loop
      vertex   1.555267e+02 -1.238721e+02 -4.490000e+00
      vertex   1.552614e+02 -1.237622e+02 -4.490000e+00
      vertex   1.523896e+02 -1.277196e+02 -4.490000e+00
    endloop
  endfacet
  facet normal 0.000000e+00 0.000000e+00 1.000000e+00
    outer loop
      vertex   1.523896e+02 -1.277196e+02 -4.490000e+00
      vertex   1.552614e+02 -1.237622e+02 -4.490000e+00
      vertex   1.550336e+02 -1.235874e+02 -4.490000e+00
    endloop
  endfacet
  facet normal 0.000000e+00 0.000000e+00 1.000000e+00
    outer loop
      vertex   1.523896e+02 -1.277196e+02 -4.490000e+00
      vertex   1.550336e+02 -1.235874e+02 -4.490000e+00
      vertex   1.548588e+02 -1.233596e+02 -4.490000e+00
    endloop
  endfacet
  facet normal -1.268826e-16 -5.024657e-23 1.000000e+00
    outer loop
      vertex   1.187636e+02 -8.247490e+01 -4.490000e+00
      vertex   1.187636e+02 -7.742450e+01 -4.490000e+00
      vertex   1.047636e+02 -8.247490e+01 -4.490000e+00
    endloop
  endfacet
  facet normal -1.268826e-16 0.000000e+00 1.000000e+00
    outer loop
      vertex   1.047636e+02 -8.247490e+01 -4.490000e+00
      vertex   1.187636e+02 -7.742450e+01 -4.490000e+00
      vertex   1.047636e+02 -7.742450e+01 -4.490000e+00
    endloop
  endfacet
  facet normal -1.175332e-16 1.536201e-18 1.000000e+00
    outer loop
      vertex   5.940999e+01 -6.439096e+01 -4.490000e+00
      vertex   1.047636e+02 -6.342450e+01 -4.490000e+00
      vertex   1.200628e+02 -4.922776e+01 -4.490000e+00
    endloop
  endfacet
  facet normal -1.268826e-16 1.161166e-17 1.000000e+00
    outer loop
      vertex   1.200628e+02 -4.922776e+01 -4.490000e+00
      vertex   1.047636e+02 -6.342450e+01 -4.490000e+00
      vertex   1.187636e+02 -6.342450e+01 -4.490000e+00
    endloop
  endfacet
  facet normal -1.924733e-16 1.761419e-17 1.000000e+00
    outer loop
      vertex   1.200628e+02 -4.922776e+01 -4.490000e+00
      vertex   1.187636e+02 -6.342450e+01 -4.490000e+00
      vertex   1.238140e+02 -5.866190e+01 -4.490000e+00
    endloop
  endfacet
  facet normal 0.000000e+00 -0.000000e+00 1.000000e+00
    outer loop
      vertex   1.187636e+02 -7.742450e+01 -4.490000e+00
      vertex   1.203314e+02 -7.463560e+01 -4.490000e+00
      vertex   1.187636e+02 -6.342450e+01 -4.490000e+00
    endloop
  endfacet
  facet normal 0.000000e+00 0.000000e+00 1.000000e+00
    outer loop
      vertex   1.187636e+02 -6.342450e+01 -4.490000e+00
      vertex   1.203314e+02 -7.463560e+01 -4.490000e+00
      vertex   1.205062e+02 -7.440778e+01 -4.490000e+00
    endloop
  endfacet
  facet normal 0.000000e+00 0.000000e+00 1.000000e+00
    outer loop
      vertex   1.187636e+02 -6.342450e+01 -4.490000e+00
      vertex   1.205062e+02 -7.440778e+01 -4.490000e+00
      vertex   1.207340e+02 -7.423297e+01 -4.490000e+00
    endloop
  endfacet
  facet normal -1.758630e-16 6.964322e-23 1.000000e+00
    outer loop
      vertex   1.238140e+02 -9.676270e+01 -4.490000e+00
      vertex   1.187636e+02 -9.647490e+01 -4.490000e+00
      vertex   1.187636e+02 -1.015253e+02 -4.490000e+00
    endloop
  endfacet
  facet normal -1.268826e-16 5.024658e-23 1.000000e+00
    outer loop
      vertex   1.187636e+02 -1.015253e+02 -4.490000e+00
      vertex   1.187636e+02 -9.647490e+01 -4.490000e+00
      vertex   1.047636e+02 -9.647490e+01 -4.490000e+00
    endloop
  endfacet
  facet normal -1.268826e-16 3.570235e-31 1.000000e+00
    outer loop
      vertex   1.187636e+02 -1.015253e+02 -4.490000e+00
      vertex   1.047636e+02 -9.647490e+01 -4.490000e+00
      vertex   1.047636e+02 -1.015253e+02 -4.490000e+00
    endloop
  endfacet
  facet normal -1.758631e-16 4.948450e-31 1.000000e+00
    outer loop
      vertex   1.047636e+02 -1.015253e+02 -4.490000e+00
      vertex   1.047636e+02 -9.647490e+01 -4.490000e+00
      vertex   9.971319e+01 -1.036188e+02 -4.490000e+00
    endloop
  endfacet
  facet normal -6.344132e-17 0.000000e+00 1.000000e+00
    outer loop
      vertex   1.759148e+02 -1.086692e+02 -4.490000e+00
      vertex   1.759148e+02 -1.036188e+02 -4.490000e+00
      vertex   1.619148e+02 -1.086692e+02 -4.490000e+00
    endloop
  endfacet
  facet normal -6.344132e-17 0.000000e+00 1.000000e+00
    outer loop
      vertex   1.619148e+02 -1.086692e+02 -4.490000e+00
      vertex   1.759148e+02 -1.036188e+02 -4.490000e+00
      vertex   1.619148e+02 -1.036188e+02 -4.490000e+00
    endloop
  endfacet
  facet normal -3.517259e-16 0.000000e+00 1.000000e+00
    outer loop
      vertex   1.619148e+02 -1.086692e+02 -4.490000e+00
      vertex   1.619148e+02 -1.036188e+02 -4.490000e+00
      vertex   1.568644e+02 -1.039066e+02 -4.490000e+00
    endloop
  endfacet
  facet normal -3.517259e-16 0.000000e+00 1.000000e+00
    outer loop
      vertex   1.568644e+02 -1.039066e+02 -4.490000e+00
      vertex   1.619148e+02 -1.036188e+02 -4.490000e+00
      vertex   1.568644e+02 -9.885620e+01 -4.490000e+00
    endloop
  endfacet
  facet normal -6.344132e-17 0.000000e+00 1.000000e+00
    outer loop
      vertex   1.568644e+02 -1.039066e+02 -4.490000e+00
      vertex   1.568644e+02 -9.885620e+01 -4.490000e+00
      vertex   1.428644e+02 -9.885620e+01 -4.490000e+00
    endloop
  endfacet
  facet normal -3.517259e-16 0.000000e+00 1.000000e+00
    outer loop
      vertex   1.619148e+02 -1.036188e+02 -4.490000e+00
      vertex   1.619148e+02 -8.961880e+01 -4.490000e+00
      vertex   1.568644e+02 -9.885620e+01 -4.490000e+00
    endloop
  endfacet
  facet normal -3.517259e-16 0.000000e+00 1.000000e+00
    outer loop
      vertex   1.568644e+02 -9.885620e+01 -4.490000e+00
      vertex   1.619148e+02 -8.961880e+01 -4.490000e+00
      vertex   1.568644e+02 -8.485620e+01 -4.490000e+00
    endloop
  endfacet
  facet normal -3.517259e-16 0.000000e+00 1.000000e+00
    outer loop
      vertex   1.568644e+02 -8.485620e+01 -4.490000e+00
      vertex   1.619148e+02 -8.961880e+01 -4.490000e+00
      vertex   1.619148e+02 -8.456840e+01 -4.490000e+00
    endloop
  endfacet
  facet normal -6.344132e-17 0.000000e+00 1.000000e+00
    outer loop
      vertex   1.619148e+02 -8.961880e+01 -4.490000e+00
      vertex   1.759148e+02 -8.961880e+01 -4.490000e+00
      vertex   1.619148e+02 -8.456840e+01 -4.490000e+00
    endloop
  endfacet
  facet normal -6.344132e-17 -5.621082e-17 1.000000e+00
    outer loop
      vertex   1.759148e+02 -1.226692e+02 -4.490000e+00
      vertex   1.619148e+02 -1.226692e+02 -4.490000e+00
      vertex   1.663896e+02 -1.277196e+02 -4.490000e+00
    endloop
  endfacet
  facet normal -3.517259e-16 0.000000e+00 1.000000e+00
    outer loop
      vertex   1.619148e+02 -1.226692e+02 -4.490000e+00
      vertex   1.619148e+02 -1.086692e+02 -4.490000e+00
      vertex   1.568644e+02 -1.179066e+02 -4.490000e+00
    endloop
  endfacet
  facet normal -3.517259e-16 0.000000e+00 1.000000e+00
    outer loop
      vertex   1.568644e+02 -1.179066e+02 -4.490000e+00
      vertex   1.619148e+02 -1.086692e+02 -4.490000e+00
      vertex   1.568644e+02 -1.039066e+02 -4.490000e+00
    endloop
  endfacet
  facet normal -1.758629e-16 0.000000e+00 1.000000e+00
    outer loop
      vertex   1.428644e+02 -1.179066e+02 -4.490000e+00
      vertex   1.428644e+02 -1.039066e+02 -4.490000e+00
      vertex   1.378140e+02 -1.107627e+02 -4.490000e+00
    endloop
  endfacet
  facet normal -6.344132e-17 0.000000e+00 1.000000e+00
    outer loop
      vertex   1.428644e+02 -1.039066e+02 -4.490000e+00
      vertex   1.568644e+02 -1.039066e+02 -4.490000e+00
      vertex   1.428644e+02 -9.885620e+01 -4.490000e+00
    endloop
  endfacet
  facet normal -1.986466e-17 -1.508870e-16 1.000000e+00
    outer loop
      vertex   1.212840e+02 -1.163160e+02 -4.490000e+00
      vertex   1.215687e+02 -1.163535e+02 -4.490000e+00
      vertex   1.238140e+02 -1.107627e+02 -4.490000e+00
    endloop
  endfacet
  facet normal -5.641865e-17 -1.362067e-16 1.000000e+00
    outer loop
      vertex   1.238140e+02 -1.107627e+02 -4.490000e+00
      vertex   1.215687e+02 -1.163535e+02 -4.490000e+00
      vertex   1.218340e+02 -1.164634e+02 -4.490000e+00
    endloop
  endfacet
  facet normal -9.439408e-17 -1.230168e-16 1.000000e+00
    outer loop
      vertex   1.238140e+02 -1.107627e+02 -4.490000e+00
      vertex   1.218340e+02 -1.164634e+02 -4.490000e+00
      vertex   1.220618e+02 -1.166382e+02 -4.490000e+00
    endloop
  endfacet
  facet normal -1.418680e-16 -1.088591e-16 1.000000e+00
    outer loop
      vertex   1.220618e+02 -1.166382e+02 -4.490000e+00
      vertex   1.222366e+02 -1.168660e+02 -4.490000e+00
      vertex   1.238140e+02 -1.107627e+02 -4.490000e+00
    endloop
  endfacet
  facet normal -6.344132e-17 2.512328e-23 1.000000e+00
    outer loop
      vertex   1.568644e+02 -7.980580e+01 -4.490000e+00
      vertex   1.428644e+02 -7.980580e+01 -4.490000e+00
      vertex   1.568644e+02 -8.485620e+01 -4.490000e+00
    endloop
  endfacet
  facet normal -6.344132e-17 0.000000e+00 1.000000e+00
    outer loop
      vertex   1.568644e+02 -8.485620e+01 -4.490000e+00
      vertex   1.428644e+02 -7.980580e+01 -4.490000e+00
      vertex   1.428644e+02 -8.485620e+01 -4.490000e+00
    endloop
  endfacet
  facet normal -3.517260e-16 0.000000e+00 1.000000e+00
    outer loop
      vertex   1.568644e+02 -6.580580e+01 -4.490000e+00
      vertex   1.568644e+02 -7.980580e+01 -4.490000e+00
      vertex   1.619148e+02 -7.056840e+01 -4.490000e+00
    endloop
  endfacet
  facet normal -1.604095e-16 4.227821e-17 1.000000e+00
    outer loop
      vertex   2.009014e+02 -1.373585e+02 -4.490000e+00
      vertex   1.942835e+02 -1.414599e+02 -4.490000e+00
      vertex   1.924273e+02 -1.485026e+02 -4.490000e+00
    endloop
  endfacet
  facet normal 0.000000e+00 0.000000e+00 1.000000e+00
    outer loop
      vertex   1.924273e+02 -1.485026e+02 -4.490000e+00
      vertex   1.942835e+02 -1.414599e+02 -4.490000e+00
      vertex   1.940557e+02 -1.416347e+02 -4.490000e+00
    endloop
  endfacet
  facet normal 0.000000e+00 0.000000e+00 1.000000e+00
    outer loop
      vertex   1.924273e+02 -1.485026e+02 -4.490000e+00
      vertex   1.940557e+02 -1.416347e+02 -4.490000e+00
      vertex   1.937904e+02 -1.417446e+02 -4.490000e+00
    endloop
  endfacet
  facet normal 0.000000e+00 0.000000e+00 1.000000e+00
    outer loop
      vertex   1.202215e+02 -7.547030e+01 -4.490000e+00
      vertex   1.201840e+02 -7.518560e+01 -4.490000e+00
      vertex   1.187636e+02 -7.742450e+01 -4.490000e+00
    endloop
  endfacet
  facet normal 0.000000e+00 0.000000e+00 1.000000e+00
    outer loop
      vertex   1.187636e+02 -7.742450e+01 -4.490000e+00
      vertex   1.201840e+02 -7.518560e+01 -4.490000e+00
      vertex   1.202215e+02 -7.490090e+01 -4.490000e+00
    endloop
  endfacet
  facet normal 0.000000e+00 0.000000e+00 1.000000e+00
    outer loop
      vertex   1.187636e+02 -7.742450e+01 -4.490000e+00
      vertex   1.202215e+02 -7.490090e+01 -4.490000e+00
      vertex   1.203314e+02 -7.463560e+01 -4.490000e+00
    endloop
  endfacet
  facet normal 0.000000e+00 -0.000000e+00 1.000000e+00
    outer loop
      vertex   1.207340e+02 -7.423297e+01 -4.490000e+00
      vertex   1.209993e+02 -7.412308e+01 -4.490000e+00
      vertex   1.187636e+02 -6.342450e+01 -4.490000e+00
    endloop
  endfacet
  facet normal -6.655975e-17 -5.055715e-16 1.000000e+00
    outer loop
      vertex   1.212840e+02 -7.408560e+01 -4.490000e+00
      vertex   1.215687e+02 -7.412308e+01 -4.490000e+00
      vertex   1.238140e+02 -7.266190e+01 -4.490000e+00
    endloop
  endfacet
  facet normal -1.538530e-16 -3.714339e-16 1.000000e+00
    outer loop
      vertex   1.238140e+02 -7.266190e+01 -4.490000e+00
      vertex   1.215687e+02 -7.412308e+01 -4.490000e+00
      vertex   1.218340e+02 -7.423297e+01 -4.490000e+00
    endloop
  endfacet
  facet normal -2.205306e-16 -2.874010e-16 1.000000e+00
    outer loop
      vertex   1.238140e+02 -7.266190e+01 -4.490000e+00
      vertex   1.218340e+02 -7.423297e+01 -4.490000e+00
      vertex   1.220618e+02 -7.440778e+01 -4.490000e+00
    endloop
  endfacet
  facet normal -2.872647e-16 -2.204260e-16 1.000000e+00
    outer loop
      vertex   1.220618e+02 -7.440778e+01 -4.490000e+00
      vertex   1.222366e+02 -7.463560e+01 -4.490000e+00
      vertex   1.238140e+02 -7.266190e+01 -4.490000e+00
    endloop
  endfacet
  facet normal -3.708614e-16 -1.536158e-16 1.000000e+00
    outer loop
      vertex   1.238140e+02 -7.266190e+01 -4.490000e+00
      vertex   1.222366e+02 -7.463560e+01 -4.490000e+00
      vertex   1.223465e+02 -7.490090e+01 -4.490000e+00
    endloop
  endfacet
  facet normal -5.040018e-16 -6.635310e-17 1.000000e+00
    outer loop
      vertex   1.238140e+02 -7.266190e+01 -4.490000e+00
      vertex   1.223465e+02 -7.490090e+01 -4.490000e+00
      vertex   1.223840e+02 -7.518560e+01 -4.490000e+00
    endloop
  endfacet
  facet normal -3.706690e-16 1.535361e-16 1.000000e+00
    outer loop
      vertex   1.223465e+02 -7.547030e+01 -4.490000e+00
      vertex   1.222366e+02 -7.573560e+01 -4.490000e+00
      vertex   1.238140e+02 -7.771230e+01 -4.490000e+00
    endloop
  endfacet
  facet normal -2.870509e-16 2.202619e-16 1.000000e+00
    outer loop
      vertex   1.238140e+02 -7.771230e+01 -4.490000e+00
      vertex   1.222366e+02 -7.573560e+01 -4.490000e+00
      vertex   1.220618e+02 -7.596342e+01 -4.490000e+00
    endloop
  endfacet
  facet normal -2.203165e-16 2.871221e-16 1.000000e+00
    outer loop
      vertex   1.238140e+02 -7.771230e+01 -4.490000e+00
      vertex   1.220618e+02 -7.596342e+01 -4.490000e+00
      vertex   1.218340e+02 -7.613823e+01 -4.490000e+00
    endloop
  endfacet
  facet normal -1.536600e-16 3.709682e-16 1.000000e+00
    outer loop
      vertex   1.218340e+02 -7.613823e+01 -4.490000e+00
      vertex   1.215687e+02 -7.624812e+01 -4.490000e+00
      vertex   1.238140e+02 -7.771230e+01 -4.490000e+00
    endloop
  endfacet
  facet normal -6.644621e-17 5.047091e-16 1.000000e+00
    outer loop
      vertex   1.238140e+02 -7.771230e+01 -4.490000e+00
      vertex   1.215687e+02 -7.624812e+01 -4.490000e+00
      vertex   1.212840e+02 -7.628560e+01 -4.490000e+00
    endloop
  endfacet
  facet normal 0.000000e+00 0.000000e+00 1.000000e+00
    outer loop
      vertex   1.209993e+02 -7.624812e+01 -4.490000e+00
      vertex   1.207340e+02 -7.613823e+01 -4.490000e+00
      vertex   1.187636e+02 -7.742450e+01 -4.490000e+00
    endloop
  endfacet
  facet normal 0.000000e+00 0.000000e+00 1.000000e+00
    outer loop
      vertex   1.187636e+02 -7.742450e+01 -4.490000e+00
      vertex   1.207340e+02 -7.613823e+01 -4.490000e+00
      vertex   1.205062e+02 -7.596342e+01 -4.490000e+00
    endloop
  endfacet
  facet normal 0.000000e+00 0.000000e+00 1.000000e+00
    outer loop
      vertex   1.187636e+02 -7.742450e+01 -4.490000e+00
      vertex   1.205062e+02 -7.596342e+01 -4.490000e+00
      vertex   1.203314e+02 -7.573560e+01 -4.490000e+00
    endloop
  endfacet
  facet normal 0.000000e+00 0.000000e+00 1.000000e+00
    outer loop
      vertex   1.203314e+02 -7.573560e+01 -4.490000e+00
      vertex   1.202215e+02 -7.547030e+01 -4.490000e+00
      vertex   1.187636e+02 -7.742450e+01 -4.490000e+00
    endloop
  endfacet
  facet normal -1.268826e-16 1.124216e-16 1.000000e+00
    outer loop
      vertex   1.187636e+02 -1.155253e+02 -4.490000e+00
      vertex   1.047636e+02 -1.155253e+02 -4.490000e+00
      vertex   1.142888e+02 -1.205757e+02 -4.490000e+00
    endloop
  endfacet
  facet normal -1.955769e-16 3.427944e-17 1.000000e+00
    outer loop
      vertex   1.744485e+02 -1.388588e+02 -4.490000e+00
      vertex   1.676584e+02 -1.516889e+02 -4.490000e+00
      vertex   1.869775e+02 -1.451055e+02 -4.490000e+00
    endloop
  endfacet
  facet normal -1.188966e-16 -1.907428e-16 1.000000e+00
    outer loop
      vertex   1.869775e+02 -1.451055e+02 -4.490000e+00
      vertex   1.676584e+02 -1.516889e+02 -4.490000e+00
      vertex   1.924273e+02 -1.485026e+02 -4.490000e+00
    endloop
  endfacet
  facet normal -0.000000e+00 0.000000e+00 1.000000e+00
    outer loop
      vertex   1.869775e+02 -1.451055e+02 -4.490000e+00
      vertex   1.924273e+02 -1.485026e+02 -4.490000e+00
      vertex   1.932210e+02 -1.417446e+02 -4.490000e+00
    endloop
  endfacet
  facet normal 0.000000e+00 0.000000e+00 1.000000e+00
    outer loop
      vertex   1.932210e+02 -1.417446e+02 -4.490000e+00
      vertex   1.924273e+02 -1.485026e+02 -4.490000e+00
      vertex   1.935057e+02 -1.417821e+02 -4.490000e+00
    endloop
  endfacet
  facet normal -0.000000e+00 0.000000e+00 1.000000e+00
    outer loop
      vertex   1.935057e+02 -1.417821e+02 -4.490000e+00
      vertex   1.924273e+02 -1.485026e+02 -4.490000e+00
      vertex   1.937904e+02 -1.417446e+02 -4.490000e+00
    endloop
  endfacet
  facet normal 0.000000e+00 0.000000e+00 1.000000e+00
    outer loop
      vertex   1.869775e+02 -1.451055e+02 -4.490000e+00
      vertex   1.925531e+02 -1.401321e+02 -4.490000e+00
      vertex   1.932243e+02 -1.325764e+02 -4.490000e+00
    endloop
  endfacet
  facet normal 0.000000e+00 0.000000e+00 1.000000e+00
    outer loop
      vertex   1.932243e+02 -1.325764e+02 -4.490000e+00
      vertex   1.925531e+02 -1.401321e+02 -4.490000e+00
      vertex   1.927279e+02 -1.399043e+02 -4.490000e+00
    endloop
  endfacet
  facet normal 0.000000e+00 0.000000e+00 1.000000e+00
    outer loop
      vertex   1.932243e+02 -1.325764e+02 -4.490000e+00
      vertex   1.927279e+02 -1.399043e+02 -4.490000e+00
      vertex   1.929557e+02 -1.397295e+02 -4.490000e+00
    endloop
  endfacet
  facet normal 0.000000e+00 0.000000e+00 1.000000e+00
    outer loop
      vertex   1.924432e+02 -1.409668e+02 -4.490000e+00
      vertex   1.924057e+02 -1.406821e+02 -4.490000e+00
      vertex   1.869775e+02 -1.451055e+02 -4.490000e+00
    endloop
  endfacet
  facet normal 0.000000e+00 0.000000e+00 1.000000e+00
    outer loop
      vertex   1.869775e+02 -1.451055e+02 -4.490000e+00
      vertex   1.924057e+02 -1.406821e+02 -4.490000e+00
      vertex   1.924432e+02 -1.403974e+02 -4.490000e+00
    endloop
  endfacet
  facet normal 0.000000e+00 0.000000e+00 1.000000e+00
    outer loop
      vertex   1.869775e+02 -1.451055e+02 -4.490000e+00
      vertex   1.924432e+02 -1.403974e+02 -4.490000e+00
      vertex   1.925531e+02 -1.401321e+02 -4.490000e+00
    endloop
  endfacet
  facet normal 0.000000e+00 0.000000e+00 1.000000e+00
    outer loop
      vertex   1.929557e+02 -1.397295e+02 -4.490000e+00
      vertex   1.932210e+02 -1.396196e+02 -4.490000e+00
      vertex   1.932243e+02 -1.325764e+02 -4.490000e+00
    endloop
  endfacet
  facet normal 0.000000e+00 0.000000e+00 1.000000e+00
    outer loop
      vertex   1.932243e+02 -1.325764e+02 -4.490000e+00
      vertex   1.932210e+02 -1.396196e+02 -4.490000e+00
      vertex   1.935057e+02 -1.395821e+02 -4.490000e+00
    endloop
  endfacet
  facet normal 0.000000e+00 0.000000e+00 1.000000e+00
    outer loop
      vertex   1.932243e+02 -1.325764e+02 -4.490000e+00
      vertex   1.935057e+02 -1.395821e+02 -4.490000e+00
      vertex   1.937904e+02 -1.396196e+02 -4.490000e+00
    endloop
  endfacet
  facet normal -1.217889e-16 -9.788483e-18 1.000000e+00
    outer loop
      vertex   1.932243e+02 -1.325764e+02 -4.490000e+00
      vertex   1.937904e+02 -1.396196e+02 -4.490000e+00
      vertex   2.009014e+02 -1.373585e+02 -4.490000e+00
    endloop
  endfacet
  facet normal -7.066020e-17 -1.705888e-16 1.000000e+00
    outer loop
      vertex   2.009014e+02 -1.373585e+02 -4.490000e+00
      vertex   1.937904e+02 -1.396196e+02 -4.490000e+00
      vertex   1.940557e+02 -1.397295e+02 -4.490000e+00
    endloop
  endfacet
  facet normal -8.939336e-17 -1.164997e-16 1.000000e+00
    outer loop
      vertex   2.009014e+02 -1.373585e+02 -4.490000e+00
      vertex   1.940557e+02 -1.397295e+02 -4.490000e+00
      vertex   1.942835e+02 -1.399043e+02 -4.490000e+00
    endloop
  endfacet
  facet normal -1.036217e-16 -7.951175e-17 1.000000e+00
    outer loop
      vertex   1.942835e+02 -1.399043e+02 -4.490000e+00
      vertex   1.944583e+02 -1.401321e+02 -4.490000e+00
      vertex   2.009014e+02 -1.373585e+02 -4.490000e+00
    endloop
  endfacet
  facet normal -1.169892e-16 -4.845853e-17 1.000000e+00
    outer loop
      vertex   2.009014e+02 -1.373585e+02 -4.490000e+00
      vertex   1.944583e+02 -1.401321e+02 -4.490000e+00
      vertex   1.945682e+02 -1.403974e+02 -4.490000e+00
    endloop
  endfacet
  facet normal -1.319083e-16 -1.736606e-17 1.000000e+00
    outer loop
      vertex   2.009014e+02 -1.373585e+02 -4.490000e+00
      vertex   1.945682e+02 -1.403974e+02 -4.490000e+00
      vertex   1.946057e+02 -1.406821e+02 -4.490000e+00
    endloop
  endfacet
  facet normal -1.516132e-16 1.996026e-17 1.000000e+00
    outer loop
      vertex   1.946057e+02 -1.406821e+02 -4.490000e+00
      vertex   1.945682e+02 -1.409668e+02 -4.490000e+00
      vertex   2.009014e+02 -1.373585e+02 -4.490000e+00
    endloop
  endfacet
  facet normal -1.835600e-16 7.603302e-17 1.000000e+00
    outer loop
      vertex   2.009014e+02 -1.373585e+02 -4.490000e+00
      vertex   1.945682e+02 -1.409668e+02 -4.490000e+00
      vertex   1.944583e+02 -1.412321e+02 -4.490000e+00
    endloop
  endfacet
  facet normal -2.558989e-16 1.963581e-16 1.000000e+00
    outer loop
      vertex   2.009014e+02 -1.373585e+02 -4.490000e+00
      vertex   1.944583e+02 -1.412321e+02 -4.490000e+00
      vertex   1.942835e+02 -1.414599e+02 -4.490000e+00
    endloop
  endfacet
  facet normal 0.000000e+00 0.000000e+00 1.000000e+00
    outer loop
      vertex   1.932210e+02 -1.417446e+02 -4.490000e+00
      vertex   1.929557e+02 -1.416347e+02 -4.490000e+00
      vertex   1.869775e+02 -1.451055e+02 -4.490000e+00
    endloop
  endfacet
  facet normal 0.000000e+00 0.000000e+00 1.000000e+00
    outer loop
      vertex   1.869775e+02 -1.451055e+02 -4.490000e+00
      vertex   1.929557e+02 -1.416347e+02 -4.490000e+00
      vertex   1.927279e+02 -1.414599e+02 -4.490000e+00
    endloop
  endfacet
  facet normal 0.000000e+00 0.000000e+00 1.000000e+00
    outer loop
      vertex   1.869775e+02 -1.451055e+02 -4.490000e+00
      vertex   1.927279e+02 -1.414599e+02 -4.490000e+00
      vertex   1.925531e+02 -1.412321e+02 -4.490000e+00
    endloop
  endfacet
  facet normal 0.000000e+00 0.000000e+00 1.000000e+00
    outer loop
      vertex   1.925531e+02 -1.412321e+02 -4.490000e+00
      vertex   1.924432e+02 -1.409668e+02 -4.490000e+00
      vertex   1.869775e+02 -1.451055e+02 -4.490000e+00
    endloop
  endfacet
  facet normal 0.000000e+00 -0.000000e+00 1.000000e+00
    outer loop
      vertex   1.837843e+02 -6.745056e+01 -4.490000e+00
      vertex   1.839049e+02 -6.740061e+01 -4.490000e+00
      vertex   1.836549e+02 -6.746760e+01 -4.490000e+00
    endloop
  endfacet
  facet normal 0.000000e+00 0.000000e+00 1.000000e+00
    outer loop
      vertex   1.836549e+02 -6.746760e+01 -4.490000e+00
      vertex   1.839049e+02 -6.740061e+01 -4.490000e+00
      vertex   1.840084e+02 -6.732115e+01 -4.490000e+00
    endloop
  endfacet
  facet normal 0.000000e+00 0.000000e+00 1.000000e+00
    outer loop
      vertex   1.836549e+02 -6.746760e+01 -4.490000e+00
      vertex   1.840084e+02 -6.732115e+01 -4.490000e+00
      vertex   1.840879e+02 -6.721760e+01 -4.490000e+00
    endloop
  endfacet
  facet normal 0.000000e+00 -0.000000e+00 1.000000e+00
    outer loop
      vertex   1.840879e+02 -6.721760e+01 -4.490000e+00
      vertex   1.841378e+02 -6.709701e+01 -4.490000e+00
      vertex   1.836549e+02 -6.746760e+01 -4.490000e+00
    endloop
  endfacet
  facet normal 0.000000e+00 0.000000e+00 1.000000e+00
    outer loop
      vertex   1.836549e+02 -6.746760e+01 -4.490000e+00
      vertex   1.841378e+02 -6.709701e+01 -4.490000e+00
      vertex   1.841549e+02 -6.696760e+01 -4.490000e+00
    endloop
  endfacet
  facet normal 0.000000e+00 -0.000000e+00 1.000000e+00
    outer loop
      vertex   1.836549e+02 -6.746760e+01 -4.490000e+00
      vertex   1.841549e+02 -6.696760e+01 -4.490000e+00
      vertex   1.816326e+02 -6.746760e+01 -4.490000e+00
    endloop
  endfacet
  facet normal 0.000000e+00 0.000000e+00 1.000000e+00
    outer loop
      vertex   1.816326e+02 -6.746760e+01 -4.490000e+00
      vertex   1.841549e+02 -6.696760e+01 -4.490000e+00
      vertex   1.825900e+02 -6.527069e+01 -4.490000e+00
    endloop
  endfacet
  facet normal 0.000000e+00 -0.000000e+00 1.000000e+00
    outer loop
      vertex   1.816326e+02 -6.746760e+01 -4.490000e+00
      vertex   1.825900e+02 -6.527069e+01 -4.490000e+00
      vertex   1.811150e+02 -6.753575e+01 -4.490000e+00
    endloop
  endfacet
  facet normal 0.000000e+00 -0.000000e+00 1.000000e+00
    outer loop
      vertex   1.811150e+02 -6.753575e+01 -4.490000e+00
      vertex   1.825900e+02 -6.527069e+01 -4.490000e+00
      vertex   1.806326e+02 -6.773555e+01 -4.490000e+00
    endloop
  endfacet
  facet normal 0.000000e+00 -0.000000e+00 1.000000e+00
    outer loop
      vertex   1.806326e+02 -6.773555e+01 -4.490000e+00
      vertex   1.825900e+02 -6.527069e+01 -4.490000e+00
      vertex   1.790538e+02 -6.083256e+01 -4.490000e+00
    endloop
  endfacet
  facet normal 0.000000e+00 0.000000e+00 1.000000e+00
    outer loop
      vertex   1.806326e+02 -6.773555e+01 -4.490000e+00
      vertex   1.790538e+02 -6.083256e+01 -4.490000e+00
      vertex   1.802184e+02 -6.805338e+01 -4.490000e+00
    endloop
  endfacet
  facet normal -1.886023e-16 -3.041842e-17 1.000000e+00
    outer loop
      vertex   1.802184e+02 -6.805338e+01 -4.490000e+00
      vertex   1.790538e+02 -6.083256e+01 -4.490000e+00
      vertex   1.759148e+02 -7.056840e+01 -4.490000e+00
    endloop
  endfacet
  facet normal -3.741594e-16 2.871026e-16 1.000000e+00
    outer loop
      vertex   1.802184e+02 -6.805338e+01 -4.490000e+00
      vertex   1.759148e+02 -7.056840e+01 -4.490000e+00
      vertex   1.799006e+02 -6.846760e+01 -4.490000e+00
    endloop
  endfacet
  facet normal 0.000000e+00 -0.000000e+00 1.000000e+00
    outer loop
      vertex   1.851248e+02 -6.696760e+01 -4.490000e+00
      vertex   1.851248e+02 -6.527069e+01 -4.490000e+00
      vertex   1.841549e+02 -6.696760e+01 -4.490000e+00
    endloop
  endfacet
  facet normal 0.000000e+00 -0.000000e+00 1.000000e+00
    outer loop
      vertex   1.841549e+02 -6.696760e+01 -4.490000e+00
      vertex   1.851248e+02 -6.527069e+01 -4.490000e+00
      vertex   1.825900e+02 -6.527069e+01 -4.490000e+00
    endloop
  endfacet
  facet normal 0.000000e+00 0.000000e+00 1.000000e+00
    outer loop
      vertex   1.825900e+02 -6.146760e+01 -4.490000e+00
      vertex   1.799438e+02 -6.096760e+01 -4.490000e+00
      vertex   1.825900e+02 -6.527069e+01 -4.490000e+00
    endloop
  endfacet
  facet normal 0.000000e+00 0.000000e+00 1.000000e+00
    outer loop
      vertex   1.825900e+02 -6.527069e+01 -4.490000e+00
      vertex   1.799438e+02 -6.096760e+01 -4.490000e+00
      vertex   1.796431e+02 -6.095249e+01 -4.490000e+00
    endloop
  endfacet
  facet normal 0.000000e+00 0.000000e+00 1.000000e+00
    outer loop
      vertex   1.825900e+02 -6.527069e+01 -4.490000e+00
      vertex   1.796431e+02 -6.095249e+01 -4.490000e+00
      vertex   1.793454e+02 -6.090733e+01 -4.490000e+00
    endloop
  endfacet
  facet normal -0.000000e+00 0.000000e+00 1.000000e+00
    outer loop
      vertex   1.799438e+02 -6.096760e+01 -4.490000e+00
      vertex   1.825900e+02 -6.146760e+01 -4.490000e+00
      vertex   1.820438e+02 -6.096760e+01 -4.490000e+00
    endloop
  endfacet
  facet normal 0.000000e+00 0.000000e+00 1.000000e+00
    outer loop
      vertex   1.820438e+02 -6.096760e+01 -4.490000e+00
      vertex   1.825900e+02 -6.146760e+01 -4.490000e+00
      vertex   1.825778e+02 -6.136581e+01 -4.490000e+00
    endloop
  endfacet
  facet normal 0.000000e+00 0.000000e+00 1.000000e+00
    outer loop
      vertex   1.820438e+02 -6.096760e+01 -4.490000e+00
      vertex   1.825778e+02 -6.136581e+01 -4.490000e+00
      vertex   1.825449e+02 -6.126984e+01 -4.490000e+00
    endloop
  endfacet
  facet normal 0.000000e+00 0.000000e+00 1.000000e+00
    outer loop
      vertex   1.825449e+02 -6.126984e+01 -4.490000e+00
      vertex   1.824903e+02 -6.118188e+01 -4.490000e+00
      vertex   1.820438e+02 -6.096760e+01 -4.490000e+00
    endloop
  endfacet
  facet normal 0.000000e+00 0.000000e+00 1.000000e+00
    outer loop
      vertex   1.820438e+02 -6.096760e+01 -4.490000e+00
      vertex   1.824903e+02 -6.118188e+01 -4.490000e+00
      vertex   1.824215e+02 -6.110777e+01 -4.490000e+00
    endloop
  endfacet
  facet normal 0.000000e+00 0.000000e+00 1.000000e+00
    outer loop
      vertex   1.820438e+02 -6.096760e+01 -4.490000e+00
      vertex   1.824215e+02 -6.110777e+01 -4.490000e+00
      vertex   1.823371e+02 -6.104742e+01 -4.490000e+00
    endloop
  endfacet
  facet normal 0.000000e+00 0.000000e+00 1.000000e+00
    outer loop
      vertex   1.822456e+02 -6.100357e+01 -4.490000e+00
      vertex   1.821457e+02 -6.097715e+01 -4.490000e+00
      vertex   1.823371e+02 -6.104742e+01 -4.490000e+00
    endloop
  endfacet
  facet normal 0.000000e+00 0.000000e+00 1.000000e+00
    outer loop
      vertex   1.823371e+02 -6.104742e+01 -4.490000e+00
      vertex   1.821457e+02 -6.097715e+01 -4.490000e+00
      vertex   1.820438e+02 -6.096760e+01 -4.490000e+00
    endloop
  endfacet
  facet normal 0.000000e+00 0.000000e+00 1.000000e+00
    outer loop
      vertex   1.793454e+02 -6.090733e+01 -4.490000e+00
      vertex   1.790538e+02 -6.083256e+01 -4.490000e+00
      vertex   1.825900e+02 -6.527069e+01 -4.490000e+00
    endloop
  endfacet
  facet normal -1.347004e-17 -8.881096e-17 1.000000e+00
    outer loop
      vertex   1.378140e+02 -5.866190e+01 -4.490000e+00
      vertex   1.418324e+02 -4.927061e+01 -4.490000e+00
      vertex   1.409421e+02 -4.913557e+01 -4.490000e+00
    endloop
  endfacet
  facet normal 0.000000e+00 0.000000e+00 1.000000e+00
    outer loop
      vertex   1.409421e+02 -4.913557e+01 -4.490000e+00
      vertex   1.418324e+02 -4.927061e+01 -4.490000e+00
      vertex   1.415407e+02 -4.919581e+01 -4.490000e+00
    endloop
  endfacet
  facet normal 0.000000e+00 0.000000e+00 1.000000e+00
    outer loop
      vertex   1.409421e+02 -4.913557e+01 -4.490000e+00
      vertex   1.415407e+02 -4.919581e+01 -4.490000e+00
      vertex   1.412429e+02 -4.915065e+01 -4.490000e+00
    endloop
  endfacet
  facet normal -0.000000e+00 0.000000e+00 1.000000e+00
    outer loop
      vertex   1.205454e+02 -4.914821e+01 -4.490000e+00
      vertex   1.203025e+02 -4.917813e+01 -4.490000e+00
      vertex   1.207900e+02 -4.913819e+01 -4.490000e+00
    endloop
  endfacet
  facet normal 0.000000e+00 0.000000e+00 1.000000e+00
    outer loop
      vertex   1.207900e+02 -4.913819e+01 -4.490000e+00
      vertex   1.203025e+02 -4.917813e+01 -4.490000e+00
      vertex   1.200628e+02 -4.922776e+01 -4.490000e+00
    endloop
  endfacet
  facet normal -1.105460e-17 8.974964e-17 1.000000e+00
    outer loop
      vertex   1.207900e+02 -4.913819e+01 -4.490000e+00
      vertex   1.200628e+02 -4.922776e+01 -4.490000e+00
      vertex   1.238140e+02 -5.866190e+01 -4.490000e+00
    endloop
  endfacet
  facet normal -0.000000e+00 -0.000000e+00 1.000000e+00
    outer loop
      vertex   1.671651e+02 -1.514450e+02 -4.490000e+00
      vertex   1.676584e+02 -1.516889e+02 -4.490000e+00
      vertex   1.663896e+02 -1.417196e+02 -4.490000e+00
    endloop
  endfacet
  facet normal -1.054472e-16 -1.342004e-17 1.000000e+00
    outer loop
      vertex   1.663896e+02 -1.417196e+02 -4.490000e+00
      vertex   1.676584e+02 -1.516889e+02 -4.490000e+00
      vertex   1.744485e+02 -1.388588e+02 -4.490000e+00
    endloop
  endfacet
  facet normal -3.922903e-16 3.663259e-19 1.000000e+00
    outer loop
      vertex   2.061279e+02 -1.219000e+02 -4.490000e+00
      vertex   2.061322e+02 -1.173174e+02 -4.490000e+00
      vertex   2.038686e+02 -1.167829e+02 -4.490000e+00
    endloop
  endfacet
  facet normal -5.036021e-16 -4.710039e-16 1.000000e+00
    outer loop
      vertex   2.038686e+02 -1.167829e+02 -4.490000e+00
      vertex   2.061322e+02 -1.173174e+02 -4.490000e+00
      vertex   2.056322e+02 -1.167829e+02 -4.490000e+00
    endloop
  endfacet
  facet normal 3.757846e-10 3.514601e-10 1.000000e+00
    outer loop
      vertex   2.056322e+02 -1.167829e+02 -4.490000e+00
      vertex   2.061322e+02 -1.173174e+02 -4.490000e+00
      vertex   2.061231e+02 -1.172162e+02 -4.490000e+00
    endloop
  endfacet
  facet normal 5.470619e-10 5.454779e-10 1.000000e+00
    outer loop
      vertex   2.056322e+02 -1.167829e+02 -4.490000e+00
      vertex   2.061231e+02 -1.172162e+02 -4.490000e+00
      vertex   2.060959e+02 -1.171183e+02 -4.490000e+00
    endloop
  endfacet
  facet normal 5.431130e-10 5.400193e-10 1.000000e+00
    outer loop
      vertex   2.060959e+02 -1.171183e+02 -4.490000e+00
      vertex   2.060514e+02 -1.170270e+02 -4.490000e+00
      vertex   2.056322e+02 -1.167829e+02 -4.490000e+00
    endloop
  endfacet
  facet normal 9.167366e-10 1.181516e-09 1.000000e+00
    outer loop
      vertex   2.056322e+02 -1.167829e+02 -4.490000e+00
      vertex   2.060514e+02 -1.170270e+02 -4.490000e+00
      vertex   2.059908e+02 -1.169458e+02 -4.490000e+00
    endloop
  endfacet
  facet normal 1.874553e-10 -4.239386e-10 1.000000e+00
    outer loop
      vertex   2.056322e+02 -1.167829e+02 -4.490000e+00
      vertex   2.059908e+02 -1.169458e+02 -4.490000e+00
      vertex   2.059156e+02 -1.168777e+02 -4.490000e+00
    endloop
  endfacet
  facet normal -5.759423e-10 -2.706388e-09 1.000000e+00
    outer loop
      vertex   2.059156e+02 -1.168777e+02 -4.490000e+00
      vertex   2.058286e+02 -1.168262e+02 -4.490000e+00
      vertex   2.056322e+02 -1.167829e+02 -4.490000e+00
    endloop
  endfacet
  facet normal -2.068209e-11 -1.869558e-10 1.000000e+00
    outer loop
      vertex   2.056322e+02 -1.167829e+02 -4.490000e+00
      vertex   2.058286e+02 -1.168262e+02 -4.490000e+00
      vertex   2.057327e+02 -1.167939e+02 -4.490000e+00
    endloop
  endfacet
  facet normal -9.349247e-17 0.000000e+00 1.000000e+00
    outer loop
      vertex   2.038686e+02 -1.167829e+02 -4.490000e+00
      vertex   2.038686e+02 -1.144700e+02 -4.490000e+00
      vertex   1.943686e+02 -1.144700e+02 -4.490000e+00
    endloop
  endfacet
  facet normal -9.349247e-17 0.000000e+00 1.000000e+00
    outer loop
      vertex   1.943686e+02 -1.058538e+02 -4.490000e+00
      vertex   2.038686e+02 -1.058538e+02 -4.490000e+00
      vertex   2.038686e+02 -1.035409e+02 -4.490000e+00
    endloop
  endfacet
  facet normal -4.998521e-16 4.684380e-16 1.000000e+00
    outer loop
      vertex   2.038686e+02 -1.035409e+02 -4.490000e+00
      vertex   2.056455e+02 -1.035409e+02 -4.490000e+00
      vertex   2.061455e+02 -1.030073e+02 -4.490000e+00
    endloop
  endfacet
  facet normal -6.481054e-12 6.073741e-12 1.000000e+00
    outer loop
      vertex   2.061455e+02 -1.030073e+02 -4.490000e+00
      vertex   2.056455e+02 -1.035409e+02 -4.490000e+00
      vertex   2.061363e+02 -1.031084e+02 -4.490000e+00
    endloop
  endfacet
  facet normal -9.315409e-10 1.055918e-09 1.000000e+00
    outer loop
      vertex   2.061363e+02 -1.031084e+02 -4.490000e+00
      vertex   2.056455e+02 -1.035409e+02 -4.490000e+00
      vertex   2.061089e+02 -1.032063e+02 -4.490000e+00
    endloop
  endfacet
  facet normal -2.723041e-10 1.428975e-10 1.000000e+00
    outer loop
      vertex   2.061089e+02 -1.032063e+02 -4.490000e+00
      vertex   2.056455e+02 -1.035409e+02 -4.490000e+00
      vertex   2.060643e+02 -1.032974e+02 -4.490000e+00
    endloop
  endfacet
  facet normal 2.965193e-10 -8.355237e-10 1.000000e+00
    outer loop
      vertex   2.060643e+02 -1.032974e+02 -4.490000e+00
      vertex   2.056455e+02 -1.035409e+02 -4.490000e+00
      vertex   2.060036e+02 -1.033785e+02 -4.490000e+00
    endloop
  endfacet
  facet normal 2.255933e-12 -1.866506e-10 1.000000e+00
    outer loop
      vertex   2.060036e+02 -1.033785e+02 -4.490000e+00
      vertex   2.056455e+02 -1.035409e+02 -4.490000e+00
      vertex   2.059285e+02 -1.034464e+02 -4.490000e+00
    endloop
  endfacet
  facet normal 1.006343e-10 -4.812543e-10 1.000000e+00
    outer loop
      vertex   2.059285e+02 -1.034464e+02 -4.490000e+00
      vertex   2.056455e+02 -1.035409e+02 -4.490000e+00
      vertex   2.058415e+02 -1.034978e+02 -4.490000e+00
    endloop
  endfacet
  facet normal 2.656374e-12 -3.599385e-11 1.000000e+00
    outer loop
      vertex   2.058415e+02 -1.034978e+02 -4.490000e+00
      vertex   2.056455e+02 -1.035409e+02 -4.490000e+00
      vertex   2.057458e+02 -1.035299e+02 -4.490000e+00
    endloop
  endfacet
  facet normal -1.181664e-16 1.103453e-19 1.000000e+00
    outer loop
      vertex   2.061820e+02 -6.397040e+01 -4.490000e+00
      vertex   1.986414e+02 -8.999363e+01 -4.490000e+00
      vertex   2.061455e+02 -1.030073e+02 -4.490000e+00
    endloop
  endfacet
  facet normal -9.635817e-17 1.268579e-17 1.000000e+00
    outer loop
      vertex   2.061455e+02 -1.030073e+02 -4.490000e+00
      vertex   1.986414e+02 -8.999363e+01 -4.490000e+00
      vertex   1.985732e+02 -9.051127e+01 -4.490000e+00
    endloop
  endfacet
  facet normal -6.967002e-17 2.885827e-17 1.000000e+00
    outer loop
      vertex   2.061455e+02 -1.030073e+02 -4.490000e+00
      vertex   1.985732e+02 -9.051127e+01 -4.490000e+00
      vertex   1.983734e+02 -9.099363e+01 -4.490000e+00
    endloop
  endfacet
  facet normal -0.000000e+00 0.000000e+00 1.000000e+00
    outer loop
      vertex   1.960999e+02 -6.097715e+01 -4.490000e+00
      vertex   1.959085e+02 -6.104742e+01 -4.490000e+00
      vertex   1.962018e+02 -6.096760e+01 -4.490000e+00
    endloop
  endfacet
  facet normal 0.000000e+00 0.000000e+00 1.000000e+00
    outer loop
      vertex   1.962018e+02 -6.096760e+01 -4.490000e+00
      vertex   1.959085e+02 -6.104742e+01 -4.490000e+00
      vertex   1.958241e+02 -6.110777e+01 -4.490000e+00
    endloop
  endfacet
  facet normal 0.000000e+00 0.000000e+00 1.000000e+00
    outer loop
      vertex   1.962018e+02 -6.096760e+01 -4.490000e+00
      vertex   1.958241e+02 -6.110777e+01 -4.490000e+00
      vertex   1.957553e+02 -6.118188e+01 -4.490000e+00
    endloop
  endfacet
  facet normal 0.000000e+00 0.000000e+00 1.000000e+00
    outer loop
      vertex   1.960999e+02 -6.097715e+01 -4.490000e+00
      vertex   1.960000e+02 -6.100357e+01 -4.490000e+00
      vertex   1.959085e+02 -6.104742e+01 -4.490000e+00
    endloop
  endfacet
  facet normal -0.000000e+00 0.000000e+00 1.000000e+00
    outer loop
      vertex   1.957553e+02 -6.118188e+01 -4.490000e+00
      vertex   1.957007e+02 -6.126984e+01 -4.490000e+00
      vertex   1.962018e+02 -6.096760e+01 -4.490000e+00
    endloop
  endfacet
  facet normal 0.000000e+00 0.000000e+00 1.000000e+00
    outer loop
      vertex   1.962018e+02 -6.096760e+01 -4.490000e+00
      vertex   1.957007e+02 -6.126984e+01 -4.490000e+00
      vertex   1.956678e+02 -6.136581e+01 -4.490000e+00
    endloop
  endfacet
  facet normal 0.000000e+00 0.000000e+00 1.000000e+00
    outer loop
      vertex   1.962018e+02 -6.096760e+01 -4.490000e+00
      vertex   1.956678e+02 -6.136581e+01 -4.490000e+00
      vertex   1.956556e+02 -6.146760e+01 -4.490000e+00
    endloop
  endfacet
  facet normal -3.503868e-16 -2.002824e-16 1.000000e+00
    outer loop
      vertex   1.931208e+02 -6.527069e+01 -4.490000e+00
      vertex   1.940907e+02 -6.696760e+01 -4.490000e+00
      vertex   1.956556e+02 -6.527069e+01 -4.490000e+00
    endloop
  endfacet
  facet normal -2.722971e-16 -2.722971e-16 1.000000e+00
    outer loop
      vertex   1.956556e+02 -6.527069e+01 -4.490000e+00
      vertex   1.940907e+02 -6.696760e+01 -4.490000e+00
      vertex   1.945907e+02 -6.746760e+01 -4.490000e+00
    endloop
  endfacet
  facet normal -4.331212e-16 -1.943416e-16 1.000000e+00
    outer loop
      vertex   1.956556e+02 -6.527069e+01 -4.490000e+00
      vertex   1.945907e+02 -6.746760e+01 -4.490000e+00
      vertex   1.966414e+02 -6.746760e+01 -4.490000e+00
    endloop
  endfacet
  facet normal 0.000000e+00 0.000000e+00 1.000000e+00
    outer loop
      vertex   1.931208e+02 -6.527069e+01 -4.490000e+00
      vertex   1.931208e+02 -6.696760e+01 -4.490000e+00
      vertex   1.940907e+02 -6.696760e+01 -4.490000e+00
    endloop
  endfacet
  facet normal 0.000000e+00 0.000000e+00 1.000000e+00
    outer loop
      vertex   1.940907e+02 -6.696760e+01 -4.490000e+00
      vertex   1.941077e+02 -6.709701e+01 -4.490000e+00
      vertex   1.945907e+02 -6.746760e+01 -4.490000e+00
    endloop
  endfacet
  facet normal 0.000000e+00 0.000000e+00 1.000000e+00
    outer loop
      vertex   1.945907e+02 -6.746760e+01 -4.490000e+00
      vertex   1.941077e+02 -6.709701e+01 -4.490000e+00
      vertex   1.941577e+02 -6.721760e+01 -4.490000e+00
    endloop
  endfacet
  facet normal 0.000000e+00 0.000000e+00 1.000000e+00
    outer loop
      vertex   1.945907e+02 -6.746760e+01 -4.490000e+00
      vertex   1.941577e+02 -6.721760e+01 -4.490000e+00
      vertex   1.942372e+02 -6.732115e+01 -4.490000e+00
    endloop
  endfacet
  facet normal 0.000000e+00 0.000000e+00 1.000000e+00
    outer loop
      vertex   1.942372e+02 -6.732115e+01 -4.490000e+00
      vertex   1.943407e+02 -6.740061e+01 -4.490000e+00
      vertex   1.945907e+02 -6.746760e+01 -4.490000e+00
    endloop
  endfacet
  facet normal 0.000000e+00 0.000000e+00 1.000000e+00
    outer loop
      vertex   1.945907e+02 -6.746760e+01 -4.490000e+00
      vertex   1.943407e+02 -6.740061e+01 -4.490000e+00
      vertex   1.944613e+02 -6.745056e+01 -4.490000e+00
    endloop
  endfacet
  facet normal -0.000000e+00 -0.000000e+00 1.000000e+00
    outer loop
      vertex   1.966414e+02 -6.746760e+01 -4.490000e+00
      vertex   1.971590e+02 -6.753575e+01 -4.490000e+00
      vertex   1.956556e+02 -6.527069e+01 -4.490000e+00
    endloop
  endfacet
  facet normal -5.227486e-17 4.011191e-17 1.000000e+00
    outer loop
      vertex   1.983734e+02 -9.099363e+01 -4.490000e+00
      vertex   1.980556e+02 -9.140784e+01 -4.490000e+00
      vertex   2.061455e+02 -1.030073e+02 -4.490000e+00
    endloop
  endfacet
  facet normal -3.827254e-17 4.987775e-17 1.000000e+00
    outer loop
      vertex   2.061455e+02 -1.030073e+02 -4.490000e+00
      vertex   1.980556e+02 -9.140784e+01 -4.490000e+00
      vertex   1.976414e+02 -9.172568e+01 -4.490000e+00
    endloop
  endfacet
  facet normal -2.421093e-16 -3.187430e-17 1.000000e+00
    outer loop
      vertex   1.797008e+02 -9.051127e+01 -4.490000e+00
      vertex   1.796326e+02 -8.999363e+01 -4.490000e+00
      vertex   1.759148e+02 -8.961880e+01 -4.490000e+00
    endloop
  endfacet
  facet normal -1.305262e-01 -9.914449e-01 0.000000e+00
    outer loop
      vertex   1.945907e+02 -6.746760e+01 -5.990000e+00
      vertex   1.945907e+02 -6.746760e+01 -4.490000e+00
      vertex   1.944613e+02 -6.745056e+01 -5.990000e+00
    endloop
  endfacet
  facet normal -1.305262e-01 -9.914449e-01 0.000000e+00
    outer loop
      vertex   1.944613e+02 -6.745056e+01 -5.990000e+00
      vertex   1.945907e+02 -6.746760e+01 -4.490000e+00
      vertex   1.944613e+02 -6.745056e+01 -4.490000e+00
    endloop
  endfacet
  facet normal -3.826834e-01 -9.238795e-01 0.000000e+00
    outer loop
      vertex   1.944613e+02 -6.745056e+01 -5.990000e+00
      vertex   1.944613e+02 -6.745056e+01 -4.490000e+00
      vertex   1.943407e+02 -6.740061e+01 -5.990000e+00
    endloop
  endfacet
  facet normal -3.826834e-01 -9.238795e-01 0.000000e+00
    outer loop
      vertex   1.943407e+02 -6.740061e+01 -5.990000e+00
      vertex   1.944613e+02 -6.745056e+01 -4.490000e+00
      vertex   1.943407e+02 -6.740061e+01 -4.490000e+00
    endloop
  endfacet
  facet normal -6.087614e-01 -7.933533e-01 0.000000e+00
    outer loop
      vertex   1.943407e+02 -6.740061e+01 -5.990000e+00
      vertex   1.943407e+02 -6.740061e+01 -4.490000e+00
      vertex   1.942372e+02 -6.732115e+01 -5.990000e+00
    endloop
  endfacet
  facet normal -6.087614e-01 -7.933533e-01 0.000000e+00
    outer loop
      vertex   1.942372e+02 -6.732115e+01 -5.990000e+00
      vertex   1.943407e+02 -6.740061e+01 -4.490000e+00
      vertex   1.942372e+02 -6.732115e+01 -4.490000e+00
    endloop
  endfacet
  facet normal -7.933533e-01 -6.087614e-01 0.000000e+00
    outer loop
      vertex   1.942372e+02 -6.732115e+01 -5.990000e+00
      vertex   1.942372e+02 -6.732115e+01 -4.490000e+00
      vertex   1.941577e+02 -6.721760e+01 -5.990000e+00
    endloop
  endfacet
  facet normal -7.933533e-01 -6.087614e-01 0.000000e+00
    outer loop
      vertex   1.941577e+02 -6.721760e+01 -5.990000e+00
      vertex   1.942372e+02 -6.732115e+01 -4.490000e+00
      vertex   1.941577e+02 -6.721760e+01 -4.490000e+00
    endloop
  endfacet
  facet normal -9.238795e-01 -3.826834e-01 0.000000e+00
    outer loop
      vertex   1.941577e+02 -6.721760e+01 -5.990000e+00
      vertex   1.941577e+02 -6.721760e+01 -4.490000e+00
      vertex   1.941077e+02 -6.709701e+01 -5.990000e+00
    endloop
  endfacet
  facet normal -9.238795e-01 -3.826834e-01 0.000000e+00
    outer loop
      vertex   1.941077e+02 -6.709701e+01 -5.990000e+00
      vertex   1.941577e+02 -6.721760e+01 -4.490000e+00
      vertex   1.941077e+02 -6.709701e+01 -4.490000e+00
    endloop
  endfacet
  facet normal -9.914449e-01 -1.305262e-01 0.000000e+00
    outer loop
      vertex   1.941077e+02 -6.709701e+01 -5.990000e+00
      vertex   1.941077e+02 -6.709701e+01 -4.490000e+00
      vertex   1.940907e+02 -6.696760e+01 -5.990000e+00
    endloop
  endfacet
  facet normal -9.914449e-01 -1.305262e-01 0.000000e+00
    outer loop
      vertex   1.940907e+02 -6.696760e+01 -5.990000e+00
      vertex   1.941077e+02 -6.709701e+01 -4.490000e+00
      vertex   1.940907e+02 -6.696760e+01 -4.490000e+00
    endloop
  endfacet
  facet normal 0.000000e+00 -1.000000e+00 0.000000e+00
    outer loop
      vertex   1.945907e+02 -6.746760e+01 -5.990000e+00
      vertex   1.966414e+02 -6.746760e+01 -5.990000e+00
      vertex   1.945907e+02 -6.746760e+01 -4.490000e+00
    endloop
  endfacet
  facet normal 0.000000e+00 -1.000000e+00 0.000000e+00
    outer loop
      vertex   1.945907e+02 -6.746760e+01 -4.490000e+00
      vertex   1.966414e+02 -6.746760e+01 -5.990000e+00
      vertex   1.966414e+02 -6.746760e+01 -4.490000e+00
    endloop
  endfacet
  facet normal 0.000000e+00 -1.000000e+00 0.000000e+00
    outer loop
      vertex   1.841549e+02 -6.696760e+01 -5.990000e+00
      vertex   1.842120e+02 -6.696760e+01 -5.620827e+00
      vertex   1.841549e+02 -6.696760e+01 -4.490000e+00
    endloop
  endfacet
  facet normal 0.000000e+00 -1.000000e+00 0.000000e+00
    outer loop
      vertex   1.841549e+02 -6.696760e+01 -4.490000e+00
      vertex   1.842120e+02 -6.696760e+01 -5.620827e+00
      vertex   1.843449e+02 -6.696760e+01 -5.271704e+00
    endloop
  endfacet
  facet normal 0.000000e+00 -1.000000e+00 0.000000e+00
    outer loop
      vertex   1.841549e+02 -6.696760e+01 -4.490000e+00
      vertex   1.843449e+02 -6.696760e+01 -5.271704e+00
      vertex   1.845477e+02 -6.696760e+01 -4.958009e+00
    endloop
  endfacet
  facet normal 0.000000e+00 -1.000000e+00 0.000000e+00
    outer loop
      vertex   1.845477e+02 -6.696760e+01 -4.958009e+00
      vertex   1.848116e+02 -6.696760e+01 -4.693558e+00
      vertex   1.841549e+02 -6.696760e+01 -4.490000e+00
    endloop
  endfacet
  facet normal 0.000000e+00 -1.000000e+00 0.000000e+00
    outer loop
      vertex   1.841549e+02 -6.696760e+01 -4.490000e+00
      vertex   1.848116e+02 -6.696760e+01 -4.693558e+00
      vertex   1.851248e+02 -6.696760e+01 -4.490000e+00
    endloop
  endfacet
  facet normal 0.000000e+00 -1.000000e+00 0.000000e+00
    outer loop
      vertex   1.931208e+02 -6.696760e+01 -4.490000e+00
      vertex   1.934340e+02 -6.696760e+01 -4.693558e+00
      vertex   1.940907e+02 -6.696760e+01 -4.490000e+00
    endloop
  endfacet
  facet normal 0.000000e+00 -1.000000e+00 0.000000e+00
    outer loop
      vertex   1.940907e+02 -6.696760e+01 -4.490000e+00
      vertex   1.934340e+02 -6.696760e+01 -4.693558e+00
      vertex   1.936978e+02 -6.696760e+01 -4.958009e+00
    endloop
  endfacet
  facet normal 0.000000e+00 -1.000000e+00 0.000000e+00
    outer loop
      vertex   1.940907e+02 -6.696760e+01 -4.490000e+00
      vertex   1.936978e+02 -6.696760e+01 -4.958009e+00
      vertex   1.939007e+02 -6.696760e+01 -5.271704e+00
    endloop
  endfacet
  facet normal 0.000000e+00 -1.000000e+00 0.000000e+00
    outer loop
      vertex   1.939007e+02 -6.696760e+01 -5.271704e+00
      vertex   1.940336e+02 -6.696760e+01 -5.620827e+00
      vertex   1.940907e+02 -6.696760e+01 -4.490000e+00
    endloop
  endfacet
  facet normal 0.000000e+00 -1.000000e+00 -0.000000e+00
    outer loop
      vertex   1.940907e+02 -6.696760e+01 -4.490000e+00
      vertex   1.940336e+02 -6.696760e+01 -5.620827e+00
      vertex   1.940907e+02 -6.696760e+01 -5.990000e+00
    endloop
  endfacet
  facet normal -9.882425e-01 -0.000000e+00 -1.528948e-01
    outer loop
      vertex   1.940907e+02 -6.527069e+01 -5.990000e+00
      vertex   1.940907e+02 -6.696760e+01 -5.990000e+00
      vertex   1.940336e+02 -6.527069e+01 -5.620827e+00
    endloop
  endfacet
  facet normal -9.882425e-01 -0.000000e+00 -1.528948e-01
    outer loop
      vertex   1.940336e+02 -6.527069e+01 -5.620827e+00
      vertex   1.940907e+02 -6.696760e+01 -5.990000e+00
      vertex   1.940336e+02 -6.696760e+01 -5.620827e+00
    endloop
  endfacet
  facet normal -9.345684e-01 -0.000000e+00 -3.557835e-01
    outer loop
      vertex   1.940336e+02 -6.527069e+01 -5.620827e+00
      vertex   1.940336e+02 -6.696760e+01 -5.620827e+00
      vertex   1.939007e+02 -6.696760e+01 -5.271704e+00
    endloop
  endfacet
  facet normal -9.345684e-01 0.000000e+00 -3.557835e-01
    outer loop
      vertex   1.940336e+02 -6.527069e+01 -5.620827e+00
      vertex   1.939007e+02 -6.696760e+01 -5.271704e+00
      vertex   1.939007e+02 -6.527069e+01 -5.271704e+00
    endloop
  endfacet
  facet normal -8.397315e-01 -0.000000e+00 -5.430018e-01
    outer loop
      vertex   1.939007e+02 -6.527069e+01 -5.271704e+00
      vertex   1.939007e+02 -6.696760e+01 -5.271704e+00
      vertex   1.936978e+02 -6.696760e+01 -4.958009e+00
    endloop
  endfacet
  facet normal -8.397315e-01 0.000000e+00 -5.430018e-01
    outer loop
      vertex   1.939007e+02 -6.527069e+01 -5.271704e+00
      vertex   1.936978e+02 -6.696760e+01 -4.958009e+00
      vertex   1.936978e+02 -6.527069e+01 -4.958009e+00
    endloop
  endfacet
  facet normal -7.079089e-01 -0.000000e+00 -7.063038e-01
    outer loop
      vertex   1.936978e+02 -6.527069e+01 -4.958009e+00
      vertex   1.936978e+02 -6.696760e+01 -4.958009e+00
      vertex   1.934340e+02 -6.696760e+01 -4.693558e+00
    endloop
  endfacet
  facet normal -7.079089e-01 0.000000e+00 -7.063038e-01
    outer loop
      vertex   1.936978e+02 -6.527069e+01 -4.958009e+00
      vertex   1.934340e+02 -6.696760e+01 -4.693558e+00
      vertex   1.934340e+02 -6.527069e+01 -4.693558e+00
    endloop
  endfacet
  facet normal -5.449066e-01 -0.000000e+00 -8.384968e-01
    outer loop
      vertex   1.934340e+02 -6.527069e+01 -4.693558e+00
      vertex   1.934340e+02 -6.696760e+01 -4.693558e+00
      vertex   1.931208e+02 -6.527069e+01 -4.490000e+00
    endloop
  endfacet
  facet normal -5.449066e-01 -0.000000e+00 -8.384968e-01
    outer loop
      vertex   1.931208e+02 -6.527069e+01 -4.490000e+00
      vertex   1.934340e+02 -6.696760e+01 -4.693558e+00
      vertex   1.931208e+02 -6.696760e+01 -4.490000e+00
    endloop
  endfacet
  facet normal 5.449066e-01 0.000000e+00 -8.384968e-01
    outer loop
      vertex   1.851248e+02 -6.527069e+01 -4.490000e+00
      vertex   1.851248e+02 -6.696760e+01 -4.490000e+00
      vertex   1.848116e+02 -6.527069e+01 -4.693558e+00
    endloop
  endfacet
  facet normal 5.449066e-01 0.000000e+00 -8.384968e-01
    outer loop
      vertex   1.848116e+02 -6.527069e+01 -4.693558e+00
      vertex   1.851248e+02 -6.696760e+01 -4.490000e+00
      vertex   1.848116e+02 -6.696760e+01 -4.693558e+00
    endloop
  endfacet
  facet normal 7.079089e-01 0.000000e+00 -7.063038e-01
    outer loop
      vertex   1.848116e+02 -6.527069e+01 -4.693558e+00
      vertex   1.848116e+02 -6.696760e+01 -4.693558e+00
      vertex   1.845477e+02 -6.696760e+01 -4.958009e+00
    endloop
  endfacet
  facet normal 7.079089e-01 0.000000e+00 -7.063038e-01
    outer loop
      vertex   1.848116e+02 -6.527069e+01 -4.693558e+00
      vertex   1.845477e+02 -6.696760e+01 -4.958009e+00
      vertex   1.845477e+02 -6.527069e+01 -4.958009e+00
    endloop
  endfacet
  facet normal 8.397315e-01 0.000000e+00 -5.430018e-01
    outer loop
      vertex   1.845477e+02 -6.527069e+01 -4.958009e+00
      vertex   1.845477e+02 -6.696760e+01 -4.958009e+00
      vertex   1.843449e+02 -6.696760e+01 -5.271704e+00
    endloop
  endfacet
  facet normal 8.397315e-01 0.000000e+00 -5.430018e-01
    outer loop
      vertex   1.845477e+02 -6.527069e+01 -4.958009e+00
      vertex   1.843449e+02 -6.696760e+01 -5.271704e+00
      vertex   1.843449e+02 -6.527069e+01 -5.271704e+00
    endloop
  endfacet
  facet normal 9.345684e-01 0.000000e+00 -3.557835e-01
    outer loop
      vertex   1.843449e+02 -6.527069e+01 -5.271704e+00
      vertex   1.843449e+02 -6.696760e+01 -5.271704e+00
      vertex   1.842120e+02 -6.696760e+01 -5.620827e+00
    endloop
  endfacet
  facet normal 9.345684e-01 0.000000e+00 -3.557835e-01
    outer loop
      vertex   1.843449e+02 -6.527069e+01 -5.271704e+00
      vertex   1.842120e+02 -6.696760e+01 -5.620827e+00
      vertex   1.842120e+02 -6.527069e+01 -5.620827e+00
    endloop
  endfacet
  facet normal 9.882425e-01 0.000000e+00 -1.528948e-01
    outer loop
      vertex   1.842120e+02 -6.527069e+01 -5.620827e+00
      vertex   1.842120e+02 -6.696760e+01 -5.620827e+00
      vertex   1.841549e+02 -6.527069e+01 -5.990000e+00
    endloop
  endfacet
  facet normal 9.882425e-01 0.000000e+00 -1.528948e-01
    outer loop
      vertex   1.841549e+02 -6.527069e+01 -5.990000e+00
      vertex   1.842120e+02 -6.696760e+01 -5.620827e+00
      vertex   1.841549e+02 -6.696760e+01 -5.990000e+00
    endloop
  endfacet
  facet normal -1.038304e-01 9.945588e-01 -8.493220e-03
    outer loop
      vertex   1.965119e+02 -6.096760e+01 -5.990000e+00
      vertex   1.964145e+02 -6.097777e+01 -5.990000e+00
      vertex   1.964701e+02 -6.096760e+01 -5.478582e+00
    endloop
  endfacet
  facet normal -1.017402e-01 9.947727e-01 -8.724756e-03
    outer loop
      vertex   1.964701e+02 -6.096760e+01 -5.478582e+00
      vertex   1.964145e+02 -6.097777e+01 -5.990000e+00
      vertex   1.962746e+02 -6.098463e+01 -5.141109e+00
    endloop
  endfacet
  facet normal -1.342024e-01 9.905655e-01 -2.774480e-02
    outer loop
      vertex   1.964701e+02 -6.096760e+01 -5.478582e+00
      vertex   1.962746e+02 -6.098463e+01 -5.141109e+00
      vertex   1.963662e+02 -6.096760e+01 -4.976082e+00
    endloop
  endfacet
  facet normal -1.106278e-01 9.930122e-01 -4.108773e-02
    outer loop
      vertex   1.963662e+02 -6.096760e+01 -4.976082e+00
      vertex   1.962746e+02 -6.098463e+01 -5.141109e+00
      vertex   1.960999e+02 -6.097715e+01 -4.490000e+00
    endloop
  endfacet
  facet normal -9.329869e-02 9.951381e-01 -3.155271e-02
    outer loop
      vertex   1.963662e+02 -6.096760e+01 -4.976082e+00
      vertex   1.960999e+02 -6.097715e+01 -4.490000e+00
      vertex   1.962018e+02 -6.096760e+01 -4.490000e+00
    endloop
  endfacet
  facet normal -2.843531e-01 9.579211e-01 -3.912034e-02
    outer loop
      vertex   1.964145e+02 -6.097777e+01 -5.990000e+00
      vertex   1.963205e+02 -6.100565e+01 -5.990000e+00
      vertex   1.962746e+02 -6.098463e+01 -5.141109e+00
    endloop
  endfacet
  facet normal -4.759114e-01 8.782083e-01 -4.752381e-02
    outer loop
      vertex   1.962746e+02 -6.098463e+01 -5.141109e+00
      vertex   1.963205e+02 -6.100565e+01 -5.990000e+00
      vertex   1.962344e+02 -6.105233e+01 -5.990000e+00
    endloop
  endfacet
  facet normal -3.798429e-01 9.233744e-01 -5.566938e-02
    outer loop
      vertex   1.962746e+02 -6.098463e+01 -5.141109e+00
      vertex   1.962344e+02 -6.105233e+01 -5.990000e+00
      vertex   1.961572e+02 -6.103458e+01 -5.168807e+00
    endloop
  endfacet
  facet normal -6.278966e-01 7.745988e-01 -7.577888e-02
    outer loop
      vertex   1.961572e+02 -6.103458e+01 -5.168807e+00
      vertex   1.962344e+02 -6.105233e+01 -5.990000e+00
      vertex   1.961583e+02 -6.111403e+01 -5.990000e+00
    endloop
  endfacet
  facet normal -6.059403e-01 7.917351e-01 -7.740713e-02
    outer loop
      vertex   1.961572e+02 -6.103458e+01 -5.168807e+00
      vertex   1.961583e+02 -6.111403e+01 -5.990000e+00
      vertex   1.960564e+02 -6.111404e+01 -5.192592e+00
    endloop
  endfacet
  facet normal -7.728206e-01 6.268971e-01 -9.873380e-02
    outer loop
      vertex   1.960564e+02 -6.111404e+01 -5.192592e+00
      vertex   1.961583e+02 -6.111403e+01 -5.990000e+00
      vertex   1.960966e+02 -6.119011e+01 -5.990000e+00
    endloop
  endfacet
  facet normal -8.755423e-01 4.747982e-01 -8.939933e-02
    outer loop
      vertex   1.960564e+02 -6.111404e+01 -5.192592e+00
      vertex   1.960966e+02 -6.119011e+01 -5.990000e+00
      vertex   1.960499e+02 -6.127624e+01 -5.990000e+00
    endloop
  endfacet
  facet normal -7.857053e-01 6.074145e-01 -1.171102e-01
    outer loop
      vertex   1.960564e+02 -6.111404e+01 -5.192592e+00
      vertex   1.960499e+02 -6.127624e+01 -5.990000e+00
      vertex   1.959791e+02 -6.121760e+01 -5.210843e+00
    endloop
  endfacet
  facet normal -9.530038e-01 2.830917e-01 -1.079025e-01
    outer loop
      vertex   1.959791e+02 -6.121760e+01 -5.210843e+00
      vertex   1.960499e+02 -6.127624e+01 -5.990000e+00
      vertex   1.960220e+02 -6.137015e+01 -5.990000e+00
    endloop
  endfacet
  facet normal -9.160034e-01 3.811762e-01 -1.250698e-01
    outer loop
      vertex   1.959791e+02 -6.121760e+01 -5.210843e+00
      vertex   1.960220e+02 -6.137015e+01 -5.990000e+00
      vertex   1.959305e+02 -6.133819e+01 -5.222315e+00
    endloop
  endfacet
  facet normal -9.927684e-01 -2.560379e-02 -1.172829e-01
    outer loop
      vertex   1.959305e+02 -6.133819e+01 -5.222315e+00
      vertex   1.960220e+02 -6.137015e+01 -5.990000e+00
      vertex   1.959636e+02 -6.146760e+01 -5.474973e+00
    endloop
  endfacet
  facet normal -9.537643e-01 1.975892e-01 -2.264779e-01
    outer loop
      vertex   1.959305e+02 -6.133819e+01 -5.222315e+00
      vertex   1.959636e+02 -6.146760e+01 -5.474973e+00
      vertex   1.958441e+02 -6.146760e+01 -4.971694e+00
    endloop
  endfacet
  facet normal -9.903154e-01 1.034561e-01 -9.258687e-02
    outer loop
      vertex   1.960220e+02 -6.137015e+01 -5.990000e+00
      vertex   1.960118e+02 -6.146760e+01 -5.990000e+00
      vertex   1.959636e+02 -6.146760e+01 -5.474973e+00
    endloop
  endfacet
  facet normal -9.254701e-01 1.109325e-01 -3.622141e-01
    outer loop
      vertex   1.956556e+02 -6.146760e+01 -4.490000e+00
      vertex   1.956678e+02 -6.136581e+01 -4.490000e+00
      vertex   1.958441e+02 -6.146760e+01 -4.971694e+00
    endloop
  endfacet
  facet normal -8.737070e-01 2.997111e-01 -3.831572e-01
    outer loop
      vertex   1.958441e+02 -6.146760e+01 -4.971694e+00
      vertex   1.956678e+02 -6.136581e+01 -4.490000e+00
      vertex   1.957007e+02 -6.126984e+01 -4.490000e+00
    endloop
  endfacet
  facet normal -9.517679e-01 4.797284e-02 -3.030453e-01
    outer loop
      vertex   1.958441e+02 -6.146760e+01 -4.971694e+00
      vertex   1.957007e+02 -6.126984e+01 -4.490000e+00
      vertex   1.959305e+02 -6.133819e+01 -5.222315e+00
    endloop
  endfacet
  facet normal -8.102522e-01 5.028193e-01 -3.011049e-01
    outer loop
      vertex   1.959305e+02 -6.133819e+01 -5.222315e+00
      vertex   1.957007e+02 -6.126984e+01 -4.490000e+00
      vertex   1.957553e+02 -6.118188e+01 -4.490000e+00
    endloop
  endfacet
  facet normal -8.773370e-01 3.813967e-01 -2.912325e-01
    outer loop
      vertex   1.959305e+02 -6.133819e+01 -5.222315e+00
      vertex   1.957553e+02 -6.118188e+01 -4.490000e+00
      vertex   1.959791e+02 -6.121760e+01 -5.210843e+00
    endloop
  endfacet
  facet normal -7.090426e-01 6.583271e-01 -2.527133e-01
    outer loop
      vertex   1.959791e+02 -6.121760e+01 -5.210843e+00
      vertex   1.957553e+02 -6.118188e+01 -4.490000e+00
      vertex   1.958241e+02 -6.110777e+01 -4.490000e+00
    endloop
  endfacet
  facet normal -7.528565e-01 6.070651e-01 -2.543208e-01
    outer loop
      vertex   1.959791e+02 -6.121760e+01 -5.210843e+00
      vertex   1.958241e+02 -6.110777e+01 -4.490000e+00
      vertex   1.960564e+02 -6.111404e+01 -5.192592e+00
    endloop
  endfacet
  facet normal -5.703875e-01 7.977219e-01 -1.956986e-01
    outer loop
      vertex   1.960564e+02 -6.111404e+01 -5.192592e+00
      vertex   1.958241e+02 -6.110777e+01 -4.490000e+00
      vertex   1.959085e+02 -6.104742e+01 -4.490000e+00
    endloop
  endfacet
  facet normal -4.256922e-01 8.880186e-01 -1.738075e-01
    outer loop
      vertex   1.960564e+02 -6.111404e+01 -5.192592e+00
      vertex   1.959085e+02 -6.104742e+01 -4.490000e+00
      vertex   1.960000e+02 -6.100357e+01 -4.490000e+00
    endloop
  endfacet
  facet normal -5.846479e-01 7.929279e-01 -1.716160e-01
    outer loop
      vertex   1.960564e+02 -6.111404e+01 -5.192592e+00
      vertex   1.960000e+02 -6.100357e+01 -4.490000e+00
      vertex   1.961572e+02 -6.103458e+01 -5.168807e+00
    endloop
  endfacet
  facet normal -2.542784e-01 9.616495e-01 -1.028236e-01
    outer loop
      vertex   1.961572e+02 -6.103458e+01 -5.168807e+00
      vertex   1.960000e+02 -6.100357e+01 -4.490000e+00
      vertex   1.960999e+02 -6.097715e+01 -4.490000e+00
    endloop
  endfacet
  facet normal -3.673426e-01 9.236588e-01 -1.091506e-01
    outer loop
      vertex   1.961572e+02 -6.103458e+01 -5.168807e+00
      vertex   1.960999e+02 -6.097715e+01 -4.490000e+00
      vertex   1.962746e+02 -6.098463e+01 -5.141109e+00
    endloop
  endfacet
  facet normal -9.312177e-01 0.000000e+00 -3.644635e-01
    outer loop
      vertex   1.956556e+02 -6.527069e+01 -4.490000e+00
      vertex   1.956556e+02 -6.146760e+01 -4.490000e+00
      vertex   1.958441e+02 -6.527069e+01 -4.971694e+00
    endloop
  endfacet
  facet normal -9.312177e-01 0.000000e+00 -3.644635e-01
    outer loop
      vertex   1.958441e+02 -6.527069e+01 -4.971694e+00
      vertex   1.956556e+02 -6.146760e+01 -4.490000e+00
      vertex   1.958441e+02 -6.146760e+01 -4.971694e+00
    endloop
  endfacet
  facet normal -9.729460e-01 0.000000e+00 -2.310327e-01
    outer loop
      vertex   1.958441e+02 -6.527069e+01 -4.971694e+00
      vertex   1.958441e+02 -6.146760e+01 -4.971694e+00
      vertex   1.959636e+02 -6.146760e+01 -5.474973e+00
    endloop
  endfacet
  facet normal -9.956580e-01 -0.000000e+00 -9.308637e-02
    outer loop
      vertex   1.960118e+02 -6.146760e+01 -5.990000e+00
      vertex   1.960118e+02 -6.527069e+01 -5.990000e+00
      vertex   1.959636e+02 -6.146760e+01 -5.474973e+00
    endloop
  endfacet
  facet normal -9.956580e-01 2.173947e-17 -9.308637e-02
    outer loop
      vertex   1.959636e+02 -6.146760e+01 -5.474973e+00
      vertex   1.960118e+02 -6.527069e+01 -5.990000e+00
      vertex   1.959636e+02 -6.527069e+01 -5.474973e+00
    endloop
  endfacet
  facet normal -9.729460e-01 5.395558e-17 -2.310327e-01
    outer loop
      vertex   1.959636e+02 -6.146760e+01 -5.474973e+00
      vertex   1.959636e+02 -6.527069e+01 -5.474973e+00
      vertex   1.958441e+02 -6.527069e+01 -4.971694e+00
    endloop
  endfacet
  facet normal 9.329869e-02 9.951381e-01 -3.155271e-02
    outer loop
      vertex   1.820438e+02 -6.096760e+01 -4.490000e+00
      vertex   1.821457e+02 -6.097715e+01 -4.490000e+00
      vertex   1.818794e+02 -6.096760e+01 -4.976082e+00
    endloop
  endfacet
  facet normal 1.106278e-01 9.930122e-01 -4.108773e-02
    outer loop
      vertex   1.818794e+02 -6.096760e+01 -4.976082e+00
      vertex   1.821457e+02 -6.097715e+01 -4.490000e+00
      vertex   1.819710e+02 -6.098463e+01 -5.141109e+00
    endloop
  endfacet
  facet normal 1.342024e-01 9.905655e-01 -2.774480e-02
    outer loop
      vertex   1.818794e+02 -6.096760e+01 -4.976082e+00
      vertex   1.819710e+02 -6.098463e+01 -5.141109e+00
      vertex   1.817755e+02 -6.096760e+01 -5.478582e+00
    endloop
  endfacet
  facet normal 1.017402e-01 9.947727e-01 -8.724756e-03
    outer loop
      vertex   1.817755e+02 -6.096760e+01 -5.478582e+00
      vertex   1.819710e+02 -6.098463e+01 -5.141109e+00
      vertex   1.818311e+02 -6.097777e+01 -5.990000e+00
    endloop
  endfacet
  facet normal 1.038304e-01 9.945588e-01 -8.493220e-03
    outer loop
      vertex   1.817755e+02 -6.096760e+01 -5.478582e+00
      vertex   1.818311e+02 -6.097777e+01 -5.990000e+00
      vertex   1.817337e+02 -6.096760e+01 -5.990000e+00
    endloop
  endfacet
  facet normal 2.548256e-01 9.637192e-01 -7.943002e-02
    outer loop
      vertex   1.821457e+02 -6.097715e+01 -4.490000e+00
      vertex   1.822456e+02 -6.100357e+01 -4.490000e+00
      vertex   1.819710e+02 -6.098463e+01 -5.141109e+00
    endloop
  endfacet
  facet normal 3.630917e-01 9.231589e-01 -1.262621e-01
    outer loop
      vertex   1.819710e+02 -6.098463e+01 -5.141109e+00
      vertex   1.822456e+02 -6.100357e+01 -4.490000e+00
      vertex   1.820884e+02 -6.103458e+01 -5.168807e+00
    endloop
  endfacet
  facet normal 3.799569e-01 9.233582e-01 -5.515691e-02
    outer loop
      vertex   1.819710e+02 -6.098463e+01 -5.141109e+00
      vertex   1.820884e+02 -6.103458e+01 -5.168807e+00
      vertex   1.818311e+02 -6.097777e+01 -5.990000e+00
    endloop
  endfacet
  facet normal 2.844968e-01 9.584052e-01 -2.282475e-02
    outer loop
      vertex   1.818311e+02 -6.097777e+01 -5.990000e+00
      vertex   1.820884e+02 -6.103458e+01 -5.168807e+00
      vertex   1.819250e+02 -6.100565e+01 -5.990000e+00
    endloop
  endfacet
  facet normal 6.030151e-01 7.924030e-01 -9.203341e-02
    outer loop
      vertex   1.819250e+02 -6.100565e+01 -5.990000e+00
      vertex   1.820884e+02 -6.103458e+01 -5.168807e+00
      vertex   1.821892e+02 -6.111404e+01 -5.192592e+00
    endloop
  endfacet
  facet normal 4.761005e-01 8.785572e-01 -3.828260e-02
    outer loop
      vertex   1.819250e+02 -6.100565e+01 -5.990000e+00
      vertex   1.821892e+02 -6.111404e+01 -5.192592e+00
      vertex   1.820112e+02 -6.105233e+01 -5.990000e+00
    endloop
  endfacet
  facet normal 6.276796e-01 7.743311e-01 -8.018525e-02
    outer loop
      vertex   1.820112e+02 -6.105233e+01 -5.990000e+00
      vertex   1.821892e+02 -6.111404e+01 -5.192592e+00
      vertex   1.820873e+02 -6.111403e+01 -5.990000e+00
    endloop
  endfacet
  facet normal 7.885539e-01 6.066575e-01 -1.007446e-01
    outer loop
      vertex   1.820873e+02 -6.111403e+01 -5.990000e+00
      vertex   1.821892e+02 -6.111404e+01 -5.192592e+00
      vertex   1.822665e+02 -6.121760e+01 -5.210843e+00
    endloop
  endfacet
  facet normal 7.731416e-01 6.271576e-01 -9.447439e-02
    outer loop
      vertex   1.820873e+02 -6.111403e+01 -5.990000e+00
      vertex   1.822665e+02 -6.121760e+01 -5.210843e+00
      vertex   1.821490e+02 -6.119011e+01 -5.990000e+00
    endloop
  endfacet
  facet normal 9.160583e-01 3.811637e-01 -1.247056e-01
    outer loop
      vertex   1.821490e+02 -6.119011e+01 -5.990000e+00
      vertex   1.822665e+02 -6.121760e+01 -5.210843e+00
      vertex   1.823151e+02 -6.133819e+01 -5.222315e+00
    endloop
  endfacet
  facet normal 8.748481e-01 4.744218e-01 -9.779980e-02
    outer loop
      vertex   1.821490e+02 -6.119011e+01 -5.990000e+00
      vertex   1.823151e+02 -6.133819e+01 -5.222315e+00
      vertex   1.821957e+02 -6.127624e+01 -5.990000e+00
    endloop
  endfacet
  facet normal 9.878025e-01 4.032603e-02 -1.503995e-01
    outer loop
      vertex   1.821957e+02 -6.127624e+01 -5.990000e+00
      vertex   1.823151e+02 -6.133819e+01 -5.222315e+00
      vertex   1.822819e+02 -6.146760e+01 -5.474973e+00
    endloop
  endfacet
  facet normal 9.571700e-01 2.843293e-01 -5.461157e-02
    outer loop
      vertex   1.821957e+02 -6.127624e+01 -5.990000e+00
      vertex   1.822819e+02 -6.146760e+01 -5.474973e+00
      vertex   1.822236e+02 -6.137015e+01 -5.990000e+00
    endloop
  endfacet
  facet normal 9.903154e-01 1.034561e-01 -9.258687e-02
    outer loop
      vertex   1.822236e+02 -6.137015e+01 -5.990000e+00
      vertex   1.822819e+02 -6.146760e+01 -5.474973e+00
      vertex   1.822338e+02 -6.146760e+01 -5.990000e+00
    endloop
  endfacet
  facet normal 4.280196e-01 8.928737e-01 -1.399133e-01
    outer loop
      vertex   1.822456e+02 -6.100357e+01 -4.490000e+00
      vertex   1.823371e+02 -6.104742e+01 -4.490000e+00
      vertex   1.820884e+02 -6.103458e+01 -5.168807e+00
    endloop
  endfacet
  facet normal 5.779717e-01 7.919835e-01 -1.967506e-01
    outer loop
      vertex   1.820884e+02 -6.103458e+01 -5.168807e+00
      vertex   1.823371e+02 -6.104742e+01 -4.490000e+00
      vertex   1.821892e+02 -6.111404e+01 -5.192592e+00
    endloop
  endfacet
  facet normal 5.703875e-01 7.977219e-01 -1.956986e-01
    outer loop
      vertex   1.823371e+02 -6.104742e+01 -4.490000e+00
      vertex   1.824215e+02 -6.110777e+01 -4.490000e+00
      vertex   1.821892e+02 -6.111404e+01 -5.192592e+00
    endloop
  endfacet
  facet normal 7.112234e-01 6.603519e-01 -2.410326e-01
    outer loop
      vertex   1.821892e+02 -6.111404e+01 -5.192592e+00
      vertex   1.824215e+02 -6.110777e+01 -4.490000e+00
      vertex   1.824903e+02 -6.118188e+01 -4.490000e+00
    endloop
  endfacet
  facet normal 7.502409e-01 6.066308e-01 -2.629403e-01
    outer loop
      vertex   1.821892e+02 -6.111404e+01 -5.192592e+00
      vertex   1.824903e+02 -6.118188e+01 -4.490000e+00
      vertex   1.822665e+02 -6.121760e+01 -5.210843e+00
    endloop
  endfacet
  facet normal 8.160891e-01 5.064415e-01 -2.784162e-01
    outer loop
      vertex   1.822665e+02 -6.121760e+01 -5.210843e+00
      vertex   1.824903e+02 -6.118188e+01 -4.490000e+00
      vertex   1.825449e+02 -6.126984e+01 -4.490000e+00
    endloop
  endfacet
  facet normal 8.715443e-01 3.807460e-01 -3.089385e-01
    outer loop
      vertex   1.822665e+02 -6.121760e+01 -5.210843e+00
      vertex   1.825449e+02 -6.126984e+01 -4.490000e+00
      vertex   1.823151e+02 -6.133819e+01 -5.222315e+00
    endloop
  endfacet
  facet normal 8.990454e-01 3.084030e-01 -3.108135e-01
    outer loop
      vertex   1.823151e+02 -6.133819e+01 -5.222315e+00
      vertex   1.825449e+02 -6.126984e+01 -4.490000e+00
      vertex   1.825778e+02 -6.136581e+01 -4.490000e+00
    endloop
  endfacet
  facet normal 9.405873e-01 -2.795368e-02 -3.383994e-01
    outer loop
      vertex   1.823151e+02 -6.133819e+01 -5.222315e+00
      vertex   1.825778e+02 -6.136581e+01 -4.490000e+00
      vertex   1.824014e+02 -6.146760e+01 -4.971694e+00
    endloop
  endfacet
  facet normal 9.254701e-01 1.109325e-01 -3.622141e-01
    outer loop
      vertex   1.824014e+02 -6.146760e+01 -4.971694e+00
      vertex   1.825778e+02 -6.136581e+01 -4.490000e+00
      vertex   1.825900e+02 -6.146760e+01 -4.490000e+00
    endloop
  endfacet
  facet normal 9.537643e-01 1.975892e-01 -2.264779e-01
    outer loop
      vertex   1.824014e+02 -6.146760e+01 -4.971694e+00
      vertex   1.822819e+02 -6.146760e+01 -5.474973e+00
      vertex   1.823151e+02 -6.133819e+01 -5.222315e+00
    endloop
  endfacet
  facet normal -3.383511e-15 1.000000e+00 1.144270e-15
    outer loop
      vertex   1.820438e+02 -6.096760e+01 -4.490000e+00
      vertex   1.818794e+02 -6.096760e+01 -4.976082e+00
      vertex   1.799438e+02 -6.096760e+01 -4.490000e+00
    endloop
  endfacet
  facet normal -3.489690e-15 1.000000e+00 7.214530e-16
    outer loop
      vertex   1.799438e+02 -6.096760e+01 -4.490000e+00
      vertex   1.818794e+02 -6.096760e+01 -4.976082e+00
      vertex   1.817755e+02 -6.096760e+01 -5.478582e+00
    endloop
  endfacet
  facet normal -3.879054e-15 1.000000e+00 0.000000e+00
    outer loop
      vertex   1.799438e+02 -6.096760e+01 -4.490000e+00
      vertex   1.817755e+02 -6.096760e+01 -5.478582e+00
      vertex   1.799438e+02 -6.096760e+01 -5.990000e+00
    endloop
  endfacet
  facet normal -3.969715e-15 1.000000e+00 3.247186e-16
    outer loop
      vertex   1.799438e+02 -6.096760e+01 -5.990000e+00
      vertex   1.817755e+02 -6.096760e+01 -5.478582e+00
      vertex   1.817337e+02 -6.096760e+01 -5.990000e+00
    endloop
  endfacet
  facet normal 9.945173e-01 8.047380e-02 6.677839e-02
    outer loop
      vertex   2.061327e+02 -1.167784e+02 -5.534504e+00
      vertex   2.061330e+02 -1.164047e+02 -5.990000e+00
      vertex   2.061231e+02 -1.163835e+02 -5.867316e+00
    endloop
  endfacet
  facet normal 9.904390e-01 1.247944e-01 5.879518e-02
    outer loop
      vertex   2.061231e+02 -1.163835e+02 -5.867316e+00
      vertex   2.061330e+02 -1.164047e+02 -5.990000e+00
      vertex   2.061025e+02 -1.161623e+02 -5.990000e+00
    endloop
  endfacet
  facet normal 9.558757e-01 2.054388e-01 2.099917e-01
    outer loop
      vertex   2.061231e+02 -1.163835e+02 -5.867316e+00
      vertex   2.061025e+02 -1.161623e+02 -5.990000e+00
      vertex   2.060939e+02 -1.163133e+02 -5.803312e+00
    endloop
  endfacet
  facet normal 9.124361e-01 2.967293e-01 2.818016e-01
    outer loop
      vertex   2.060939e+02 -1.163133e+02 -5.803312e+00
      vertex   2.061025e+02 -1.161623e+02 -5.990000e+00
      vertex   2.060646e+02 -1.160459e+02 -5.990000e+00
    endloop
  endfacet
  facet normal 8.960862e-01 3.159015e-01 3.118265e-01
    outer loop
      vertex   2.060939e+02 -1.163133e+02 -5.803312e+00
      vertex   2.060646e+02 -1.160459e+02 -5.990000e+00
      vertex   2.060661e+02 -1.162717e+02 -5.765483e+00
    endloop
  endfacet
  facet normal 8.114593e-01 4.147016e-01 4.117722e-01
    outer loop
      vertex   2.060661e+02 -1.162717e+02 -5.765483e+00
      vertex   2.060646e+02 -1.160459e+02 -5.990000e+00
      vertex   2.060081e+02 -1.162121e+02 -5.711168e+00
    endloop
  endfacet
  facet normal 8.103625e-01 4.700436e-01 3.498165e-01
    outer loop
      vertex   2.060661e+02 -1.162717e+02 -5.765483e+00
      vertex   2.060081e+02 -1.162121e+02 -5.711168e+00
      vertex   2.060657e+02 -1.167421e+02 -5.132447e+00
    endloop
  endfacet
  facet normal 8.103365e-01 4.700691e-01 3.498426e-01
    outer loop
      vertex   2.060657e+02 -1.167421e+02 -5.132447e+00
      vertex   2.060081e+02 -1.162121e+02 -5.711168e+00
      vertex   2.060076e+02 -1.166728e+02 -5.091054e+00
    endloop
  endfacet
  facet normal 8.111672e-01 5.204935e-01 2.666351e-01
    outer loop
      vertex   2.060657e+02 -1.167421e+02 -5.132447e+00
      vertex   2.060076e+02 -1.166728e+02 -5.091054e+00
      vertex   2.060959e+02 -1.171183e+02 -4.490000e+00
    endloop
  endfacet
  facet normal 8.825550e-01 4.303940e-01 1.893614e-01
    outer loop
      vertex   2.060959e+02 -1.171183e+02 -4.490000e+00
      vertex   2.060076e+02 -1.166728e+02 -5.091054e+00
      vertex   2.060514e+02 -1.170270e+02 -4.490000e+00
    endloop
  endfacet
  facet normal 6.804103e-01 6.519573e-01 3.346542e-01
    outer loop
      vertex   2.060514e+02 -1.170270e+02 -4.490000e+00
      vertex   2.060076e+02 -1.166728e+02 -5.091054e+00
      vertex   2.059348e+02 -1.166147e+02 -5.056317e+00
    endloop
  endfacet
  facet normal 7.736969e-01 5.772671e-01 2.610667e-01
    outer loop
      vertex   2.060514e+02 -1.170270e+02 -4.490000e+00
      vertex   2.059348e+02 -1.166147e+02 -5.056317e+00
      vertex   2.059908e+02 -1.169458e+02 -4.490000e+00
    endloop
  endfacet
  facet normal 5.221251e-01 7.577396e-01 3.914282e-01
    outer loop
      vertex   2.059908e+02 -1.169458e+02 -4.490000e+00
      vertex   2.059348e+02 -1.166147e+02 -5.056317e+00
      vertex   2.058501e+02 -1.165701e+02 -5.029681e+00
    endloop
  endfacet
  facet normal 6.354330e-01 7.014771e-01 3.227303e-01
    outer loop
      vertex   2.059908e+02 -1.169458e+02 -4.490000e+00
      vertex   2.058501e+02 -1.165701e+02 -5.029681e+00
      vertex   2.059156e+02 -1.168777e+02 -4.490000e+00
    endloop
  endfacet
  facet normal 3.422754e-01 8.335701e-01 4.335994e-01
    outer loop
      vertex   2.059156e+02 -1.168777e+02 -4.490000e+00
      vertex   2.058501e+02 -1.165701e+02 -5.029681e+00
      vertex   2.057567e+02 -1.165408e+02 -5.012228e+00
    endloop
  endfacet
  facet normal 4.728311e-01 7.989803e-01 3.715659e-01
    outer loop
      vertex   2.059156e+02 -1.168777e+02 -4.490000e+00
      vertex   2.057567e+02 -1.165408e+02 -5.012228e+00
      vertex   2.058286e+02 -1.168262e+02 -4.490000e+00
    endloop
  endfacet
  facet normal 2.882967e-01 8.563973e-01 4.283324e-01
    outer loop
      vertex   2.058286e+02 -1.168262e+02 -4.490000e+00
      vertex   2.057567e+02 -1.165408e+02 -5.012228e+00
      vertex   2.057327e+02 -1.167939e+02 -4.490000e+00
    endloop
  endfacet
  facet normal 1.629214e-01 8.848934e-01 4.363718e-01
    outer loop
      vertex   2.057327e+02 -1.167939e+02 -4.490000e+00
      vertex   2.057567e+02 -1.165408e+02 -5.012228e+00
      vertex   2.056325e+02 -1.164988e+02 -5.051094e+00
    endloop
  endfacet
  facet normal 9.713113e-02 8.878888e-01 4.496878e-01
    outer loop
      vertex   2.057327e+02 -1.167939e+02 -4.490000e+00
      vertex   2.056325e+02 -1.164988e+02 -5.051094e+00
      vertex   2.056322e+02 -1.167829e+02 -4.490000e+00
    endloop
  endfacet
  facet normal 8.237375e-01 3.976769e-01 4.041158e-01
    outer loop
      vertex   2.060646e+02 -1.160459e+02 -5.990000e+00
      vertex   2.060115e+02 -1.159359e+02 -5.990000e+00
      vertex   2.060081e+02 -1.162121e+02 -5.711168e+00
    endloop
  endfacet
  facet normal 7.135820e-01 4.932847e-01 4.974646e-01
    outer loop
      vertex   2.060081e+02 -1.162121e+02 -5.711168e+00
      vertex   2.060115e+02 -1.159359e+02 -5.990000e+00
      vertex   2.059420e+02 -1.158353e+02 -5.990000e+00
    endloop
  endfacet
  facet normal 6.803757e-01 5.093026e-01 5.269723e-01
    outer loop
      vertex   2.060081e+02 -1.162121e+02 -5.711168e+00
      vertex   2.059420e+02 -1.158353e+02 -5.990000e+00
      vertex   2.059353e+02 -1.161620e+02 -5.665585e+00
    endloop
  endfacet
  facet normal 5.629699e-01 5.765104e-01 5.921999e-01
    outer loop
      vertex   2.059353e+02 -1.161620e+02 -5.665585e+00
      vertex   2.059420e+02 -1.158353e+02 -5.990000e+00
      vertex   2.058552e+02 -1.157505e+02 -5.990000e+00
    endloop
  endfacet
  facet normal 5.218377e-01 5.884894e-01 6.175481e-01
    outer loop
      vertex   2.059353e+02 -1.161620e+02 -5.665585e+00
      vertex   2.058552e+02 -1.157505e+02 -5.990000e+00
      vertex   2.058506e+02 -1.161235e+02 -5.630632e+00
    endloop
  endfacet
  facet normal 4.219607e-01 6.262997e-01 6.555134e-01
    outer loop
      vertex   2.058506e+02 -1.161235e+02 -5.630632e+00
      vertex   2.058552e+02 -1.157505e+02 -5.990000e+00
      vertex   2.058051e+02 -1.157168e+02 -5.990000e+00
    endloop
  endfacet
  facet normal 3.418085e-01 6.433832e-01 6.850000e-01
    outer loop
      vertex   2.058506e+02 -1.161235e+02 -5.630632e+00
      vertex   2.058051e+02 -1.157168e+02 -5.990000e+00
      vertex   2.057572e+02 -1.160983e+02 -5.607725e+00
    endloop
  endfacet
  facet normal 3.122296e-01 6.525413e-01 6.904364e-01
    outer loop
      vertex   2.057572e+02 -1.160983e+02 -5.607725e+00
      vertex   2.058051e+02 -1.157168e+02 -5.990000e+00
      vertex   2.057506e+02 -1.156907e+02 -5.990000e+00
    endloop
  endfacet
  facet normal 1.613319e-01 6.764922e-01 7.185613e-01
    outer loop
      vertex   2.057572e+02 -1.160983e+02 -5.607725e+00
      vertex   2.057506e+02 -1.156907e+02 -5.990000e+00
      vertex   2.056329e+02 -1.161237e+02 -5.555956e+00
    endloop
  endfacet
  facet normal 1.914765e-01 6.684373e-01 7.186991e-01
    outer loop
      vertex   2.056329e+02 -1.161237e+02 -5.555956e+00
      vertex   2.057506e+02 -1.156907e+02 -5.990000e+00
      vertex   2.056930e+02 -1.156742e+02 -5.990000e+00
    endloop
  endfacet
  facet normal 6.574629e-02 6.885916e-01 7.221627e-01
    outer loop
      vertex   2.056329e+02 -1.161237e+02 -5.555956e+00
      vertex   2.056930e+02 -1.156742e+02 -5.990000e+00
      vertex   2.056334e+02 -1.156685e+02 -5.990000e+00
    endloop
  endfacet
  facet normal 8.438395e-02 7.997921e-01 5.943164e-01
    outer loop
      vertex   2.057572e+02 -1.160983e+02 -5.607725e+00
      vertex   2.056329e+02 -1.161237e+02 -5.555956e+00
      vertex   2.057567e+02 -1.165408e+02 -5.012228e+00
    endloop
  endfacet
  facet normal 8.470375e-02 7.998050e-01 5.942535e-01
    outer loop
      vertex   2.057567e+02 -1.165408e+02 -5.012228e+00
      vertex   2.056329e+02 -1.161237e+02 -5.555956e+00
      vertex   2.056325e+02 -1.164988e+02 -5.051094e+00
    endloop
  endfacet
  facet normal 9.558671e-01 2.652914e-01 1.262479e-01
    outer loop
      vertex   2.061231e+02 -1.172162e+02 -4.490000e+00
      vertex   2.061226e+02 -1.168719e+02 -5.210055e+00
      vertex   2.060959e+02 -1.171183e+02 -4.490000e+00
    endloop
  endfacet
  facet normal 9.556656e-01 2.659181e-01 1.264550e-01
    outer loop
      vertex   2.060959e+02 -1.171183e+02 -4.490000e+00
      vertex   2.061226e+02 -1.168719e+02 -5.210055e+00
      vertex   2.060935e+02 -1.167903e+02 -5.161277e+00
    endloop
  endfacet
  facet normal 8.955330e-01 4.010926e-01 1.927314e-01
    outer loop
      vertex   2.060959e+02 -1.171183e+02 -4.490000e+00
      vertex   2.060935e+02 -1.167903e+02 -5.161277e+00
      vertex   2.060657e+02 -1.167421e+02 -5.132447e+00
    endloop
  endfacet
  facet normal 8.953532e-01 3.571791e-01 2.660184e-01
    outer loop
      vertex   2.060657e+02 -1.167421e+02 -5.132447e+00
      vertex   2.060935e+02 -1.167903e+02 -5.161277e+00
      vertex   2.060661e+02 -1.162717e+02 -5.765483e+00
    endloop
  endfacet
  facet normal 9.952358e-01 8.941596e-02 3.886433e-02
    outer loop
      vertex   2.061322e+02 -1.173174e+02 -4.490000e+00
      vertex   2.061324e+02 -1.170846e+02 -5.031203e+00
      vertex   2.061231e+02 -1.172162e+02 -4.490000e+00
    endloop
  endfacet
  facet normal 9.964997e-01 7.566439e-02 3.554256e-02
    outer loop
      vertex   2.061231e+02 -1.172162e+02 -4.490000e+00
      vertex   2.061324e+02 -1.170846e+02 -5.031203e+00
      vertex   2.061226e+02 -1.168719e+02 -5.210055e+00
    endloop
  endfacet
  facet normal 9.938359e-01 9.445486e-02 5.803918e-02
    outer loop
      vertex   2.061324e+02 -1.170846e+02 -5.031203e+00
      vertex   2.061327e+02 -1.167784e+02 -5.534504e+00
      vertex   2.061226e+02 -1.168719e+02 -5.210055e+00
    endloop
  endfacet
  facet normal 9.965364e-01 6.641586e-02 5.004180e-02
    outer loop
      vertex   2.061226e+02 -1.168719e+02 -5.210055e+00
      vertex   2.061327e+02 -1.167784e+02 -5.534504e+00
      vertex   2.061231e+02 -1.163835e+02 -5.867316e+00
    endloop
  endfacet
  facet normal 9.556148e-01 2.361666e-01 1.761413e-01
    outer loop
      vertex   2.061226e+02 -1.168719e+02 -5.210055e+00
      vertex   2.061231e+02 -1.163835e+02 -5.867316e+00
      vertex   2.060939e+02 -1.163133e+02 -5.803312e+00
    endloop
  endfacet
  facet normal 3.412263e-01 7.543840e-01 5.607756e-01
    outer loop
      vertex   2.057567e+02 -1.165408e+02 -5.012228e+00
      vertex   2.058501e+02 -1.165701e+02 -5.029681e+00
      vertex   2.057572e+02 -1.160983e+02 -5.607725e+00
    endloop
  endfacet
  facet normal 3.413074e-01 7.543672e-01 5.607489e-01
    outer loop
      vertex   2.057572e+02 -1.160983e+02 -5.607725e+00
      vertex   2.058501e+02 -1.165701e+02 -5.029681e+00
      vertex   2.058506e+02 -1.161235e+02 -5.630632e+00
    endloop
  endfacet
  facet normal 6.793394e-01 5.887999e-01 4.379642e-01
    outer loop
      vertex   2.060076e+02 -1.166728e+02 -5.091054e+00
      vertex   2.060081e+02 -1.162121e+02 -5.711168e+00
      vertex   2.059353e+02 -1.161620e+02 -5.665585e+00
    endloop
  endfacet
  facet normal 5.208972e-01 6.850043e-01 5.093478e-01
    outer loop
      vertex   2.058501e+02 -1.165701e+02 -5.029681e+00
      vertex   2.059348e+02 -1.166147e+02 -5.056317e+00
      vertex   2.058506e+02 -1.161235e+02 -5.630632e+00
    endloop
  endfacet
  facet normal 5.209587e-01 6.849798e-01 5.093178e-01
    outer loop
      vertex   2.058506e+02 -1.161235e+02 -5.630632e+00
      vertex   2.059348e+02 -1.166147e+02 -5.056317e+00
      vertex   2.059353e+02 -1.161620e+02 -5.665585e+00
    endloop
  endfacet
  facet normal 6.792967e-01 5.888271e-01 4.379938e-01
    outer loop
      vertex   2.059348e+02 -1.166147e+02 -5.056317e+00
      vertex   2.060076e+02 -1.166728e+02 -5.091054e+00
      vertex   2.059353e+02 -1.161620e+02 -5.665585e+00
    endloop
  endfacet
  facet normal 9.556085e-01 2.361814e-01 1.761555e-01
    outer loop
      vertex   2.061226e+02 -1.168719e+02 -5.210055e+00
      vertex   2.060939e+02 -1.163133e+02 -5.803312e+00
      vertex   2.060935e+02 -1.167903e+02 -5.161277e+00
    endloop
  endfacet
  facet normal 8.953677e-01 3.571572e-01 2.659989e-01
    outer loop
      vertex   2.060935e+02 -1.167903e+02 -5.161277e+00
      vertex   2.060939e+02 -1.163133e+02 -5.803312e+00
      vertex   2.060661e+02 -1.162717e+02 -5.765483e+00
    endloop
  endfacet
  facet normal -2.275186e-16 8.921281e-01 4.517825e-01
    outer loop
      vertex   2.038686e+02 -1.167829e+02 -4.490000e+00
      vertex   2.056322e+02 -1.167829e+02 -4.490000e+00
      vertex   2.038686e+02 -1.164988e+02 -5.051094e+00
    endloop
  endfacet
  facet normal -9.099191e-16 8.921281e-01 4.517825e-01
    outer loop
      vertex   2.038686e+02 -1.164988e+02 -5.051094e+00
      vertex   2.056322e+02 -1.167829e+02 -4.490000e+00
      vertex   2.056325e+02 -1.164988e+02 -5.051094e+00
    endloop
  endfacet
  facet normal -1.201095e-15 8.027218e-01 5.963537e-01
    outer loop
      vertex   2.038686e+02 -1.164988e+02 -5.051094e+00
      vertex   2.056325e+02 -1.164988e+02 -5.051094e+00
      vertex   2.038686e+02 -1.161237e+02 -5.555956e+00
    endloop
  endfacet
  facet normal -1.200824e-15 8.027218e-01 5.963537e-01
    outer loop
      vertex   2.038686e+02 -1.161237e+02 -5.555956e+00
      vertex   2.056325e+02 -1.164988e+02 -5.051094e+00
      vertex   2.056329e+02 -1.161237e+02 -5.555956e+00
    endloop
  endfacet
  facet normal -1.457237e-15 6.901213e-01 7.236937e-01
    outer loop
      vertex   2.038686e+02 -1.161237e+02 -5.555956e+00
      vertex   2.056329e+02 -1.161237e+02 -5.555956e+00
      vertex   2.038686e+02 -1.156685e+02 -5.990000e+00
    endloop
  endfacet
  facet normal -7.284195e-16 6.901213e-01 7.236937e-01
    outer loop
      vertex   2.038686e+02 -1.156685e+02 -5.990000e+00
      vertex   2.056329e+02 -1.161237e+02 -5.555956e+00
      vertex   2.056334e+02 -1.156685e+02 -5.990000e+00
    endloop
  endfacet
  facet normal 9.950732e-01 -9.121822e-02 3.884011e-02
    outer loop
      vertex   2.061455e+02 -1.030073e+02 -4.490000e+00
      vertex   2.061363e+02 -1.031084e+02 -4.490000e+00
      vertex   2.061453e+02 -1.032401e+02 -5.031203e+00
    endloop
  endfacet
  facet normal 9.963617e-01 -7.747208e-02 3.551735e-02
    outer loop
      vertex   2.061453e+02 -1.032401e+02 -5.031203e+00
      vertex   2.061363e+02 -1.031084e+02 -4.490000e+00
      vertex   2.061352e+02 -1.034524e+02 -5.209578e+00
    endloop
  endfacet
  facet normal 9.936703e-01 -9.621608e-02 5.798153e-02
    outer loop
      vertex   2.061453e+02 -1.032401e+02 -5.031203e+00
      vertex   2.061352e+02 -1.034524e+02 -5.209578e+00
      vertex   2.061450e+02 -1.035464e+02 -5.534504e+00
    endloop
  endfacet
  facet normal 9.964198e-01 -6.819891e-02 4.996559e-02
    outer loop
      vertex   2.061450e+02 -1.035464e+02 -5.534504e+00
      vertex   2.061352e+02 -1.034524e+02 -5.209578e+00
      vertex   2.061347e+02 -1.039407e+02 -5.866919e+00
    endloop
  endfacet
  facet normal 9.943713e-01 -8.228747e-02 6.674264e-02
    outer loop
      vertex   2.061450e+02 -1.035464e+02 -5.534504e+00
      vertex   2.061347e+02 -1.039407e+02 -5.866919e+00
      vertex   2.061447e+02 -1.039200e+02 -5.990000e+00
    endloop
  endfacet
  facet normal 9.952405e-01 -6.872124e-02 6.909281e-02
    outer loop
      vertex   2.061447e+02 -1.039200e+02 -5.990000e+00
      vertex   2.061347e+02 -1.039407e+02 -5.866919e+00
      vertex   2.061357e+02 -1.040506e+02 -5.990000e+00
    endloop
  endfacet
  facet normal 9.626998e-01 -1.980784e-01 1.843207e-01
    outer loop
      vertex   2.061357e+02 -1.040506e+02 -5.990000e+00
      vertex   2.061347e+02 -1.039407e+02 -5.866919e+00
      vertex   2.061092e+02 -1.041790e+02 -5.990000e+00
    endloop
  endfacet
  facet normal 9.556125e-01 -2.092475e-01 2.074131e-01
    outer loop
      vertex   2.061092e+02 -1.041790e+02 -5.990000e+00
      vertex   2.061347e+02 -1.039407e+02 -5.866919e+00
      vertex   2.061055e+02 -1.040109e+02 -5.802978e+00
    endloop
  endfacet
  facet normal 8.957486e-01 -3.214508e-01 3.070892e-01
    outer loop
      vertex   2.061092e+02 -1.041790e+02 -5.990000e+00
      vertex   2.061055e+02 -1.040109e+02 -5.802978e+00
      vertex   2.060776e+02 -1.040523e+02 -5.765177e+00
    endloop
  endfacet
  facet normal 8.948818e-01 -3.585752e-01 2.657263e-01
    outer loop
      vertex   2.060776e+02 -1.040523e+02 -5.765177e+00
      vertex   2.061055e+02 -1.040109e+02 -5.802978e+00
      vertex   2.060781e+02 -1.035820e+02 -5.132055e+00
    endloop
  endfacet
  facet normal 8.098343e-01 -4.712174e-01 3.494605e-01
    outer loop
      vertex   2.060776e+02 -1.040523e+02 -5.765177e+00
      vertex   2.060781e+02 -1.035820e+02 -5.132055e+00
      vertex   2.060200e+02 -1.036512e+02 -5.090697e+00
    endloop
  endfacet
  facet normal 8.103334e-01 -5.249402e-01 2.603797e-01
    outer loop
      vertex   2.060200e+02 -1.036512e+02 -5.090697e+00
      vertex   2.060781e+02 -1.035820e+02 -5.132055e+00
      vertex   2.060036e+02 -1.033785e+02 -4.490000e+00
    endloop
  endfacet
  facet normal 6.318920e-01 -6.991182e-01 3.345837e-01
    outer loop
      vertex   2.060200e+02 -1.036512e+02 -5.090697e+00
      vertex   2.060036e+02 -1.033785e+02 -4.490000e+00
      vertex   2.059285e+02 -1.034464e+02 -4.490000e+00
    endloop
  endfacet
  facet normal 9.554142e-01 -2.669584e-01 1.261623e-01
    outer loop
      vertex   2.061363e+02 -1.031084e+02 -4.490000e+00
      vertex   2.061089e+02 -1.032063e+02 -4.490000e+00
      vertex   2.061352e+02 -1.034524e+02 -5.209578e+00
    endloop
  endfacet
  facet normal 8.833941e-01 -4.325990e-01 1.802022e-01
    outer loop
      vertex   2.061352e+02 -1.034524e+02 -5.209578e+00
      vertex   2.061089e+02 -1.032063e+02 -4.490000e+00
      vertex   2.060643e+02 -1.032974e+02 -4.490000e+00
    endloop
  endfacet
  facet normal 9.556554e-01 -2.540921e-01 1.488619e-01
    outer loop
      vertex   2.061352e+02 -1.034524e+02 -5.209578e+00
      vertex   2.060643e+02 -1.032974e+02 -4.490000e+00
      vertex   2.061059e+02 -1.035339e+02 -5.160858e+00
    endloop
  endfacet
  facet normal 8.951585e-01 -4.000666e-01 1.965654e-01
    outer loop
      vertex   2.061059e+02 -1.035339e+02 -5.160858e+00
      vertex   2.060643e+02 -1.032974e+02 -4.490000e+00
      vertex   2.060781e+02 -1.035820e+02 -5.132055e+00
    endloop
  endfacet
  facet normal 8.948963e-01 -3.585502e-01 2.657110e-01
    outer loop
      vertex   2.061059e+02 -1.035339e+02 -5.160858e+00
      vertex   2.060781e+02 -1.035820e+02 -5.132055e+00
      vertex   2.061055e+02 -1.040109e+02 -5.802978e+00
    endloop
  endfacet
  facet normal 7.704560e-01 -5.765037e-01 2.721048e-01
    outer loop
      vertex   2.060643e+02 -1.032974e+02 -4.490000e+00
      vertex   2.060036e+02 -1.033785e+02 -4.490000e+00
      vertex   2.060781e+02 -1.035820e+02 -5.132055e+00
    endloop
  endfacet
  facet normal 6.795284e-01 -6.565748e-01 3.273388e-01
    outer loop
      vertex   2.060200e+02 -1.036512e+02 -5.090697e+00
      vertex   2.059285e+02 -1.034464e+02 -4.490000e+00
      vertex   2.059472e+02 -1.037092e+02 -5.055973e+00
    endloop
  endfacet
  facet normal 4.694823e-01 -7.947963e-01 3.845584e-01
    outer loop
      vertex   2.059472e+02 -1.037092e+02 -5.055973e+00
      vertex   2.059285e+02 -1.034464e+02 -4.490000e+00
      vertex   2.058415e+02 -1.034978e+02 -4.490000e+00
    endloop
  endfacet
  facet normal 5.213016e-01 -7.629318e-01 3.823345e-01
    outer loop
      vertex   2.059472e+02 -1.037092e+02 -5.055973e+00
      vertex   2.058415e+02 -1.034978e+02 -4.490000e+00
      vertex   2.058626e+02 -1.037536e+02 -5.029326e+00
    endloop
  endfacet
  facet normal 2.891811e-01 -8.604426e-01 4.195389e-01
    outer loop
      vertex   2.058626e+02 -1.037536e+02 -5.029326e+00
      vertex   2.058415e+02 -1.034978e+02 -4.490000e+00
      vertex   2.057458e+02 -1.035299e+02 -4.490000e+00
    endloop
  endfacet
  facet normal 3.416350e-01 -8.396282e-01 4.222678e-01
    outer loop
      vertex   2.058626e+02 -1.037536e+02 -5.029326e+00
      vertex   2.057458e+02 -1.035299e+02 -4.490000e+00
      vertex   2.057693e+02 -1.037828e+02 -5.011835e+00
    endloop
  endfacet
  facet normal 9.763947e-02 -8.938748e-01 4.375551e-01
    outer loop
      vertex   2.057693e+02 -1.037828e+02 -5.011835e+00
      vertex   2.057458e+02 -1.035299e+02 -4.490000e+00
      vertex   2.056455e+02 -1.035409e+02 -4.490000e+00
    endloop
  endfacet
  facet normal 1.586249e-01 -8.808671e-01 4.459947e-01
    outer loop
      vertex   2.057693e+02 -1.037828e+02 -5.011835e+00
      vertex   2.056455e+02 -1.035409e+02 -4.490000e+00
      vertex   2.056452e+02 -1.038250e+02 -5.051094e+00
    endloop
  endfacet
  facet normal 8.422827e-02 -7.999358e-01 5.941451e-01
    outer loop
      vertex   2.057693e+02 -1.037828e+02 -5.011835e+00
      vertex   2.056452e+02 -1.038250e+02 -5.051094e+00
      vertex   2.057688e+02 -1.042252e+02 -5.607410e+00
    endloop
  endfacet
  facet normal 8.454773e-02 -7.998794e-01 5.941755e-01
    outer loop
      vertex   2.057688e+02 -1.042252e+02 -5.607410e+00
      vertex   2.056452e+02 -1.038250e+02 -5.051094e+00
      vertex   2.056448e+02 -1.042001e+02 -5.555956e+00
    endloop
  endfacet
  facet normal 1.584052e-01 -6.814959e-01 7.144726e-01
    outer loop
      vertex   2.057688e+02 -1.042252e+02 -5.607410e+00
      vertex   2.056448e+02 -1.042001e+02 -5.555956e+00
      vertex   2.056443e+02 -1.046553e+02 -5.990000e+00
    endloop
  endfacet
  facet normal 2.183139e-12 -9.835876e-12 1.000000e+00
    outer loop
      vertex   2.057002e+02 -1.046503e+02 -5.990000e+00
      vertex   2.057545e+02 -1.046357e+02 -5.990000e+00
      vertex   2.056443e+02 -1.046553e+02 -5.990000e+00
    endloop
  endfacet
  facet normal 1.380952e-12 -5.321879e-12 1.000000e+00
    outer loop
      vertex   2.056443e+02 -1.046553e+02 -5.990000e+00
      vertex   2.057545e+02 -1.046357e+02 -5.990000e+00
      vertex   2.058059e+02 -1.046127e+02 -5.990000e+00
    endloop
  endfacet
  facet normal 1.798929e-01 -6.824015e-01 7.084961e-01
    outer loop
      vertex   2.056443e+02 -1.046553e+02 -5.990000e+00
      vertex   2.058059e+02 -1.046127e+02 -5.990000e+00
      vertex   2.057688e+02 -1.042252e+02 -5.607410e+00
    endloop
  endfacet
  facet normal 4.784868e-01 -5.933866e-01 6.472579e-01
    outer loop
      vertex   2.057688e+02 -1.042252e+02 -5.607410e+00
      vertex   2.058059e+02 -1.046127e+02 -5.990000e+00
      vertex   2.059374e+02 -1.045066e+02 -5.990000e+00
    endloop
  endfacet
  facet normal 3.424087e-01 -6.784962e-01 6.499224e-01
    outer loop
      vertex   2.057688e+02 -1.042252e+02 -5.607410e+00
      vertex   2.059374e+02 -1.045066e+02 -5.990000e+00
      vertex   2.058621e+02 -1.042001e+02 -5.630361e+00
    endloop
  endfacet
  facet normal 6.622579e-01 -4.961916e-01 5.614343e-01
    outer loop
      vertex   2.058621e+02 -1.042001e+02 -5.630361e+00
      vertex   2.059374e+02 -1.045066e+02 -5.990000e+00
      vertex   2.060080e+02 -1.044124e+02 -5.990000e+00
    endloop
  endfacet
  facet normal 5.223917e-01 -6.245987e-01 5.805026e-01
    outer loop
      vertex   2.058621e+02 -1.042001e+02 -5.630361e+00
      vertex   2.060080e+02 -1.044124e+02 -5.990000e+00
      vertex   2.059468e+02 -1.041618e+02 -5.665329e+00
    endloop
  endfacet
  facet normal 6.800640e-01 -5.128219e-01 5.239529e-01
    outer loop
      vertex   2.059468e+02 -1.041618e+02 -5.665329e+00
      vertex   2.060080e+02 -1.044124e+02 -5.990000e+00
      vertex   2.060196e+02 -1.041119e+02 -5.710899e+00
    endloop
  endfacet
  facet normal 6.787736e-01 -5.897376e-01 4.375797e-01
    outer loop
      vertex   2.059468e+02 -1.041618e+02 -5.665329e+00
      vertex   2.060196e+02 -1.041119e+02 -5.710899e+00
      vertex   2.059472e+02 -1.037092e+02 -5.055973e+00
    endloop
  endfacet
  facet normal 6.788163e-01 -5.897014e-01 4.375622e-01
    outer loop
      vertex   2.059472e+02 -1.037092e+02 -5.055973e+00
      vertex   2.060196e+02 -1.041119e+02 -5.710899e+00
      vertex   2.060200e+02 -1.036512e+02 -5.090697e+00
    endloop
  endfacet
  facet normal 0.000000e+00 0.000000e+00 1.000000e+00
    outer loop
      vertex   2.058059e+02 -1.046127e+02 -5.990000e+00
      vertex   2.058536e+02 -1.045826e+02 -5.990000e+00
      vertex   2.059374e+02 -1.045066e+02 -5.990000e+00
    endloop
  endfacet
  facet normal 8.036780e-01 -4.212869e-01 4.202607e-01
    outer loop
      vertex   2.060080e+02 -1.044124e+02 -5.990000e+00
      vertex   2.060660e+02 -1.043016e+02 -5.990000e+00
      vertex   2.060196e+02 -1.041119e+02 -5.710899e+00
    endloop
  endfacet
  facet normal 8.108913e-01 -4.122626e-01 4.153249e-01
    outer loop
      vertex   2.060196e+02 -1.041119e+02 -5.710899e+00
      vertex   2.060660e+02 -1.043016e+02 -5.990000e+00
      vertex   2.060776e+02 -1.040523e+02 -5.765177e+00
    endloop
  endfacet
  facet normal 8.098082e-01 -4.712497e-01 3.494775e-01
    outer loop
      vertex   2.060196e+02 -1.041119e+02 -5.710899e+00
      vertex   2.060776e+02 -1.040523e+02 -5.765177e+00
      vertex   2.060200e+02 -1.036512e+02 -5.090697e+00
    endloop
  endfacet
  facet normal 8.982986e-01 -3.165727e-01 3.046989e-01
    outer loop
      vertex   2.060660e+02 -1.043016e+02 -5.990000e+00
      vertex   2.061092e+02 -1.041790e+02 -5.990000e+00
      vertex   2.060776e+02 -1.040523e+02 -5.765177e+00
    endloop
  endfacet
  facet normal 5.205143e-01 -6.856149e-01 5.089175e-01
    outer loop
      vertex   2.059468e+02 -1.041618e+02 -5.665329e+00
      vertex   2.059472e+02 -1.037092e+02 -5.055973e+00
      vertex   2.058626e+02 -1.037536e+02 -5.029326e+00
    endloop
  endfacet
  facet normal 3.409201e-01 -7.547916e-01 5.604134e-01
    outer loop
      vertex   2.057688e+02 -1.042252e+02 -5.607410e+00
      vertex   2.058621e+02 -1.042001e+02 -5.630361e+00
      vertex   2.057693e+02 -1.037828e+02 -5.011835e+00
    endloop
  endfacet
  facet normal 3.410011e-01 -7.547612e-01 5.604051e-01
    outer loop
      vertex   2.057693e+02 -1.037828e+02 -5.011835e+00
      vertex   2.058621e+02 -1.042001e+02 -5.630361e+00
      vertex   2.058626e+02 -1.037536e+02 -5.029326e+00
    endloop
  endfacet
  facet normal 5.204528e-01 -6.856506e-01 5.089323e-01
    outer loop
      vertex   2.058621e+02 -1.042001e+02 -5.630361e+00
      vertex   2.059468e+02 -1.041618e+02 -5.665329e+00
      vertex   2.058626e+02 -1.037536e+02 -5.029326e+00
    endloop
  endfacet
  facet normal 9.552581e-01 -2.377533e-01 1.759411e-01
    outer loop
      vertex   2.061347e+02 -1.039407e+02 -5.866919e+00
      vertex   2.061352e+02 -1.034524e+02 -5.209578e+00
      vertex   2.061059e+02 -1.035339e+02 -5.160858e+00
    endloop
  endfacet
  facet normal 9.552519e-01 -2.377711e-01 1.759511e-01
    outer loop
      vertex   2.061347e+02 -1.039407e+02 -5.866919e+00
      vertex   2.061059e+02 -1.035339e+02 -5.160858e+00
      vertex   2.061055e+02 -1.040109e+02 -5.802978e+00
    endloop
  endfacet
  facet normal -7.239609e-16 -6.901213e-01 7.236937e-01
    outer loop
      vertex   2.038686e+02 -1.046553e+02 -5.990000e+00
      vertex   2.056443e+02 -1.046553e+02 -5.990000e+00
      vertex   2.038686e+02 -1.042001e+02 -5.555956e+00
    endloop
  endfacet
  facet normal 3.618821e-16 -6.901213e-01 7.236937e-01
    outer loop
      vertex   2.038686e+02 -1.042001e+02 -5.555956e+00
      vertex   2.056443e+02 -1.046553e+02 -5.990000e+00
      vertex   2.056448e+02 -1.042001e+02 -5.555956e+00
    endloop
  endfacet
  facet normal 2.982059e-16 -8.027218e-01 5.963537e-01
    outer loop
      vertex   2.038686e+02 -1.042001e+02 -5.555956e+00
      vertex   2.056448e+02 -1.042001e+02 -5.555956e+00
      vertex   2.038686e+02 -1.038250e+02 -5.051094e+00
    endloop
  endfacet
  facet normal 2.981392e-16 -8.027218e-01 5.963537e-01
    outer loop
      vertex   2.038686e+02 -1.038250e+02 -5.051094e+00
      vertex   2.056448e+02 -1.042001e+02 -5.555956e+00
      vertex   2.056452e+02 -1.038250e+02 -5.051094e+00
    endloop
  endfacet
  facet normal 2.258627e-16 -8.921281e-01 4.517825e-01
    outer loop
      vertex   2.038686e+02 -1.038250e+02 -5.051094e+00
      vertex   2.056452e+02 -1.038250e+02 -5.051094e+00
      vertex   2.038686e+02 -1.035409e+02 -4.490000e+00
    endloop
  endfacet
  facet normal -2.258244e-16 -8.921281e-01 4.517825e-01
    outer loop
      vertex   2.038686e+02 -1.035409e+02 -4.490000e+00
      vertex   2.056452e+02 -1.038250e+02 -5.051094e+00
      vertex   2.056455e+02 -1.035409e+02 -4.490000e+00
    endloop
  endfacet
  facet normal 1.000000e+00 -0.000000e+00 0.000000e+00
    outer loop
      vertex   2.038686e+02 -1.058538e+02 -4.490000e+00
      vertex   2.038686e+02 -1.061932e+02 -4.705634e+00
      vertex   2.038686e+02 -1.035409e+02 -4.490000e+00
    endloop
  endfacet
  facet normal 1.000000e+00 0.000000e+00 0.000000e+00
    outer loop
      vertex   2.038686e+02 -1.035409e+02 -4.490000e+00
      vertex   2.038686e+02 -1.061932e+02 -4.705634e+00
      vertex   2.038686e+02 -1.038250e+02 -5.051094e+00
    endloop
  endfacet
  facet normal 1.000000e+00 0.000000e+00 0.000000e+00
    outer loop
      vertex   2.038686e+02 -1.038250e+02 -5.051094e+00
      vertex   2.038686e+02 -1.061932e+02 -4.705634e+00
      vertex   2.038686e+02 -1.065724e+02 -4.839579e+00
    endloop
  endfacet
  facet normal 1.000000e+00 0.000000e+00 0.000000e+00
    outer loop
      vertex   2.038686e+02 -1.038250e+02 -5.051094e+00
      vertex   2.038686e+02 -1.065724e+02 -4.839579e+00
      vertex   2.038686e+02 -1.069719e+02 -4.885000e+00
    endloop
  endfacet
  facet normal 1.000000e+00 0.000000e+00 0.000000e+00
    outer loop
      vertex   2.038686e+02 -1.038250e+02 -5.051094e+00
      vertex   2.038686e+02 -1.069719e+02 -4.885000e+00
      vertex   2.038686e+02 -1.042001e+02 -5.555956e+00
    endloop
  endfacet
  facet normal 1.000000e+00 0.000000e+00 0.000000e+00
    outer loop
      vertex   2.038686e+02 -1.042001e+02 -5.555956e+00
      vertex   2.038686e+02 -1.069719e+02 -4.885000e+00
      vertex   2.038686e+02 -1.133519e+02 -4.885000e+00
    endloop
  endfacet
  facet normal 1.000000e+00 0.000000e+00 0.000000e+00
    outer loop
      vertex   2.038686e+02 -1.042001e+02 -5.555956e+00
      vertex   2.038686e+02 -1.133519e+02 -4.885000e+00
      vertex   2.038686e+02 -1.161237e+02 -5.555956e+00
    endloop
  endfacet
  facet normal 1.000000e+00 0.000000e+00 -0.000000e+00
    outer loop
      vertex   2.038686e+02 -1.161237e+02 -5.555956e+00
      vertex   2.038686e+02 -1.133519e+02 -4.885000e+00
      vertex   2.038686e+02 -1.164988e+02 -5.051094e+00
    endloop
  endfacet
  facet normal 1.000000e+00 0.000000e+00 0.000000e+00
    outer loop
      vertex   2.038686e+02 -1.164988e+02 -5.051094e+00
      vertex   2.038686e+02 -1.133519e+02 -4.885000e+00
      vertex   2.038686e+02 -1.137514e+02 -4.839579e+00
    endloop
  endfacet
  facet normal 1.000000e+00 0.000000e+00 0.000000e+00
    outer loop
      vertex   2.038686e+02 -1.164988e+02 -5.051094e+00
      vertex   2.038686e+02 -1.137514e+02 -4.839579e+00
      vertex   2.038686e+02 -1.141306e+02 -4.705634e+00
    endloop
  endfacet
  facet normal 1.000000e+00 0.000000e+00 0.000000e+00
    outer loop
      vertex   2.038686e+02 -1.144700e+02 -4.490000e+00
      vertex   2.038686e+02 -1.167829e+02 -4.490000e+00
      vertex   2.038686e+02 -1.141306e+02 -4.705634e+00
    endloop
  endfacet
  facet normal 1.000000e+00 0.000000e+00 0.000000e+00
    outer loop
      vertex   2.038686e+02 -1.141306e+02 -4.705634e+00
      vertex   2.038686e+02 -1.167829e+02 -4.490000e+00
      vertex   2.038686e+02 -1.164988e+02 -5.051094e+00
    endloop
  endfacet
  facet normal 1.000000e+00 0.000000e+00 -0.000000e+00
    outer loop
      vertex   2.038686e+02 -1.156685e+02 -5.990000e+00
      vertex   2.038686e+02 -1.046553e+02 -5.990000e+00
      vertex   2.038686e+02 -1.161237e+02 -5.555956e+00
    endloop
  endfacet
  facet normal 1.000000e+00 0.000000e+00 0.000000e+00
    outer loop
      vertex   2.038686e+02 -1.161237e+02 -5.555956e+00
      vertex   2.038686e+02 -1.046553e+02 -5.990000e+00
      vertex   2.038686e+02 -1.042001e+02 -5.555956e+00
    endloop
  endfacet
  facet normal -9.289413e-17 -1.129546e-01 9.936002e-01
    outer loop
      vertex   1.943686e+02 -1.069719e+02 -4.885000e+00
      vertex   2.038686e+02 -1.069719e+02 -4.885000e+00
      vertex   1.943686e+02 -1.065724e+02 -4.839579e+00
    endloop
  endfacet
  facet normal -9.289413e-17 -1.129546e-01 9.936002e-01
    outer loop
      vertex   1.943686e+02 -1.065724e+02 -4.839579e+00
      vertex   2.038686e+02 -1.069719e+02 -4.885000e+00
      vertex   2.038686e+02 -1.065724e+02 -4.839579e+00
    endloop
  endfacet
  facet normal -8.815328e-17 -3.330992e-01 9.428918e-01
    outer loop
      vertex   1.943686e+02 -1.065724e+02 -4.839579e+00
      vertex   2.038686e+02 -1.065724e+02 -4.839579e+00
      vertex   1.943686e+02 -1.061932e+02 -4.705634e+00
    endloop
  endfacet
  facet normal -8.815328e-17 -3.330992e-01 9.428918e-01
    outer loop
      vertex   1.943686e+02 -1.061932e+02 -4.705634e+00
      vertex   2.038686e+02 -1.065724e+02 -4.839579e+00
      vertex   2.038686e+02 -1.061932e+02 -4.705634e+00
    endloop
  endfacet
  facet normal -7.891353e-17 -5.362440e-01 8.440630e-01
    outer loop
      vertex   1.943686e+02 -1.061932e+02 -4.705634e+00
      vertex   2.038686e+02 -1.061932e+02 -4.705634e+00
      vertex   1.943686e+02 -1.058538e+02 -4.490000e+00
    endloop
  endfacet
  facet normal -7.891353e-17 -5.362440e-01 8.440630e-01
    outer loop
      vertex   1.943686e+02 -1.058538e+02 -4.490000e+00
      vertex   2.038686e+02 -1.061932e+02 -4.705634e+00
      vertex   2.038686e+02 -1.058538e+02 -4.490000e+00
    endloop
  endfacet
  facet normal -9.349247e-17 0.000000e+00 1.000000e+00
    outer loop
      vertex   2.038686e+02 -1.133519e+02 -4.885000e+00
      vertex   2.038686e+02 -1.069719e+02 -4.885000e+00
      vertex   1.943686e+02 -1.133519e+02 -4.885000e+00
    endloop
  endfacet
  facet normal -9.349247e-17 0.000000e+00 1.000000e+00
    outer loop
      vertex   1.943686e+02 -1.133519e+02 -4.885000e+00
      vertex   2.038686e+02 -1.069719e+02 -4.885000e+00
      vertex   1.943686e+02 -1.069719e+02 -4.885000e+00
    endloop
  endfacet
  facet normal -7.891353e-17 5.362440e-01 8.440630e-01
    outer loop
      vertex   1.943686e+02 -1.144700e+02 -4.490000e+00
      vertex   2.038686e+02 -1.144700e+02 -4.490000e+00
      vertex   1.943686e+02 -1.141306e+02 -4.705634e+00
    endloop
  endfacet
  facet normal -1.578271e-16 5.362440e-01 8.440630e-01
    outer loop
      vertex   1.943686e+02 -1.141306e+02 -4.705634e+00
      vertex   2.038686e+02 -1.144700e+02 -4.490000e+00
      vertex   2.038686e+02 -1.141306e+02 -4.705634e+00
    endloop
  endfacet
  facet normal -1.763066e-16 3.330992e-01 9.428918e-01
    outer loop
      vertex   1.943686e+02 -1.141306e+02 -4.705634e+00
      vertex   2.038686e+02 -1.141306e+02 -4.705634e+00
      vertex   1.943686e+02 -1.137514e+02 -4.839579e+00
    endloop
  endfacet
  facet normal -8.815328e-17 3.330992e-01 9.428918e-01
    outer loop
      vertex   1.943686e+02 -1.137514e+02 -4.839579e+00
      vertex   2.038686e+02 -1.141306e+02 -4.705634e+00
      vertex   2.038686e+02 -1.137514e+02 -4.839579e+00
    endloop
  endfacet
  facet normal -9.289413e-17 1.129546e-01 9.936002e-01
    outer loop
      vertex   1.943686e+02 -1.137514e+02 -4.839579e+00
      vertex   2.038686e+02 -1.137514e+02 -4.839579e+00
      vertex   1.943686e+02 -1.133519e+02 -4.885000e+00
    endloop
  endfacet
  facet normal -9.289413e-17 1.129546e-01 9.936002e-01
    outer loop
      vertex   1.943686e+02 -1.133519e+02 -4.885000e+00
      vertex   2.038686e+02 -1.137514e+02 -4.839579e+00
      vertex   2.038686e+02 -1.133519e+02 -4.885000e+00
    endloop
  endfacet
  facet normal 9.999996e-01 -9.338129e-04 3.717873e-14
    outer loop
      vertex   2.061330e+02 -1.164047e+02 -5.990000e+00
      vertex   2.061327e+02 -1.167784e+02 -5.534504e+00
      vertex   2.061279e+02 -1.219000e+02 -5.990000e+00
    endloop
  endfacet
  facet normal 9.999996e-01 -9.338129e-04 -2.180079e-14
    outer loop
      vertex   2.061279e+02 -1.219000e+02 -5.990000e+00
      vertex   2.061327e+02 -1.167784e+02 -5.534504e+00
      vertex   2.061324e+02 -1.170846e+02 -5.031203e+00
    endloop
  endfacet
  facet normal 9.999996e-01 -9.338129e-04 0.000000e+00
    outer loop
      vertex   2.061279e+02 -1.219000e+02 -5.990000e+00
      vertex   2.061324e+02 -1.170846e+02 -5.031203e+00
      vertex   2.061279e+02 -1.219000e+02 -4.490000e+00
    endloop
  endfacet
  facet normal 9.999996e-01 -9.338129e-04 2.286815e-14
    outer loop
      vertex   2.061279e+02 -1.219000e+02 -4.490000e+00
      vertex   2.061324e+02 -1.170846e+02 -5.031203e+00
      vertex   2.061322e+02 -1.173174e+02 -4.490000e+00
    endloop
  endfacet
  facet normal 1.000000e+00 0.000000e+00 0.000000e+00
    outer loop
      vertex   1.943686e+02 -1.058538e+02 -4.490000e+00
      vertex   1.943686e+02 -1.144700e+02 -4.490000e+00
      vertex   1.943686e+02 -1.061932e+02 -4.705634e+00
    endloop
  endfacet
  facet normal 1.000000e+00 0.000000e+00 0.000000e+00
    outer loop
      vertex   1.943686e+02 -1.061932e+02 -4.705634e+00
      vertex   1.943686e+02 -1.144700e+02 -4.490000e+00
      vertex   1.943686e+02 -1.141306e+02 -4.705634e+00
    endloop
  endfacet
  facet normal 1.000000e+00 0.000000e+00 0.000000e+00
    outer loop
      vertex   1.943686e+02 -1.061932e+02 -4.705634e+00
      vertex   1.943686e+02 -1.141306e+02 -4.705634e+00
      vertex   1.943686e+02 -1.065724e+02 -4.839579e+00
    endloop
  endfacet
  facet normal 1.000000e+00 0.000000e+00 0.000000e+00
    outer loop
      vertex   1.943686e+02 -1.065724e+02 -4.839579e+00
      vertex   1.943686e+02 -1.141306e+02 -4.705634e+00
      vertex   1.943686e+02 -1.137514e+02 -4.839579e+00
    endloop
  endfacet
  facet normal 1.000000e+00 0.000000e+00 0.000000e+00
    outer loop
      vertex   1.943686e+02 -1.065724e+02 -4.839579e+00
      vertex   1.943686e+02 -1.137514e+02 -4.839579e+00
      vertex   1.943686e+02 -1.069719e+02 -4.885000e+00
    endloop
  endfacet
  facet normal 1.000000e+00 0.000000e+00 0.000000e+00
    outer loop
      vertex   1.943686e+02 -1.069719e+02 -4.885000e+00
      vertex   1.943686e+02 -1.137514e+02 -4.839579e+00
      vertex   1.943686e+02 -1.133519e+02 -4.885000e+00
    endloop
  endfacet
  facet normal 2.446126e-29 1.000000e+00 -6.981217e-14
    outer loop
      vertex   1.931208e+02 -6.527069e+01 -4.490000e+00
      vertex   1.956556e+02 -6.527069e+01 -4.490000e+00
      vertex   1.934340e+02 -6.527069e+01 -4.693558e+00
    endloop
  endfacet
  facet normal -5.860836e-15 1.000000e+00 -5.847547e-15
    outer loop
      vertex   1.934340e+02 -6.527069e+01 -4.693558e+00
      vertex   1.956556e+02 -6.527069e+01 -4.490000e+00
      vertex   1.936978e+02 -6.527069e+01 -4.958009e+00
    endloop
  endfacet
  facet normal -1.885778e-16 1.000000e+00 -2.957564e-14
    outer loop
      vertex   1.936978e+02 -6.527069e+01 -4.958009e+00
      vertex   1.956556e+02 -6.527069e+01 -4.490000e+00
      vertex   1.958441e+02 -6.527069e+01 -4.971694e+00
    endloop
  endfacet
  facet normal 0.000000e+00 1.000000e+00 0.000000e+00
    outer loop
      vertex   1.936978e+02 -6.527069e+01 -4.958009e+00
      vertex   1.958441e+02 -6.527069e+01 -4.971694e+00
      vertex   1.939007e+02 -6.527069e+01 -5.271704e+00
    endloop
  endfacet
  facet normal -0.000000e+00 1.000000e+00 0.000000e+00
    outer loop
      vertex   1.939007e+02 -6.527069e+01 -5.271704e+00
      vertex   1.958441e+02 -6.527069e+01 -4.971694e+00
      vertex   1.959636e+02 -6.527069e+01 -5.474973e+00
    endloop
  endfacet
  facet normal 0.000000e+00 1.000000e+00 0.000000e+00
    outer loop
      vertex   1.939007e+02 -6.527069e+01 -5.271704e+00
      vertex   1.959636e+02 -6.527069e+01 -5.474973e+00
      vertex   1.940336e+02 -6.527069e+01 -5.620827e+00
    endloop
  endfacet
  facet normal -2.070534e-15 1.000000e+00 2.739886e-14
    outer loop
      vertex   1.940336e+02 -6.527069e+01 -5.620827e+00
      vertex   1.959636e+02 -6.527069e+01 -5.474973e+00
      vertex   1.960118e+02 -6.527069e+01 -5.990000e+00
    endloop
  endfacet
  facet normal -1.779690e-29 1.000000e+00 3.849370e-14
    outer loop
      vertex   1.940336e+02 -6.527069e+01 -5.620827e+00
      vertex   1.960118e+02 -6.527069e+01 -5.990000e+00
      vertex   1.940907e+02 -6.527069e+01 -5.990000e+00
    endloop
  endfacet
  facet normal 0.000000e+00 1.000000e+00 -6.981217e-14
    outer loop
      vertex   1.851248e+02 -6.527069e+01 -4.490000e+00
      vertex   1.848116e+02 -6.527069e+01 -4.693558e+00
      vertex   1.825900e+02 -6.527069e+01 -4.490000e+00
    endloop
  endfacet
  facet normal 5.860836e-15 1.000000e+00 -5.847547e-15
    outer loop
      vertex   1.825900e+02 -6.527069e+01 -4.490000e+00
      vertex   1.848116e+02 -6.527069e+01 -4.693558e+00
      vertex   1.845477e+02 -6.527069e+01 -4.958009e+00
    endloop
  endfacet
  facet normal 1.885778e-16 1.000000e+00 -2.957564e-14
    outer loop
      vertex   1.825900e+02 -6.527069e+01 -4.490000e+00
      vertex   1.845477e+02 -6.527069e+01 -4.958009e+00
      vertex   1.824014e+02 -6.527069e+01 -4.971694e+00
    endloop
  endfacet
  facet normal -0.000000e+00 1.000000e+00 0.000000e+00
    outer loop
      vertex   1.824014e+02 -6.527069e+01 -4.971694e+00
      vertex   1.845477e+02 -6.527069e+01 -4.958009e+00
      vertex   1.843449e+02 -6.527069e+01 -5.271704e+00
    endloop
  endfacet
  facet normal 0.000000e+00 1.000000e+00 0.000000e+00
    outer loop
      vertex   1.824014e+02 -6.527069e+01 -4.971694e+00
      vertex   1.843449e+02 -6.527069e+01 -5.271704e+00
      vertex   1.822819e+02 -6.527069e+01 -5.474973e+00
    endloop
  endfacet
  facet normal -0.000000e+00 1.000000e+00 0.000000e+00
    outer loop
      vertex   1.822819e+02 -6.527069e+01 -5.474973e+00
      vertex   1.843449e+02 -6.527069e+01 -5.271704e+00
      vertex   1.842120e+02 -6.527069e+01 -5.620827e+00
    endloop
  endfacet
  facet normal 2.070534e-15 1.000000e+00 2.739886e-14
    outer loop
      vertex   1.822819e+02 -6.527069e+01 -5.474973e+00
      vertex   1.842120e+02 -6.527069e+01 -5.620827e+00
      vertex   1.822338e+02 -6.527069e+01 -5.990000e+00
    endloop
  endfacet
  facet normal -0.000000e+00 1.000000e+00 3.849370e-14
    outer loop
      vertex   1.822338e+02 -6.527069e+01 -5.990000e+00
      vertex   1.842120e+02 -6.527069e+01 -5.620827e+00
      vertex   1.841549e+02 -6.527069e+01 -5.990000e+00
    endloop
  endfacet
  facet normal 9.956580e-01 0.000000e+00 -9.308637e-02
    outer loop
      vertex   1.822338e+02 -6.527069e+01 -5.990000e+00
      vertex   1.822338e+02 -6.146760e+01 -5.990000e+00
      vertex   1.822819e+02 -6.527069e+01 -5.474973e+00
    endloop
  endfacet
  facet normal 9.956580e-01 0.000000e+00 -9.308637e-02
    outer loop
      vertex   1.822819e+02 -6.527069e+01 -5.474973e+00
      vertex   1.822338e+02 -6.146760e+01 -5.990000e+00
      vertex   1.822819e+02 -6.146760e+01 -5.474973e+00
    endloop
  endfacet
  facet normal 9.729460e-01 0.000000e+00 -2.310327e-01
    outer loop
      vertex   1.822819e+02 -6.527069e+01 -5.474973e+00
      vertex   1.822819e+02 -6.146760e+01 -5.474973e+00
      vertex   1.824014e+02 -6.146760e+01 -4.971694e+00
    endloop
  endfacet
  facet normal 9.312177e-01 0.000000e+00 -3.644635e-01
    outer loop
      vertex   1.825900e+02 -6.146760e+01 -4.490000e+00
      vertex   1.825900e+02 -6.527069e+01 -4.490000e+00
      vertex   1.824014e+02 -6.146760e+01 -4.971694e+00
    endloop
  endfacet
  facet normal 9.312177e-01 0.000000e+00 -3.644635e-01
    outer loop
      vertex   1.824014e+02 -6.146760e+01 -4.971694e+00
      vertex   1.825900e+02 -6.527069e+01 -4.490000e+00
      vertex   1.824014e+02 -6.527069e+01 -4.971694e+00
    endloop
  endfacet
  facet normal 9.729460e-01 0.000000e+00 -2.310327e-01
    outer loop
      vertex   1.824014e+02 -6.146760e+01 -4.971694e+00
      vertex   1.824014e+02 -6.527069e+01 -4.971694e+00
      vertex   1.822819e+02 -6.527069e+01 -5.474973e+00
    endloop
  endfacet
  facet normal 1.071952e-16 -1.411252e-17 -1.000000e+00
    outer loop
      vertex   1.484634e+02 -1.479481e+02 -5.990000e+00
      vertex   1.484259e+02 -1.482328e+02 -5.990000e+00
      vertex   1.333392e+02 -1.369570e+02 -5.990000e+00
    endloop
  endfacet
  facet normal 1.305928e-16 1.719287e-17 -1.000000e+00
    outer loop
      vertex   1.333392e+02 -1.369570e+02 -5.990000e+00
      vertex   1.484259e+02 -1.482328e+02 -5.990000e+00
      vertex   1.484634e+02 -1.485175e+02 -5.990000e+00
    endloop
  endfacet
  facet normal 4.305601e-16 4.096299e-16 -1.000000e+00
    outer loop
      vertex   1.333392e+02 -1.369570e+02 -5.990000e+00
      vertex   1.484634e+02 -1.485175e+02 -5.990000e+00
      vertex   1.489407e+02 -1.511874e+02 -5.990000e+00
    endloop
  endfacet
  facet normal 1.412829e-15 5.852128e-16 -1.000000e+00
    outer loop
      vertex   1.489407e+02 -1.511874e+02 -5.990000e+00
      vertex   1.484634e+02 -1.485175e+02 -5.990000e+00
      vertex   1.485733e+02 -1.487828e+02 -5.990000e+00
    endloop
  endfacet
  facet normal 6.010376e-16 4.611924e-16 -1.000000e+00
    outer loop
      vertex   1.489407e+02 -1.511874e+02 -5.990000e+00
      vertex   1.485733e+02 -1.487828e+02 -5.990000e+00
      vertex   1.487481e+02 -1.490106e+02 -5.990000e+00
    endloop
  endfacet
  facet normal 3.358886e-16 4.377386e-16 -1.000000e+00
    outer loop
      vertex   1.487481e+02 -1.490106e+02 -5.990000e+00
      vertex   1.489759e+02 -1.491854e+02 -5.990000e+00
      vertex   1.489407e+02 -1.511874e+02 -5.990000e+00
    endloop
  endfacet
  facet normal 1.824371e-16 4.404421e-16 -1.000000e+00
    outer loop
      vertex   1.489407e+02 -1.511874e+02 -5.990000e+00
      vertex   1.489759e+02 -1.491854e+02 -5.990000e+00
      vertex   1.492412e+02 -1.492953e+02 -5.990000e+00
    endloop
  endfacet
  facet normal 6.053479e-17 4.598074e-16 -1.000000e+00
    outer loop
      vertex   1.489407e+02 -1.511874e+02 -5.990000e+00
      vertex   1.492412e+02 -1.492953e+02 -5.990000e+00
      vertex   1.495259e+02 -1.493328e+02 -5.990000e+00
    endloop
  endfacet
  facet normal -6.116164e-17 4.645688e-16 -1.000000e+00
    outer loop
      vertex   1.498106e+02 -1.492953e+02 -5.990000e+00
      vertex   1.495248e+02 -1.512448e+02 -5.990000e+00
      vertex   1.495259e+02 -1.493328e+02 -5.990000e+00
    endloop
  endfacet
  facet normal 1.517584e-17 4.645217e-16 -1.000000e+00
    outer loop
      vertex   1.495259e+02 -1.493328e+02 -5.990000e+00
      vertex   1.495248e+02 -1.512448e+02 -5.990000e+00
      vertex   1.493289e+02 -1.512384e+02 -5.990000e+00
    endloop
  endfacet
  facet normal 4.535091e-17 4.614024e-16 -1.000000e+00
    outer loop
      vertex   1.495259e+02 -1.493328e+02 -5.990000e+00
      vertex   1.493289e+02 -1.512384e+02 -5.990000e+00
      vertex   1.491340e+02 -1.512192e+02 -5.990000e+00
    endloop
  endfacet
  facet normal -2.009199e-16 4.850636e-16 -1.000000e+00
    outer loop
      vertex   1.498106e+02 -1.492953e+02 -5.990000e+00
      vertex   1.500759e+02 -1.491854e+02 -5.990000e+00
      vertex   1.495248e+02 -1.512448e+02 -5.990000e+00
    endloop
  endfacet
  facet normal -4.164703e-16 5.427546e-16 -1.000000e+00
    outer loop
      vertex   1.495248e+02 -1.512448e+02 -5.990000e+00
      vertex   1.500759e+02 -1.491854e+02 -5.990000e+00
      vertex   1.503038e+02 -1.490106e+02 -5.990000e+00
    endloop
  endfacet
  facet normal -9.495737e-16 7.286335e-16 -1.000000e+00
    outer loop
      vertex   1.495248e+02 -1.512448e+02 -5.990000e+00
      vertex   1.503038e+02 -1.490106e+02 -5.990000e+00
      vertex   1.504786e+02 -1.487828e+02 -5.990000e+00
    endloop
  endfacet
  facet normal 1.608743e-16 2.984316e-16 -1.000000e+00
    outer loop
      vertex   1.495248e+02 -1.512448e+02 -5.990000e+00
      vertex   1.504786e+02 -1.487828e+02 -5.990000e+00
      vertex   1.660876e+02 -1.512448e+02 -5.990000e+00
    endloop
  endfacet
  facet normal 1.068240e-16 -4.424794e-17 -1.000000e+00
    outer loop
      vertex   1.660876e+02 -1.512448e+02 -5.990000e+00
      vertex   1.504786e+02 -1.487828e+02 -5.990000e+00
      vertex   1.505885e+02 -1.485175e+02 -5.990000e+00
    endloop
  endfacet
  facet normal 1.120151e-16 -1.474706e-17 -1.000000e+00
    outer loop
      vertex   1.660876e+02 -1.512448e+02 -5.990000e+00
      vertex   1.505885e+02 -1.485175e+02 -5.990000e+00
      vertex   1.506259e+02 -1.482328e+02 -5.990000e+00
    endloop
  endfacet
  facet normal 1.179119e-16 1.552339e-17 -1.000000e+00
    outer loop
      vertex   1.506259e+02 -1.482328e+02 -5.990000e+00
      vertex   1.505885e+02 -1.479481e+02 -5.990000e+00
      vertex   1.660876e+02 -1.512448e+02 -5.990000e+00
    endloop
  endfacet
  facet normal 1.079690e-16 -3.122207e-17 -1.000000e+00
    outer loop
      vertex   1.660876e+02 -1.512448e+02 -5.990000e+00
      vertex   1.505885e+02 -1.479481e+02 -5.990000e+00
      vertex   1.523896e+02 -1.417196e+02 -5.990000e+00
    endloop
  endfacet
  facet normal 1.268826e-16 -4.022810e-18 -1.000000e+00
    outer loop
      vertex   1.660876e+02 -1.512448e+02 -5.990000e+00
      vertex   1.523896e+02 -1.417196e+02 -5.990000e+00
      vertex   1.663896e+02 -1.417196e+02 -5.990000e+00
    endloop
  endfacet
  facet normal 0.000000e+00 0.000000e+00 -1.000000e+00
    outer loop
      vertex   1.505885e+02 -1.479481e+02 -5.990000e+00
      vertex   1.504786e+02 -1.476828e+02 -5.990000e+00
      vertex   1.523896e+02 -1.417196e+02 -5.990000e+00
    endloop
  endfacet
  facet normal 0.000000e+00 0.000000e+00 -1.000000e+00
    outer loop
      vertex   1.523896e+02 -1.417196e+02 -5.990000e+00
      vertex   1.504786e+02 -1.476828e+02 -5.990000e+00
      vertex   1.503038e+02 -1.474550e+02 -5.990000e+00
    endloop
  endfacet
  facet normal 0.000000e+00 0.000000e+00 -1.000000e+00
    outer loop
      vertex   1.523896e+02 -1.417196e+02 -5.990000e+00
      vertex   1.503038e+02 -1.474550e+02 -5.990000e+00
      vertex   1.500759e+02 -1.472802e+02 -5.990000e+00
    endloop
  endfacet
  facet normal 0.000000e+00 0.000000e+00 -1.000000e+00
    outer loop
      vertex   1.500759e+02 -1.472802e+02 -5.990000e+00
      vertex   1.498106e+02 -1.471703e+02 -5.990000e+00
      vertex   1.523896e+02 -1.417196e+02 -5.990000e+00
    endloop
  endfacet
  facet normal 0.000000e+00 0.000000e+00 -1.000000e+00
    outer loop
      vertex   1.523896e+02 -1.417196e+02 -5.990000e+00
      vertex   1.498106e+02 -1.471703e+02 -5.990000e+00
      vertex   1.495259e+02 -1.471328e+02 -5.990000e+00
    endloop
  endfacet
  facet normal 0.000000e+00 0.000000e+00 -1.000000e+00
    outer loop
      vertex   1.523896e+02 -1.417196e+02 -5.990000e+00
      vertex   1.495259e+02 -1.471328e+02 -5.990000e+00
      vertex   1.492412e+02 -1.471703e+02 -5.990000e+00
    endloop
  endfacet
  facet normal -0.000000e+00 0.000000e+00 -1.000000e+00
    outer loop
      vertex   1.492412e+02 -1.471703e+02 -5.990000e+00
      vertex   1.489759e+02 -1.472802e+02 -5.990000e+00
      vertex   1.523896e+02 -1.417196e+02 -5.990000e+00
    endloop
  endfacet
  facet normal 1.113819e-16 -6.837762e-17 -1.000000e+00
    outer loop
      vertex   1.523896e+02 -1.417196e+02 -5.990000e+00
      vertex   1.489759e+02 -1.472802e+02 -5.990000e+00
      vertex   1.473392e+02 -1.369570e+02 -5.990000e+00
    endloop
  endfacet
  facet normal 1.758630e-16 0.000000e+00 -1.000000e+00
    outer loop
      vertex   1.523896e+02 -1.417196e+02 -5.990000e+00
      vertex   1.473392e+02 -1.369570e+02 -5.990000e+00
      vertex   1.523896e+02 -1.277196e+02 -5.990000e+00
    endloop
  endfacet
  facet normal 1.758630e-16 0.000000e+00 -1.000000e+00
    outer loop
      vertex   1.523896e+02 -1.277196e+02 -5.990000e+00
      vertex   1.473392e+02 -1.369570e+02 -5.990000e+00
      vertex   1.473392e+02 -1.229570e+02 -5.990000e+00
    endloop
  endfacet
  facet normal 1.146396e-16 -6.492313e-17 -1.000000e+00
    outer loop
      vertex   1.523896e+02 -1.277196e+02 -5.990000e+00
      vertex   1.473392e+02 -1.229570e+02 -5.990000e+00
      vertex   1.548588e+02 -1.233596e+02 -5.990000e+00
    endloop
  endfacet
  facet normal 1.207944e-16 5.003469e-17 -1.000000e+00
    outer loop
      vertex   1.548588e+02 -1.233596e+02 -5.990000e+00
      vertex   1.473392e+02 -1.229570e+02 -5.990000e+00
      vertex   1.547489e+02 -1.230943e+02 -5.990000e+00
    endloop
  endfacet
  facet normal 1.201604e-16 1.581942e-17 -1.000000e+00
    outer loop
      vertex   1.547489e+02 -1.230943e+02 -5.990000e+00
      vertex   1.473392e+02 -1.229570e+02 -5.990000e+00
      vertex   1.547114e+02 -1.228096e+02 -5.990000e+00
    endloop
  endfacet
  facet normal 1.207947e-16 -1.590292e-17 -1.000000e+00
    outer loop
      vertex   1.547114e+02 -1.228096e+02 -5.990000e+00
      vertex   1.473392e+02 -1.229570e+02 -5.990000e+00
      vertex   1.547489e+02 -1.225249e+02 -5.990000e+00
    endloop
  endfacet
  facet normal 1.228344e-16 -5.087966e-17 -1.000000e+00
    outer loop
      vertex   1.547489e+02 -1.225249e+02 -5.990000e+00
      vertex   1.473392e+02 -1.229570e+02 -5.990000e+00
      vertex   1.548588e+02 -1.222596e+02 -5.990000e+00
    endloop
  endfacet
  facet normal 1.271653e-16 -9.757740e-17 -1.000000e+00
    outer loop
      vertex   1.548588e+02 -1.222596e+02 -5.990000e+00
      vertex   1.473392e+02 -1.229570e+02 -5.990000e+00
      vertex   1.550336e+02 -1.220318e+02 -5.990000e+00
    endloop
  endfacet
  facet normal 1.043179e-16 9.242862e-17 -1.000000e+00
    outer loop
      vertex   1.550336e+02 -1.220318e+02 -5.990000e+00
      vertex   1.473392e+02 -1.229570e+02 -5.990000e+00
      vertex   1.428644e+02 -1.179066e+02 -5.990000e+00
    endloop
  endfacet
  facet normal 6.344132e-17 -2.815619e-17 -1.000000e+00
    outer loop
      vertex   1.550336e+02 -1.220318e+02 -5.990000e+00
      vertex   1.428644e+02 -1.179066e+02 -5.990000e+00
      vertex   1.568644e+02 -1.179066e+02 -5.990000e+00
    endloop
  endfacet
  facet normal 5.885805e-17 -7.670530e-17 -1.000000e+00
    outer loop
      vertex   1.489759e+02 -1.472802e+02 -5.990000e+00
      vertex   1.487481e+02 -1.474550e+02 -5.990000e+00
      vertex   1.473392e+02 -1.369570e+02 -5.990000e+00
    endloop
  endfacet
  facet normal 6.344132e-17 -7.609019e-17 -1.000000e+00
    outer loop
      vertex   1.473392e+02 -1.369570e+02 -5.990000e+00
      vertex   1.487481e+02 -1.474550e+02 -5.990000e+00
      vertex   1.333392e+02 -1.369570e+02 -5.990000e+00
    endloop
  endfacet
  facet normal 7.570459e-17 -5.809018e-17 -1.000000e+00
    outer loop
      vertex   1.333392e+02 -1.369570e+02 -5.990000e+00
      vertex   1.487481e+02 -1.474550e+02 -5.990000e+00
      vertex   1.485733e+02 -1.476828e+02 -5.990000e+00
    endloop
  endfacet
  facet normal 9.027629e-17 -3.739366e-17 -1.000000e+00
    outer loop
      vertex   1.333392e+02 -1.369570e+02 -5.990000e+00
      vertex   1.485733e+02 -1.476828e+02 -5.990000e+00
      vertex   1.484634e+02 -1.479481e+02 -5.990000e+00
    endloop
  endfacet
  facet normal 2.854267e-16 -3.757714e-17 -1.000000e+00
    outer loop
      vertex   1.297680e+02 -5.185218e+01 -5.990000e+00
      vertex   1.297305e+02 -5.213688e+01 -5.990000e+00
      vertex   1.207900e+02 -4.913819e+01 -5.990000e+00
    endloop
  endfacet
  facet normal 3.117985e-16 4.104905e-17 -1.000000e+00
    outer loop
      vertex   1.207900e+02 -4.913819e+01 -5.990000e+00
      vertex   1.297305e+02 -5.213688e+01 -5.990000e+00
      vertex   1.297680e+02 -5.242158e+01 -5.990000e+00
    endloop
  endfacet
  facet normal 2.971899e-16 1.104115e-18 -1.000000e+00
    outer loop
      vertex   1.207900e+02 -4.913819e+01 -5.990000e+00
      vertex   1.297680e+02 -5.242158e+01 -5.990000e+00
      vertex   1.238140e+02 -5.866190e+01 -5.990000e+00
    endloop
  endfacet
  facet normal 2.080331e-16 8.617015e-17 -1.000000e+00
    outer loop
      vertex   1.238140e+02 -5.866190e+01 -5.990000e+00
      vertex   1.297680e+02 -5.242158e+01 -5.990000e+00
      vertex   1.298779e+02 -5.268688e+01 -5.990000e+00
    endloop
  endfacet
  facet normal 1.668148e-16 1.280015e-16 -1.000000e+00
    outer loop
      vertex   1.238140e+02 -5.866190e+01 -5.990000e+00
      vertex   1.298779e+02 -5.268688e+01 -5.990000e+00
      vertex   1.300527e+02 -5.291470e+01 -5.990000e+00
    endloop
  endfacet
  facet normal 1.293911e-16 1.686257e-16 -1.000000e+00
    outer loop
      vertex   1.300527e+02 -5.291470e+01 -5.990000e+00
      vertex   1.302805e+02 -5.308951e+01 -5.990000e+00
      vertex   1.238140e+02 -5.866190e+01 -5.990000e+00
    endloop
  endfacet
  facet normal 8.917702e-17 2.152924e-16 -1.000000e+00
    outer loop
      vertex   1.238140e+02 -5.866190e+01 -5.990000e+00
      vertex   1.302805e+02 -5.308951e+01 -5.990000e+00
      vertex   1.305458e+02 -5.319940e+01 -5.990000e+00
    endloop
  endfacet
  facet normal 3.683584e-17 2.797960e-16 -1.000000e+00
    outer loop
      vertex   1.238140e+02 -5.866190e+01 -5.990000e+00
      vertex   1.305458e+02 -5.319940e+01 -5.990000e+00
      vertex   1.308305e+02 -5.323688e+01 -5.990000e+00
    endloop
  endfacet
  facet normal 1.268826e-16 1.633329e-16 -1.000000e+00
    outer loop
      vertex   1.238140e+02 -5.866190e+01 -5.990000e+00
      vertex   1.308305e+02 -5.323688e+01 -5.990000e+00
      vertex   1.378140e+02 -5.866190e+01 -5.990000e+00
    endloop
  endfacet
  facet normal 0.000000e+00 0.000000e+00 -1.000000e+00
    outer loop
      vertex   1.378140e+02 -5.866190e+01 -5.990000e+00
      vertex   1.308305e+02 -5.323688e+01 -5.990000e+00
      vertex   1.311152e+02 -5.319940e+01 -5.990000e+00
    endloop
  endfacet
  facet normal 0.000000e+00 0.000000e+00 -1.000000e+00
    outer loop
      vertex   1.378140e+02 -5.866190e+01 -5.990000e+00
      vertex   1.311152e+02 -5.319940e+01 -5.990000e+00
      vertex   1.313805e+02 -5.308951e+01 -5.990000e+00
    endloop
  endfacet
  facet normal 0.000000e+00 0.000000e+00 -1.000000e+00
    outer loop
      vertex   1.313805e+02 -5.308951e+01 -5.990000e+00
      vertex   1.316083e+02 -5.291470e+01 -5.990000e+00
      vertex   1.378140e+02 -5.866190e+01 -5.990000e+00
    endloop
  endfacet
  facet normal 0.000000e+00 0.000000e+00 -1.000000e+00
    outer loop
      vertex   1.378140e+02 -5.866190e+01 -5.990000e+00
      vertex   1.316083e+02 -5.291470e+01 -5.990000e+00
      vertex   1.317831e+02 -5.268688e+01 -5.990000e+00
    endloop
  endfacet
  facet normal 0.000000e+00 0.000000e+00 -1.000000e+00
    outer loop
      vertex   1.378140e+02 -5.866190e+01 -5.990000e+00
      vertex   1.317831e+02 -5.268688e+01 -5.990000e+00
      vertex   1.318930e+02 -5.242158e+01 -5.990000e+00
    endloop
  endfacet
  facet normal 7.299927e-17 6.926357e-17 -1.000000e+00
    outer loop
      vertex   1.378140e+02 -5.866190e+01 -5.990000e+00
      vertex   1.318930e+02 -5.242158e+01 -5.990000e+00
      vertex   1.409421e+02 -4.913557e+01 -5.990000e+00
    endloop
  endfacet
  facet normal 1.030790e-16 -1.357061e-17 -1.000000e+00
    outer loop
      vertex   1.409421e+02 -4.913557e+01 -5.990000e+00
      vertex   1.318930e+02 -5.242158e+01 -5.990000e+00
      vertex   1.319305e+02 -5.213688e+01 -5.990000e+00
    endloop
  endfacet
  facet normal 9.441932e-17 1.243054e-17 -1.000000e+00
    outer loop
      vertex   1.409421e+02 -4.913557e+01 -5.990000e+00
      vertex   1.319305e+02 -5.213688e+01 -5.990000e+00
      vertex   1.318930e+02 -5.185218e+01 -5.990000e+00
    endloop
  endfacet
  facet normal 8.729581e-17 3.615911e-17 -1.000000e+00
    outer loop
      vertex   1.318930e+02 -5.185218e+01 -5.990000e+00
      vertex   1.317831e+02 -5.158688e+01 -5.990000e+00
      vertex   1.409421e+02 -4.913557e+01 -5.990000e+00
    endloop
  endfacet
  facet normal 8.045134e-17 6.173249e-17 -1.000000e+00
    outer loop
      vertex   1.409421e+02 -4.913557e+01 -5.990000e+00
      vertex   1.317831e+02 -5.158688e+01 -5.990000e+00
      vertex   1.316083e+02 -5.135907e+01 -5.990000e+00
    endloop
  endfacet
  facet normal 7.261395e-17 9.463234e-17 -1.000000e+00
    outer loop
      vertex   1.409421e+02 -4.913557e+01 -5.990000e+00
      vertex   1.316083e+02 -5.135907e+01 -5.990000e+00
      vertex   1.313805e+02 -5.118426e+01 -5.990000e+00
    endloop
  endfacet
  facet normal 6.122169e-17 1.478022e-16 -1.000000e+00
    outer loop
      vertex   1.313805e+02 -5.118426e+01 -5.990000e+00
      vertex   1.311152e+02 -5.107437e+01 -5.990000e+00
      vertex   1.409421e+02 -4.913557e+01 -5.990000e+00
    endloop
  endfacet
  facet normal 3.617315e-17 2.747624e-16 -1.000000e+00
    outer loop
      vertex   1.409421e+02 -4.913557e+01 -5.990000e+00
      vertex   1.311152e+02 -5.107437e+01 -5.990000e+00
      vertex   1.308305e+02 -5.103688e+01 -5.990000e+00
    endloop
  endfacet
  facet normal 1.763561e-16 -4.707623e-16 -1.000000e+00
    outer loop
      vertex   1.409421e+02 -4.913557e+01 -5.990000e+00
      vertex   1.308305e+02 -5.103688e+01 -5.990000e+00
      vertex   1.207900e+02 -4.913819e+01 -5.990000e+00
    endloop
  endfacet
  facet normal 1.089232e-16 -8.273540e-16 -1.000000e+00
    outer loop
      vertex   1.207900e+02 -4.913819e+01 -5.990000e+00
      vertex   1.308305e+02 -5.103688e+01 -5.990000e+00
      vertex   1.305458e+02 -5.107437e+01 -5.990000e+00
    endloop
  endfacet
  facet normal 1.846508e-16 -4.457866e-16 -1.000000e+00
    outer loop
      vertex   1.207900e+02 -4.913819e+01 -5.990000e+00
      vertex   1.305458e+02 -5.107437e+01 -5.990000e+00
      vertex   1.302805e+02 -5.118426e+01 -5.990000e+00
    endloop
  endfacet
  facet normal 2.191776e-16 -2.856378e-16 -1.000000e+00
    outer loop
      vertex   1.302805e+02 -5.118426e+01 -5.990000e+00
      vertex   1.300527e+02 -5.135907e+01 -5.990000e+00
      vertex   1.207900e+02 -4.913819e+01 -5.990000e+00
    endloop
  endfacet
  facet normal 2.429637e-16 -1.864326e-16 -1.000000e+00
    outer loop
      vertex   1.207900e+02 -4.913819e+01 -5.990000e+00
      vertex   1.300527e+02 -5.135907e+01 -5.990000e+00
      vertex   1.298779e+02 -5.158688e+01 -5.990000e+00
    endloop
  endfacet
  facet normal 2.637595e-16 -1.092528e-16 -1.000000e+00
    outer loop
      vertex   1.207900e+02 -4.913819e+01 -5.990000e+00
      vertex   1.298779e+02 -5.158688e+01 -5.990000e+00
      vertex   1.297680e+02 -5.185218e+01 -5.990000e+00
    endloop
  endfacet
  facet normal -1.914053e-15 -4.037582e-15 -1.000000e+00
    outer loop
      vertex   2.005705e+02 -1.681711e+02 -5.990000e+00
      vertex   2.005159e+02 -1.685852e+02 -5.990000e+00
      vertex   1.676584e+02 -1.516889e+02 -5.990000e+00
    endloop
  endfacet
  facet normal 2.539961e-15 4.623965e-15 -1.000000e+00
    outer loop
      vertex   1.676584e+02 -1.516889e+02 -5.990000e+00
      vertex   2.005159e+02 -1.685852e+02 -5.990000e+00
      vertex   2.005705e+02 -1.689993e+02 -5.990000e+00
    endloop
  endfacet
  facet normal 1.105575e-16 4.966151e-18 -1.000000e+00
    outer loop
      vertex   1.676584e+02 -1.516889e+02 -5.990000e+00
      vertex   2.005705e+02 -1.689993e+02 -5.990000e+00
      vertex   2.007052e+02 -1.719982e+02 -5.990000e+00
    endloop
  endfacet
  facet normal 0.000000e+00 0.000000e+00 -1.000000e+00
    outer loop
      vertex   2.007052e+02 -1.719982e+02 -5.990000e+00
      vertex   2.005705e+02 -1.689993e+02 -5.990000e+00
      vertex   2.007303e+02 -1.693852e+02 -5.990000e+00
    endloop
  endfacet
  facet normal 0.000000e+00 0.000000e+00 -1.000000e+00
    outer loop
      vertex   2.007052e+02 -1.719982e+02 -5.990000e+00
      vertex   2.007303e+02 -1.693852e+02 -5.990000e+00
      vertex   2.009846e+02 -1.697166e+02 -5.990000e+00
    endloop
  endfacet
  facet normal 0.000000e+00 -0.000000e+00 -1.000000e+00
    outer loop
      vertex   2.009846e+02 -1.697166e+02 -5.990000e+00
      vertex   2.013159e+02 -1.699708e+02 -5.990000e+00
      vertex   2.007052e+02 -1.719982e+02 -5.990000e+00
    endloop
  endfacet
  facet normal 0.000000e+00 0.000000e+00 -1.000000e+00
    outer loop
      vertex   2.007052e+02 -1.719982e+02 -5.990000e+00
      vertex   2.013159e+02 -1.699708e+02 -5.990000e+00
      vertex   2.017018e+02 -1.701307e+02 -5.990000e+00
    endloop
  endfacet
  facet normal 0.000000e+00 0.000000e+00 -1.000000e+00
    outer loop
      vertex   2.007052e+02 -1.719982e+02 -5.990000e+00
      vertex   2.017018e+02 -1.701307e+02 -5.990000e+00
      vertex   2.021159e+02 -1.701852e+02 -5.990000e+00
    endloop
  endfacet
  facet normal 0.000000e+00 -0.000000e+00 -1.000000e+00
    outer loop
      vertex   2.025301e+02 -1.701307e+02 -5.990000e+00
      vertex   2.035259e+02 -1.721695e+02 -5.990000e+00
      vertex   2.021159e+02 -1.701852e+02 -5.990000e+00
    endloop
  endfacet
  facet normal 0.000000e+00 0.000000e+00 -1.000000e+00
    outer loop
      vertex   2.021159e+02 -1.701852e+02 -5.990000e+00
      vertex   2.035259e+02 -1.721695e+02 -5.990000e+00
      vertex   2.028264e+02 -1.723913e+02 -5.990000e+00
    endloop
  endfacet
  facet normal 0.000000e+00 -0.000000e+00 -1.000000e+00
    outer loop
      vertex   2.021159e+02 -1.701852e+02 -5.990000e+00
      vertex   2.028264e+02 -1.723913e+02 -5.990000e+00
      vertex   2.020941e+02 -1.724368e+02 -5.990000e+00
    endloop
  endfacet
  facet normal 3.656652e-16 -8.827939e-16 -1.000000e+00
    outer loop
      vertex   2.029159e+02 -1.699708e+02 -5.990000e+00
      vertex   2.046630e+02 -1.712594e+02 -5.990000e+00
      vertex   2.025301e+02 -1.701307e+02 -5.990000e+00
    endloop
  endfacet
  facet normal 1.729604e-15 1.694720e-15 -1.000000e+00
    outer loop
      vertex   2.025301e+02 -1.701307e+02 -5.990000e+00
      vertex   2.046630e+02 -1.712594e+02 -5.990000e+00
      vertex   2.041505e+02 -1.717845e+02 -5.990000e+00
    endloop
  endfacet
  facet normal 0.000000e+00 0.000000e+00 -1.000000e+00
    outer loop
      vertex   2.025301e+02 -1.701307e+02 -5.990000e+00
      vertex   2.041505e+02 -1.717845e+02 -5.990000e+00
      vertex   2.035259e+02 -1.721695e+02 -5.990000e+00
    endloop
  endfacet
  facet normal 5.184433e-16 -6.756485e-16 -1.000000e+00
    outer loop
      vertex   2.029159e+02 -1.699708e+02 -5.990000e+00
      vertex   2.032473e+02 -1.697166e+02 -5.990000e+00
      vertex   2.046630e+02 -1.712594e+02 -5.990000e+00
    endloop
  endfacet
  facet normal 6.833350e-16 -5.243414e-16 -1.000000e+00
    outer loop
      vertex   2.046630e+02 -1.712594e+02 -5.990000e+00
      vertex   2.032473e+02 -1.697166e+02 -5.990000e+00
      vertex   2.035016e+02 -1.693852e+02 -5.990000e+00
    endloop
  endfacet
  facet normal 9.167144e-16 -3.797155e-16 -1.000000e+00
    outer loop
      vertex   2.046630e+02 -1.712594e+02 -5.990000e+00
      vertex   2.035016e+02 -1.693852e+02 -5.990000e+00
      vertex   2.036614e+02 -1.689993e+02 -5.990000e+00
    endloop
  endfacet
  facet normal 1.367337e-15 -1.800133e-16 -1.000000e+00
    outer loop
      vertex   2.036614e+02 -1.689993e+02 -5.990000e+00
      vertex   2.037159e+02 -1.685852e+02 -5.990000e+00
      vertex   2.046630e+02 -1.712594e+02 -5.990000e+00
    endloop
  endfacet
  facet normal 2.985415e-15 3.930374e-16 -1.000000e+00
    outer loop
      vertex   2.046630e+02 -1.712594e+02 -5.990000e+00
      vertex   2.037159e+02 -1.685852e+02 -5.990000e+00
      vertex   2.036614e+02 -1.681711e+02 -5.990000e+00
    endloop
  endfacet
  facet normal 5.870114e-16 -3.848121e-16 -1.000000e+00
    outer loop
      vertex   2.046630e+02 -1.712594e+02 -5.990000e+00
      vertex   2.036614e+02 -1.681711e+02 -5.990000e+00
      vertex   2.264609e+02 -1.426239e+02 -5.990000e+00
    endloop
  endfacet
  facet normal 1.544317e-16 1.242642e-18 -1.000000e+00
    outer loop
      vertex   2.264609e+02 -1.426239e+02 -5.990000e+00
      vertex   2.036614e+02 -1.681711e+02 -5.990000e+00
      vertex   2.035713e+02 -1.569767e+02 -5.990000e+00
    endloop
  endfacet
  facet normal 1.056227e-16 7.908250e-17 -1.000000e+00
    outer loop
      vertex   2.264609e+02 -1.426239e+02 -5.990000e+00
      vertex   2.035713e+02 -1.569767e+02 -5.990000e+00
      vertex   2.120455e+02 -1.458326e+02 -5.990000e+00
    endloop
  endfacet
  facet normal 0.000000e+00 0.000000e+00 -1.000000e+00
    outer loop
      vertex   2.036614e+02 -1.681711e+02 -5.990000e+00
      vertex   2.035016e+02 -1.677852e+02 -5.990000e+00
      vertex   2.035713e+02 -1.569767e+02 -5.990000e+00
    endloop
  endfacet
  facet normal 0.000000e+00 0.000000e+00 -1.000000e+00
    outer loop
      vertex   2.035713e+02 -1.569767e+02 -5.990000e+00
      vertex   2.035016e+02 -1.677852e+02 -5.990000e+00
      vertex   2.032473e+02 -1.674538e+02 -5.990000e+00
    endloop
  endfacet
  facet normal 0.000000e+00 0.000000e+00 -1.000000e+00
    outer loop
      vertex   2.035713e+02 -1.569767e+02 -5.990000e+00
      vertex   2.032473e+02 -1.674538e+02 -5.990000e+00
      vertex   2.029159e+02 -1.671996e+02 -5.990000e+00
    endloop
  endfacet
  facet normal 0.000000e+00 0.000000e+00 -1.000000e+00
    outer loop
      vertex   2.029159e+02 -1.671996e+02 -5.990000e+00
      vertex   2.025301e+02 -1.670397e+02 -5.990000e+00
      vertex   2.035713e+02 -1.569767e+02 -5.990000e+00
    endloop
  endfacet
  facet normal 0.000000e+00 0.000000e+00 -1.000000e+00
    outer loop
      vertex   2.035713e+02 -1.569767e+02 -5.990000e+00
      vertex   2.025301e+02 -1.670397e+02 -5.990000e+00
      vertex   2.021159e+02 -1.669852e+02 -5.990000e+00
    endloop
  endfacet
  facet normal 0.000000e+00 0.000000e+00 -1.000000e+00
    outer loop
      vertex   2.035713e+02 -1.569767e+02 -5.990000e+00
      vertex   2.021159e+02 -1.669852e+02 -5.990000e+00
      vertex   2.017018e+02 -1.670397e+02 -5.990000e+00
    endloop
  endfacet
  facet normal -0.000000e+00 0.000000e+00 -1.000000e+00
    outer loop
      vertex   2.017018e+02 -1.670397e+02 -5.990000e+00
      vertex   2.013159e+02 -1.671996e+02 -5.990000e+00
      vertex   2.035713e+02 -1.569767e+02 -5.990000e+00
    endloop
  endfacet
  facet normal 0.000000e+00 0.000000e+00 -1.000000e+00
    outer loop
      vertex   2.035713e+02 -1.569767e+02 -5.990000e+00
      vertex   2.013159e+02 -1.671996e+02 -5.990000e+00
      vertex   2.009846e+02 -1.674538e+02 -5.990000e+00
    endloop
  endfacet
  facet normal 6.710191e-17 -1.656725e-17 -1.000000e+00
    outer loop
      vertex   2.035713e+02 -1.569767e+02 -5.990000e+00
      vertex   2.009846e+02 -1.674538e+02 -5.990000e+00
      vertex   1.924273e+02 -1.485026e+02 -5.990000e+00
    endloop
  endfacet
  facet normal 3.845083e-17 -2.950436e-17 -1.000000e+00
    outer loop
      vertex   1.924273e+02 -1.485026e+02 -5.990000e+00
      vertex   2.009846e+02 -1.674538e+02 -5.990000e+00
      vertex   2.007303e+02 -1.677852e+02 -5.990000e+00
    endloop
  endfacet
  facet normal 1.075439e-16 2.466704e-19 -1.000000e+00
    outer loop
      vertex   1.924273e+02 -1.485026e+02 -5.990000e+00
      vertex   2.007303e+02 -1.677852e+02 -5.990000e+00
      vertex   1.676584e+02 -1.516889e+02 -5.990000e+00
    endloop
  endfacet
  facet normal 8.940062e-17 -3.703095e-17 -1.000000e+00
    outer loop
      vertex   1.676584e+02 -1.516889e+02 -5.990000e+00
      vertex   2.007303e+02 -1.677852e+02 -5.990000e+00
      vertex   2.005705e+02 -1.681711e+02 -5.990000e+00
    endloop
  endfacet
  facet normal 8.866221e-16 -4.406298e-15 -1.000000e+00
    outer loop
      vertex   2.009028e+02 -6.428655e+01 -5.990000e+00
      vertex   2.008483e+02 -6.470066e+01 -5.990000e+00
      vertex   1.960118e+02 -6.527069e+01 -5.990000e+00
    endloop
  endfacet
  facet normal -1.361829e-16 4.271644e-15 -1.000000e+00
    outer loop
      vertex   1.960118e+02 -6.527069e+01 -5.990000e+00
      vertex   2.008483e+02 -6.470066e+01 -5.990000e+00
      vertex   2.009028e+02 -6.511477e+01 -5.990000e+00
    endloop
  endfacet
  facet normal 0.000000e+00 0.000000e+00 -1.000000e+00
    outer loop
      vertex   1.960118e+02 -6.527069e+01 -5.990000e+00
      vertex   2.009028e+02 -6.511477e+01 -5.990000e+00
      vertex   2.010626e+02 -6.550066e+01 -5.990000e+00
    endloop
  endfacet
  facet normal -0.000000e+00 0.000000e+00 -1.000000e+00
    outer loop
      vertex   2.013169e+02 -6.583203e+01 -5.990000e+00
      vertex   1.976414e+02 -6.773555e+01 -5.990000e+00
      vertex   2.010626e+02 -6.550066e+01 -5.990000e+00
    endloop
  endfacet
  facet normal 0.000000e+00 0.000000e+00 -1.000000e+00
    outer loop
      vertex   2.010626e+02 -6.550066e+01 -5.990000e+00
      vertex   1.976414e+02 -6.773555e+01 -5.990000e+00
      vertex   1.971590e+02 -6.753575e+01 -5.990000e+00
    endloop
  endfacet
  facet normal -0.000000e+00 0.000000e+00 -1.000000e+00
    outer loop
      vertex   2.010626e+02 -6.550066e+01 -5.990000e+00
      vertex   1.971590e+02 -6.753575e+01 -5.990000e+00
      vertex   1.960118e+02 -6.527069e+01 -5.990000e+00
    endloop
  endfacet
  facet normal 0.000000e+00 0.000000e+00 -1.000000e+00
    outer loop
      vertex   1.960118e+02 -6.527069e+01 -5.990000e+00
      vertex   1.971590e+02 -6.753575e+01 -5.990000e+00
      vertex   1.966414e+02 -6.746760e+01 -5.990000e+00
    endloop
  endfacet
  facet normal 3.689426e-16 1.057278e-16 -1.000000e+00
    outer loop
      vertex   1.960118e+02 -6.527069e+01 -5.990000e+00
      vertex   1.966414e+02 -6.746760e+01 -5.990000e+00
      vertex   1.940907e+02 -6.696760e+01 -5.990000e+00
    endloop
  endfacet
  facet normal 4.331212e-16 4.331211e-16 -1.000000e+00
    outer loop
      vertex   1.940907e+02 -6.696760e+01 -5.990000e+00
      vertex   1.966414e+02 -6.746760e+01 -5.990000e+00
      vertex   1.945907e+02 -6.746760e+01 -5.990000e+00
    endloop
  endfacet
  facet normal 0.000000e+00 0.000000e+00 -1.000000e+00
    outer loop
      vertex   1.940907e+02 -6.696760e+01 -5.990000e+00
      vertex   1.945907e+02 -6.746760e+01 -5.990000e+00
      vertex   1.941077e+02 -6.709701e+01 -5.990000e+00
    endloop
  endfacet
  facet normal 0.000000e+00 0.000000e+00 -1.000000e+00
    outer loop
      vertex   1.941077e+02 -6.709701e+01 -5.990000e+00
      vertex   1.945907e+02 -6.746760e+01 -5.990000e+00
      vertex   1.941577e+02 -6.721760e+01 -5.990000e+00
    endloop
  endfacet
  facet normal 0.000000e+00 0.000000e+00 -1.000000e+00
    outer loop
      vertex   1.941577e+02 -6.721760e+01 -5.990000e+00
      vertex   1.945907e+02 -6.746760e+01 -5.990000e+00
      vertex   1.942372e+02 -6.732115e+01 -5.990000e+00
    endloop
  endfacet
  facet normal 0.000000e+00 0.000000e+00 -1.000000e+00
    outer loop
      vertex   1.942372e+02 -6.732115e+01 -5.990000e+00
      vertex   1.945907e+02 -6.746760e+01 -5.990000e+00
      vertex   1.943407e+02 -6.740061e+01 -5.990000e+00
    endloop
  endfacet
  facet normal 0.000000e+00 0.000000e+00 -1.000000e+00
    outer loop
      vertex   1.943407e+02 -6.740061e+01 -5.990000e+00
      vertex   1.945907e+02 -6.746760e+01 -5.990000e+00
      vertex   1.944613e+02 -6.745056e+01 -5.990000e+00
    endloop
  endfacet
  facet normal 0.000000e+00 0.000000e+00 -1.000000e+00
    outer loop
      vertex   1.976414e+02 -6.773555e+01 -5.990000e+00
      vertex   2.013169e+02 -6.583203e+01 -5.990000e+00
      vertex   1.980556e+02 -6.805338e+01 -5.990000e+00
    endloop
  endfacet
  facet normal 0.000000e+00 0.000000e+00 -1.000000e+00
    outer loop
      vertex   1.980556e+02 -6.805338e+01 -5.990000e+00
      vertex   2.013169e+02 -6.583203e+01 -5.990000e+00
      vertex   2.016483e+02 -6.608630e+01 -5.990000e+00
    endloop
  endfacet
  facet normal 0.000000e+00 0.000000e+00 -1.000000e+00
    outer loop
      vertex   1.980556e+02 -6.805338e+01 -5.990000e+00
      vertex   2.016483e+02 -6.608630e+01 -5.990000e+00
      vertex   1.983734e+02 -6.846760e+01 -5.990000e+00
    endloop
  endfacet
  facet normal 0.000000e+00 0.000000e+00 -1.000000e+00
    outer loop
      vertex   1.983734e+02 -6.846760e+01 -5.990000e+00
      vertex   2.016483e+02 -6.608630e+01 -5.990000e+00
      vertex   2.020341e+02 -6.624614e+01 -5.990000e+00
    endloop
  endfacet
  facet normal 0.000000e+00 0.000000e+00 -1.000000e+00
    outer loop
      vertex   1.983734e+02 -6.846760e+01 -5.990000e+00
      vertex   2.020341e+02 -6.624614e+01 -5.990000e+00
      vertex   1.985732e+02 -6.894996e+01 -5.990000e+00
    endloop
  endfacet
  facet normal 0.000000e+00 0.000000e+00 -1.000000e+00
    outer loop
      vertex   1.985732e+02 -6.894996e+01 -5.990000e+00
      vertex   2.020341e+02 -6.624614e+01 -5.990000e+00
      vertex   2.024483e+02 -6.630066e+01 -5.990000e+00
    endloop
  endfacet
  facet normal 0.000000e+00 0.000000e+00 -1.000000e+00
    outer loop
      vertex   1.985732e+02 -6.894996e+01 -5.990000e+00
      vertex   2.024483e+02 -6.630066e+01 -5.990000e+00
      vertex   1.986414e+02 -6.946760e+01 -5.990000e+00
    endloop
  endfacet
  facet normal 0.000000e+00 0.000000e+00 -1.000000e+00
    outer loop
      vertex   1.986414e+02 -6.946760e+01 -5.990000e+00
      vertex   2.024483e+02 -6.630066e+01 -5.990000e+00
      vertex   2.028624e+02 -6.624614e+01 -5.990000e+00
    endloop
  endfacet
  facet normal 0.000000e+00 0.000000e+00 -1.000000e+00
    outer loop
      vertex   1.986414e+02 -6.946760e+01 -5.990000e+00
      vertex   2.028624e+02 -6.624614e+01 -5.990000e+00
      vertex   2.032483e+02 -6.608630e+01 -5.990000e+00
    endloop
  endfacet
  facet normal 0.000000e+00 0.000000e+00 -1.000000e+00
    outer loop
      vertex   1.986414e+02 -6.946760e+01 -5.990000e+00
      vertex   2.032483e+02 -6.608630e+01 -5.990000e+00
      vertex   1.986414e+02 -8.999363e+01 -5.990000e+00
    endloop
  endfacet
  facet normal 0.000000e+00 0.000000e+00 -1.000000e+00
    outer loop
      vertex   1.986414e+02 -8.999363e+01 -5.990000e+00
      vertex   2.032483e+02 -6.608630e+01 -5.990000e+00
      vertex   2.035796e+02 -6.583203e+01 -5.990000e+00
    endloop
  endfacet
  facet normal 7.994828e-16 -1.634023e-16 -1.000000e+00
    outer loop
      vertex   1.986414e+02 -8.999363e+01 -5.990000e+00
      vertex   2.035796e+02 -6.583203e+01 -5.990000e+00
      vertex   2.061820e+02 -6.397040e+01 -5.990000e+00
    endloop
  endfacet
  facet normal 1.513218e-15 -1.161133e-15 -1.000000e+00
    outer loop
      vertex   2.061820e+02 -6.397040e+01 -5.990000e+00
      vertex   2.035796e+02 -6.583203e+01 -5.990000e+00
      vertex   2.038339e+02 -6.550066e+01 -5.990000e+00
    endloop
  endfacet
  facet normal 1.036231e-15 -4.292209e-16 -1.000000e+00
    outer loop
      vertex   2.061820e+02 -6.397040e+01 -5.990000e+00
      vertex   2.038339e+02 -6.550066e+01 -5.990000e+00
      vertex   2.039937e+02 -6.511477e+01 -5.990000e+00
    endloop
  endfacet
  facet normal 8.717879e-16 -1.147731e-16 -1.000000e+00
    outer loop
      vertex   2.039937e+02 -6.511477e+01 -5.990000e+00
      vertex   2.040483e+02 -6.470066e+01 -5.990000e+00
      vertex   2.061820e+02 -6.397040e+01 -5.990000e+00
    endloop
  endfacet
  facet normal 7.966146e-16 1.048763e-16 -1.000000e+00
    outer loop
      vertex   2.061820e+02 -6.397040e+01 -5.990000e+00
      vertex   2.040483e+02 -6.470066e+01 -5.990000e+00
      vertex   2.039937e+02 -6.428655e+01 -5.990000e+00
    endloop
  endfacet
  facet normal 7.659308e-16 3.172589e-16 -1.000000e+00
    outer loop
      vertex   2.061820e+02 -6.397040e+01 -5.990000e+00
      vertex   2.039937e+02 -6.428655e+01 -5.990000e+00
      vertex   2.038339e+02 -6.390066e+01 -5.990000e+00
    endloop
  endfacet
  facet normal 6.797841e-16 -2.583129e-15 -1.000000e+00
    outer loop
      vertex   2.061820e+02 -6.397040e+01 -5.990000e+00
      vertex   2.038339e+02 -6.390066e+01 -5.990000e+00
      vertex   2.061073e+02 -6.330238e+01 -5.990000e+00
    endloop
  endfacet
  facet normal 0.000000e+00 0.000000e+00 -1.000000e+00
    outer loop
      vertex   2.061073e+02 -6.330238e+01 -5.990000e+00
      vertex   2.038339e+02 -6.390066e+01 -5.990000e+00
      vertex   2.035796e+02 -6.356929e+01 -5.990000e+00
    endloop
  endfacet
  facet normal -0.000000e+00 0.000000e+00 -1.000000e+00
    outer loop
      vertex   2.061073e+02 -6.330238e+01 -5.990000e+00
      vertex   2.035796e+02 -6.356929e+01 -5.990000e+00
      vertex   2.058858e+02 -6.266775e+01 -5.990000e+00
    endloop
  endfacet
  facet normal -0.000000e+00 0.000000e+00 -1.000000e+00
    outer loop
      vertex   2.058858e+02 -6.266775e+01 -5.990000e+00
      vertex   2.035796e+02 -6.356929e+01 -5.990000e+00
      vertex   2.055285e+02 -6.209838e+01 -5.990000e+00
    endloop
  endfacet
  facet normal 0.000000e+00 0.000000e+00 -1.000000e+00
    outer loop
      vertex   2.055285e+02 -6.209838e+01 -5.990000e+00
      vertex   2.035796e+02 -6.356929e+01 -5.990000e+00
      vertex   2.032483e+02 -6.331502e+01 -5.990000e+00
    endloop
  endfacet
  facet normal -0.000000e+00 0.000000e+00 -1.000000e+00
    outer loop
      vertex   2.055285e+02 -6.209838e+01 -5.990000e+00
      vertex   2.032483e+02 -6.331502e+01 -5.990000e+00
      vertex   2.050534e+02 -6.162285e+01 -5.990000e+00
    endloop
  endfacet
  facet normal 0.000000e+00 0.000000e+00 -1.000000e+00
    outer loop
      vertex   2.050534e+02 -6.162285e+01 -5.990000e+00
      vertex   2.032483e+02 -6.331502e+01 -5.990000e+00
      vertex   2.028624e+02 -6.315517e+01 -5.990000e+00
    endloop
  endfacet
  facet normal -0.000000e+00 0.000000e+00 -1.000000e+00
    outer loop
      vertex   2.050534e+02 -6.162285e+01 -5.990000e+00
      vertex   2.028624e+02 -6.315517e+01 -5.990000e+00
      vertex   2.044844e+02 -6.126504e+01 -5.990000e+00
    endloop
  endfacet
  facet normal -0.000000e+00 0.000000e+00 -1.000000e+00
    outer loop
      vertex   2.044844e+02 -6.126504e+01 -5.990000e+00
      vertex   2.028624e+02 -6.315517e+01 -5.990000e+00
      vertex   2.038499e+02 -6.104290e+01 -5.990000e+00
    endloop
  endfacet
  facet normal -0.000000e+00 0.000000e+00 -1.000000e+00
    outer loop
      vertex   2.038499e+02 -6.104290e+01 -5.990000e+00
      vertex   2.028624e+02 -6.315517e+01 -5.990000e+00
      vertex   2.031820e+02 -6.096760e+01 -5.990000e+00
    endloop
  endfacet
  facet normal 0.000000e+00 0.000000e+00 -1.000000e+00
    outer loop
      vertex   2.031820e+02 -6.096760e+01 -5.990000e+00
      vertex   2.028624e+02 -6.315517e+01 -5.990000e+00
      vertex   2.024483e+02 -6.310066e+01 -5.990000e+00
    endloop
  endfacet
  facet normal 0.000000e+00 0.000000e+00 -1.000000e+00
    outer loop
      vertex   2.031820e+02 -6.096760e+01 -5.990000e+00
      vertex   2.024483e+02 -6.310066e+01 -5.990000e+00
      vertex   2.020341e+02 -6.315517e+01 -5.990000e+00
    endloop
  endfacet
  facet normal -0.000000e+00 0.000000e+00 -1.000000e+00
    outer loop
      vertex   2.020341e+02 -6.315517e+01 -5.990000e+00
      vertex   2.016483e+02 -6.331502e+01 -5.990000e+00
      vertex   2.031820e+02 -6.096760e+01 -5.990000e+00
    endloop
  endfacet
  facet normal 0.000000e+00 0.000000e+00 -1.000000e+00
    outer loop
      vertex   2.031820e+02 -6.096760e+01 -5.990000e+00
      vertex   2.016483e+02 -6.331502e+01 -5.990000e+00
      vertex   1.965119e+02 -6.096760e+01 -5.990000e+00
    endloop
  endfacet
  facet normal 0.000000e+00 0.000000e+00 -1.000000e+00
    outer loop
      vertex   1.965119e+02 -6.096760e+01 -5.990000e+00
      vertex   2.016483e+02 -6.331502e+01 -5.990000e+00
      vertex   2.013169e+02 -6.356929e+01 -5.990000e+00
    endloop
  endfacet
  facet normal 0.000000e+00 -0.000000e+00 -1.000000e+00
    outer loop
      vertex   1.965119e+02 -6.096760e+01 -5.990000e+00
      vertex   2.013169e+02 -6.356929e+01 -5.990000e+00
      vertex   1.960118e+02 -6.146760e+01 -5.990000e+00
    endloop
  endfacet
  facet normal 0.000000e+00 0.000000e+00 -1.000000e+00
    outer loop
      vertex   1.960118e+02 -6.146760e+01 -5.990000e+00
      vertex   2.013169e+02 -6.356929e+01 -5.990000e+00
      vertex   2.010626e+02 -6.390066e+01 -5.990000e+00
    endloop
  endfacet
  facet normal 0.000000e+00 0.000000e+00 -1.000000e+00
    outer loop
      vertex   1.960118e+02 -6.146760e+01 -5.990000e+00
      vertex   2.010626e+02 -6.390066e+01 -5.990000e+00
      vertex   1.960118e+02 -6.527069e+01 -5.990000e+00
    endloop
  endfacet
  facet normal 0.000000e+00 0.000000e+00 -1.000000e+00
    outer loop
      vertex   1.960118e+02 -6.527069e+01 -5.990000e+00
      vertex   2.010626e+02 -6.390066e+01 -5.990000e+00
      vertex   2.009028e+02 -6.428655e+01 -5.990000e+00
    endloop
  endfacet
  facet normal 1.922115e-15 -2.397837e-15 -1.000000e+00
    outer loop
      vertex   5.915990e+01 -1.296215e+02 -5.990000e+00
      vertex   5.910539e+01 -1.300356e+02 -5.990000e+00
      vertex   5.713759e+01 -1.305018e+02 -5.990000e+00
    endloop
  endfacet
  facet normal 8.203932e-16 2.252793e-15 -1.000000e+00
    outer loop
      vertex   5.713759e+01 -1.305018e+02 -5.990000e+00
      vertex   5.910539e+01 -1.300356e+02 -5.990000e+00
      vertex   5.915990e+01 -1.304497e+02 -5.990000e+00
    endloop
  endfacet
  facet normal 9.426873e-16 -2.498352e-15 -1.000000e+00
    outer loop
      vertex   5.713759e+01 -1.305018e+02 -5.990000e+00
      vertex   5.915990e+01 -1.304497e+02 -5.990000e+00
      vertex   5.721601e+01 -1.311832e+02 -5.990000e+00
    endloop
  endfacet
  facet normal 0.000000e+00 0.000000e+00 -1.000000e+00
    outer loop
      vertex   5.721601e+01 -1.311832e+02 -5.990000e+00
      vertex   5.915990e+01 -1.304497e+02 -5.990000e+00
      vertex   5.931974e+01 -1.308356e+02 -5.990000e+00
    endloop
  endfacet
  facet normal 0.000000e+00 0.000000e+00 -1.000000e+00
    outer loop
      vertex   5.721601e+01 -1.311832e+02 -5.990000e+00
      vertex   5.931974e+01 -1.308356e+02 -5.990000e+00
      vertex   5.744715e+01 -1.318290e+02 -5.990000e+00
    endloop
  endfacet
  facet normal 0.000000e+00 0.000000e+00 -1.000000e+00
    outer loop
      vertex   5.744715e+01 -1.318290e+02 -5.990000e+00
      vertex   5.931974e+01 -1.308356e+02 -5.990000e+00
      vertex   5.957401e+01 -1.311670e+02 -5.990000e+00
    endloop
  endfacet
  facet normal 0.000000e+00 0.000000e+00 -1.000000e+00
    outer loop
      vertex   5.744715e+01 -1.318290e+02 -5.990000e+00
      vertex   5.957401e+01 -1.311670e+02 -5.990000e+00
      vertex   5.781894e+01 -1.324054e+02 -5.990000e+00
    endloop
  endfacet
  facet normal 0.000000e+00 0.000000e+00 -1.000000e+00
    outer loop
      vertex   5.781894e+01 -1.324054e+02 -5.990000e+00
      vertex   5.957401e+01 -1.311670e+02 -5.990000e+00
      vertex   5.990539e+01 -1.314213e+02 -5.990000e+00
    endloop
  endfacet
  facet normal 0.000000e+00 0.000000e+00 -1.000000e+00
    outer loop
      vertex   5.781894e+01 -1.324054e+02 -5.990000e+00
      vertex   5.990539e+01 -1.314213e+02 -5.990000e+00
      vertex   5.831194e+01 -1.328823e+02 -5.990000e+00
    endloop
  endfacet
  facet normal 0.000000e+00 0.000000e+00 -1.000000e+00
    outer loop
      vertex   5.831194e+01 -1.328823e+02 -5.990000e+00
      vertex   5.990539e+01 -1.314213e+02 -5.990000e+00
      vertex   5.890038e+01 -1.332348e+02 -5.990000e+00
    endloop
  endfacet
  facet normal 0.000000e+00 0.000000e+00 -1.000000e+00
    outer loop
      vertex   5.890038e+01 -1.332348e+02 -5.990000e+00
      vertex   5.990539e+01 -1.314213e+02 -5.990000e+00
      vertex   6.029127e+01 -1.315811e+02 -5.990000e+00
    endloop
  endfacet
  facet normal 0.000000e+00 0.000000e+00 -1.000000e+00
    outer loop
      vertex   5.890038e+01 -1.332348e+02 -5.990000e+00
      vertex   6.029127e+01 -1.315811e+02 -5.990000e+00
      vertex   5.955350e+01 -1.334444e+02 -5.990000e+00
    endloop
  endfacet
  facet normal 0.000000e+00 0.000000e+00 -1.000000e+00
    outer loop
      vertex   5.955350e+01 -1.334444e+02 -5.990000e+00
      vertex   6.029127e+01 -1.315811e+02 -5.990000e+00
      vertex   6.070539e+01 -1.316356e+02 -5.990000e+00
    endloop
  endfacet
  facet normal 0.000000e+00 0.000000e+00 -1.000000e+00
    outer loop
      vertex   5.955350e+01 -1.334444e+02 -5.990000e+00
      vertex   6.070539e+01 -1.316356e+02 -5.990000e+00
      vertex   6.111950e+01 -1.315811e+02 -5.990000e+00
    endloop
  endfacet
  facet normal 0.000000e+00 -0.000000e+00 -1.000000e+00
    outer loop
      vertex   6.111950e+01 -1.315811e+02 -5.990000e+00
      vertex   6.150539e+01 -1.314213e+02 -5.990000e+00
      vertex   5.955350e+01 -1.334444e+02 -5.990000e+00
    endloop
  endfacet
  facet normal 0.000000e+00 0.000000e+00 -1.000000e+00
    outer loop
      vertex   5.955350e+01 -1.334444e+02 -5.990000e+00
      vertex   6.150539e+01 -1.314213e+02 -5.990000e+00
      vertex   6.183676e+01 -1.311670e+02 -5.990000e+00
    endloop
  endfacet
  facet normal 1.399393e-16 -1.403001e-16 -1.000000e+00
    outer loop
      vertex   5.955350e+01 -1.334444e+02 -5.990000e+00
      vertex   6.183676e+01 -1.311670e+02 -5.990000e+00
      vertex   8.066279e+01 -1.250505e+02 -5.990000e+00
    endloop
  endfacet
  facet normal 1.256914e-16 -9.644641e-17 -1.000000e+00
    outer loop
      vertex   8.066279e+01 -1.250505e+02 -5.990000e+00
      vertex   6.183676e+01 -1.311670e+02 -5.990000e+00
      vertex   6.209103e+01 -1.308356e+02 -5.990000e+00
    endloop
  endfacet
  facet normal 1.098178e-16 -4.548803e-17 -1.000000e+00
    outer loop
      vertex   8.066279e+01 -1.250505e+02 -5.990000e+00
      vertex   6.209103e+01 -1.308356e+02 -5.990000e+00
      vertex   6.225087e+01 -1.304497e+02 -5.990000e+00
    endloop
  endfacet
  facet normal 1.268826e-16 -1.036807e-16 -1.000000e+00
    outer loop
      vertex   8.066279e+01 -1.250505e+02 -5.990000e+00
      vertex   6.225087e+01 -1.304497e+02 -5.990000e+00
      vertex   6.666279e+01 -1.250505e+02 -5.990000e+00
    endloop
  endfacet
  facet normal 0.000000e+00 0.000000e+00 -1.000000e+00
    outer loop
      vertex   6.666279e+01 -1.250505e+02 -5.990000e+00
      vertex   6.225087e+01 -1.304497e+02 -5.990000e+00
      vertex   6.230539e+01 -1.300356e+02 -5.990000e+00
    endloop
  endfacet
  facet normal 0.000000e+00 0.000000e+00 -1.000000e+00
    outer loop
      vertex   6.666279e+01 -1.250505e+02 -5.990000e+00
      vertex   6.230539e+01 -1.300356e+02 -5.990000e+00
      vertex   6.225087e+01 -1.296215e+02 -5.990000e+00
    endloop
  endfacet
  facet normal 0.000000e+00 0.000000e+00 -1.000000e+00
    outer loop
      vertex   6.225087e+01 -1.296215e+02 -5.990000e+00
      vertex   6.209103e+01 -1.292356e+02 -5.990000e+00
      vertex   6.666279e+01 -1.250505e+02 -5.990000e+00
    endloop
  endfacet
  facet normal 0.000000e+00 0.000000e+00 -1.000000e+00
    outer loop
      vertex   6.666279e+01 -1.250505e+02 -5.990000e+00
      vertex   6.209103e+01 -1.292356e+02 -5.990000e+00
      vertex   6.183676e+01 -1.289043e+02 -5.990000e+00
    endloop
  endfacet
  facet normal 0.000000e+00 0.000000e+00 -1.000000e+00
    outer loop
      vertex   6.666279e+01 -1.250505e+02 -5.990000e+00
      vertex   6.183676e+01 -1.289043e+02 -5.990000e+00
      vertex   6.150539e+01 -1.286500e+02 -5.990000e+00
    endloop
  endfacet
  facet normal 0.000000e+00 0.000000e+00 -1.000000e+00
    outer loop
      vertex   6.150539e+01 -1.286500e+02 -5.990000e+00
      vertex   6.111950e+01 -1.284901e+02 -5.990000e+00
      vertex   6.666279e+01 -1.250505e+02 -5.990000e+00
    endloop
  endfacet
  facet normal 0.000000e+00 0.000000e+00 -1.000000e+00
    outer loop
      vertex   6.666279e+01 -1.250505e+02 -5.990000e+00
      vertex   6.111950e+01 -1.284901e+02 -5.990000e+00
      vertex   6.070539e+01 -1.284356e+02 -5.990000e+00
    endloop
  endfacet
  facet normal 0.000000e+00 0.000000e+00 -1.000000e+00
    outer loop
      vertex   6.666279e+01 -1.250505e+02 -5.990000e+00
      vertex   6.070539e+01 -1.284356e+02 -5.990000e+00
      vertex   6.029127e+01 -1.284901e+02 -5.990000e+00
    endloop
  endfacet
  facet normal -0.000000e+00 0.000000e+00 -1.000000e+00
    outer loop
      vertex   6.666279e+01 -1.250505e+02 -5.990000e+00
      vertex   6.029127e+01 -1.284901e+02 -5.990000e+00
      vertex   6.666279e+01 -1.110505e+02 -5.990000e+00
    endloop
  endfacet
  facet normal 0.000000e+00 0.000000e+00 -1.000000e+00
    outer loop
      vertex   6.666279e+01 -1.110505e+02 -5.990000e+00
      vertex   6.029127e+01 -1.284901e+02 -5.990000e+00
      vertex   5.990539e+01 -1.286500e+02 -5.990000e+00
    endloop
  endfacet
  facet normal 8.636582e-16 -3.316057e-16 -1.000000e+00
    outer loop
      vertex   6.666279e+01 -1.110505e+02 -5.990000e+00
      vertex   5.990539e+01 -1.286500e+02 -5.990000e+00
      vertex   5.713759e+01 -1.305018e+02 -5.990000e+00
    endloop
  endfacet
  facet normal 5.011274e-15 -6.530819e-15 -1.000000e+00
    outer loop
      vertex   5.713759e+01 -1.305018e+02 -5.990000e+00
      vertex   5.990539e+01 -1.286500e+02 -5.990000e+00
      vertex   5.957401e+01 -1.289043e+02 -5.990000e+00
    endloop
  endfacet
  facet normal 1.467349e-15 -1.125937e-15 -1.000000e+00
    outer loop
      vertex   5.713759e+01 -1.305018e+02 -5.990000e+00
      vertex   5.957401e+01 -1.289043e+02 -5.990000e+00
      vertex   5.931974e+01 -1.292356e+02 -5.990000e+00
    endloop
  endfacet
  facet normal 1.071587e-15 -4.438657e-16 -1.000000e+00
    outer loop
      vertex   5.931974e+01 -1.292356e+02 -5.990000e+00
      vertex   5.915990e+01 -1.296215e+02 -5.990000e+00
      vertex   5.713759e+01 -1.305018e+02 -5.990000e+00
    endloop
  endfacet
  facet normal 2.028231e-16 -2.670216e-17 -1.000000e+00
    outer loop
      vertex   2.215014e+02 -1.405322e+02 -5.990000e+00
      vertex   2.214469e+02 -1.409463e+02 -5.990000e+00
      vertex   2.120455e+02 -1.458326e+02 -5.990000e+00
    endloop
  endfacet
  facet normal 1.768441e-16 2.328197e-17 -1.000000e+00
    outer loop
      vertex   2.120455e+02 -1.458326e+02 -5.990000e+00
      vertex   2.214469e+02 -1.409463e+02 -5.990000e+00
      vertex   2.215014e+02 -1.413604e+02 -5.990000e+00
    endloop
  endfacet
  facet normal 1.570823e-16 6.506563e-17 -1.000000e+00
    outer loop
      vertex   2.120455e+02 -1.458326e+02 -5.990000e+00
      vertex   2.215014e+02 -1.413604e+02 -5.990000e+00
      vertex   2.216613e+02 -1.417463e+02 -5.990000e+00
    endloop
  endfacet
  facet normal 1.393069e-16 1.068939e-16 -1.000000e+00
    outer loop
      vertex   2.216613e+02 -1.417463e+02 -5.990000e+00
      vertex   2.219156e+02 -1.420777e+02 -5.990000e+00
      vertex   2.120455e+02 -1.458326e+02 -5.990000e+00
    endloop
  endfacet
  facet normal 1.203193e-16 1.568032e-16 -1.000000e+00
    outer loop
      vertex   2.120455e+02 -1.458326e+02 -5.990000e+00
      vertex   2.219156e+02 -1.420777e+02 -5.990000e+00
      vertex   2.222469e+02 -1.423319e+02 -5.990000e+00
    endloop
  endfacet
  facet normal 9.523201e-17 2.299104e-16 -1.000000e+00
    outer loop
      vertex   2.120455e+02 -1.458326e+02 -5.990000e+00
      vertex   2.222469e+02 -1.423319e+02 -5.990000e+00
      vertex   2.226328e+02 -1.424918e+02 -5.990000e+00
    endloop
  endfacet
  facet normal 4.939288e-17 3.751762e-16 -1.000000e+00
    outer loop
      vertex   2.226328e+02 -1.424918e+02 -5.990000e+00
      vertex   2.230469e+02 -1.425463e+02 -5.990000e+00
      vertex   2.120455e+02 -1.458326e+02 -5.990000e+00
    endloop
  endfacet
  facet normal 1.142065e-17 5.022926e-16 -1.000000e+00
    outer loop
      vertex   2.120455e+02 -1.458326e+02 -5.990000e+00
      vertex   2.230469e+02 -1.425463e+02 -5.990000e+00
      vertex   2.264609e+02 -1.426239e+02 -5.990000e+00
    endloop
  endfacet
  facet normal 0.000000e+00 0.000000e+00 -1.000000e+00
    outer loop
      vertex   2.230469e+02 -1.425463e+02 -5.990000e+00
      vertex   2.234610e+02 -1.424918e+02 -5.990000e+00
      vertex   2.264609e+02 -1.426239e+02 -5.990000e+00
    endloop
  endfacet
  facet normal 0.000000e+00 0.000000e+00 -1.000000e+00
    outer loop
      vertex   2.264609e+02 -1.426239e+02 -5.990000e+00
      vertex   2.234610e+02 -1.424918e+02 -5.990000e+00
      vertex   2.238469e+02 -1.423319e+02 -5.990000e+00
    endloop
  endfacet
  facet normal 0.000000e+00 0.000000e+00 -1.000000e+00
    outer loop
      vertex   2.264609e+02 -1.426239e+02 -5.990000e+00
      vertex   2.238469e+02 -1.423319e+02 -5.990000e+00
      vertex   2.241783e+02 -1.420777e+02 -5.990000e+00
    endloop
  endfacet
  facet normal 0.000000e+00 0.000000e+00 -1.000000e+00
    outer loop
      vertex   2.241783e+02 -1.420777e+02 -5.990000e+00
      vertex   2.244326e+02 -1.417463e+02 -5.990000e+00
      vertex   2.264609e+02 -1.426239e+02 -5.990000e+00
    endloop
  endfacet
  facet normal 0.000000e+00 0.000000e+00 -1.000000e+00
    outer loop
      vertex   2.264609e+02 -1.426239e+02 -5.990000e+00
      vertex   2.244326e+02 -1.417463e+02 -5.990000e+00
      vertex   2.268055e+02 -1.420470e+02 -5.990000e+00
    endloop
  endfacet
  facet normal 0.000000e+00 0.000000e+00 -1.000000e+00
    outer loop
      vertex   2.268055e+02 -1.420470e+02 -5.990000e+00
      vertex   2.244326e+02 -1.417463e+02 -5.990000e+00
      vertex   2.245924e+02 -1.413604e+02 -5.990000e+00
    endloop
  endfacet
  facet normal 0.000000e+00 0.000000e+00 -1.000000e+00
    outer loop
      vertex   2.268055e+02 -1.420470e+02 -5.990000e+00
      vertex   2.245924e+02 -1.413604e+02 -5.990000e+00
      vertex   2.270130e+02 -1.414078e+02 -5.990000e+00
    endloop
  endfacet
  facet normal 0.000000e+00 0.000000e+00 -1.000000e+00
    outer loop
      vertex   2.270130e+02 -1.414078e+02 -5.990000e+00
      vertex   2.245924e+02 -1.413604e+02 -5.990000e+00
      vertex   2.246469e+02 -1.409463e+02 -5.990000e+00
    endloop
  endfacet
  facet normal 0.000000e+00 0.000000e+00 -1.000000e+00
    outer loop
      vertex   2.270130e+02 -1.414078e+02 -5.990000e+00
      vertex   2.246469e+02 -1.409463e+02 -5.990000e+00
      vertex   2.270731e+02 -1.407385e+02 -5.990000e+00
    endloop
  endfacet
  facet normal -0.000000e+00 0.000000e+00 -1.000000e+00
    outer loop
      vertex   2.270731e+02 -1.407385e+02 -5.990000e+00
      vertex   2.246469e+02 -1.409463e+02 -5.990000e+00
      vertex   2.245924e+02 -1.405322e+02 -5.990000e+00
    endloop
  endfacet
  facet normal 0.000000e+00 0.000000e+00 -1.000000e+00
    outer loop
      vertex   2.270731e+02 -1.407385e+02 -5.990000e+00
      vertex   2.245924e+02 -1.405322e+02 -5.990000e+00
      vertex   2.269826e+02 -1.400727e+02 -5.990000e+00
    endloop
  endfacet
  facet normal 0.000000e+00 0.000000e+00 -1.000000e+00
    outer loop
      vertex   2.269826e+02 -1.400727e+02 -5.990000e+00
      vertex   2.245924e+02 -1.405322e+02 -5.990000e+00
      vertex   2.244326e+02 -1.401463e+02 -5.990000e+00
    endloop
  endfacet
  facet normal -0.000000e+00 0.000000e+00 -1.000000e+00
    outer loop
      vertex   2.269826e+02 -1.400727e+02 -5.990000e+00
      vertex   2.244326e+02 -1.401463e+02 -5.990000e+00
      vertex   2.267463e+02 -1.394436e+02 -5.990000e+00
    endloop
  endfacet
  facet normal -0.000000e+00 0.000000e+00 -1.000000e+00
    outer loop
      vertex   2.267463e+02 -1.394436e+02 -5.990000e+00
      vertex   2.244326e+02 -1.401463e+02 -5.990000e+00
      vertex   2.263758e+02 -1.388830e+02 -5.990000e+00
    endloop
  endfacet
  facet normal 0.000000e+00 0.000000e+00 -1.000000e+00
    outer loop
      vertex   2.263758e+02 -1.388830e+02 -5.990000e+00
      vertex   2.244326e+02 -1.401463e+02 -5.990000e+00
      vertex   2.241783e+02 -1.398149e+02 -5.990000e+00
    endloop
  endfacet
  facet normal -0.000000e+00 0.000000e+00 -1.000000e+00
    outer loop
      vertex   2.263758e+02 -1.388830e+02 -5.990000e+00
      vertex   2.241783e+02 -1.398149e+02 -5.990000e+00
      vertex   2.258898e+02 -1.384189e+02 -5.990000e+00
    endloop
  endfacet
  facet normal 0.000000e+00 0.000000e+00 -1.000000e+00
    outer loop
      vertex   2.258898e+02 -1.384189e+02 -5.990000e+00
      vertex   2.241783e+02 -1.398149e+02 -5.990000e+00
      vertex   2.238469e+02 -1.395606e+02 -5.990000e+00
    endloop
  endfacet
  facet normal 0.000000e+00 0.000000e+00 -1.000000e+00
    outer loop
      vertex   2.258898e+02 -1.384189e+02 -5.990000e+00
      vertex   2.238469e+02 -1.395606e+02 -5.990000e+00
      vertex   2.234610e+02 -1.394008e+02 -5.990000e+00
    endloop
  endfacet
  facet normal 0.000000e+00 0.000000e+00 -1.000000e+00
    outer loop
      vertex   2.234610e+02 -1.394008e+02 -5.990000e+00
      vertex   2.230469e+02 -1.393463e+02 -5.990000e+00
      vertex   2.258898e+02 -1.384189e+02 -5.990000e+00
    endloop
  endfacet
  facet normal 0.000000e+00 0.000000e+00 -1.000000e+00
    outer loop
      vertex   2.258898e+02 -1.384189e+02 -5.990000e+00
      vertex   2.230469e+02 -1.393463e+02 -5.990000e+00
      vertex   2.226328e+02 -1.394008e+02 -5.990000e+00
    endloop
  endfacet
  facet normal 2.714450e-17 -9.003781e-17 -1.000000e+00
    outer loop
      vertex   2.258898e+02 -1.384189e+02 -5.990000e+00
      vertex   2.226328e+02 -1.394008e+02 -5.990000e+00
      vertex   2.073119e+02 -1.242907e+02 -5.990000e+00
    endloop
  endfacet
  facet normal 3.429269e-17 -8.278989e-17 -1.000000e+00
    outer loop
      vertex   2.073119e+02 -1.242907e+02 -5.990000e+00
      vertex   2.226328e+02 -1.394008e+02 -5.990000e+00
      vertex   2.222469e+02 -1.395606e+02 -5.990000e+00
    endloop
  endfacet
  facet normal 4.511224e-16 3.248974e-16 -1.000000e+00
    outer loop
      vertex   2.073119e+02 -1.242907e+02 -5.990000e+00
      vertex   2.222469e+02 -1.395606e+02 -5.990000e+00
      vertex   2.045173e+02 -1.258779e+02 -5.990000e+00
    endloop
  endfacet
  facet normal 9.990387e-17 -1.301973e-16 -1.000000e+00
    outer loop
      vertex   2.045173e+02 -1.258779e+02 -5.990000e+00
      vertex   2.222469e+02 -1.395606e+02 -5.990000e+00
      vertex   2.041860e+02 -1.261321e+02 -5.990000e+00
    endloop
  endfacet
  facet normal 9.990387e-17 -1.301973e-16 -1.000000e+00
    outer loop
      vertex   2.041860e+02 -1.261321e+02 -5.990000e+00
      vertex   2.222469e+02 -1.395606e+02 -5.990000e+00
      vertex   2.219156e+02 -1.398149e+02 -5.990000e+00
    endloop
  endfacet
  facet normal 1.634725e-16 -4.782763e-17 -1.000000e+00
    outer loop
      vertex   2.041860e+02 -1.261321e+02 -5.990000e+00
      vertex   2.219156e+02 -1.398149e+02 -5.990000e+00
      vertex   2.009014e+02 -1.373585e+02 -5.990000e+00
    endloop
  endfacet
  facet normal 1.551473e-16 -1.190487e-16 -1.000000e+00
    outer loop
      vertex   2.009014e+02 -1.373585e+02 -5.990000e+00
      vertex   2.219156e+02 -1.398149e+02 -5.990000e+00
      vertex   2.216613e+02 -1.401463e+02 -5.990000e+00
    endloop
  endfacet
  facet normal 1.621165e-16 -6.715084e-17 -1.000000e+00
    outer loop
      vertex   2.009014e+02 -1.373585e+02 -5.990000e+00
      vertex   2.216613e+02 -1.401463e+02 -5.990000e+00
      vertex   2.215014e+02 -1.405322e+02 -5.990000e+00
    endloop
  endfacet
  facet normal 1.757805e-16 2.154157e-17 -1.000000e+00
    outer loop
      vertex   2.009014e+02 -1.373585e+02 -5.990000e+00
      vertex   2.215014e+02 -1.405322e+02 -5.990000e+00
      vertex   2.120455e+02 -1.458326e+02 -5.990000e+00
    endloop
  endfacet
  facet normal -3.223626e-15 3.865174e-15 -1.000000e+00
    outer loop
      vertex   2.018405e+02 -1.251606e+02 -5.990000e+00
      vertex   1.932243e+02 -1.325764e+02 -5.990000e+00
      vertex   2.017860e+02 -1.247465e+02 -5.990000e+00
    endloop
  endfacet
  facet normal 1.556827e-16 1.700693e-16 -1.000000e+00
    outer loop
      vertex   2.017860e+02 -1.247465e+02 -5.990000e+00
      vertex   1.932243e+02 -1.325764e+02 -5.990000e+00
      vertex   1.806952e+02 -1.263297e+02 -5.990000e+00
    endloop
  endfacet
  facet normal 4.953414e-16 -4.354785e-15 -1.000000e+00
    outer loop
      vertex   2.017860e+02 -1.247465e+02 -5.990000e+00
      vertex   1.806952e+02 -1.263297e+02 -5.990000e+00
      vertex   2.018405e+02 -1.243324e+02 -5.990000e+00
    endloop
  endfacet
  facet normal 8.742795e-17 -3.621384e-17 -1.000000e+00
    outer loop
      vertex   2.018405e+02 -1.243324e+02 -5.990000e+00
      vertex   1.806952e+02 -1.263297e+02 -5.990000e+00
      vertex   2.020003e+02 -1.239465e+02 -5.990000e+00
    endloop
  endfacet
  facet normal 9.120552e-17 -6.998446e-17 -1.000000e+00
    outer loop
      vertex   2.020003e+02 -1.239465e+02 -5.990000e+00
      vertex   1.806952e+02 -1.263297e+02 -5.990000e+00
      vertex   2.022546e+02 -1.236151e+02 -5.990000e+00
    endloop
  endfacet
  facet normal 8.455610e-17 -1.717376e-17 -1.000000e+00
    outer loop
      vertex   2.022546e+02 -1.236151e+02 -5.990000e+00
      vertex   1.806952e+02 -1.263297e+02 -5.990000e+00
      vertex   2.038686e+02 -1.156685e+02 -5.990000e+00
    endloop
  endfacet
  facet normal 0.000000e+00 0.000000e+00 -1.000000e+00
    outer loop
      vertex   2.022546e+02 -1.236151e+02 -5.990000e+00
      vertex   2.038686e+02 -1.156685e+02 -5.990000e+00
      vertex   2.025860e+02 -1.233609e+02 -5.990000e+00
    endloop
  endfacet
  facet normal 0.000000e+00 0.000000e+00 -1.000000e+00
    outer loop
      vertex   2.025860e+02 -1.233609e+02 -5.990000e+00
      vertex   2.038686e+02 -1.156685e+02 -5.990000e+00
      vertex   2.029719e+02 -1.232010e+02 -5.990000e+00
    endloop
  endfacet
  facet normal 5.918917e-16 -7.046388e-17 -1.000000e+00
    outer loop
      vertex   2.029719e+02 -1.232010e+02 -5.990000e+00
      vertex   2.038686e+02 -1.156685e+02 -5.990000e+00
      vertex   2.061279e+02 -1.219000e+02 -5.990000e+00
    endloop
  endfacet
  facet normal -2.640922e-16 2.005979e-15 -1.000000e+00
    outer loop
      vertex   2.029719e+02 -1.232010e+02 -5.990000e+00
      vertex   2.061279e+02 -1.219000e+02 -5.990000e+00
      vertex   2.033860e+02 -1.231465e+02 -5.990000e+00
    endloop
  endfacet
  facet normal 1.454822e-16 1.105047e-15 -1.000000e+00
    outer loop
      vertex   2.033860e+02 -1.231465e+02 -5.990000e+00
      vertex   2.061279e+02 -1.219000e+02 -5.990000e+00
      vertex   2.038001e+02 -1.232010e+02 -5.990000e+00
    endloop
  endfacet
  facet normal 3.248175e-16 7.841788e-16 -1.000000e+00
    outer loop
      vertex   2.038001e+02 -1.232010e+02 -5.990000e+00
      vertex   2.061279e+02 -1.219000e+02 -5.990000e+00
      vertex   2.041860e+02 -1.233609e+02 -5.990000e+00
    endloop
  endfacet
  facet normal 8.420440e-16 9.663328e-17 -1.000000e+00
    outer loop
      vertex   2.041860e+02 -1.233609e+02 -5.990000e+00
      vertex   2.061279e+02 -1.219000e+02 -5.990000e+00
      vertex   2.062065e+02 -1.225851e+02 -5.990000e+00
    endloop
  endfacet
  facet normal 5.859652e-16 7.636447e-16 -1.000000e+00
    outer loop
      vertex   2.041860e+02 -1.233609e+02 -5.990000e+00
      vertex   2.062065e+02 -1.225851e+02 -5.990000e+00
      vertex   2.045173e+02 -1.236151e+02 -5.990000e+00
    endloop
  endfacet
  facet normal 8.627576e-16 3.097097e-16 -1.000000e+00
    outer loop
      vertex   2.045173e+02 -1.236151e+02 -5.990000e+00
      vertex   2.062065e+02 -1.225851e+02 -5.990000e+00
      vertex   2.064395e+02 -1.232342e+02 -5.990000e+00
    endloop
  endfacet
  facet normal 8.021565e-16 6.155163e-16 -1.000000e+00
    outer loop
      vertex   2.045173e+02 -1.236151e+02 -5.990000e+00
      vertex   2.064395e+02 -1.232342e+02 -5.990000e+00
      vertex   2.047716e+02 -1.239465e+02 -5.990000e+00
    endloop
  endfacet
  facet normal 8.341457e-16 5.406092e-16 -1.000000e+00
    outer loop
      vertex   2.047716e+02 -1.239465e+02 -5.990000e+00
      vertex   2.064395e+02 -1.232342e+02 -5.990000e+00
      vertex   2.068146e+02 -1.238129e+02 -5.990000e+00
    endloop
  endfacet
  facet normal 8.465639e-16 3.506582e-16 -1.000000e+00
    outer loop
      vertex   2.047716e+02 -1.239465e+02 -5.990000e+00
      vertex   2.068146e+02 -1.238129e+02 -5.990000e+00
      vertex   2.049315e+02 -1.243324e+02 -5.990000e+00
    endloop
  endfacet
  facet normal 9.102347e-16 1.198347e-16 -1.000000e+00
    outer loop
      vertex   2.049315e+02 -1.243324e+02 -5.990000e+00
      vertex   2.068146e+02 -1.238129e+02 -5.990000e+00
      vertex   2.049860e+02 -1.247465e+02 -5.990000e+00
    endloop
  endfacet
  facet normal 6.343319e-16 6.602640e-16 -1.000000e+00
    outer loop
      vertex   2.049860e+02 -1.247465e+02 -5.990000e+00
      vertex   2.068146e+02 -1.238129e+02 -5.990000e+00
      vertex   2.073119e+02 -1.242907e+02 -5.990000e+00
    endloop
  endfacet
  facet normal 7.839370e-16 -1.032073e-16 -1.000000e+00
    outer loop
      vertex   2.049860e+02 -1.247465e+02 -5.990000e+00
      vertex   2.073119e+02 -1.242907e+02 -5.990000e+00
      vertex   2.049315e+02 -1.251606e+02 -5.990000e+00
    endloop
  endfacet
  facet normal 8.793208e-16 -3.642266e-16 -1.000000e+00
    outer loop
      vertex   2.049315e+02 -1.251606e+02 -5.990000e+00
      vertex   2.073119e+02 -1.242907e+02 -5.990000e+00
      vertex   2.047716e+02 -1.255465e+02 -5.990000e+00
    endloop
  endfacet
  facet normal 1.126619e-15 -8.644854e-16 -1.000000e+00
    outer loop
      vertex   2.047716e+02 -1.255465e+02 -5.990000e+00
      vertex   2.073119e+02 -1.242907e+02 -5.990000e+00
      vertex   2.045173e+02 -1.258779e+02 -5.990000e+00
    endloop
  endfacet
  facet normal 7.599119e-17 3.147658e-17 -1.000000e+00
    outer loop
      vertex   2.018405e+02 -1.251606e+02 -5.990000e+00
      vertex   2.020003e+02 -1.255465e+02 -5.990000e+00
      vertex   1.932243e+02 -1.325764e+02 -5.990000e+00
    endloop
  endfacet
  facet normal 6.267895e-17 4.809525e-17 -1.000000e+00
    outer loop
      vertex   1.932243e+02 -1.325764e+02 -5.990000e+00
      vertex   2.020003e+02 -1.255465e+02 -5.990000e+00
      vertex   2.022546e+02 -1.258779e+02 -5.990000e+00
    endloop
  endfacet
  facet normal 5.000994e-17 6.517422e-17 -1.000000e+00
    outer loop
      vertex   1.932243e+02 -1.325764e+02 -5.990000e+00
      vertex   2.022546e+02 -1.258779e+02 -5.990000e+00
      vertex   2.025860e+02 -1.261321e+02 -5.990000e+00
    endloop
  endfacet
  facet normal 3.564178e-17 8.604687e-17 -1.000000e+00
    outer loop
      vertex   2.025860e+02 -1.261321e+02 -5.990000e+00
      vertex   2.029719e+02 -1.262920e+02 -5.990000e+00
      vertex   1.932243e+02 -1.325764e+02 -5.990000e+00
    endloop
  endfacet
  facet normal 1.036164e-16 -1.938547e-17 -1.000000e+00
    outer loop
      vertex   1.932243e+02 -1.325764e+02 -5.990000e+00
      vertex   2.029719e+02 -1.262920e+02 -5.990000e+00
      vertex   2.009014e+02 -1.373585e+02 -5.990000e+00
    endloop
  endfacet
  facet normal 1.217889e-16 9.788483e-18 -1.000000e+00
    outer loop
      vertex   1.932243e+02 -1.325764e+02 -5.990000e+00
      vertex   2.009014e+02 -1.373585e+02 -5.990000e+00
      vertex   1.937904e+02 -1.396196e+02 -5.990000e+00
    endloop
  endfacet
  facet normal 7.066020e-17 1.705888e-16 -1.000000e+00
    outer loop
      vertex   1.937904e+02 -1.396196e+02 -5.990000e+00
      vertex   2.009014e+02 -1.373585e+02 -5.990000e+00
      vertex   1.940557e+02 -1.397295e+02 -5.990000e+00
    endloop
  endfacet
  facet normal 8.939336e-17 1.164997e-16 -1.000000e+00
    outer loop
      vertex   1.940557e+02 -1.397295e+02 -5.990000e+00
      vertex   2.009014e+02 -1.373585e+02 -5.990000e+00
      vertex   1.942835e+02 -1.399043e+02 -5.990000e+00
    endloop
  endfacet
  facet normal 1.036217e-16 7.951175e-17 -1.000000e+00
    outer loop
      vertex   1.942835e+02 -1.399043e+02 -5.990000e+00
      vertex   2.009014e+02 -1.373585e+02 -5.990000e+00
      vertex   1.944583e+02 -1.401321e+02 -5.990000e+00
    endloop
  endfacet
  facet normal 1.169892e-16 4.845853e-17 -1.000000e+00
    outer loop
      vertex   1.944583e+02 -1.401321e+02 -5.990000e+00
      vertex   2.009014e+02 -1.373585e+02 -5.990000e+00
      vertex   1.945682e+02 -1.403974e+02 -5.990000e+00
    endloop
  endfacet
  facet normal 1.319083e-16 1.736606e-17 -1.000000e+00
    outer loop
      vertex   1.945682e+02 -1.403974e+02 -5.990000e+00
      vertex   2.009014e+02 -1.373585e+02 -5.990000e+00
      vertex   1.946057e+02 -1.406821e+02 -5.990000e+00
    endloop
  endfacet
  facet normal 1.516132e-16 -1.996026e-17 -1.000000e+00
    outer loop
      vertex   1.946057e+02 -1.406821e+02 -5.990000e+00
      vertex   2.009014e+02 -1.373585e+02 -5.990000e+00
      vertex   1.945682e+02 -1.409668e+02 -5.990000e+00
    endloop
  endfacet
  facet normal 1.835600e-16 -7.603302e-17 -1.000000e+00
    outer loop
      vertex   1.945682e+02 -1.409668e+02 -5.990000e+00
      vertex   2.009014e+02 -1.373585e+02 -5.990000e+00
      vertex   1.944583e+02 -1.412321e+02 -5.990000e+00
    endloop
  endfacet
  facet normal 2.558989e-16 -1.963581e-16 -1.000000e+00
    outer loop
      vertex   1.944583e+02 -1.412321e+02 -5.990000e+00
      vertex   2.009014e+02 -1.373585e+02 -5.990000e+00
      vertex   1.942835e+02 -1.414599e+02 -5.990000e+00
    endloop
  endfacet
  facet normal 1.604095e-16 -4.227821e-17 -1.000000e+00
    outer loop
      vertex   1.942835e+02 -1.414599e+02 -5.990000e+00
      vertex   2.009014e+02 -1.373585e+02 -5.990000e+00
      vertex   1.924273e+02 -1.485026e+02 -5.990000e+00
    endloop
  endfacet
  facet normal 0.000000e+00 0.000000e+00 -1.000000e+00
    outer loop
      vertex   1.942835e+02 -1.414599e+02 -5.990000e+00
      vertex   1.924273e+02 -1.485026e+02 -5.990000e+00
      vertex   1.940557e+02 -1.416347e+02 -5.990000e+00
    endloop
  endfacet
  facet normal 0.000000e+00 0.000000e+00 -1.000000e+00
    outer loop
      vertex   1.940557e+02 -1.416347e+02 -5.990000e+00
      vertex   1.924273e+02 -1.485026e+02 -5.990000e+00
      vertex   1.937904e+02 -1.417446e+02 -5.990000e+00
    endloop
  endfacet
  facet normal 0.000000e+00 0.000000e+00 -1.000000e+00
    outer loop
      vertex   1.937904e+02 -1.417446e+02 -5.990000e+00
      vertex   1.924273e+02 -1.485026e+02 -5.990000e+00
      vertex   1.935057e+02 -1.417821e+02 -5.990000e+00
    endloop
  endfacet
  facet normal -0.000000e+00 0.000000e+00 -1.000000e+00
    outer loop
      vertex   1.935057e+02 -1.417821e+02 -5.990000e+00
      vertex   1.924273e+02 -1.485026e+02 -5.990000e+00
      vertex   1.932210e+02 -1.417446e+02 -5.990000e+00
    endloop
  endfacet
  facet normal 0.000000e+00 0.000000e+00 -1.000000e+00
    outer loop
      vertex   1.932210e+02 -1.417446e+02 -5.990000e+00
      vertex   1.924273e+02 -1.485026e+02 -5.990000e+00
      vertex   1.869775e+02 -1.451055e+02 -5.990000e+00
    endloop
  endfacet
  facet normal -0.000000e+00 0.000000e+00 -1.000000e+00
    outer loop
      vertex   1.932210e+02 -1.417446e+02 -5.990000e+00
      vertex   1.869775e+02 -1.451055e+02 -5.990000e+00
      vertex   1.929557e+02 -1.416347e+02 -5.990000e+00
    endloop
  endfacet
  facet normal -0.000000e+00 0.000000e+00 -1.000000e+00
    outer loop
      vertex   1.929557e+02 -1.416347e+02 -5.990000e+00
      vertex   1.869775e+02 -1.451055e+02 -5.990000e+00
      vertex   1.927279e+02 -1.414599e+02 -5.990000e+00
    endloop
  endfacet
  facet normal -0.000000e+00 0.000000e+00 -1.000000e+00
    outer loop
      vertex   1.927279e+02 -1.414599e+02 -5.990000e+00
      vertex   1.869775e+02 -1.451055e+02 -5.990000e+00
      vertex   1.925531e+02 -1.412321e+02 -5.990000e+00
    endloop
  endfacet
  facet normal -0.000000e+00 0.000000e+00 -1.000000e+00
    outer loop
      vertex   1.925531e+02 -1.412321e+02 -5.990000e+00
      vertex   1.869775e+02 -1.451055e+02 -5.990000e+00
      vertex   1.924432e+02 -1.409668e+02 -5.990000e+00
    endloop
  endfacet
  facet normal -0.000000e+00 0.000000e+00 -1.000000e+00
    outer loop
      vertex   1.924432e+02 -1.409668e+02 -5.990000e+00
      vertex   1.869775e+02 -1.451055e+02 -5.990000e+00
      vertex   1.924057e+02 -1.406821e+02 -5.990000e+00
    endloop
  endfacet
  facet normal -0.000000e+00 0.000000e+00 -1.000000e+00
    outer loop
      vertex   1.924057e+02 -1.406821e+02 -5.990000e+00
      vertex   1.869775e+02 -1.451055e+02 -5.990000e+00
      vertex   1.924432e+02 -1.403974e+02 -5.990000e+00
    endloop
  endfacet
  facet normal -0.000000e+00 0.000000e+00 -1.000000e+00
    outer loop
      vertex   1.924432e+02 -1.403974e+02 -5.990000e+00
      vertex   1.869775e+02 -1.451055e+02 -5.990000e+00
      vertex   1.925531e+02 -1.401321e+02 -5.990000e+00
    endloop
  endfacet
  facet normal -0.000000e+00 0.000000e+00 -1.000000e+00
    outer loop
      vertex   1.925531e+02 -1.401321e+02 -5.990000e+00
      vertex   1.869775e+02 -1.451055e+02 -5.990000e+00
      vertex   1.932243e+02 -1.325764e+02 -5.990000e+00
    endloop
  endfacet
  facet normal 0.000000e+00 0.000000e+00 -1.000000e+00
    outer loop
      vertex   1.925531e+02 -1.401321e+02 -5.990000e+00
      vertex   1.932243e+02 -1.325764e+02 -5.990000e+00
      vertex   1.927279e+02 -1.399043e+02 -5.990000e+00
    endloop
  endfacet
  facet normal 0.000000e+00 0.000000e+00 -1.000000e+00
    outer loop
      vertex   1.927279e+02 -1.399043e+02 -5.990000e+00
      vertex   1.932243e+02 -1.325764e+02 -5.990000e+00
      vertex   1.929557e+02 -1.397295e+02 -5.990000e+00
    endloop
  endfacet
  facet normal 0.000000e+00 0.000000e+00 -1.000000e+00
    outer loop
      vertex   1.929557e+02 -1.397295e+02 -5.990000e+00
      vertex   1.932243e+02 -1.325764e+02 -5.990000e+00
      vertex   1.932210e+02 -1.396196e+02 -5.990000e+00
    endloop
  endfacet
  facet normal 0.000000e+00 0.000000e+00 -1.000000e+00
    outer loop
      vertex   1.932210e+02 -1.396196e+02 -5.990000e+00
      vertex   1.932243e+02 -1.325764e+02 -5.990000e+00
      vertex   1.935057e+02 -1.395821e+02 -5.990000e+00
    endloop
  endfacet
  facet normal 0.000000e+00 0.000000e+00 -1.000000e+00
    outer loop
      vertex   1.935057e+02 -1.395821e+02 -5.990000e+00
      vertex   1.932243e+02 -1.325764e+02 -5.990000e+00
      vertex   1.937904e+02 -1.396196e+02 -5.990000e+00
    endloop
  endfacet
  facet normal 0.000000e+00 -0.000000e+00 -1.000000e+00
    outer loop
      vertex   2.029719e+02 -1.262920e+02 -5.990000e+00
      vertex   2.033860e+02 -1.263465e+02 -5.990000e+00
      vertex   2.009014e+02 -1.373585e+02 -5.990000e+00
    endloop
  endfacet
  facet normal 0.000000e+00 0.000000e+00 -1.000000e+00
    outer loop
      vertex   2.009014e+02 -1.373585e+02 -5.990000e+00
      vertex   2.033860e+02 -1.263465e+02 -5.990000e+00
      vertex   2.038001e+02 -1.262920e+02 -5.990000e+00
    endloop
  endfacet
  facet normal 0.000000e+00 0.000000e+00 -1.000000e+00
    outer loop
      vertex   2.009014e+02 -1.373585e+02 -5.990000e+00
      vertex   2.038001e+02 -1.262920e+02 -5.990000e+00
      vertex   2.041860e+02 -1.261321e+02 -5.990000e+00
    endloop
  endfacet
  facet normal 8.961372e-16 -2.262765e-15 -1.000000e+00
    outer loop
      vertex   5.912160e+01 -6.730069e+01 -5.990000e+00
      vertex   5.906708e+01 -6.771480e+01 -5.990000e+00
      vertex   5.713759e+01 -6.730139e+01 -5.990000e+00
    endloop
  endfacet
  facet normal 1.893920e-15 2.394125e-15 -1.000000e+00
    outer loop
      vertex   5.713759e+01 -6.730139e+01 -5.990000e+00
      vertex   5.906708e+01 -6.771480e+01 -5.990000e+00
      vertex   5.912160e+01 -6.812891e+01 -5.990000e+00
    endloop
  endfacet
  facet normal 1.082330e-15 4.483157e-16 -1.000000e+00
    outer loop
      vertex   5.713759e+01 -6.730139e+01 -5.990000e+00
      vertex   5.912160e+01 -6.812891e+01 -5.990000e+00
      vertex   5.928144e+01 -6.851480e+01 -5.990000e+00
    endloop
  endfacet
  facet normal 1.464719e-15 1.123918e-15 -1.000000e+00
    outer loop
      vertex   5.928144e+01 -6.851480e+01 -5.990000e+00
      vertex   5.953571e+01 -6.884617e+01 -5.990000e+00
      vertex   5.713759e+01 -6.730139e+01 -5.990000e+00
    endloop
  endfacet
  facet normal 4.614909e-15 6.014267e-15 -1.000000e+00
    outer loop
      vertex   5.713759e+01 -6.730139e+01 -5.990000e+00
      vertex   5.953571e+01 -6.884617e+01 -5.990000e+00
      vertex   5.986708e+01 -6.910044e+01 -5.990000e+00
    endloop
  endfacet
  facet normal 8.688309e-16 3.307884e-16 -1.000000e+00
    outer loop
      vertex   5.713759e+01 -6.730139e+01 -5.990000e+00
      vertex   5.986708e+01 -6.910044e+01 -5.990000e+00
      vertex   6.666279e+01 -8.694970e+01 -5.990000e+00
    endloop
  endfacet
  facet normal 0.000000e+00 0.000000e+00 -1.000000e+00
    outer loop
      vertex   6.666279e+01 -8.694970e+01 -5.990000e+00
      vertex   5.986708e+01 -6.910044e+01 -5.990000e+00
      vertex   6.025297e+01 -6.926028e+01 -5.990000e+00
    endloop
  endfacet
  facet normal 0.000000e+00 0.000000e+00 -1.000000e+00
    outer loop
      vertex   6.666279e+01 -8.694970e+01 -5.990000e+00
      vertex   6.025297e+01 -6.926028e+01 -5.990000e+00
      vertex   6.666279e+01 -7.294970e+01 -5.990000e+00
    endloop
  endfacet
  facet normal 0.000000e+00 0.000000e+00 -1.000000e+00
    outer loop
      vertex   6.666279e+01 -7.294970e+01 -5.990000e+00
      vertex   6.025297e+01 -6.926028e+01 -5.990000e+00
      vertex   6.066708e+01 -6.931480e+01 -5.990000e+00
    endloop
  endfacet
  facet normal 0.000000e+00 0.000000e+00 -1.000000e+00
    outer loop
      vertex   6.666279e+01 -7.294970e+01 -5.990000e+00
      vertex   6.066708e+01 -6.931480e+01 -5.990000e+00
      vertex   6.108119e+01 -6.926028e+01 -5.990000e+00
    endloop
  endfacet
  facet normal 0.000000e+00 0.000000e+00 -1.000000e+00
    outer loop
      vertex   6.108119e+01 -6.926028e+01 -5.990000e+00
      vertex   6.146708e+01 -6.910044e+01 -5.990000e+00
      vertex   6.666279e+01 -7.294970e+01 -5.990000e+00
    endloop
  endfacet
  facet normal 0.000000e+00 0.000000e+00 -1.000000e+00
    outer loop
      vertex   6.666279e+01 -7.294970e+01 -5.990000e+00
      vertex   6.146708e+01 -6.910044e+01 -5.990000e+00
      vertex   6.179845e+01 -6.884617e+01 -5.990000e+00
    endloop
  endfacet
  facet normal 0.000000e+00 0.000000e+00 -1.000000e+00
    outer loop
      vertex   6.666279e+01 -7.294970e+01 -5.990000e+00
      vertex   6.179845e+01 -6.884617e+01 -5.990000e+00
      vertex   6.205272e+01 -6.851480e+01 -5.990000e+00
    endloop
  endfacet
  facet normal 0.000000e+00 0.000000e+00 -1.000000e+00
    outer loop
      vertex   6.205272e+01 -6.851480e+01 -5.990000e+00
      vertex   6.221256e+01 -6.812891e+01 -5.990000e+00
      vertex   6.666279e+01 -7.294970e+01 -5.990000e+00
    endloop
  endfacet
  facet normal 0.000000e+00 0.000000e+00 -1.000000e+00
    outer loop
      vertex   6.666279e+01 -7.294970e+01 -5.990000e+00
      vertex   6.221256e+01 -6.812891e+01 -5.990000e+00
      vertex   6.226708e+01 -6.771480e+01 -5.990000e+00
    endloop
  endfacet
  facet normal 0.000000e+00 0.000000e+00 -1.000000e+00
    outer loop
      vertex   6.666279e+01 -7.294970e+01 -5.990000e+00
      vertex   6.226708e+01 -6.771480e+01 -5.990000e+00
      vertex   6.221256e+01 -6.730069e+01 -5.990000e+00
    endloop
  endfacet
  facet normal 1.268826e-16 9.995690e-17 -1.000000e+00
    outer loop
      vertex   6.666279e+01 -7.294970e+01 -5.990000e+00
      vertex   6.221256e+01 -6.730069e+01 -5.990000e+00
      vertex   8.066279e+01 -7.294970e+01 -5.990000e+00
    endloop
  endfacet
  facet normal 1.102619e-16 4.567199e-17 -1.000000e+00
    outer loop
      vertex   8.066279e+01 -7.294970e+01 -5.990000e+00
      vertex   6.221256e+01 -6.730069e+01 -5.990000e+00
      vertex   6.205272e+01 -6.691480e+01 -5.990000e+00
    endloop
  endfacet
  facet normal 5.655525e-17 -1.199457e-16 -1.000000e+00
    outer loop
      vertex   8.066279e+01 -7.294970e+01 -5.990000e+00
      vertex   6.205272e+01 -6.691480e+01 -5.990000e+00
      vertex   8.571319e+01 -7.056840e+01 -5.990000e+00
    endloop
  endfacet
  facet normal 8.516851e-17 6.535209e-17 -1.000000e+00
    outer loop
      vertex   8.571319e+01 -7.056840e+01 -5.990000e+00
      vertex   6.205272e+01 -6.691480e+01 -5.990000e+00
      vertex   6.179845e+01 -6.658343e+01 -5.990000e+00
    endloop
  endfacet
  facet normal 9.075298e-17 9.886589e-17 -1.000000e+00
    outer loop
      vertex   8.571319e+01 -7.056840e+01 -5.990000e+00
      vertex   6.179845e+01 -6.658343e+01 -5.990000e+00
      vertex   5.940999e+01 -6.439096e+01 -5.990000e+00
    endloop
  endfacet
  facet normal 0.000000e+00 0.000000e+00 -1.000000e+00
    outer loop
      vertex   5.940999e+01 -6.439096e+01 -5.990000e+00
      vertex   6.179845e+01 -6.658343e+01 -5.990000e+00
      vertex   6.146708e+01 -6.632916e+01 -5.990000e+00
    endloop
  endfacet
  facet normal 0.000000e+00 0.000000e+00 -1.000000e+00
    outer loop
      vertex   5.940999e+01 -6.439096e+01 -5.990000e+00
      vertex   6.146708e+01 -6.632916e+01 -5.990000e+00
      vertex   6.108119e+01 -6.616932e+01 -5.990000e+00
    endloop
  endfacet
  facet normal 0.000000e+00 0.000000e+00 -1.000000e+00
    outer loop
      vertex   6.108119e+01 -6.616932e+01 -5.990000e+00
      vertex   6.066708e+01 -6.611480e+01 -5.990000e+00
      vertex   5.940999e+01 -6.439096e+01 -5.990000e+00
    endloop
  endfacet
  facet normal 0.000000e+00 0.000000e+00 -1.000000e+00
    outer loop
      vertex   5.940999e+01 -6.439096e+01 -5.990000e+00
      vertex   6.066708e+01 -6.611480e+01 -5.990000e+00
      vertex   6.025297e+01 -6.616932e+01 -5.990000e+00
    endloop
  endfacet
  facet normal 0.000000e+00 -0.000000e+00 -1.000000e+00
    outer loop
      vertex   5.940999e+01 -6.439096e+01 -5.990000e+00
      vertex   6.025297e+01 -6.616932e+01 -5.990000e+00
      vertex   5.878978e+01 -6.462120e+01 -5.990000e+00
    endloop
  endfacet
  facet normal 0.000000e+00 0.000000e+00 -1.000000e+00
    outer loop
      vertex   5.878978e+01 -6.462120e+01 -5.990000e+00
      vertex   6.025297e+01 -6.616932e+01 -5.990000e+00
      vertex   5.986708e+01 -6.632916e+01 -5.990000e+00
    endloop
  endfacet
  facet normal 0.000000e+00 -0.000000e+00 -1.000000e+00
    outer loop
      vertex   5.878978e+01 -6.462120e+01 -5.990000e+00
      vertex   5.986708e+01 -6.632916e+01 -5.990000e+00
      vertex   5.823512e+01 -6.498178e+01 -5.990000e+00
    endloop
  endfacet
  facet normal 0.000000e+00 -0.000000e+00 -1.000000e+00
    outer loop
      vertex   5.823512e+01 -6.498178e+01 -5.990000e+00
      vertex   5.986708e+01 -6.632916e+01 -5.990000e+00
      vertex   5.777298e+01 -6.545515e+01 -5.990000e+00
    endloop
  endfacet
  facet normal 0.000000e+00 0.000000e+00 -1.000000e+00
    outer loop
      vertex   5.777298e+01 -6.545515e+01 -5.990000e+00
      vertex   5.986708e+01 -6.632916e+01 -5.990000e+00
      vertex   5.953571e+01 -6.658343e+01 -5.990000e+00
    endloop
  endfacet
  facet normal 0.000000e+00 -0.000000e+00 -1.000000e+00
    outer loop
      vertex   5.777298e+01 -6.545515e+01 -5.990000e+00
      vertex   5.953571e+01 -6.658343e+01 -5.990000e+00
      vertex   5.742582e+01 -6.601831e+01 -5.990000e+00
    endloop
  endfacet
  facet normal 0.000000e+00 0.000000e+00 -1.000000e+00
    outer loop
      vertex   5.742582e+01 -6.601831e+01 -5.990000e+00
      vertex   5.953571e+01 -6.658343e+01 -5.990000e+00
      vertex   5.928144e+01 -6.691480e+01 -5.990000e+00
    endloop
  endfacet
  facet normal 0.000000e+00 -0.000000e+00 -1.000000e+00
    outer loop
      vertex   5.742582e+01 -6.601831e+01 -5.990000e+00
      vertex   5.928144e+01 -6.691480e+01 -5.990000e+00
      vertex   5.721054e+01 -6.664386e+01 -5.990000e+00
    endloop
  endfacet
  facet normal 0.000000e+00 0.000000e+00 -1.000000e+00
    outer loop
      vertex   5.721054e+01 -6.664386e+01 -5.990000e+00
      vertex   5.928144e+01 -6.691480e+01 -5.990000e+00
      vertex   5.912160e+01 -6.730069e+01 -5.990000e+00
    endloop
  endfacet
  facet normal 8.944209e-16 2.602347e-15 -1.000000e+00
    outer loop
      vertex   5.721054e+01 -6.664386e+01 -5.990000e+00
      vertex   5.912160e+01 -6.730069e+01 -5.990000e+00
      vertex   5.713759e+01 -6.730139e+01 -5.990000e+00
    endloop
  endfacet
  facet normal -0.000000e+00 0.000000e+00 -1.000000e+00
    outer loop
      vertex   8.212227e+01 -1.070471e+02 -5.990000e+00
      vertex   8.208479e+01 -1.073318e+02 -5.990000e+00
      vertex   8.066279e+01 -1.060001e+02 -5.990000e+00
    endloop
  endfacet
  facet normal 0.000000e+00 0.000000e+00 -1.000000e+00
    outer loop
      vertex   8.066279e+01 -1.060001e+02 -5.990000e+00
      vertex   8.208479e+01 -1.073318e+02 -5.990000e+00
      vertex   8.212227e+01 -1.076165e+02 -5.990000e+00
    endloop
  endfacet
  facet normal 0.000000e+00 0.000000e+00 -1.000000e+00
    outer loop
      vertex   8.066279e+01 -1.060001e+02 -5.990000e+00
      vertex   8.212227e+01 -1.076165e+02 -5.990000e+00
      vertex   8.066279e+01 -1.110505e+02 -5.990000e+00
    endloop
  endfacet
  facet normal 0.000000e+00 0.000000e+00 -1.000000e+00
    outer loop
      vertex   8.066279e+01 -1.110505e+02 -5.990000e+00
      vertex   8.212227e+01 -1.076165e+02 -5.990000e+00
      vertex   8.223216e+01 -1.078818e+02 -5.990000e+00
    endloop
  endfacet
  facet normal 0.000000e+00 0.000000e+00 -1.000000e+00
    outer loop
      vertex   8.066279e+01 -1.110505e+02 -5.990000e+00
      vertex   8.223216e+01 -1.078818e+02 -5.990000e+00
      vertex   8.240697e+01 -1.081096e+02 -5.990000e+00
    endloop
  endfacet
  facet normal 0.000000e+00 -0.000000e+00 -1.000000e+00
    outer loop
      vertex   8.240697e+01 -1.081096e+02 -5.990000e+00
      vertex   8.263479e+01 -1.082844e+02 -5.990000e+00
      vertex   8.066279e+01 -1.110505e+02 -5.990000e+00
    endloop
  endfacet
  facet normal 0.000000e+00 0.000000e+00 -1.000000e+00
    outer loop
      vertex   8.066279e+01 -1.110505e+02 -5.990000e+00
      vertex   8.263479e+01 -1.082844e+02 -5.990000e+00
      vertex   8.290009e+01 -1.083943e+02 -5.990000e+00
    endloop
  endfacet
  facet normal 0.000000e+00 0.000000e+00 -1.000000e+00
    outer loop
      vertex   8.066279e+01 -1.110505e+02 -5.990000e+00
      vertex   8.290009e+01 -1.083943e+02 -5.990000e+00
      vertex   8.318479e+01 -1.084318e+02 -5.990000e+00
    endloop
  endfacet
  facet normal 0.000000e+00 -0.000000e+00 -1.000000e+00
    outer loop
      vertex   8.318479e+01 -1.084318e+02 -5.990000e+00
      vertex   8.346949e+01 -1.083943e+02 -5.990000e+00
      vertex   8.066279e+01 -1.110505e+02 -5.990000e+00
    endloop
  endfacet
  facet normal 0.000000e+00 0.000000e+00 -1.000000e+00
    outer loop
      vertex   8.066279e+01 -1.110505e+02 -5.990000e+00
      vertex   8.346949e+01 -1.083943e+02 -5.990000e+00
      vertex   8.571319e+01 -1.086692e+02 -5.990000e+00
    endloop
  endfacet
  facet normal 0.000000e+00 0.000000e+00 -1.000000e+00
    outer loop
      vertex   8.066279e+01 -1.110505e+02 -5.990000e+00
      vertex   8.571319e+01 -1.086692e+02 -5.990000e+00
      vertex   8.571319e+01 -1.226692e+02 -5.990000e+00
    endloop
  endfacet
  facet normal 0.000000e+00 0.000000e+00 -1.000000e+00
    outer loop
      vertex   8.346949e+01 -1.083943e+02 -5.990000e+00
      vertex   8.373479e+01 -1.082844e+02 -5.990000e+00
      vertex   8.571319e+01 -1.086692e+02 -5.990000e+00
    endloop
  endfacet
  facet normal 0.000000e+00 0.000000e+00 -1.000000e+00
    outer loop
      vertex   8.571319e+01 -1.086692e+02 -5.990000e+00
      vertex   8.373479e+01 -1.082844e+02 -5.990000e+00
      vertex   8.396261e+01 -1.081096e+02 -5.990000e+00
    endloop
  endfacet
  facet normal 0.000000e+00 0.000000e+00 -1.000000e+00
    outer loop
      vertex   8.571319e+01 -1.086692e+02 -5.990000e+00
      vertex   8.396261e+01 -1.081096e+02 -5.990000e+00
      vertex   8.413742e+01 -1.078818e+02 -5.990000e+00
    endloop
  endfacet
  facet normal 0.000000e+00 0.000000e+00 -1.000000e+00
    outer loop
      vertex   8.413742e+01 -1.078818e+02 -5.990000e+00
      vertex   8.424731e+01 -1.076165e+02 -5.990000e+00
      vertex   8.571319e+01 -1.086692e+02 -5.990000e+00
    endloop
  endfacet
  facet normal 0.000000e+00 0.000000e+00 -1.000000e+00
    outer loop
      vertex   8.571319e+01 -1.086692e+02 -5.990000e+00
      vertex   8.424731e+01 -1.076165e+02 -5.990000e+00
      vertex   8.428479e+01 -1.073318e+02 -5.990000e+00
    endloop
  endfacet
  facet normal 0.000000e+00 0.000000e+00 -1.000000e+00
    outer loop
      vertex   8.571319e+01 -1.086692e+02 -5.990000e+00
      vertex   8.428479e+01 -1.073318e+02 -5.990000e+00
      vertex   8.424731e+01 -1.070471e+02 -5.990000e+00
    endloop
  endfacet
  facet normal 0.000000e+00 0.000000e+00 -1.000000e+00
    outer loop
      vertex   8.571319e+01 -1.086692e+02 -5.990000e+00
      vertex   8.424731e+01 -1.070471e+02 -5.990000e+00
      vertex   8.571319e+01 -1.036188e+02 -5.990000e+00
    endloop
  endfacet
  facet normal 0.000000e+00 0.000000e+00 -1.000000e+00
    outer loop
      vertex   8.571319e+01 -1.036188e+02 -5.990000e+00
      vertex   8.424731e+01 -1.070471e+02 -5.990000e+00
      vertex   8.413742e+01 -1.067818e+02 -5.990000e+00
    endloop
  endfacet
  facet normal 0.000000e+00 0.000000e+00 -1.000000e+00
    outer loop
      vertex   8.571319e+01 -1.036188e+02 -5.990000e+00
      vertex   8.413742e+01 -1.067818e+02 -5.990000e+00
      vertex   8.396261e+01 -1.065540e+02 -5.990000e+00
    endloop
  endfacet
  facet normal 0.000000e+00 0.000000e+00 -1.000000e+00
    outer loop
      vertex   8.396261e+01 -1.065540e+02 -5.990000e+00
      vertex   8.373479e+01 -1.063792e+02 -5.990000e+00
      vertex   8.571319e+01 -1.036188e+02 -5.990000e+00
    endloop
  endfacet
  facet normal 0.000000e+00 0.000000e+00 -1.000000e+00
    outer loop
      vertex   8.571319e+01 -1.036188e+02 -5.990000e+00
      vertex   8.373479e+01 -1.063792e+02 -5.990000e+00
      vertex   8.346949e+01 -1.062693e+02 -5.990000e+00
    endloop
  endfacet
  facet normal 0.000000e+00 0.000000e+00 -1.000000e+00
    outer loop
      vertex   8.571319e+01 -1.036188e+02 -5.990000e+00
      vertex   8.346949e+01 -1.062693e+02 -5.990000e+00
      vertex   8.318479e+01 -1.062318e+02 -5.990000e+00
    endloop
  endfacet
  facet normal -0.000000e+00 0.000000e+00 -1.000000e+00
    outer loop
      vertex   8.318479e+01 -1.062318e+02 -5.990000e+00
      vertex   8.290009e+01 -1.062693e+02 -5.990000e+00
      vertex   8.571319e+01 -1.036188e+02 -5.990000e+00
    endloop
  endfacet
  facet normal 0.000000e+00 0.000000e+00 -1.000000e+00
    outer loop
      vertex   8.571319e+01 -1.036188e+02 -5.990000e+00
      vertex   8.290009e+01 -1.062693e+02 -5.990000e+00
      vertex   8.066279e+01 -1.060001e+02 -5.990000e+00
    endloop
  endfacet
  facet normal -0.000000e+00 0.000000e+00 -1.000000e+00
    outer loop
      vertex   8.571319e+01 -1.036188e+02 -5.990000e+00
      vertex   8.066279e+01 -1.060001e+02 -5.990000e+00
      vertex   8.066279e+01 -9.200010e+01 -5.990000e+00
    endloop
  endfacet
  facet normal -0.000000e+00 0.000000e+00 -1.000000e+00
    outer loop
      vertex   8.290009e+01 -1.062693e+02 -5.990000e+00
      vertex   8.263479e+01 -1.063792e+02 -5.990000e+00
      vertex   8.066279e+01 -1.060001e+02 -5.990000e+00
    endloop
  endfacet
  facet normal 0.000000e+00 0.000000e+00 -1.000000e+00
    outer loop
      vertex   8.066279e+01 -1.060001e+02 -5.990000e+00
      vertex   8.263479e+01 -1.063792e+02 -5.990000e+00
      vertex   8.240697e+01 -1.065540e+02 -5.990000e+00
    endloop
  endfacet
  facet normal 0.000000e+00 0.000000e+00 -1.000000e+00
    outer loop
      vertex   8.066279e+01 -1.060001e+02 -5.990000e+00
      vertex   8.240697e+01 -1.065540e+02 -5.990000e+00
      vertex   8.223216e+01 -1.067818e+02 -5.990000e+00
    endloop
  endfacet
  facet normal -0.000000e+00 0.000000e+00 -1.000000e+00
    outer loop
      vertex   8.223216e+01 -1.067818e+02 -5.990000e+00
      vertex   8.212227e+01 -1.070471e+02 -5.990000e+00
      vertex   8.066279e+01 -1.060001e+02 -5.990000e+00
    endloop
  endfacet
  facet normal -0.000000e+00 0.000000e+00 -1.000000e+00
    outer loop
      vertex   1.841378e+02 -6.709701e+01 -5.990000e+00
      vertex   1.836549e+02 -6.746760e+01 -5.990000e+00
      vertex   1.841549e+02 -6.696760e+01 -5.990000e+00
    endloop
  endfacet
  facet normal 0.000000e+00 0.000000e+00 -1.000000e+00
    outer loop
      vertex   1.841549e+02 -6.696760e+01 -5.990000e+00
      vertex   1.836549e+02 -6.746760e+01 -5.990000e+00
      vertex   1.816326e+02 -6.746760e+01 -5.990000e+00
    endloop
  endfacet
  facet normal -0.000000e+00 0.000000e+00 -1.000000e+00
    outer loop
      vertex   1.841549e+02 -6.696760e+01 -5.990000e+00
      vertex   1.816326e+02 -6.746760e+01 -5.990000e+00
      vertex   1.822338e+02 -6.527069e+01 -5.990000e+00
    endloop
  endfacet
  facet normal 0.000000e+00 0.000000e+00 -1.000000e+00
    outer loop
      vertex   1.822338e+02 -6.527069e+01 -5.990000e+00
      vertex   1.816326e+02 -6.746760e+01 -5.990000e+00
      vertex   1.811150e+02 -6.753575e+01 -5.990000e+00
    endloop
  endfacet
  facet normal 0.000000e+00 0.000000e+00 -1.000000e+00
    outer loop
      vertex   1.822338e+02 -6.527069e+01 -5.990000e+00
      vertex   1.811150e+02 -6.753575e+01 -5.990000e+00
      vertex   1.806326e+02 -6.773555e+01 -5.990000e+00
    endloop
  endfacet
  facet normal 0.000000e+00 0.000000e+00 -1.000000e+00
    outer loop
      vertex   1.841378e+02 -6.709701e+01 -5.990000e+00
      vertex   1.840879e+02 -6.721760e+01 -5.990000e+00
      vertex   1.836549e+02 -6.746760e+01 -5.990000e+00
    endloop
  endfacet
  facet normal 0.000000e+00 0.000000e+00 -1.000000e+00
    outer loop
      vertex   1.836549e+02 -6.746760e+01 -5.990000e+00
      vertex   1.840879e+02 -6.721760e+01 -5.990000e+00
      vertex   1.840084e+02 -6.732115e+01 -5.990000e+00
    endloop
  endfacet
  facet normal 0.000000e+00 0.000000e+00 -1.000000e+00
    outer loop
      vertex   1.836549e+02 -6.746760e+01 -5.990000e+00
      vertex   1.840084e+02 -6.732115e+01 -5.990000e+00
      vertex   1.839049e+02 -6.740061e+01 -5.990000e+00
    endloop
  endfacet
  facet normal 0.000000e+00 0.000000e+00 -1.000000e+00
    outer loop
      vertex   1.839049e+02 -6.740061e+01 -5.990000e+00
      vertex   1.837843e+02 -6.745056e+01 -5.990000e+00
      vertex   1.836549e+02 -6.746760e+01 -5.990000e+00
    endloop
  endfacet
  facet normal -0.000000e+00 0.000000e+00 -1.000000e+00
    outer loop
      vertex   1.822338e+02 -6.527069e+01 -5.990000e+00
      vertex   1.806326e+02 -6.773555e+01 -5.990000e+00
      vertex   1.790538e+02 -6.083256e+01 -5.990000e+00
    endloop
  endfacet
  facet normal 0.000000e+00 0.000000e+00 -1.000000e+00
    outer loop
      vertex   1.790538e+02 -6.083256e+01 -5.990000e+00
      vertex   1.806326e+02 -6.773555e+01 -5.990000e+00
      vertex   1.802184e+02 -6.805338e+01 -5.990000e+00
    endloop
  endfacet
  facet normal 1.886023e-16 3.041842e-17 -1.000000e+00
    outer loop
      vertex   1.790538e+02 -6.083256e+01 -5.990000e+00
      vertex   1.802184e+02 -6.805338e+01 -5.990000e+00
      vertex   1.759148e+02 -7.056840e+01 -5.990000e+00
    endloop
  endfacet
  facet normal 3.741594e-16 -2.871026e-16 -1.000000e+00
    outer loop
      vertex   1.759148e+02 -7.056840e+01 -5.990000e+00
      vertex   1.802184e+02 -6.805338e+01 -5.990000e+00
      vertex   1.799006e+02 -6.846760e+01 -5.990000e+00
    endloop
  endfacet
  facet normal 2.850730e-16 -1.180811e-16 -1.000000e+00
    outer loop
      vertex   1.759148e+02 -7.056840e+01 -5.990000e+00
      vertex   1.799006e+02 -6.846760e+01 -5.990000e+00
      vertex   1.797008e+02 -6.894996e+01 -5.990000e+00
    endloop
  endfacet
  facet normal 2.485858e-16 -3.272694e-17 -1.000000e+00
    outer loop
      vertex   1.797008e+02 -6.894996e+01 -5.990000e+00
      vertex   1.796326e+02 -6.946760e+01 -5.990000e+00
      vertex   1.759148e+02 -7.056840e+01 -5.990000e+00
    endloop
  endfacet
  facet normal 2.388958e-16 0.000000e+00 -1.000000e+00
    outer loop
      vertex   1.759148e+02 -7.056840e+01 -5.990000e+00
      vertex   1.796326e+02 -6.946760e+01 -5.990000e+00
      vertex   1.759148e+02 -8.456840e+01 -5.990000e+00
    endloop
  endfacet
  facet normal 2.388958e-16 0.000000e+00 -1.000000e+00
    outer loop
      vertex   1.759148e+02 -8.456840e+01 -5.990000e+00
      vertex   1.796326e+02 -6.946760e+01 -5.990000e+00
      vertex   1.796326e+02 -8.999363e+01 -5.990000e+00
    endloop
  endfacet
  facet normal 2.388958e-16 -5.377655e-30 -1.000000e+00
    outer loop
      vertex   1.759148e+02 -8.456840e+01 -5.990000e+00
      vertex   1.796326e+02 -8.999363e+01 -5.990000e+00
      vertex   1.759148e+02 -8.961880e+01 -5.990000e+00
    endloop
  endfacet
  facet normal 2.421093e-16 3.187430e-17 -1.000000e+00
    outer loop
      vertex   1.759148e+02 -8.961880e+01 -5.990000e+00
      vertex   1.796326e+02 -8.999363e+01 -5.990000e+00
      vertex   1.797008e+02 -9.051127e+01 -5.990000e+00
    endloop
  endfacet
  facet normal 2.599807e-16 1.076875e-16 -1.000000e+00
    outer loop
      vertex   1.759148e+02 -8.961880e+01 -5.990000e+00
      vertex   1.797008e+02 -9.051127e+01 -5.990000e+00
      vertex   1.799006e+02 -9.099363e+01 -5.990000e+00
    endloop
  endfacet
  facet normal 3.030444e-16 2.325341e-16 -1.000000e+00
    outer loop
      vertex   1.799006e+02 -9.099363e+01 -5.990000e+00
      vertex   1.802184e+02 -9.140784e+01 -5.990000e+00
      vertex   1.759148e+02 -8.961880e+01 -5.990000e+00
    endloop
  endfacet
  facet normal 4.503704e-16 5.869341e-16 -1.000000e+00
    outer loop
      vertex   1.759148e+02 -8.961880e+01 -5.990000e+00
      vertex   1.802184e+02 -9.140784e+01 -5.990000e+00
      vertex   1.806326e+02 -9.172568e+01 -5.990000e+00
    endloop
  endfacet
  facet normal 1.882592e-16 0.000000e+00 -1.000000e+00
    outer loop
      vertex   1.759148e+02 -8.961880e+01 -5.990000e+00
      vertex   1.806326e+02 -9.172568e+01 -5.990000e+00
      vertex   1.759148e+02 -1.036188e+02 -5.990000e+00
    endloop
  endfacet
  facet normal 2.656801e-17 6.414084e-17 -1.000000e+00
    outer loop
      vertex   1.759148e+02 -1.036188e+02 -5.990000e+00
      vertex   1.806326e+02 -9.172568e+01 -5.990000e+00
      vertex   1.811150e+02 -9.192548e+01 -5.990000e+00
    endloop
  endfacet
  facet normal 9.446720e-18 7.175496e-17 -1.000000e+00
    outer loop
      vertex   1.759148e+02 -1.036188e+02 -5.990000e+00
      vertex   1.811150e+02 -9.192548e+01 -5.990000e+00
      vertex   1.816326e+02 -9.199363e+01 -5.990000e+00
    endloop
  endfacet
  facet normal 1.183550e-16 1.818831e-17 -1.000000e+00
    outer loop
      vertex   1.816326e+02 -9.199363e+01 -5.990000e+00
      vertex   1.966414e+02 -9.199363e+01 -5.990000e+00
      vertex   1.759148e+02 -1.036188e+02 -5.990000e+00
    endloop
  endfacet
  facet normal 9.738021e-17 5.558443e-17 -1.000000e+00
    outer loop
      vertex   1.759148e+02 -1.036188e+02 -5.990000e+00
      vertex   1.966414e+02 -9.199363e+01 -5.990000e+00
      vertex   2.038686e+02 -1.046553e+02 -5.990000e+00
    endloop
  endfacet
  facet normal 9.531925e-17 0.000000e+00 -1.000000e+00
    outer loop
      vertex   1.759148e+02 -1.036188e+02 -5.990000e+00
      vertex   2.038686e+02 -1.046553e+02 -5.990000e+00
      vertex   1.759148e+02 -1.086692e+02 -5.990000e+00
    endloop
  endfacet
  facet normal 9.531925e-17 0.000000e+00 -1.000000e+00
    outer loop
      vertex   1.759148e+02 -1.086692e+02 -5.990000e+00
      vertex   2.038686e+02 -1.046553e+02 -5.990000e+00
      vertex   2.038686e+02 -1.156685e+02 -5.990000e+00
    endloop
  endfacet
  facet normal 9.531925e-17 0.000000e+00 -1.000000e+00
    outer loop
      vertex   1.759148e+02 -1.086692e+02 -5.990000e+00
      vertex   2.038686e+02 -1.156685e+02 -5.990000e+00
      vertex   1.759148e+02 -1.226692e+02 -5.990000e+00
    endloop
  endfacet
  facet normal 1.176173e-16 -8.903644e-17 -1.000000e+00
    outer loop
      vertex   1.759148e+02 -1.226692e+02 -5.990000e+00
      vertex   2.038686e+02 -1.156685e+02 -5.990000e+00
      vertex   1.806952e+02 -1.263297e+02 -5.990000e+00
    endloop
  endfacet
  facet normal 1.311104e-16 -7.141496e-17 -1.000000e+00
    outer loop
      vertex   1.759148e+02 -1.226692e+02 -5.990000e+00
      vertex   1.806952e+02 -1.263297e+02 -5.990000e+00
      vertex   1.663896e+02 -1.277196e+02 -5.990000e+00
    endloop
  endfacet
  facet normal 1.232549e-16 9.436739e-18 -1.000000e+00
    outer loop
      vertex   1.663896e+02 -1.277196e+02 -5.990000e+00
      vertex   1.806952e+02 -1.263297e+02 -5.990000e+00
      vertex   1.744485e+02 -1.388588e+02 -5.990000e+00
    endloop
  endfacet
  facet normal 1.102112e-16 0.000000e+00 -1.000000e+00
    outer loop
      vertex   1.663896e+02 -1.277196e+02 -5.990000e+00
      vertex   1.744485e+02 -1.388588e+02 -5.990000e+00
      vertex   1.663896e+02 -1.417196e+02 -5.990000e+00
    endloop
  endfacet
  facet normal 1.054472e-16 1.342004e-17 -1.000000e+00
    outer loop
      vertex   1.663896e+02 -1.417196e+02 -5.990000e+00
      vertex   1.744485e+02 -1.388588e+02 -5.990000e+00
      vertex   1.676584e+02 -1.516889e+02 -5.990000e+00
    endloop
  endfacet
  facet normal 0.000000e+00 0.000000e+00 -1.000000e+00
    outer loop
      vertex   1.663896e+02 -1.417196e+02 -5.990000e+00
      vertex   1.676584e+02 -1.516889e+02 -5.990000e+00
      vertex   1.671651e+02 -1.514450e+02 -5.990000e+00
    endloop
  endfacet
  facet normal 0.000000e+00 0.000000e+00 -1.000000e+00
    outer loop
      vertex   1.966414e+02 -9.199363e+01 -5.990000e+00
      vertex   1.971590e+02 -9.192548e+01 -5.990000e+00
      vertex   2.038686e+02 -1.046553e+02 -5.990000e+00
    endloop
  endfacet
  facet normal 6.668940e-16 3.515056e-16 -1.000000e+00
    outer loop
      vertex   2.038686e+02 -1.046553e+02 -5.990000e+00
      vertex   1.971590e+02 -9.192548e+01 -5.990000e+00
      vertex   2.061447e+02 -1.039200e+02 -5.990000e+00
    endloop
  endfacet
  facet normal 1.000369e-15 -6.808346e-16 -1.000000e+00
    outer loop
      vertex   2.038686e+02 -1.046553e+02 -5.990000e+00
      vertex   2.061447e+02 -1.039200e+02 -5.990000e+00
      vertex   2.056443e+02 -1.046553e+02 -5.990000e+00
    endloop
  endfacet
  facet normal 8.899303e-14 -6.056718e-14 -1.000000e+00
    outer loop
      vertex   2.056443e+02 -1.046553e+02 -5.990000e+00
      vertex   2.061447e+02 -1.039200e+02 -5.990000e+00
      vertex   2.061357e+02 -1.040506e+02 -5.990000e+00
    endloop
  endfacet
  facet normal -6.040372e-14 6.083618e-14 -1.000000e+00
    outer loop
      vertex   2.056443e+02 -1.046553e+02 -5.990000e+00
      vertex   2.061357e+02 -1.040506e+02 -5.990000e+00
      vertex   2.061092e+02 -1.041790e+02 -5.990000e+00
    endloop
  endfacet
  facet normal 4.681635e-17 -1.130247e-16 -1.000000e+00
    outer loop
      vertex   1.971590e+02 -9.192548e+01 -5.990000e+00
      vertex   1.976414e+02 -9.172568e+01 -5.990000e+00
      vertex   2.061447e+02 -1.039200e+02 -5.990000e+00
    endloop
  endfacet
  facet normal 7.281549e-17 -9.489500e-17 -1.000000e+00
    outer loop
      vertex   2.061447e+02 -1.039200e+02 -5.990000e+00
      vertex   1.976414e+02 -9.172568e+01 -5.990000e+00
      vertex   1.980556e+02 -9.140784e+01 -5.990000e+00
    endloop
  endfacet
  facet normal 1.004156e-16 -7.705157e-17 -1.000000e+00
    outer loop
      vertex   2.061447e+02 -1.039200e+02 -5.990000e+00
      vertex   1.980556e+02 -9.140784e+01 -5.990000e+00
      vertex   1.983734e+02 -9.099363e+01 -5.990000e+00
    endloop
  endfacet
  facet normal 1.353356e-16 -5.605783e-17 -1.000000e+00
    outer loop
      vertex   1.983734e+02 -9.099363e+01 -5.990000e+00
      vertex   1.985732e+02 -9.051127e+01 -5.990000e+00
      vertex   2.061447e+02 -1.039200e+02 -5.990000e+00
    endloop
  endfacet
  facet normal 1.902537e-16 -2.504738e-17 -1.000000e+00
    outer loop
      vertex   2.061447e+02 -1.039200e+02 -5.990000e+00
      vertex   1.985732e+02 -9.051127e+01 -5.990000e+00
      vertex   1.986414e+02 -8.999363e+01 -5.990000e+00
    endloop
  endfacet
  facet normal 2.363327e-16 -2.206906e-19 -1.000000e+00
    outer loop
      vertex   2.061447e+02 -1.039200e+02 -5.990000e+00
      vertex   1.986414e+02 -8.999363e+01 -5.990000e+00
      vertex   2.061820e+02 -6.397040e+01 -5.990000e+00
    endloop
  endfacet
  facet normal 4.623327e-16 0.000000e+00 -1.000000e+00
    outer loop
      vertex   1.940907e+02 -6.696760e+01 -5.990000e+00
      vertex   1.940907e+02 -6.527069e+01 -5.990000e+00
      vertex   1.960118e+02 -6.527069e+01 -5.990000e+00
    endloop
  endfacet
  facet normal 0.000000e+00 0.000000e+00 -1.000000e+00
    outer loop
      vertex   1.960118e+02 -6.146760e+01 -5.990000e+00
      vertex   1.960220e+02 -6.137015e+01 -5.990000e+00
      vertex   1.965119e+02 -6.096760e+01 -5.990000e+00
    endloop
  endfacet
  facet normal 0.000000e+00 0.000000e+00 -1.000000e+00
    outer loop
      vertex   1.965119e+02 -6.096760e+01 -5.990000e+00
      vertex   1.960220e+02 -6.137015e+01 -5.990000e+00
      vertex   1.960499e+02 -6.127624e+01 -5.990000e+00
    endloop
  endfacet
  facet normal 0.000000e+00 0.000000e+00 -1.000000e+00
    outer loop
      vertex   1.965119e+02 -6.096760e+01 -5.990000e+00
      vertex   1.960499e+02 -6.127624e+01 -5.990000e+00
      vertex   1.960966e+02 -6.119011e+01 -5.990000e+00
    endloop
  endfacet
  facet normal 0.000000e+00 0.000000e+00 -1.000000e+00
    outer loop
      vertex   1.960966e+02 -6.119011e+01 -5.990000e+00
      vertex   1.961583e+02 -6.111403e+01 -5.990000e+00
      vertex   1.965119e+02 -6.096760e+01 -5.990000e+00
    endloop
  endfacet
  facet normal 0.000000e+00 0.000000e+00 -1.000000e+00
    outer loop
      vertex   1.965119e+02 -6.096760e+01 -5.990000e+00
      vertex   1.961583e+02 -6.111403e+01 -5.990000e+00
      vertex   1.962344e+02 -6.105233e+01 -5.990000e+00
    endloop
  endfacet
  facet normal 0.000000e+00 0.000000e+00 -1.000000e+00
    outer loop
      vertex   1.965119e+02 -6.096760e+01 -5.990000e+00
      vertex   1.962344e+02 -6.105233e+01 -5.990000e+00
      vertex   1.964145e+02 -6.097777e+01 -5.990000e+00
    endloop
  endfacet
  facet normal 0.000000e+00 0.000000e+00 -1.000000e+00
    outer loop
      vertex   1.964145e+02 -6.097777e+01 -5.990000e+00
      vertex   1.962344e+02 -6.105233e+01 -5.990000e+00
      vertex   1.963205e+02 -6.100565e+01 -5.990000e+00
    endloop
  endfacet
  facet normal 2.989320e-15 -1.053477e-15 -1.000000e+00
    outer loop
      vertex   2.061092e+02 -1.041790e+02 -5.990000e+00
      vertex   2.060660e+02 -1.043016e+02 -5.990000e+00
      vertex   2.056443e+02 -1.046553e+02 -5.990000e+00
    endloop
  endfacet
  facet normal 1.575711e-14 -1.628074e-14 -1.000000e+00
    outer loop
      vertex   2.056443e+02 -1.046553e+02 -5.990000e+00
      vertex   2.060660e+02 -1.043016e+02 -5.990000e+00
      vertex   2.060080e+02 -1.044124e+02 -5.990000e+00
    endloop
  endfacet
  facet normal 3.496412e-14 -4.504077e-14 -1.000000e+00
    outer loop
      vertex   2.056443e+02 -1.046553e+02 -5.990000e+00
      vertex   2.060080e+02 -1.044124e+02 -5.990000e+00
      vertex   2.059374e+02 -1.045066e+02 -5.990000e+00
    endloop
  endfacet
  facet normal 2.747740e-14 -3.027781e-14 -1.000000e+00
    outer loop
      vertex   2.059374e+02 -1.045066e+02 -5.990000e+00
      vertex   2.058536e+02 -1.045826e+02 -5.990000e+00
      vertex   2.056443e+02 -1.046553e+02 -5.990000e+00
    endloop
  endfacet
  facet normal 3.784999e-14 -6.017147e-14 -1.000000e+00
    outer loop
      vertex   2.056443e+02 -1.046553e+02 -5.990000e+00
      vertex   2.058536e+02 -1.045826e+02 -5.990000e+00
      vertex   2.058059e+02 -1.046127e+02 -5.990000e+00
    endloop
  endfacet
  facet normal -1.380952e-12 5.321879e-12 -1.000000e+00
    outer loop
      vertex   2.056443e+02 -1.046553e+02 -5.990000e+00
      vertex   2.058059e+02 -1.046127e+02 -5.990000e+00
      vertex   2.057545e+02 -1.046357e+02 -5.990000e+00
    endloop
  endfacet
  facet normal -2.183139e-12 9.835876e-12 -1.000000e+00
    outer loop
      vertex   2.057545e+02 -1.046357e+02 -5.990000e+00
      vertex   2.057002e+02 -1.046503e+02 -5.990000e+00
      vertex   2.056443e+02 -1.046553e+02 -5.990000e+00
    endloop
  endfacet
  facet normal 7.842203e-16 -7.323153e-19 -1.000000e+00
    outer loop
      vertex   2.061279e+02 -1.219000e+02 -5.990000e+00
      vertex   2.038686e+02 -1.156685e+02 -5.990000e+00
      vertex   2.061330e+02 -1.164047e+02 -5.990000e+00
    endloop
  endfacet
  facet normal 1.006530e-15 6.830794e-16 -1.000000e+00
    outer loop
      vertex   2.061330e+02 -1.164047e+02 -5.990000e+00
      vertex   2.038686e+02 -1.156685e+02 -5.990000e+00
      vertex   2.056334e+02 -1.156685e+02 -5.990000e+00
    endloop
  endfacet
  facet normal 6.630796e-15 4.499975e-15 -1.000000e+00
    outer loop
      vertex   2.061330e+02 -1.164047e+02 -5.990000e+00
      vertex   2.056334e+02 -1.156685e+02 -5.990000e+00
      vertex   2.061025e+02 -1.161623e+02 -5.990000e+00
    endloop
  endfacet
  facet normal 2.879223e-15 9.363395e-16 -1.000000e+00
    outer loop
      vertex   2.061025e+02 -1.161623e+02 -5.990000e+00
      vertex   2.056334e+02 -1.156685e+02 -5.990000e+00
      vertex   2.060646e+02 -1.160459e+02 -5.990000e+00
    endloop
  endfacet
  facet normal 1.870595e-13 2.113971e-13 -1.000000e+00
    outer loop
      vertex   2.060646e+02 -1.160459e+02 -5.990000e+00
      vertex   2.056334e+02 -1.156685e+02 -5.990000e+00
      vertex   2.060115e+02 -1.159359e+02 -5.990000e+00
    endloop
  endfacet
  facet normal 2.032363e-10 2.873814e-10 -1.000000e+00
    outer loop
      vertex   2.060115e+02 -1.159359e+02 -5.990000e+00
      vertex   2.056334e+02 -1.156685e+02 -5.990000e+00
      vertex   2.059420e+02 -1.158353e+02 -5.990000e+00
    endloop
  endfacet
  facet normal 1.999549e-10 2.813108e-10 -1.000000e+00
    outer loop
      vertex   2.059420e+02 -1.158353e+02 -5.990000e+00
      vertex   2.056334e+02 -1.156685e+02 -5.990000e+00
      vertex   2.058552e+02 -1.157505e+02 -5.990000e+00
    endloop
  endfacet
  facet normal -1.116178e-10 -5.612715e-10 -1.000000e+00
    outer loop
      vertex   2.058552e+02 -1.157505e+02 -5.990000e+00
      vertex   2.056334e+02 -1.156685e+02 -5.990000e+00
      vertex   2.058051e+02 -1.157168e+02 -5.990000e+00
    endloop
  endfacet
  facet normal -9.310485e-11 -4.953957e-10 -1.000000e+00
    outer loop
      vertex   2.058051e+02 -1.157168e+02 -5.990000e+00
      vertex   2.056334e+02 -1.156685e+02 -5.990000e+00
      vertex   2.057506e+02 -1.156907e+02 -5.990000e+00
    endloop
  endfacet
  facet normal 5.685347e-13 -5.997842e-13 -1.000000e+00
    outer loop
      vertex   2.057506e+02 -1.156907e+02 -5.990000e+00
      vertex   2.056334e+02 -1.156685e+02 -5.990000e+00
      vertex   2.056930e+02 -1.156742e+02 -5.990000e+00
    endloop
  endfacet
  facet normal 0.000000e+00 0.000000e+00 -1.000000e+00
    outer loop
      vertex   2.020941e+02 -1.724368e+02 -5.990000e+00
      vertex   2.013726e+02 -1.723030e+02 -5.990000e+00
      vertex   2.021159e+02 -1.701852e+02 -5.990000e+00
    endloop
  endfacet
  facet normal 0.000000e+00 0.000000e+00 -1.000000e+00
    outer loop
      vertex   2.021159e+02 -1.701852e+02 -5.990000e+00
      vertex   2.013726e+02 -1.723030e+02 -5.990000e+00
      vertex   2.007052e+02 -1.719982e+02 -5.990000e+00
    endloop
  endfacet
  facet normal 0.000000e+00 0.000000e+00 -1.000000e+00
    outer loop
      vertex   1.671651e+02 -1.514450e+02 -5.990000e+00
      vertex   1.666356e+02 -1.512953e+02 -5.990000e+00
      vertex   1.663896e+02 -1.417196e+02 -5.990000e+00
    endloop
  endfacet
  facet normal 0.000000e+00 -0.000000e+00 -1.000000e+00
    outer loop
      vertex   1.663896e+02 -1.417196e+02 -5.990000e+00
      vertex   1.666356e+02 -1.512953e+02 -5.990000e+00
      vertex   1.660876e+02 -1.512448e+02 -5.990000e+00
    endloop
  endfacet
  facet normal 7.500456e-17 4.552410e-16 -1.000000e+00
    outer loop
      vertex   1.491340e+02 -1.512192e+02 -5.990000e+00
      vertex   1.489407e+02 -1.511874e+02 -5.990000e+00
      vertex   1.495259e+02 -1.493328e+02 -5.990000e+00
    endloop
  endfacet
  facet normal 1.530389e-16 1.053698e-16 -1.000000e+00
    outer loop
      vertex   1.333392e+02 -1.369570e+02 -5.990000e+00
      vertex   1.489407e+02 -1.511874e+02 -5.990000e+00
      vertex   1.142888e+02 -1.345757e+02 -5.990000e+00
    endloop
  endfacet
  facet normal 1.140860e-16 2.411433e-17 -1.000000e+00
    outer loop
      vertex   1.142888e+02 -1.345757e+02 -5.990000e+00
      vertex   1.489407e+02 -1.511874e+02 -5.990000e+00
      vertex   5.955350e+01 -1.334444e+02 -5.990000e+00
    endloop
  endfacet
  facet normal 1.121331e-16 -7.037183e-17 -1.000000e+00
    outer loop
      vertex   1.142888e+02 -1.345757e+02 -5.990000e+00
      vertex   5.955350e+01 -1.334444e+02 -5.990000e+00
      vertex   8.066279e+01 -1.250505e+02 -5.990000e+00
    endloop
  endfacet
  facet normal 1.864903e-16 0.000000e+00 -1.000000e+00
    outer loop
      vertex   5.713759e+01 -6.730139e+01 -5.990000e+00
      vertex   6.666279e+01 -9.200010e+01 -5.990000e+00
      vertex   5.713759e+01 -1.305018e+02 -5.990000e+00
    endloop
  endfacet
  facet normal 1.864903e-16 -1.892990e-31 -1.000000e+00
    outer loop
      vertex   5.713759e+01 -1.305018e+02 -5.990000e+00
      vertex   6.666279e+01 -9.200010e+01 -5.990000e+00
      vertex   6.666279e+01 -1.060001e+02 -5.990000e+00
    endloop
  endfacet
  facet normal 1.864903e-16 0.000000e+00 -1.000000e+00
    outer loop
      vertex   5.713759e+01 -1.305018e+02 -5.990000e+00
      vertex   6.666279e+01 -1.060001e+02 -5.990000e+00
      vertex   6.666279e+01 -1.110505e+02 -5.990000e+00
    endloop
  endfacet
  facet normal 1.268826e-16 0.000000e+00 -1.000000e+00
    outer loop
      vertex   6.666279e+01 -1.110505e+02 -5.990000e+00
      vertex   6.666279e+01 -1.060001e+02 -5.990000e+00
      vertex   8.066279e+01 -1.060001e+02 -5.990000e+00
    endloop
  endfacet
  facet normal 1.268826e-16 3.570234e-31 -1.000000e+00
    outer loop
      vertex   6.666279e+01 -1.110505e+02 -5.990000e+00
      vertex   8.066279e+01 -1.060001e+02 -5.990000e+00
      vertex   8.066279e+01 -1.110505e+02 -5.990000e+00
    endloop
  endfacet
  facet normal 1.133439e-16 1.950569e-16 -1.000000e+00
    outer loop
      vertex   8.571319e+01 -7.056840e+01 -5.990000e+00
      vertex   5.940999e+01 -6.439096e+01 -5.990000e+00
      vertex   1.047636e+02 -6.342450e+01 -5.990000e+00
    endloop
  endfacet
  facet normal 1.188977e-16 -6.556882e-17 -1.000000e+00
    outer loop
      vertex   1.047636e+02 -6.342450e+01 -5.990000e+00
      vertex   5.940999e+01 -6.439096e+01 -5.990000e+00
      vertex   1.200628e+02 -4.922776e+01 -5.990000e+00
    endloop
  endfacet
  facet normal 6.344132e-17 -5.805829e-18 -1.000000e+00
    outer loop
      vertex   1.047636e+02 -6.342450e+01 -5.990000e+00
      vertex   1.200628e+02 -4.922776e+01 -5.990000e+00
      vertex   1.187636e+02 -6.342450e+01 -5.990000e+00
    endloop
  endfacet
  facet normal 1.924733e-16 -1.761419e-17 -1.000000e+00
    outer loop
      vertex   1.187636e+02 -6.342450e+01 -5.990000e+00
      vertex   1.200628e+02 -4.922776e+01 -5.990000e+00
      vertex   1.238140e+02 -5.866190e+01 -5.990000e+00
    endloop
  endfacet
  facet normal 1.758629e-16 0.000000e+00 -1.000000e+00
    outer loop
      vertex   1.187636e+02 -6.342450e+01 -5.990000e+00
      vertex   1.238140e+02 -5.866190e+01 -5.990000e+00
      vertex   1.238140e+02 -7.266190e+01 -5.990000e+00
    endloop
  endfacet
  facet normal 1.105460e-17 -8.974964e-17 -1.000000e+00
    outer loop
      vertex   1.238140e+02 -5.866190e+01 -5.990000e+00
      vertex   1.200628e+02 -4.922776e+01 -5.990000e+00
      vertex   1.207900e+02 -4.913819e+01 -5.990000e+00
    endloop
  endfacet
  facet normal 0.000000e+00 0.000000e+00 -1.000000e+00
    outer loop
      vertex   1.207900e+02 -4.913819e+01 -5.990000e+00
      vertex   1.200628e+02 -4.922776e+01 -5.990000e+00
      vertex   1.203025e+02 -4.917813e+01 -5.990000e+00
    endloop
  endfacet
  facet normal 0.000000e+00 0.000000e+00 -1.000000e+00
    outer loop
      vertex   1.207900e+02 -4.913819e+01 -5.990000e+00
      vertex   1.203025e+02 -4.917813e+01 -5.990000e+00
      vertex   1.205454e+02 -4.914821e+01 -5.990000e+00
    endloop
  endfacet
  facet normal -0.000000e+00 -0.000000e+00 -1.000000e+00
    outer loop
      vertex   1.412429e+02 -4.915065e+01 -5.990000e+00
      vertex   1.415407e+02 -4.919581e+01 -5.990000e+00
      vertex   1.409421e+02 -4.913557e+01 -5.990000e+00
    endloop
  endfacet
  facet normal 0.000000e+00 0.000000e+00 -1.000000e+00
    outer loop
      vertex   1.409421e+02 -4.913557e+01 -5.990000e+00
      vertex   1.415407e+02 -4.919581e+01 -5.990000e+00
      vertex   1.418324e+02 -4.927061e+01 -5.990000e+00
    endloop
  endfacet
  facet normal 1.347004e-17 8.881096e-17 -1.000000e+00
    outer loop
      vertex   1.409421e+02 -4.913557e+01 -5.990000e+00
      vertex   1.418324e+02 -4.927061e+01 -5.990000e+00
      vertex   1.378140e+02 -5.866190e+01 -5.990000e+00
    endloop
  endfacet
  facet normal 1.109135e-16 4.711577e-17 -1.000000e+00
    outer loop
      vertex   1.378140e+02 -5.866190e+01 -5.990000e+00
      vertex   1.418324e+02 -4.927061e+01 -5.990000e+00
      vertex   1.568644e+02 -6.580580e+01 -5.990000e+00
    endloop
  endfacet
  facet normal 6.344132e-17 -7.947682e-17 -1.000000e+00
    outer loop
      vertex   1.378140e+02 -5.866190e+01 -5.990000e+00
      vertex   1.568644e+02 -6.580580e+01 -5.990000e+00
      vertex   1.428644e+02 -6.580580e+01 -5.990000e+00
    endloop
  endfacet
  facet normal 1.430090e-16 7.629337e-17 -1.000000e+00
    outer loop
      vertex   1.418324e+02 -4.927061e+01 -5.990000e+00
      vertex   1.790538e+02 -6.083256e+01 -5.990000e+00
      vertex   1.568644e+02 -6.580580e+01 -5.990000e+00
    endloop
  endfacet
  facet normal 1.969047e-16 -1.641770e-16 -1.000000e+00
    outer loop
      vertex   1.568644e+02 -6.580580e+01 -5.990000e+00
      vertex   1.790538e+02 -6.083256e+01 -5.990000e+00
      vertex   1.619148e+02 -7.056840e+01 -5.990000e+00
    endloop
  endfacet
  facet normal 3.517260e-16 0.000000e+00 -1.000000e+00
    outer loop
      vertex   1.568644e+02 -6.580580e+01 -5.990000e+00
      vertex   1.619148e+02 -7.056840e+01 -5.990000e+00
      vertex   1.568644e+02 -7.980580e+01 -5.990000e+00
    endloop
  endfacet
  facet normal 5.700695e-16 -1.193757e-16 -1.000000e+00
    outer loop
      vertex   1.568644e+02 -7.980580e+01 -5.990000e+00
      vertex   1.619148e+02 -7.056840e+01 -5.990000e+00
      vertex   1.596741e+02 -8.126868e+01 -5.990000e+00
    endloop
  endfacet
  facet normal -2.139674e-16 -1.625244e-15 -1.000000e+00
    outer loop
      vertex   1.568644e+02 -7.980580e+01 -5.990000e+00
      vertex   1.596741e+02 -8.126868e+01 -5.990000e+00
      vertex   1.593894e+02 -8.123120e+01 -5.990000e+00
    endloop
  endfacet
  facet normal 0.000000e+00 0.000000e+00 -1.000000e+00
    outer loop
      vertex   1.790538e+02 -6.083256e+01 -5.990000e+00
      vertex   1.793454e+02 -6.090733e+01 -5.990000e+00
      vertex   1.822338e+02 -6.527069e+01 -5.990000e+00
    endloop
  endfacet
  facet normal 0.000000e+00 0.000000e+00 -1.000000e+00
    outer loop
      vertex   1.822338e+02 -6.527069e+01 -5.990000e+00
      vertex   1.793454e+02 -6.090733e+01 -5.990000e+00
      vertex   1.796431e+02 -6.095249e+01 -5.990000e+00
    endloop
  endfacet
  facet normal 0.000000e+00 0.000000e+00 -1.000000e+00
    outer loop
      vertex   1.822338e+02 -6.527069e+01 -5.990000e+00
      vertex   1.796431e+02 -6.095249e+01 -5.990000e+00
      vertex   1.799438e+02 -6.096760e+01 -5.990000e+00
    endloop
  endfacet
  facet normal 0.000000e+00 0.000000e+00 -1.000000e+00
    outer loop
      vertex   1.822338e+02 -6.527069e+01 -5.990000e+00
      vertex   1.799438e+02 -6.096760e+01 -5.990000e+00
      vertex   1.822338e+02 -6.146760e+01 -5.990000e+00
    endloop
  endfacet
  facet normal 0.000000e+00 0.000000e+00 -1.000000e+00
    outer loop
      vertex   1.822338e+02 -6.146760e+01 -5.990000e+00
      vertex   1.799438e+02 -6.096760e+01 -5.990000e+00
      vertex   1.817337e+02 -6.096760e+01 -5.990000e+00
    endloop
  endfacet
  facet normal 0.000000e+00 0.000000e+00 -1.000000e+00
    outer loop
      vertex   1.822338e+02 -6.146760e+01 -5.990000e+00
      vertex   1.817337e+02 -6.096760e+01 -5.990000e+00
      vertex   1.822236e+02 -6.137015e+01 -5.990000e+00
    endloop
  endfacet
  facet normal 0.000000e+00 0.000000e+00 -1.000000e+00
    outer loop
      vertex   1.822236e+02 -6.137015e+01 -5.990000e+00
      vertex   1.817337e+02 -6.096760e+01 -5.990000e+00
      vertex   1.821957e+02 -6.127624e+01 -5.990000e+00
    endloop
  endfacet
  facet normal 0.000000e+00 0.000000e+00 -1.000000e+00
    outer loop
      vertex   1.821957e+02 -6.127624e+01 -5.990000e+00
      vertex   1.817337e+02 -6.096760e+01 -5.990000e+00
      vertex   1.821490e+02 -6.119011e+01 -5.990000e+00
    endloop
  endfacet
  facet normal 0.000000e+00 0.000000e+00 -1.000000e+00
    outer loop
      vertex   1.821490e+02 -6.119011e+01 -5.990000e+00
      vertex   1.817337e+02 -6.096760e+01 -5.990000e+00
      vertex   1.820873e+02 -6.111403e+01 -5.990000e+00
    endloop
  endfacet
  facet normal 0.000000e+00 0.000000e+00 -1.000000e+00
    outer loop
      vertex   1.820873e+02 -6.111403e+01 -5.990000e+00
      vertex   1.817337e+02 -6.096760e+01 -5.990000e+00
      vertex   1.820112e+02 -6.105233e+01 -5.990000e+00
    endloop
  endfacet
  facet normal 0.000000e+00 0.000000e+00 -1.000000e+00
    outer loop
      vertex   1.820112e+02 -6.105233e+01 -5.990000e+00
      vertex   1.817337e+02 -6.096760e+01 -5.990000e+00
      vertex   1.818311e+02 -6.097777e+01 -5.990000e+00
    endloop
  endfacet
  facet normal 0.000000e+00 0.000000e+00 -1.000000e+00
    outer loop
      vertex   1.820112e+02 -6.105233e+01 -5.990000e+00
      vertex   1.818311e+02 -6.097777e+01 -5.990000e+00
      vertex   1.819250e+02 -6.100565e+01 -5.990000e+00
    endloop
  endfacet
  facet normal 0.000000e+00 0.000000e+00 -1.000000e+00
    outer loop
      vertex   1.822338e+02 -6.527069e+01 -5.990000e+00
      vertex   1.841549e+02 -6.527069e+01 -5.990000e+00
      vertex   1.841549e+02 -6.696760e+01 -5.990000e+00
    endloop
  endfacet
  facet normal 1.268826e-16 1.127320e-16 -1.000000e+00
    outer loop
      vertex   1.378140e+02 -1.107627e+02 -5.990000e+00
      vertex   1.222366e+02 -1.168660e+02 -5.990000e+00
      vertex   1.238140e+02 -1.107627e+02 -5.990000e+00
    endloop
  endfacet
  facet normal 1.418680e-16 1.088591e-16 -1.000000e+00
    outer loop
      vertex   1.238140e+02 -1.107627e+02 -5.990000e+00
      vertex   1.222366e+02 -1.168660e+02 -5.990000e+00
      vertex   1.220618e+02 -1.166382e+02 -5.990000e+00
    endloop
  endfacet
  facet normal 9.439408e-17 1.230168e-16 -1.000000e+00
    outer loop
      vertex   1.238140e+02 -1.107627e+02 -5.990000e+00
      vertex   1.220618e+02 -1.166382e+02 -5.990000e+00
      vertex   1.218340e+02 -1.164634e+02 -5.990000e+00
    endloop
  endfacet
  facet normal 1.758629e-16 0.000000e+00 -1.000000e+00
    outer loop
      vertex   1.378140e+02 -9.676270e+01 -5.990000e+00
      vertex   1.428644e+02 -1.039066e+02 -5.990000e+00
      vertex   1.378140e+02 -1.107627e+02 -5.990000e+00
    endloop
  endfacet
  facet normal 1.758629e-16 0.000000e+00 -1.000000e+00
    outer loop
      vertex   1.378140e+02 -1.107627e+02 -5.990000e+00
      vertex   1.428644e+02 -1.039066e+02 -5.990000e+00
      vertex   1.428644e+02 -1.179066e+02 -5.990000e+00
    endloop
  endfacet
  facet normal 1.820119e-16 4.347025e-18 -1.000000e+00
    outer loop
      vertex   1.378140e+02 -1.107627e+02 -5.990000e+00
      vertex   1.428644e+02 -1.179066e+02 -5.990000e+00
      vertex   1.282888e+02 -1.205757e+02 -5.990000e+00
    endloop
  endfacet
  facet normal 2.300598e-16 -2.580365e-16 -1.000000e+00
    outer loop
      vertex   1.282888e+02 -1.205757e+02 -5.990000e+00
      vertex   1.428644e+02 -1.179066e+02 -5.990000e+00
      vertex   1.333392e+02 -1.229570e+02 -5.990000e+00
    endloop
  endfacet
  facet normal 3.517259e-16 0.000000e+00 -1.000000e+00
    outer loop
      vertex   1.282888e+02 -1.205757e+02 -5.990000e+00
      vertex   1.333392e+02 -1.229570e+02 -5.990000e+00
      vertex   1.282888e+02 -1.345757e+02 -5.990000e+00
    endloop
  endfacet
  facet normal 3.517259e-16 0.000000e+00 -1.000000e+00
    outer loop
      vertex   1.282888e+02 -1.345757e+02 -5.990000e+00
      vertex   1.333392e+02 -1.229570e+02 -5.990000e+00
      vertex   1.333392e+02 -1.369570e+02 -5.990000e+00
    endloop
  endfacet
  facet normal 6.344132e-17 -6.114109e-16 -1.000000e+00
    outer loop
      vertex   1.282888e+02 -1.345757e+02 -5.990000e+00
      vertex   1.333392e+02 -1.369570e+02 -5.990000e+00
      vertex   1.142888e+02 -1.345757e+02 -5.990000e+00
    endloop
  endfacet
  facet normal 1.268826e-16 5.024655e-23 -1.000000e+00
    outer loop
      vertex   1.238140e+02 -9.676270e+01 -5.990000e+00
      vertex   1.378140e+02 -9.171230e+01 -5.990000e+00
      vertex   1.378140e+02 -9.676270e+01 -5.990000e+00
    endloop
  endfacet
  facet normal 1.758629e-16 6.964313e-23 -1.000000e+00
    outer loop
      vertex   1.378140e+02 -9.676270e+01 -5.990000e+00
      vertex   1.378140e+02 -9.171230e+01 -5.990000e+00
      vertex   1.428644e+02 -9.885620e+01 -5.990000e+00
    endloop
  endfacet
  facet normal 1.758629e-16 0.000000e+00 -1.000000e+00
    outer loop
      vertex   1.378140e+02 -9.676270e+01 -5.990000e+00
      vertex   1.428644e+02 -9.885620e+01 -5.990000e+00
      vertex   1.428644e+02 -1.039066e+02 -5.990000e+00
    endloop
  endfacet
  facet normal 6.344132e-17 0.000000e+00 -1.000000e+00
    outer loop
      vertex   1.428644e+02 -1.039066e+02 -5.990000e+00
      vertex   1.428644e+02 -9.885620e+01 -5.990000e+00
      vertex   1.568644e+02 -9.885620e+01 -5.990000e+00
    endloop
  endfacet
  facet normal 6.344132e-17 0.000000e+00 -1.000000e+00
    outer loop
      vertex   1.428644e+02 -1.039066e+02 -5.990000e+00
      vertex   1.568644e+02 -9.885620e+01 -5.990000e+00
      vertex   1.568644e+02 -1.039066e+02 -5.990000e+00
    endloop
  endfacet
  facet normal 3.517259e-16 0.000000e+00 -1.000000e+00
    outer loop
      vertex   1.568644e+02 -1.039066e+02 -5.990000e+00
      vertex   1.568644e+02 -9.885620e+01 -5.990000e+00
      vertex   1.619148e+02 -1.036188e+02 -5.990000e+00
    endloop
  endfacet
  facet normal 3.517259e-16 0.000000e+00 -1.000000e+00
    outer loop
      vertex   1.568644e+02 -1.039066e+02 -5.990000e+00
      vertex   1.619148e+02 -1.036188e+02 -5.990000e+00
      vertex   1.619148e+02 -1.086692e+02 -5.990000e+00
    endloop
  endfacet
  facet normal 6.344132e-17 0.000000e+00 -1.000000e+00
    outer loop
      vertex   1.619148e+02 -1.086692e+02 -5.990000e+00
      vertex   1.619148e+02 -1.036188e+02 -5.990000e+00
      vertex   1.759148e+02 -1.036188e+02 -5.990000e+00
    endloop
  endfacet
  facet normal 6.344132e-17 0.000000e+00 -1.000000e+00
    outer loop
      vertex   1.619148e+02 -1.086692e+02 -5.990000e+00
      vertex   1.759148e+02 -1.036188e+02 -5.990000e+00
      vertex   1.759148e+02 -1.086692e+02 -5.990000e+00
    endloop
  endfacet
  facet normal 1.758629e-16 0.000000e+00 -1.000000e+00
    outer loop
      vertex   1.238140e+02 -1.107627e+02 -5.990000e+00
      vertex   1.187636e+02 -1.015253e+02 -5.990000e+00
      vertex   1.238140e+02 -9.676270e+01 -5.990000e+00
    endloop
  endfacet
  facet normal 1.758630e-16 -6.964322e-23 -1.000000e+00
    outer loop
      vertex   1.238140e+02 -9.676270e+01 -5.990000e+00
      vertex   1.187636e+02 -1.015253e+02 -5.990000e+00
      vertex   1.187636e+02 -9.647490e+01 -5.990000e+00
    endloop
  endfacet
  facet normal 1.758630e-16 0.000000e+00 -1.000000e+00
    outer loop
      vertex   1.238140e+02 -9.676270e+01 -5.990000e+00
      vertex   1.187636e+02 -9.647490e+01 -5.990000e+00
      vertex   1.238140e+02 -9.171230e+01 -5.990000e+00
    endloop
  endfacet
  facet normal 1.758630e-16 0.000000e+00 -1.000000e+00
    outer loop
      vertex   1.238140e+02 -9.171230e+01 -5.990000e+00
      vertex   1.187636e+02 -9.647490e+01 -5.990000e+00
      vertex   1.187636e+02 -8.247490e+01 -5.990000e+00
    endloop
  endfacet
  facet normal 1.758630e-16 0.000000e+00 -1.000000e+00
    outer loop
      vertex   1.238140e+02 -9.171230e+01 -5.990000e+00
      vertex   1.187636e+02 -8.247490e+01 -5.990000e+00
      vertex   1.238140e+02 -7.771230e+01 -5.990000e+00
    endloop
  endfacet
  facet normal 1.758629e-16 6.964318e-23 -1.000000e+00
    outer loop
      vertex   1.238140e+02 -7.771230e+01 -5.990000e+00
      vertex   1.187636e+02 -8.247490e+01 -5.990000e+00
      vertex   1.187636e+02 -7.742450e+01 -5.990000e+00
    endloop
  endfacet
  facet normal 1.561683e-16 -3.456029e-16 -1.000000e+00
    outer loop
      vertex   1.238140e+02 -7.771230e+01 -5.990000e+00
      vertex   1.187636e+02 -7.742450e+01 -5.990000e+00
      vertex   1.212840e+02 -7.628560e+01 -5.990000e+00
    endloop
  endfacet
  facet normal -0.000000e+00 0.000000e+00 -1.000000e+00
    outer loop
      vertex   1.212840e+02 -7.628560e+01 -5.990000e+00
      vertex   1.187636e+02 -7.742450e+01 -5.990000e+00
      vertex   1.209993e+02 -7.624812e+01 -5.990000e+00
    endloop
  endfacet
  facet normal -0.000000e+00 0.000000e+00 -1.000000e+00
    outer loop
      vertex   1.209993e+02 -7.624812e+01 -5.990000e+00
      vertex   1.187636e+02 -7.742450e+01 -5.990000e+00
      vertex   1.207340e+02 -7.613823e+01 -5.990000e+00
    endloop
  endfacet
  facet normal -0.000000e+00 0.000000e+00 -1.000000e+00
    outer loop
      vertex   1.207340e+02 -7.613823e+01 -5.990000e+00
      vertex   1.187636e+02 -7.742450e+01 -5.990000e+00
      vertex   1.205062e+02 -7.596342e+01 -5.990000e+00
    endloop
  endfacet
  facet normal -0.000000e+00 0.000000e+00 -1.000000e+00
    outer loop
      vertex   1.205062e+02 -7.596342e+01 -5.990000e+00
      vertex   1.187636e+02 -7.742450e+01 -5.990000e+00
      vertex   1.203314e+02 -7.573560e+01 -5.990000e+00
    endloop
  endfacet
  facet normal -0.000000e+00 0.000000e+00 -1.000000e+00
    outer loop
      vertex   1.203314e+02 -7.573560e+01 -5.990000e+00
      vertex   1.187636e+02 -7.742450e+01 -5.990000e+00
      vertex   1.202215e+02 -7.547030e+01 -5.990000e+00
    endloop
  endfacet
  facet normal -0.000000e+00 0.000000e+00 -1.000000e+00
    outer loop
      vertex   1.202215e+02 -7.547030e+01 -5.990000e+00
      vertex   1.187636e+02 -7.742450e+01 -5.990000e+00
      vertex   1.201840e+02 -7.518560e+01 -5.990000e+00
    endloop
  endfacet
  facet normal -0.000000e+00 0.000000e+00 -1.000000e+00
    outer loop
      vertex   1.201840e+02 -7.518560e+01 -5.990000e+00
      vertex   1.187636e+02 -7.742450e+01 -5.990000e+00
      vertex   1.202215e+02 -7.490090e+01 -5.990000e+00
    endloop
  endfacet
  facet normal -0.000000e+00 0.000000e+00 -1.000000e+00
    outer loop
      vertex   1.202215e+02 -7.490090e+01 -5.990000e+00
      vertex   1.187636e+02 -7.742450e+01 -5.990000e+00
      vertex   1.203314e+02 -7.463560e+01 -5.990000e+00
    endloop
  endfacet
  facet normal -0.000000e+00 0.000000e+00 -1.000000e+00
    outer loop
      vertex   1.203314e+02 -7.463560e+01 -5.990000e+00
      vertex   1.187636e+02 -7.742450e+01 -5.990000e+00
      vertex   1.187636e+02 -6.342450e+01 -5.990000e+00
    endloop
  endfacet
  facet normal 0.000000e+00 0.000000e+00 -1.000000e+00
    outer loop
      vertex   1.203314e+02 -7.463560e+01 -5.990000e+00
      vertex   1.187636e+02 -6.342450e+01 -5.990000e+00
      vertex   1.205062e+02 -7.440778e+01 -5.990000e+00
    endloop
  endfacet
  facet normal 0.000000e+00 0.000000e+00 -1.000000e+00
    outer loop
      vertex   1.205062e+02 -7.440778e+01 -5.990000e+00
      vertex   1.187636e+02 -6.342450e+01 -5.990000e+00
      vertex   1.207340e+02 -7.423297e+01 -5.990000e+00
    endloop
  endfacet
  facet normal 0.000000e+00 0.000000e+00 -1.000000e+00
    outer loop
      vertex   1.207340e+02 -7.423297e+01 -5.990000e+00
      vertex   1.187636e+02 -6.342450e+01 -5.990000e+00
      vertex   1.209993e+02 -7.412308e+01 -5.990000e+00
    endloop
  endfacet
  facet normal 2.846682e-16 5.948758e-17 -1.000000e+00
    outer loop
      vertex   1.209993e+02 -7.412308e+01 -5.990000e+00
      vertex   1.187636e+02 -6.342450e+01 -5.990000e+00
      vertex   1.238140e+02 -7.266190e+01 -5.990000e+00
    endloop
  endfacet
  facet normal -1.072152e-16 8.143801e-16 -1.000000e+00
    outer loop
      vertex   1.209993e+02 -7.412308e+01 -5.990000e+00
      vertex   1.238140e+02 -7.266190e+01 -5.990000e+00
      vertex   1.212840e+02 -7.408560e+01 -5.990000e+00
    endloop
  endfacet
  facet normal 6.655975e-17 5.055715e-16 -1.000000e+00
    outer loop
      vertex   1.212840e+02 -7.408560e+01 -5.990000e+00
      vertex   1.238140e+02 -7.266190e+01 -5.990000e+00
      vertex   1.215687e+02 -7.412308e+01 -5.990000e+00
    endloop
  endfacet
  facet normal 1.538530e-16 3.714339e-16 -1.000000e+00
    outer loop
      vertex   1.215687e+02 -7.412308e+01 -5.990000e+00
      vertex   1.238140e+02 -7.266190e+01 -5.990000e+00
      vertex   1.218340e+02 -7.423297e+01 -5.990000e+00
    endloop
  endfacet
  facet normal 2.205306e-16 2.874010e-16 -1.000000e+00
    outer loop
      vertex   1.218340e+02 -7.423297e+01 -5.990000e+00
      vertex   1.238140e+02 -7.266190e+01 -5.990000e+00
      vertex   1.220618e+02 -7.440778e+01 -5.990000e+00
    endloop
  endfacet
  facet normal 2.872647e-16 2.204260e-16 -1.000000e+00
    outer loop
      vertex   1.220618e+02 -7.440778e+01 -5.990000e+00
      vertex   1.238140e+02 -7.266190e+01 -5.990000e+00
      vertex   1.222366e+02 -7.463560e+01 -5.990000e+00
    endloop
  endfacet
  facet normal 3.708614e-16 1.536158e-16 -1.000000e+00
    outer loop
      vertex   1.222366e+02 -7.463560e+01 -5.990000e+00
      vertex   1.238140e+02 -7.266190e+01 -5.990000e+00
      vertex   1.223465e+02 -7.490090e+01 -5.990000e+00
    endloop
  endfacet
  facet normal 5.040018e-16 6.635310e-17 -1.000000e+00
    outer loop
      vertex   1.223465e+02 -7.490090e+01 -5.990000e+00
      vertex   1.238140e+02 -7.266190e+01 -5.990000e+00
      vertex   1.223840e+02 -7.518560e+01 -5.990000e+00
    endloop
  endfacet
  facet normal 6.211034e-16 0.000000e+00 -1.000000e+00
    outer loop
      vertex   1.223840e+02 -7.518560e+01 -5.990000e+00
      vertex   1.238140e+02 -7.266190e+01 -5.990000e+00
      vertex   1.238140e+02 -7.771230e+01 -5.990000e+00
    endloop
  endfacet
  facet normal 5.038888e-16 -6.633822e-17 -1.000000e+00
    outer loop
      vertex   1.223840e+02 -7.518560e+01 -5.990000e+00
      vertex   1.238140e+02 -7.771230e+01 -5.990000e+00
      vertex   1.223465e+02 -7.547030e+01 -5.990000e+00
    endloop
  endfacet
  facet normal 3.706690e-16 -1.535361e-16 -1.000000e+00
    outer loop
      vertex   1.223465e+02 -7.547030e+01 -5.990000e+00
      vertex   1.238140e+02 -7.771230e+01 -5.990000e+00
      vertex   1.222366e+02 -7.573560e+01 -5.990000e+00
    endloop
  endfacet
  facet normal 2.870509e-16 -2.202619e-16 -1.000000e+00
    outer loop
      vertex   1.222366e+02 -7.573560e+01 -5.990000e+00
      vertex   1.238140e+02 -7.771230e+01 -5.990000e+00
      vertex   1.220618e+02 -7.596342e+01 -5.990000e+00
    endloop
  endfacet
  facet normal 2.203165e-16 -2.871221e-16 -1.000000e+00
    outer loop
      vertex   1.220618e+02 -7.596342e+01 -5.990000e+00
      vertex   1.238140e+02 -7.771230e+01 -5.990000e+00
      vertex   1.218340e+02 -7.613823e+01 -5.990000e+00
    endloop
  endfacet
  facet normal 1.536600e-16 -3.709682e-16 -1.000000e+00
    outer loop
      vertex   1.218340e+02 -7.613823e+01 -5.990000e+00
      vertex   1.238140e+02 -7.771230e+01 -5.990000e+00
      vertex   1.215687e+02 -7.624812e+01 -5.990000e+00
    endloop
  endfacet
  facet normal 6.644621e-17 -5.047091e-16 -1.000000e+00
    outer loop
      vertex   1.215687e+02 -7.624812e+01 -5.990000e+00
      vertex   1.238140e+02 -7.771230e+01 -5.990000e+00
      vertex   1.212840e+02 -7.628560e+01 -5.990000e+00
    endloop
  endfacet
  facet normal 6.344132e-17 5.621081e-17 -1.000000e+00
    outer loop
      vertex   1.473392e+02 -1.229570e+02 -5.990000e+00
      vertex   1.333392e+02 -1.229570e+02 -5.990000e+00
      vertex   1.428644e+02 -1.179066e+02 -5.990000e+00
    endloop
  endfacet
  facet normal 0.000000e+00 0.000000e+00 -1.000000e+00
    outer loop
      vertex   8.066279e+01 -1.110505e+02 -5.990000e+00
      vertex   8.571319e+01 -1.226692e+02 -5.990000e+00
      vertex   8.066279e+01 -1.250505e+02 -5.990000e+00
    endloop
  endfacet
  facet normal 1.903239e-16 -4.036504e-16 -1.000000e+00
    outer loop
      vertex   8.066279e+01 -1.250505e+02 -5.990000e+00
      vertex   8.571319e+01 -1.226692e+02 -5.990000e+00
      vertex   9.971319e+01 -1.226692e+02 -5.990000e+00
    endloop
  endfacet
  facet normal 1.374794e-16 1.910615e-17 -1.000000e+00
    outer loop
      vertex   8.066279e+01 -1.250505e+02 -5.990000e+00
      vertex   9.971319e+01 -1.226692e+02 -5.990000e+00
      vertex   1.142888e+02 -1.345757e+02 -5.990000e+00
    endloop
  endfacet
  facet normal 1.218720e-16 0.000000e+00 -1.000000e+00
    outer loop
      vertex   1.142888e+02 -1.345757e+02 -5.990000e+00
      vertex   9.971319e+01 -1.226692e+02 -5.990000e+00
      vertex   1.142888e+02 -1.205757e+02 -5.990000e+00
    endloop
  endfacet
  facet normal 1.157701e-16 4.248284e-17 -1.000000e+00
    outer loop
      vertex   1.142888e+02 -1.205757e+02 -5.990000e+00
      vertex   9.971319e+01 -1.226692e+02 -5.990000e+00
      vertex   1.047636e+02 -1.155253e+02 -5.990000e+00
    endloop
  endfacet
  facet normal 6.344132e-17 -5.621082e-17 -1.000000e+00
    outer loop
      vertex   1.142888e+02 -1.205757e+02 -5.990000e+00
      vertex   1.047636e+02 -1.155253e+02 -5.990000e+00
      vertex   1.187636e+02 -1.155253e+02 -5.990000e+00
    endloop
  endfacet
  facet normal 1.758631e-16 0.000000e+00 -1.000000e+00
    outer loop
      vertex   9.971319e+01 -1.226692e+02 -5.990000e+00
      vertex   9.971319e+01 -1.086692e+02 -5.990000e+00
      vertex   1.047636e+02 -1.155253e+02 -5.990000e+00
    endloop
  endfacet
  facet normal 1.758631e-16 0.000000e+00 -1.000000e+00
    outer loop
      vertex   1.047636e+02 -1.155253e+02 -5.990000e+00
      vertex   9.971319e+01 -1.086692e+02 -5.990000e+00
      vertex   1.047636e+02 -1.015253e+02 -5.990000e+00
    endloop
  endfacet
  facet normal 1.758630e-16 6.964325e-23 -1.000000e+00
    outer loop
      vertex   1.047636e+02 -1.015253e+02 -5.990000e+00
      vertex   9.971319e+01 -1.086692e+02 -5.990000e+00
      vertex   9.971319e+01 -1.036188e+02 -5.990000e+00
    endloop
  endfacet
  facet normal 1.758631e-16 -4.948450e-31 -1.000000e+00
    outer loop
      vertex   1.047636e+02 -1.015253e+02 -5.990000e+00
      vertex   9.971319e+01 -1.036188e+02 -5.990000e+00
      vertex   1.047636e+02 -9.647490e+01 -5.990000e+00
    endloop
  endfacet
  facet normal 1.758631e-16 0.000000e+00 -1.000000e+00
    outer loop
      vertex   1.047636e+02 -9.647490e+01 -5.990000e+00
      vertex   9.971319e+01 -1.036188e+02 -5.990000e+00
      vertex   9.971319e+01 -8.961880e+01 -5.990000e+00
    endloop
  endfacet
  facet normal 1.758631e-16 0.000000e+00 -1.000000e+00
    outer loop
      vertex   1.047636e+02 -9.647490e+01 -5.990000e+00
      vertex   9.971319e+01 -8.961880e+01 -5.990000e+00
      vertex   1.047636e+02 -8.247490e+01 -5.990000e+00
    endloop
  endfacet
  facet normal 1.758630e-16 6.964316e-23 -1.000000e+00
    outer loop
      vertex   1.047636e+02 -8.247490e+01 -5.990000e+00
      vertex   9.971319e+01 -8.961880e+01 -5.990000e+00
      vertex   9.971319e+01 -8.456840e+01 -5.990000e+00
    endloop
  endfacet
  facet normal 1.758630e-16 0.000000e+00 -1.000000e+00
    outer loop
      vertex   1.047636e+02 -8.247490e+01 -5.990000e+00
      vertex   9.971319e+01 -8.456840e+01 -5.990000e+00
      vertex   1.047636e+02 -7.742450e+01 -5.990000e+00
    endloop
  endfacet
  facet normal 1.758630e-16 0.000000e+00 -1.000000e+00
    outer loop
      vertex   1.047636e+02 -7.742450e+01 -5.990000e+00
      vertex   9.971319e+01 -8.456840e+01 -5.990000e+00
      vertex   9.971319e+01 -7.056840e+01 -5.990000e+00
    endloop
  endfacet
  facet normal 1.758630e-16 0.000000e+00 -1.000000e+00
    outer loop
      vertex   1.047636e+02 -7.742450e+01 -5.990000e+00
      vertex   9.971319e+01 -7.056840e+01 -5.990000e+00
      vertex   1.047636e+02 -6.342450e+01 -5.990000e+00
    endloop
  endfacet
  facet normal 1.903239e-16 -1.022322e-17 -1.000000e+00
    outer loop
      vertex   1.047636e+02 -6.342450e+01 -5.990000e+00
      vertex   9.971319e+01 -7.056840e+01 -5.990000e+00
      vertex   8.571319e+01 -7.056840e+01 -5.990000e+00
    endloop
  endfacet
  facet normal 1.903239e-16 7.536987e-23 -1.000000e+00
    outer loop
      vertex   9.971319e+01 -1.086692e+02 -5.990000e+00
      vertex   8.571319e+01 -1.086692e+02 -5.990000e+00
      vertex   9.971319e+01 -1.036188e+02 -5.990000e+00
    endloop
  endfacet
  facet normal 1.903239e-16 0.000000e+00 -1.000000e+00
    outer loop
      vertex   9.971319e+01 -1.036188e+02 -5.990000e+00
      vertex   8.571319e+01 -1.086692e+02 -5.990000e+00
      vertex   8.571319e+01 -1.036188e+02 -5.990000e+00
    endloop
  endfacet
  facet normal 1.903239e-16 7.536982e-23 -1.000000e+00
    outer loop
      vertex   9.971319e+01 -8.961880e+01 -5.990000e+00
      vertex   8.571319e+01 -8.961880e+01 -5.990000e+00
      vertex   9.971319e+01 -8.456840e+01 -5.990000e+00
    endloop
  endfacet
  facet normal 1.903239e-16 0.000000e+00 -1.000000e+00
    outer loop
      vertex   9.971319e+01 -8.456840e+01 -5.990000e+00
      vertex   8.571319e+01 -8.961880e+01 -5.990000e+00
      vertex   8.571319e+01 -8.456840e+01 -5.990000e+00
    endloop
  endfacet
  facet normal 0.000000e+00 -0.000000e+00 -1.000000e+00
    outer loop
      vertex   8.571319e+01 -8.456840e+01 -5.990000e+00
      vertex   8.571319e+01 -8.961880e+01 -5.990000e+00
      vertex   8.424731e+01 -8.799750e+01 -5.990000e+00
    endloop
  endfacet
  facet normal 0.000000e+00 0.000000e+00 -1.000000e+00
    outer loop
      vertex   8.571319e+01 -8.456840e+01 -5.990000e+00
      vertex   8.424731e+01 -8.799750e+01 -5.990000e+00
      vertex   8.413742e+01 -8.773220e+01 -5.990000e+00
    endloop
  endfacet
  facet normal 0.000000e+00 0.000000e+00 -1.000000e+00
    outer loop
      vertex   8.571319e+01 -1.036188e+02 -5.990000e+00
      vertex   8.066279e+01 -9.200010e+01 -5.990000e+00
      vertex   8.571319e+01 -8.961880e+01 -5.990000e+00
    endloop
  endfacet
  facet normal -0.000000e+00 0.000000e+00 -1.000000e+00
    outer loop
      vertex   8.571319e+01 -8.961880e+01 -5.990000e+00
      vertex   8.066279e+01 -9.200010e+01 -5.990000e+00
      vertex   8.346949e+01 -8.934472e+01 -5.990000e+00
    endloop
  endfacet
  facet normal 0.000000e+00 0.000000e+00 -1.000000e+00
    outer loop
      vertex   8.571319e+01 -8.961880e+01 -5.990000e+00
      vertex   8.346949e+01 -8.934472e+01 -5.990000e+00
      vertex   8.373479e+01 -8.923483e+01 -5.990000e+00
    endloop
  endfacet
  facet normal 1.268826e-16 -1.222334e-16 -1.000000e+00
    outer loop
      vertex   1.523896e+02 -1.277196e+02 -5.990000e+00
      vertex   1.560961e+02 -1.238721e+02 -5.990000e+00
      vertex   1.663896e+02 -1.277196e+02 -5.990000e+00
    endloop
  endfacet
  facet normal 9.071310e-17 -2.190008e-16 -1.000000e+00
    outer loop
      vertex   1.663896e+02 -1.277196e+02 -5.990000e+00
      vertex   1.560961e+02 -1.238721e+02 -5.990000e+00
      vertex   1.563614e+02 -1.237622e+02 -5.990000e+00
    endloop
  endfacet
  facet normal 2.723700e-16 2.413276e-16 -1.000000e+00
    outer loop
      vertex   1.663896e+02 -1.277196e+02 -5.990000e+00
      vertex   1.563614e+02 -1.237622e+02 -5.990000e+00
      vertex   1.619148e+02 -1.226692e+02 -5.990000e+00
    endloop
  endfacet
  facet normal 4.302211e-16 -5.606750e-16 -1.000000e+00
    outer loop
      vertex   1.619148e+02 -1.226692e+02 -5.990000e+00
      vertex   1.563614e+02 -1.237622e+02 -5.990000e+00
      vertex   1.565892e+02 -1.235874e+02 -5.990000e+00
    endloop
  endfacet
  facet normal 3.844088e-16 -2.949672e-16 -1.000000e+00
    outer loop
      vertex   1.619148e+02 -1.226692e+02 -5.990000e+00
      vertex   1.565892e+02 -1.235874e+02 -5.990000e+00
      vertex   1.567640e+02 -1.233596e+02 -5.990000e+00
    endloop
  endfacet
  facet normal 1.864903e-16 5.247474e-31 -1.000000e+00
    outer loop
      vertex   5.713759e+01 -6.730139e+01 -5.990000e+00
      vertex   6.666279e+01 -8.694970e+01 -5.990000e+00
      vertex   6.666279e+01 -9.200010e+01 -5.990000e+00
    endloop
  endfacet
  facet normal 1.268826e-16 3.570231e-31 -1.000000e+00
    outer loop
      vertex   6.666279e+01 -9.200010e+01 -5.990000e+00
      vertex   6.666279e+01 -8.694970e+01 -5.990000e+00
      vertex   8.066279e+01 -8.694970e+01 -5.990000e+00
    endloop
  endfacet
  facet normal 1.268826e-16 0.000000e+00 -1.000000e+00
    outer loop
      vertex   6.666279e+01 -9.200010e+01 -5.990000e+00
      vertex   8.066279e+01 -8.694970e+01 -5.990000e+00
      vertex   8.066279e+01 -9.200010e+01 -5.990000e+00
    endloop
  endfacet
  facet normal 0.000000e+00 0.000000e+00 -1.000000e+00
    outer loop
      vertex   8.066279e+01 -9.200010e+01 -5.990000e+00
      vertex   8.066279e+01 -8.694970e+01 -5.990000e+00
      vertex   8.212227e+01 -8.856690e+01 -5.990000e+00
    endloop
  endfacet
  facet normal 0.000000e+00 0.000000e+00 -1.000000e+00
    outer loop
      vertex   8.066279e+01 -9.200010e+01 -5.990000e+00
      vertex   8.212227e+01 -8.856690e+01 -5.990000e+00
      vertex   8.223216e+01 -8.883220e+01 -5.990000e+00
    endloop
  endfacet
  facet normal 0.000000e+00 -0.000000e+00 -1.000000e+00
    outer loop
      vertex   8.066279e+01 -7.294970e+01 -5.990000e+00
      vertex   8.571319e+01 -8.456840e+01 -5.990000e+00
      vertex   8.066279e+01 -8.694970e+01 -5.990000e+00
    endloop
  endfacet
  facet normal 0.000000e+00 0.000000e+00 -1.000000e+00
    outer loop
      vertex   8.066279e+01 -8.694970e+01 -5.990000e+00
      vertex   8.571319e+01 -8.456840e+01 -5.990000e+00
      vertex   8.290009e+01 -8.721968e+01 -5.990000e+00
    endloop
  endfacet
  facet normal 0.000000e+00 0.000000e+00 -1.000000e+00
    outer loop
      vertex   8.066279e+01 -8.694970e+01 -5.990000e+00
      vertex   8.290009e+01 -8.721968e+01 -5.990000e+00
      vertex   8.263479e+01 -8.732957e+01 -5.990000e+00
    endloop
  endfacet
  facet normal 8.964503e-15 -5.059179e-15 -1.000000e+00
    outer loop
      vertex   1.583269e+02 -8.261590e+01 -5.990000e+00
      vertex   1.568644e+02 -8.485620e+01 -5.990000e+00
      vertex   1.582894e+02 -8.233120e+01 -5.990000e+00
    endloop
  endfacet
  facet normal -0.000000e+00 0.000000e+00 -1.000000e+00
    outer loop
      vertex   1.582894e+02 -8.233120e+01 -5.990000e+00
      vertex   1.568644e+02 -8.485620e+01 -5.990000e+00
      vertex   1.568644e+02 -7.980580e+01 -5.990000e+00
    endloop
  endfacet
  facet normal 8.965668e-15 5.059025e-15 -1.000000e+00
    outer loop
      vertex   1.582894e+02 -8.233120e+01 -5.990000e+00
      vertex   1.568644e+02 -7.980580e+01 -5.990000e+00
      vertex   1.583269e+02 -8.204650e+01 -5.990000e+00
    endloop
  endfacet
  facet normal 7.430562e-16 -3.077840e-16 -1.000000e+00
    outer loop
      vertex   1.583269e+02 -8.204650e+01 -5.990000e+00
      vertex   1.568644e+02 -7.980580e+01 -5.990000e+00
      vertex   1.584368e+02 -8.178120e+01 -5.990000e+00
    endloop
  endfacet
  facet normal 5.752172e-16 -4.413797e-16 -1.000000e+00
    outer loop
      vertex   1.584368e+02 -8.178120e+01 -5.990000e+00
      vertex   1.568644e+02 -7.980580e+01 -5.990000e+00
      vertex   1.586116e+02 -8.155338e+01 -5.990000e+00
    endloop
  endfacet
  facet normal 4.413663e-16 -5.751998e-16 -1.000000e+00
    outer loop
      vertex   1.586116e+02 -8.155338e+01 -5.990000e+00
      vertex   1.568644e+02 -7.980580e+01 -5.990000e+00
      vertex   1.588394e+02 -8.137857e+01 -5.990000e+00
    endloop
  endfacet
  facet normal 3.077536e-16 -7.429830e-16 -1.000000e+00
    outer loop
      vertex   1.588394e+02 -8.137857e+01 -5.990000e+00
      vertex   1.568644e+02 -7.980580e+01 -5.990000e+00
      vertex   1.591047e+02 -8.126868e+01 -5.990000e+00
    endloop
  endfacet
  facet normal 1.330406e-16 -1.010543e-15 -1.000000e+00
    outer loop
      vertex   1.591047e+02 -8.126868e+01 -5.990000e+00
      vertex   1.568644e+02 -7.980580e+01 -5.990000e+00
      vertex   1.593894e+02 -8.123120e+01 -5.990000e+00
    endloop
  endfacet
  facet normal 7.431072e-16 3.078051e-16 -1.000000e+00
    outer loop
      vertex   1.583269e+02 -8.261590e+01 -5.990000e+00
      vertex   1.584368e+02 -8.288120e+01 -5.990000e+00
      vertex   1.568644e+02 -8.485620e+01 -5.990000e+00
    endloop
  endfacet
  facet normal 5.752742e-16 4.414234e-16 -1.000000e+00
    outer loop
      vertex   1.568644e+02 -8.485620e+01 -5.990000e+00
      vertex   1.584368e+02 -8.288120e+01 -5.990000e+00
      vertex   1.586116e+02 -8.310902e+01 -5.990000e+00
    endloop
  endfacet
  facet normal 4.414234e-16 5.752742e-16 -1.000000e+00
    outer loop
      vertex   1.568644e+02 -8.485620e+01 -5.990000e+00
      vertex   1.586116e+02 -8.310902e+01 -5.990000e+00
      vertex   1.588394e+02 -8.328383e+01 -5.990000e+00
    endloop
  endfacet
  facet normal 3.078052e-16 7.431074e-16 -1.000000e+00
    outer loop
      vertex   1.588394e+02 -8.328383e+01 -5.990000e+00
      vertex   1.591047e+02 -8.339372e+01 -5.990000e+00
      vertex   1.568644e+02 -8.485620e+01 -5.990000e+00
    endloop
  endfacet
  facet normal 1.330709e-16 1.010774e-15 -1.000000e+00
    outer loop
      vertex   1.568644e+02 -8.485620e+01 -5.990000e+00
      vertex   1.591047e+02 -8.339372e+01 -5.990000e+00
      vertex   1.593894e+02 -8.343120e+01 -5.990000e+00
    endloop
  endfacet
  facet normal 3.122152e-16 6.933425e-16 -1.000000e+00
    outer loop
      vertex   1.568644e+02 -8.485620e+01 -5.990000e+00
      vertex   1.593894e+02 -8.343120e+01 -5.990000e+00
      vertex   1.619148e+02 -8.456840e+01 -5.990000e+00
    endloop
  endfacet
  facet normal 0.000000e+00 0.000000e+00 -1.000000e+00
    outer loop
      vertex   1.619148e+02 -8.456840e+01 -5.990000e+00
      vertex   1.593894e+02 -8.343120e+01 -5.990000e+00
      vertex   1.596741e+02 -8.339372e+01 -5.990000e+00
    endloop
  endfacet
  facet normal 0.000000e+00 0.000000e+00 -1.000000e+00
    outer loop
      vertex   1.619148e+02 -8.456840e+01 -5.990000e+00
      vertex   1.596741e+02 -8.339372e+01 -5.990000e+00
      vertex   1.599394e+02 -8.328383e+01 -5.990000e+00
    endloop
  endfacet
  facet normal 0.000000e+00 0.000000e+00 -1.000000e+00
    outer loop
      vertex   1.599394e+02 -8.328383e+01 -5.990000e+00
      vertex   1.601672e+02 -8.310902e+01 -5.990000e+00
      vertex   1.619148e+02 -8.456840e+01 -5.990000e+00
    endloop
  endfacet
  facet normal 0.000000e+00 0.000000e+00 -1.000000e+00
    outer loop
      vertex   1.619148e+02 -8.456840e+01 -5.990000e+00
      vertex   1.601672e+02 -8.310902e+01 -5.990000e+00
      vertex   1.603420e+02 -8.288120e+01 -5.990000e+00
    endloop
  endfacet
  facet normal 0.000000e+00 0.000000e+00 -1.000000e+00
    outer loop
      vertex   1.619148e+02 -8.456840e+01 -5.990000e+00
      vertex   1.603420e+02 -8.288120e+01 -5.990000e+00
      vertex   1.604519e+02 -8.261590e+01 -5.990000e+00
    endloop
  endfacet
  facet normal 0.000000e+00 0.000000e+00 -1.000000e+00
    outer loop
      vertex   1.604519e+02 -8.261590e+01 -5.990000e+00
      vertex   1.604894e+02 -8.233120e+01 -5.990000e+00
      vertex   1.619148e+02 -8.456840e+01 -5.990000e+00
    endloop
  endfacet
  facet normal 0.000000e+00 0.000000e+00 -1.000000e+00
    outer loop
      vertex   1.619148e+02 -8.456840e+01 -5.990000e+00
      vertex   1.604894e+02 -8.233120e+01 -5.990000e+00
      vertex   1.604519e+02 -8.204650e+01 -5.990000e+00
    endloop
  endfacet
  facet normal 0.000000e+00 0.000000e+00 -1.000000e+00
    outer loop
      vertex   1.619148e+02 -8.456840e+01 -5.990000e+00
      vertex   1.604519e+02 -8.204650e+01 -5.990000e+00
      vertex   1.603420e+02 -8.178120e+01 -5.990000e+00
    endloop
  endfacet
  facet normal 0.000000e+00 0.000000e+00 -1.000000e+00
    outer loop
      vertex   1.619148e+02 -8.456840e+01 -5.990000e+00
      vertex   1.603420e+02 -8.178120e+01 -5.990000e+00
      vertex   1.619148e+02 -7.056840e+01 -5.990000e+00
    endloop
  endfacet
  facet normal 0.000000e+00 0.000000e+00 -1.000000e+00
    outer loop
      vertex   1.619148e+02 -7.056840e+01 -5.990000e+00
      vertex   1.603420e+02 -8.178120e+01 -5.990000e+00
      vertex   1.601672e+02 -8.155338e+01 -5.990000e+00
    endloop
  endfacet
  facet normal 0.000000e+00 0.000000e+00 -1.000000e+00
    outer loop
      vertex   1.619148e+02 -7.056840e+01 -5.990000e+00
      vertex   1.601672e+02 -8.155338e+01 -5.990000e+00
      vertex   1.599394e+02 -8.137857e+01 -5.990000e+00
    endloop
  endfacet
  facet normal 0.000000e+00 0.000000e+00 -1.000000e+00
    outer loop
      vertex   1.599394e+02 -8.137857e+01 -5.990000e+00
      vertex   1.596741e+02 -8.126868e+01 -5.990000e+00
      vertex   1.619148e+02 -7.056840e+01 -5.990000e+00
    endloop
  endfacet
  facet normal 6.344132e-17 -2.154608e-16 -1.000000e+00
    outer loop
      vertex   1.142888e+02 -1.205757e+02 -5.990000e+00
      vertex   1.212840e+02 -1.185160e+02 -5.990000e+00
      vertex   1.282888e+02 -1.205757e+02 -5.990000e+00
    endloop
  endfacet
  facet normal 3.921355e-17 -2.978565e-16 -1.000000e+00
    outer loop
      vertex   1.282888e+02 -1.205757e+02 -5.990000e+00
      vertex   1.212840e+02 -1.185160e+02 -5.990000e+00
      vertex   1.215687e+02 -1.184785e+02 -5.990000e+00
    endloop
  endfacet
  facet normal 7.537703e-17 -1.819762e-16 -1.000000e+00
    outer loop
      vertex   1.282888e+02 -1.205757e+02 -5.990000e+00
      vertex   1.215687e+02 -1.184785e+02 -5.990000e+00
      vertex   1.218340e+02 -1.183686e+02 -5.990000e+00
    endloop
  endfacet
  facet normal 1.268827e-16 0.000000e+00 -1.000000e+00
    outer loop
      vertex   1.238140e+02 -9.171230e+01 -5.990000e+00
      vertex   1.378140e+02 -9.171230e+01 -5.990000e+00
      vertex   1.238140e+02 -9.676270e+01 -5.990000e+00
    endloop
  endfacet
  facet normal 1.758628e-16 0.000000e+00 -1.000000e+00
    outer loop
      vertex   1.428644e+02 -9.885620e+01 -5.990000e+00
      vertex   1.378140e+02 -9.171230e+01 -5.990000e+00
      vertex   1.428644e+02 -8.485620e+01 -5.990000e+00
    endloop
  endfacet
  facet normal 1.758628e-16 0.000000e+00 -1.000000e+00
    outer loop
      vertex   1.428644e+02 -8.485620e+01 -5.990000e+00
      vertex   1.378140e+02 -9.171230e+01 -5.990000e+00
      vertex   1.378140e+02 -7.771230e+01 -5.990000e+00
    endloop
  endfacet
  facet normal 1.758628e-16 0.000000e+00 -1.000000e+00
    outer loop
      vertex   1.428644e+02 -8.485620e+01 -5.990000e+00
      vertex   1.378140e+02 -7.771230e+01 -5.990000e+00
      vertex   1.428644e+02 -7.980580e+01 -5.990000e+00
    endloop
  endfacet
  facet normal 1.758628e-16 -1.392862e-22 -1.000000e+00
    outer loop
      vertex   1.428644e+02 -7.980580e+01 -5.990000e+00
      vertex   1.378140e+02 -7.771230e+01 -5.990000e+00
      vertex   1.378140e+02 -7.266190e+01 -5.990000e+00
    endloop
  endfacet
  facet normal 1.758630e-16 0.000000e+00 -1.000000e+00
    outer loop
      vertex   1.428644e+02 -7.980580e+01 -5.990000e+00
      vertex   1.378140e+02 -7.266190e+01 -5.990000e+00
      vertex   1.428644e+02 -6.580580e+01 -5.990000e+00
    endloop
  endfacet
  facet normal 1.758630e-16 0.000000e+00 -1.000000e+00
    outer loop
      vertex   1.428644e+02 -6.580580e+01 -5.990000e+00
      vertex   1.378140e+02 -7.266190e+01 -5.990000e+00
      vertex   1.378140e+02 -5.866190e+01 -5.990000e+00
    endloop
  endfacet
  facet normal 1.268826e-16 -1.004931e-22 -1.000000e+00
    outer loop
      vertex   1.378140e+02 -7.266190e+01 -5.990000e+00
      vertex   1.378140e+02 -7.771230e+01 -5.990000e+00
      vertex   1.238140e+02 -7.266190e+01 -5.990000e+00
    endloop
  endfacet
  facet normal 1.268827e-16 0.000000e+00 -1.000000e+00
    outer loop
      vertex   1.238140e+02 -7.266190e+01 -5.990000e+00
      vertex   1.378140e+02 -7.771230e+01 -5.990000e+00
      vertex   1.238140e+02 -7.771230e+01 -5.990000e+00
    endloop
  endfacet
  facet normal 3.517259e-16 0.000000e+00 -1.000000e+00
    outer loop
      vertex   1.568644e+02 -8.485620e+01 -5.990000e+00
      vertex   1.619148e+02 -8.456840e+01 -5.990000e+00
      vertex   1.619148e+02 -8.961880e+01 -5.990000e+00
    endloop
  endfacet
  facet normal 6.344132e-17 0.000000e+00 -1.000000e+00
    outer loop
      vertex   1.619148e+02 -8.961880e+01 -5.990000e+00
      vertex   1.619148e+02 -8.456840e+01 -5.990000e+00
      vertex   1.759148e+02 -8.456840e+01 -5.990000e+00
    endloop
  endfacet
  facet normal 6.344132e-17 -1.428093e-30 -1.000000e+00
    outer loop
      vertex   1.619148e+02 -8.961880e+01 -5.990000e+00
      vertex   1.759148e+02 -8.456840e+01 -5.990000e+00
      vertex   1.759148e+02 -8.961880e+01 -5.990000e+00
    endloop
  endfacet
  facet normal 6.344132e-17 7.077294e-17 -1.000000e+00
    outer loop
      vertex   1.759148e+02 -7.056840e+01 -5.990000e+00
      vertex   1.619148e+02 -7.056840e+01 -5.990000e+00
      vertex   1.790538e+02 -6.083256e+01 -5.990000e+00
    endloop
  endfacet
  facet normal 0.000000e+00 -0.000000e+00 -1.000000e+00
    outer loop
      vertex   1.548588e+02 -1.233596e+02 -5.990000e+00
      vertex   1.550336e+02 -1.235874e+02 -5.990000e+00
      vertex   1.523896e+02 -1.277196e+02 -5.990000e+00
    endloop
  endfacet
  facet normal 0.000000e+00 0.000000e+00 -1.000000e+00
    outer loop
      vertex   1.523896e+02 -1.277196e+02 -5.990000e+00
      vertex   1.550336e+02 -1.235874e+02 -5.990000e+00
      vertex   1.552614e+02 -1.237622e+02 -5.990000e+00
    endloop
  endfacet
  facet normal 0.000000e+00 0.000000e+00 -1.000000e+00
    outer loop
      vertex   1.523896e+02 -1.277196e+02 -5.990000e+00
      vertex   1.552614e+02 -1.237622e+02 -5.990000e+00
      vertex   1.555267e+02 -1.238721e+02 -5.990000e+00
    endloop
  endfacet
  facet normal 0.000000e+00 -0.000000e+00 -1.000000e+00
    outer loop
      vertex   1.555267e+02 -1.238721e+02 -5.990000e+00
      vertex   1.558114e+02 -1.239096e+02 -5.990000e+00
      vertex   1.523896e+02 -1.277196e+02 -5.990000e+00
    endloop
  endfacet
  facet normal 0.000000e+00 0.000000e+00 -1.000000e+00
    outer loop
      vertex   1.523896e+02 -1.277196e+02 -5.990000e+00
      vertex   1.558114e+02 -1.239096e+02 -5.990000e+00
      vertex   1.560961e+02 -1.238721e+02 -5.990000e+00
    endloop
  endfacet
  facet normal 3.651449e-16 -1.512480e-16 -1.000000e+00
    outer loop
      vertex   1.567640e+02 -1.233596e+02 -5.990000e+00
      vertex   1.568739e+02 -1.230943e+02 -5.990000e+00
      vertex   1.619148e+02 -1.226692e+02 -5.990000e+00
    endloop
  endfacet
  facet normal 3.563464e-16 -4.691389e-17 -1.000000e+00
    outer loop
      vertex   1.619148e+02 -1.226692e+02 -5.990000e+00
      vertex   1.568739e+02 -1.230943e+02 -5.990000e+00
      vertex   1.569114e+02 -1.228096e+02 -5.990000e+00
    endloop
  endfacet
  facet normal 3.537232e-16 4.656854e-17 -1.000000e+00
    outer loop
      vertex   1.619148e+02 -1.226692e+02 -5.990000e+00
      vertex   1.569114e+02 -1.228096e+02 -5.990000e+00
      vertex   1.568739e+02 -1.225249e+02 -5.990000e+00
    endloop
  endfacet
  facet normal 3.566187e-16 1.477163e-16 -1.000000e+00
    outer loop
      vertex   1.568739e+02 -1.225249e+02 -5.990000e+00
      vertex   1.567640e+02 -1.222596e+02 -5.990000e+00
      vertex   1.619148e+02 -1.226692e+02 -5.990000e+00
    endloop
  endfacet
  facet normal 3.672834e-16 2.818265e-16 -1.000000e+00
    outer loop
      vertex   1.619148e+02 -1.226692e+02 -5.990000e+00
      vertex   1.567640e+02 -1.222596e+02 -5.990000e+00
      vertex   1.565892e+02 -1.220318e+02 -5.990000e+00
    endloop
  endfacet
  facet normal 3.309096e-16 -2.207423e-17 -1.000000e+00
    outer loop
      vertex   1.619148e+02 -1.226692e+02 -5.990000e+00
      vertex   1.565892e+02 -1.220318e+02 -5.990000e+00
      vertex   1.568644e+02 -1.179066e+02 -5.990000e+00
    endloop
  endfacet
  facet normal 0.000000e+00 0.000000e+00 -1.000000e+00
    outer loop
      vertex   1.568644e+02 -1.179066e+02 -5.990000e+00
      vertex   1.565892e+02 -1.220318e+02 -5.990000e+00
      vertex   1.563614e+02 -1.218570e+02 -5.990000e+00
    endloop
  endfacet
  facet normal 0.000000e+00 0.000000e+00 -1.000000e+00
    outer loop
      vertex   1.568644e+02 -1.179066e+02 -5.990000e+00
      vertex   1.563614e+02 -1.218570e+02 -5.990000e+00
      vertex   1.560961e+02 -1.217471e+02 -5.990000e+00
    endloop
  endfacet
  facet normal 0.000000e+00 0.000000e+00 -1.000000e+00
    outer loop
      vertex   1.560961e+02 -1.217471e+02 -5.990000e+00
      vertex   1.558114e+02 -1.217096e+02 -5.990000e+00
      vertex   1.568644e+02 -1.179066e+02 -5.990000e+00
    endloop
  endfacet
  facet normal 0.000000e+00 0.000000e+00 -1.000000e+00
    outer loop
      vertex   1.568644e+02 -1.179066e+02 -5.990000e+00
      vertex   1.558114e+02 -1.217096e+02 -5.990000e+00
      vertex   1.555267e+02 -1.217471e+02 -5.990000e+00
    endloop
  endfacet
  facet normal 0.000000e+00 0.000000e+00 -1.000000e+00
    outer loop
      vertex   1.568644e+02 -1.179066e+02 -5.990000e+00
      vertex   1.555267e+02 -1.217471e+02 -5.990000e+00
      vertex   1.552614e+02 -1.218570e+02 -5.990000e+00
    endloop
  endfacet
  facet normal -0.000000e+00 0.000000e+00 -1.000000e+00
    outer loop
      vertex   1.552614e+02 -1.218570e+02 -5.990000e+00
      vertex   1.550336e+02 -1.220318e+02 -5.990000e+00
      vertex   1.568644e+02 -1.179066e+02 -5.990000e+00
    endloop
  endfacet
  facet normal 6.344132e-17 0.000000e+00 -1.000000e+00
    outer loop
      vertex   1.047636e+02 -7.742450e+01 -5.990000e+00
      vertex   1.187636e+02 -7.742450e+01 -5.990000e+00
      vertex   1.047636e+02 -8.247490e+01 -5.990000e+00
    endloop
  endfacet
  facet normal 6.344131e-17 2.512329e-23 -1.000000e+00
    outer loop
      vertex   1.047636e+02 -8.247490e+01 -5.990000e+00
      vertex   1.187636e+02 -7.742450e+01 -5.990000e+00
      vertex   1.187636e+02 -8.247490e+01 -5.990000e+00
    endloop
  endfacet
  facet normal 6.344132e-17 -1.785117e-31 -1.000000e+00
    outer loop
      vertex   1.047636e+02 -1.015253e+02 -5.990000e+00
      vertex   1.047636e+02 -9.647490e+01 -5.990000e+00
      vertex   1.187636e+02 -1.015253e+02 -5.990000e+00
    endloop
  endfacet
  facet normal 6.344131e-17 -2.512329e-23 -1.000000e+00
    outer loop
      vertex   1.187636e+02 -1.015253e+02 -5.990000e+00
      vertex   1.047636e+02 -9.647490e+01 -5.990000e+00
      vertex   1.187636e+02 -9.647490e+01 -5.990000e+00
    endloop
  endfacet
  facet normal 3.517259e-16 0.000000e+00 -1.000000e+00
    outer loop
      vertex   1.568644e+02 -8.485620e+01 -5.990000e+00
      vertex   1.619148e+02 -8.961880e+01 -5.990000e+00
      vertex   1.568644e+02 -9.885620e+01 -5.990000e+00
    endloop
  endfacet
  facet normal 3.517259e-16 0.000000e+00 -1.000000e+00
    outer loop
      vertex   1.568644e+02 -9.885620e+01 -5.990000e+00
      vertex   1.619148e+02 -8.961880e+01 -5.990000e+00
      vertex   1.619148e+02 -1.036188e+02 -5.990000e+00
    endloop
  endfacet
  facet normal 6.344132e-17 5.621082e-17 -1.000000e+00
    outer loop
      vertex   1.619148e+02 -1.226692e+02 -5.990000e+00
      vertex   1.759148e+02 -1.226692e+02 -5.990000e+00
      vertex   1.663896e+02 -1.277196e+02 -5.990000e+00
    endloop
  endfacet
  facet normal 3.517259e-16 0.000000e+00 -1.000000e+00
    outer loop
      vertex   1.568644e+02 -1.039066e+02 -5.990000e+00
      vertex   1.619148e+02 -1.086692e+02 -5.990000e+00
      vertex   1.568644e+02 -1.179066e+02 -5.990000e+00
    endloop
  endfacet
  facet normal 3.517259e-16 0.000000e+00 -1.000000e+00
    outer loop
      vertex   1.568644e+02 -1.179066e+02 -5.990000e+00
      vertex   1.619148e+02 -1.086692e+02 -5.990000e+00
      vertex   1.619148e+02 -1.226692e+02 -5.990000e+00
    endloop
  endfacet
  facet normal -0.000000e+00 0.000000e+00 -1.000000e+00
    outer loop
      vertex   1.202215e+02 -1.177007e+02 -5.990000e+00
      vertex   1.142888e+02 -1.205757e+02 -5.990000e+00
      vertex   1.201840e+02 -1.174160e+02 -5.990000e+00
    endloop
  endfacet
  facet normal -0.000000e+00 0.000000e+00 -1.000000e+00
    outer loop
      vertex   1.201840e+02 -1.174160e+02 -5.990000e+00
      vertex   1.142888e+02 -1.205757e+02 -5.990000e+00
      vertex   1.187636e+02 -1.155253e+02 -5.990000e+00
    endloop
  endfacet
  facet normal 0.000000e+00 0.000000e+00 -1.000000e+00
    outer loop
      vertex   1.201840e+02 -1.174160e+02 -5.990000e+00
      vertex   1.187636e+02 -1.155253e+02 -5.990000e+00
      vertex   1.202215e+02 -1.171313e+02 -5.990000e+00
    endloop
  endfacet
  facet normal 0.000000e+00 0.000000e+00 -1.000000e+00
    outer loop
      vertex   1.202215e+02 -1.171313e+02 -5.990000e+00
      vertex   1.187636e+02 -1.155253e+02 -5.990000e+00
      vertex   1.203314e+02 -1.168660e+02 -5.990000e+00
    endloop
  endfacet
  facet normal 0.000000e+00 0.000000e+00 -1.000000e+00
    outer loop
      vertex   1.203314e+02 -1.168660e+02 -5.990000e+00
      vertex   1.187636e+02 -1.155253e+02 -5.990000e+00
      vertex   1.205062e+02 -1.166382e+02 -5.990000e+00
    endloop
  endfacet
  facet normal 0.000000e+00 0.000000e+00 -1.000000e+00
    outer loop
      vertex   1.205062e+02 -1.166382e+02 -5.990000e+00
      vertex   1.187636e+02 -1.155253e+02 -5.990000e+00
      vertex   1.207340e+02 -1.164634e+02 -5.990000e+00
    endloop
  endfacet
  facet normal 0.000000e+00 0.000000e+00 -1.000000e+00
    outer loop
      vertex   1.207340e+02 -1.164634e+02 -5.990000e+00
      vertex   1.187636e+02 -1.155253e+02 -5.990000e+00
      vertex   1.209993e+02 -1.163535e+02 -5.990000e+00
    endloop
  endfacet
  facet normal 0.000000e+00 0.000000e+00 -1.000000e+00
    outer loop
      vertex   1.209993e+02 -1.163535e+02 -5.990000e+00
      vertex   1.187636e+02 -1.155253e+02 -5.990000e+00
      vertex   1.212840e+02 -1.163160e+02 -5.990000e+00
    endloop
  endfacet
  facet normal 4.390087e-17 1.399365e-16 -1.000000e+00
    outer loop
      vertex   1.212840e+02 -1.163160e+02 -5.990000e+00
      vertex   1.187636e+02 -1.155253e+02 -5.990000e+00
      vertex   1.238140e+02 -1.107627e+02 -5.990000e+00
    endloop
  endfacet
  facet normal 1.986466e-17 1.508870e-16 -1.000000e+00
    outer loop
      vertex   1.212840e+02 -1.163160e+02 -5.990000e+00
      vertex   1.238140e+02 -1.107627e+02 -5.990000e+00
      vertex   1.215687e+02 -1.163535e+02 -5.990000e+00
    endloop
  endfacet
  facet normal 5.641865e-17 1.362067e-16 -1.000000e+00
    outer loop
      vertex   1.215687e+02 -1.163535e+02 -5.990000e+00
      vertex   1.238140e+02 -1.107627e+02 -5.990000e+00
      vertex   1.218340e+02 -1.164634e+02 -5.990000e+00
    endloop
  endfacet
  facet normal 0.000000e+00 -0.000000e+00 -1.000000e+00
    outer loop
      vertex   1.202215e+02 -1.177007e+02 -5.990000e+00
      vertex   1.203314e+02 -1.179660e+02 -5.990000e+00
      vertex   1.142888e+02 -1.205757e+02 -5.990000e+00
    endloop
  endfacet
  facet normal 0.000000e+00 0.000000e+00 -1.000000e+00
    outer loop
      vertex   1.142888e+02 -1.205757e+02 -5.990000e+00
      vertex   1.203314e+02 -1.179660e+02 -5.990000e+00
      vertex   1.205062e+02 -1.181938e+02 -5.990000e+00
    endloop
  endfacet
  facet normal 0.000000e+00 0.000000e+00 -1.000000e+00
    outer loop
      vertex   1.142888e+02 -1.205757e+02 -5.990000e+00
      vertex   1.205062e+02 -1.181938e+02 -5.990000e+00
      vertex   1.207340e+02 -1.183686e+02 -5.990000e+00
    endloop
  endfacet
  facet normal 0.000000e+00 -0.000000e+00 -1.000000e+00
    outer loop
      vertex   1.207340e+02 -1.183686e+02 -5.990000e+00
      vertex   1.209993e+02 -1.184785e+02 -5.990000e+00
      vertex   1.142888e+02 -1.205757e+02 -5.990000e+00
    endloop
  endfacet
  facet normal 0.000000e+00 0.000000e+00 -1.000000e+00
    outer loop
      vertex   1.142888e+02 -1.205757e+02 -5.990000e+00
      vertex   1.209993e+02 -1.184785e+02 -5.990000e+00
      vertex   1.212840e+02 -1.185160e+02 -5.990000e+00
    endloop
  endfacet
  facet normal 9.518462e-17 -1.240470e-16 -1.000000e+00
    outer loop
      vertex   1.218340e+02 -1.183686e+02 -5.990000e+00
      vertex   1.220618e+02 -1.181938e+02 -5.990000e+00
      vertex   1.282888e+02 -1.205757e+02 -5.990000e+00
    endloop
  endfacet
  facet normal 1.102688e-16 -8.461224e-17 -1.000000e+00
    outer loop
      vertex   1.282888e+02 -1.205757e+02 -5.990000e+00
      vertex   1.220618e+02 -1.181938e+02 -5.990000e+00
      vertex   1.222366e+02 -1.179660e+02 -5.990000e+00
    endloop
  endfacet
  facet normal 1.245143e-16 -5.157551e-17 -1.000000e+00
    outer loop
      vertex   1.282888e+02 -1.205757e+02 -5.990000e+00
      vertex   1.222366e+02 -1.179660e+02 -5.990000e+00
      vertex   1.223465e+02 -1.177007e+02 -5.990000e+00
    endloop
  endfacet
  facet normal 1.405172e-16 -1.849944e-17 -1.000000e+00
    outer loop
      vertex   1.223465e+02 -1.177007e+02 -5.990000e+00
      vertex   1.223840e+02 -1.174160e+02 -5.990000e+00
      vertex   1.282888e+02 -1.205757e+02 -5.990000e+00
    endloop
  endfacet
  facet normal 1.618160e-16 2.130348e-17 -1.000000e+00
    outer loop
      vertex   1.282888e+02 -1.205757e+02 -5.990000e+00
      vertex   1.223840e+02 -1.174160e+02 -5.990000e+00
      vertex   1.223465e+02 -1.171313e+02 -5.990000e+00
    endloop
  endfacet
  facet normal 1.966927e-16 8.147280e-17 -1.000000e+00
    outer loop
      vertex   1.282888e+02 -1.205757e+02 -5.990000e+00
      vertex   1.223465e+02 -1.171313e+02 -5.990000e+00
      vertex   1.222366e+02 -1.168660e+02 -5.990000e+00
    endloop
  endfacet
  facet normal 6.344132e-17 0.000000e+00 -1.000000e+00
    outer loop
      vertex   1.428644e+02 -8.485620e+01 -5.990000e+00
      vertex   1.428644e+02 -7.980580e+01 -5.990000e+00
      vertex   1.568644e+02 -8.485620e+01 -5.990000e+00
    endloop
  endfacet
  facet normal 6.344132e-17 -2.512328e-23 -1.000000e+00
    outer loop
      vertex   1.568644e+02 -8.485620e+01 -5.990000e+00
      vertex   1.428644e+02 -7.980580e+01 -5.990000e+00
      vertex   1.568644e+02 -7.980580e+01 -5.990000e+00
    endloop
  endfacet
  facet normal 0.000000e+00 -0.000000e+00 -1.000000e+00
    outer loop
      vertex   8.571319e+01 -7.056840e+01 -5.990000e+00
      vertex   8.571319e+01 -8.456840e+01 -5.990000e+00
      vertex   8.066279e+01 -7.294970e+01 -5.990000e+00
    endloop
  endfacet
  facet normal -0.000000e+00 0.000000e+00 -1.000000e+00
    outer loop
      vertex   8.212227e+01 -8.799750e+01 -5.990000e+00
      vertex   8.208479e+01 -8.828220e+01 -5.990000e+00
      vertex   8.066279e+01 -8.694970e+01 -5.990000e+00
    endloop
  endfacet
  facet normal 0.000000e+00 0.000000e+00 -1.000000e+00
    outer loop
      vertex   8.066279e+01 -8.694970e+01 -5.990000e+00
      vertex   8.208479e+01 -8.828220e+01 -5.990000e+00
      vertex   8.212227e+01 -8.856690e+01 -5.990000e+00
    endloop
  endfacet
  facet normal 0.000000e+00 -0.000000e+00 -1.000000e+00
    outer loop
      vertex   8.223216e+01 -8.883220e+01 -5.990000e+00
      vertex   8.240697e+01 -8.906002e+01 -5.990000e+00
      vertex   8.066279e+01 -9.200010e+01 -5.990000e+00
    endloop
  endfacet
  facet normal 0.000000e+00 0.000000e+00 -1.000000e+00
    outer loop
      vertex   8.066279e+01 -9.200010e+01 -5.990000e+00
      vertex   8.240697e+01 -8.906002e+01 -5.990000e+00
      vertex   8.263479e+01 -8.923483e+01 -5.990000e+00
    endloop
  endfacet
  facet normal 0.000000e+00 0.000000e+00 -1.000000e+00
    outer loop
      vertex   8.066279e+01 -9.200010e+01 -5.990000e+00
      vertex   8.263479e+01 -8.923483e+01 -5.990000e+00
      vertex   8.290009e+01 -8.934472e+01 -5.990000e+00
    endloop
  endfacet
  facet normal 0.000000e+00 -0.000000e+00 -1.000000e+00
    outer loop
      vertex   8.290009e+01 -8.934472e+01 -5.990000e+00
      vertex   8.318479e+01 -8.938220e+01 -5.990000e+00
      vertex   8.066279e+01 -9.200010e+01 -5.990000e+00
    endloop
  endfacet
  facet normal 0.000000e+00 0.000000e+00 -1.000000e+00
    outer loop
      vertex   8.066279e+01 -9.200010e+01 -5.990000e+00
      vertex   8.318479e+01 -8.938220e+01 -5.990000e+00
      vertex   8.346949e+01 -8.934472e+01 -5.990000e+00
    endloop
  endfacet
  facet normal 0.000000e+00 0.000000e+00 -1.000000e+00
    outer loop
      vertex   8.373479e+01 -8.923483e+01 -5.990000e+00
      vertex   8.396261e+01 -8.906002e+01 -5.990000e+00
      vertex   8.571319e+01 -8.961880e+01 -5.990000e+00
    endloop
  endfacet
  facet normal 0.000000e+00 0.000000e+00 -1.000000e+00
    outer loop
      vertex   8.571319e+01 -8.961880e+01 -5.990000e+00
      vertex   8.396261e+01 -8.906002e+01 -5.990000e+00
      vertex   8.413742e+01 -8.883220e+01 -5.990000e+00
    endloop
  endfacet
  facet normal 0.000000e+00 0.000000e+00 -1.000000e+00
    outer loop
      vertex   8.571319e+01 -8.961880e+01 -5.990000e+00
      vertex   8.413742e+01 -8.883220e+01 -5.990000e+00
      vertex   8.424731e+01 -8.856690e+01 -5.990000e+00
    endloop
  endfacet
  facet normal 0.000000e+00 0.000000e+00 -1.000000e+00
    outer loop
      vertex   8.424731e+01 -8.856690e+01 -5.990000e+00
      vertex   8.428479e+01 -8.828220e+01 -5.990000e+00
      vertex   8.571319e+01 -8.961880e+01 -5.990000e+00
    endloop
  endfacet
  facet normal 0.000000e+00 0.000000e+00 -1.000000e+00
    outer loop
      vertex   8.571319e+01 -8.961880e+01 -5.990000e+00
      vertex   8.428479e+01 -8.828220e+01 -5.990000e+00
      vertex   8.424731e+01 -8.799750e+01 -5.990000e+00
    endloop
  endfacet
  facet normal 0.000000e+00 0.000000e+00 -1.000000e+00
    outer loop
      vertex   8.413742e+01 -8.773220e+01 -5.990000e+00
      vertex   8.396261e+01 -8.750438e+01 -5.990000e+00
      vertex   8.571319e+01 -8.456840e+01 -5.990000e+00
    endloop
  endfacet
  facet normal 0.000000e+00 0.000000e+00 -1.000000e+00
    outer loop
      vertex   8.571319e+01 -8.456840e+01 -5.990000e+00
      vertex   8.396261e+01 -8.750438e+01 -5.990000e+00
      vertex   8.373479e+01 -8.732957e+01 -5.990000e+00
    endloop
  endfacet
  facet normal 0.000000e+00 0.000000e+00 -1.000000e+00
    outer loop
      vertex   8.571319e+01 -8.456840e+01 -5.990000e+00
      vertex   8.373479e+01 -8.732957e+01 -5.990000e+00
      vertex   8.346949e+01 -8.721968e+01 -5.990000e+00
    endloop
  endfacet
  facet normal 0.000000e+00 0.000000e+00 -1.000000e+00
    outer loop
      vertex   8.346949e+01 -8.721968e+01 -5.990000e+00
      vertex   8.318479e+01 -8.718220e+01 -5.990000e+00
      vertex   8.571319e+01 -8.456840e+01 -5.990000e+00
    endloop
  endfacet
  facet normal 0.000000e+00 0.000000e+00 -1.000000e+00
    outer loop
      vertex   8.571319e+01 -8.456840e+01 -5.990000e+00
      vertex   8.318479e+01 -8.718220e+01 -5.990000e+00
      vertex   8.290009e+01 -8.721968e+01 -5.990000e+00
    endloop
  endfacet
  facet normal -0.000000e+00 0.000000e+00 -1.000000e+00
    outer loop
      vertex   8.263479e+01 -8.732957e+01 -5.990000e+00
      vertex   8.240697e+01 -8.750438e+01 -5.990000e+00
      vertex   8.066279e+01 -8.694970e+01 -5.990000e+00
    endloop
  endfacet
  facet normal 0.000000e+00 0.000000e+00 -1.000000e+00
    outer loop
      vertex   8.066279e+01 -8.694970e+01 -5.990000e+00
      vertex   8.240697e+01 -8.750438e+01 -5.990000e+00
      vertex   8.223216e+01 -8.773220e+01 -5.990000e+00
    endloop
  endfacet
  facet normal 0.000000e+00 0.000000e+00 -1.000000e+00
    outer loop
      vertex   8.066279e+01 -8.694970e+01 -5.990000e+00
      vertex   8.223216e+01 -8.773220e+01 -5.990000e+00
      vertex   8.212227e+01 -8.799750e+01 -5.990000e+00
    endloop
  endfacet
  facet normal 1.758629e-16 0.000000e+00 -1.000000e+00
    outer loop
      vertex   1.187636e+02 -1.155253e+02 -5.990000e+00
      vertex   1.187636e+02 -1.015253e+02 -5.990000e+00
      vertex   1.238140e+02 -1.107627e+02 -5.990000e+00
    endloop
  endfacet
  facet normal 1.394876e-16 -4.595215e-18 -1.000000e+00
    outer loop
      vertex   1.744485e+02 -1.388588e+02 -5.990000e+00
      vertex   1.869775e+02 -1.451055e+02 -5.990000e+00
      vertex   1.676584e+02 -1.516889e+02 -5.990000e+00
    endloop
  endfacet
  facet normal 8.917242e-17 1.430571e-16 -1.000000e+00
    outer loop
      vertex   1.676584e+02 -1.516889e+02 -5.990000e+00
      vertex   1.869775e+02 -1.451055e+02 -5.990000e+00
      vertex   1.924273e+02 -1.485026e+02 -5.990000e+00
    endloop
  endfacet
  facet normal 1.615767e-16 2.418289e-17 -1.000000e+00
    outer loop
      vertex   1.222366e+02 -1.168660e+02 -5.990000e+00
      vertex   1.378140e+02 -1.107627e+02 -5.990000e+00
      vertex   1.282888e+02 -1.205757e+02 -5.990000e+00
    endloop
  endfacet
  facet normal -2.130535e-15 1.000000e+00 -1.742756e-16
    outer loop
      vertex   1.965119e+02 -6.096760e+01 -5.990000e+00
      vertex   1.964701e+02 -6.096760e+01 -5.478582e+00
      vertex   2.031820e+02 -6.096760e+01 -5.990000e+00
    endloop
  endfacet
  facet normal -2.117256e-15 1.000000e+00 0.000000e+00
    outer loop
      vertex   2.031820e+02 -6.096760e+01 -5.990000e+00
      vertex   1.964701e+02 -6.096760e+01 -5.478582e+00
      vertex   2.031820e+02 -6.096760e+01 -4.490000e+00
    endloop
  endfacet
  facet normal -2.054691e-15 1.000000e+00 -4.247835e-16
    outer loop
      vertex   2.031820e+02 -6.096760e+01 -4.490000e+00
      vertex   1.964701e+02 -6.096760e+01 -5.478582e+00
      vertex   1.963662e+02 -6.096760e+01 -4.976082e+00
    endloop
  endfacet
  facet normal -2.035882e-15 1.000000e+00 -6.885155e-16
    outer loop
      vertex   2.031820e+02 -6.096760e+01 -4.490000e+00
      vertex   1.963662e+02 -6.096760e+01 -4.976082e+00
      vertex   1.962018e+02 -6.096760e+01 -4.490000e+00
    endloop
  endfacet
  facet normal -0.000000e+00 -1.000000e+00 -0.000000e+00
    outer loop
      vertex   1.836549e+02 -6.746760e+01 -4.490000e+00
      vertex   1.816326e+02 -6.746760e+01 -4.490000e+00
      vertex   1.836549e+02 -6.746760e+01 -5.990000e+00
    endloop
  endfacet
  facet normal 0.000000e+00 -1.000000e+00 0.000000e+00
    outer loop
      vertex   1.836549e+02 -6.746760e+01 -5.990000e+00
      vertex   1.816326e+02 -6.746760e+01 -4.490000e+00
      vertex   1.816326e+02 -6.746760e+01 -5.990000e+00
    endloop
  endfacet
  facet normal 9.914449e-01 -1.305262e-01 0.000000e+00
    outer loop
      vertex   1.796326e+02 -6.946760e+01 -4.490000e+00
      vertex   1.796326e+02 -6.946760e+01 -5.990000e+00
      vertex   1.797008e+02 -6.894996e+01 -4.490000e+00
    endloop
  endfacet
  facet normal 9.914449e-01 -1.305262e-01 0.000000e+00
    outer loop
      vertex   1.797008e+02 -6.894996e+01 -4.490000e+00
      vertex   1.796326e+02 -6.946760e+01 -5.990000e+00
      vertex   1.797008e+02 -6.894996e+01 -5.990000e+00
    endloop
  endfacet
  facet normal 9.238795e-01 -3.826834e-01 0.000000e+00
    outer loop
      vertex   1.797008e+02 -6.894996e+01 -4.490000e+00
      vertex   1.797008e+02 -6.894996e+01 -5.990000e+00
      vertex   1.799006e+02 -6.846760e+01 -4.490000e+00
    endloop
  endfacet
  facet normal 9.238795e-01 -3.826834e-01 0.000000e+00
    outer loop
      vertex   1.799006e+02 -6.846760e+01 -4.490000e+00
      vertex   1.797008e+02 -6.894996e+01 -5.990000e+00
      vertex   1.799006e+02 -6.846760e+01 -5.990000e+00
    endloop
  endfacet
  facet normal 7.933533e-01 -6.087614e-01 0.000000e+00
    outer loop
      vertex   1.799006e+02 -6.846760e+01 -4.490000e+00
      vertex   1.799006e+02 -6.846760e+01 -5.990000e+00
      vertex   1.802184e+02 -6.805338e+01 -4.490000e+00
    endloop
  endfacet
  facet normal 7.933533e-01 -6.087614e-01 0.000000e+00
    outer loop
      vertex   1.802184e+02 -6.805338e+01 -4.490000e+00
      vertex   1.799006e+02 -6.846760e+01 -5.990000e+00
      vertex   1.802184e+02 -6.805338e+01 -5.990000e+00
    endloop
  endfacet
  facet normal 6.087614e-01 -7.933533e-01 0.000000e+00
    outer loop
      vertex   1.802184e+02 -6.805338e+01 -4.490000e+00
      vertex   1.802184e+02 -6.805338e+01 -5.990000e+00
      vertex   1.806326e+02 -6.773555e+01 -4.490000e+00
    endloop
  endfacet
  facet normal 6.087614e-01 -7.933533e-01 0.000000e+00
    outer loop
      vertex   1.806326e+02 -6.773555e+01 -4.490000e+00
      vertex   1.802184e+02 -6.805338e+01 -5.990000e+00
      vertex   1.806326e+02 -6.773555e+01 -5.990000e+00
    endloop
  endfacet
  facet normal 3.826834e-01 -9.238795e-01 0.000000e+00
    outer loop
      vertex   1.806326e+02 -6.773555e+01 -4.490000e+00
      vertex   1.806326e+02 -6.773555e+01 -5.990000e+00
      vertex   1.811150e+02 -6.753575e+01 -4.490000e+00
    endloop
  endfacet
  facet normal 3.826834e-01 -9.238795e-01 0.000000e+00
    outer loop
      vertex   1.811150e+02 -6.753575e+01 -4.490000e+00
      vertex   1.806326e+02 -6.773555e+01 -5.990000e+00
      vertex   1.811150e+02 -6.753575e+01 -5.990000e+00
    endloop
  endfacet
  facet normal 1.305262e-01 -9.914449e-01 0.000000e+00
    outer loop
      vertex   1.811150e+02 -6.753575e+01 -4.490000e+00
      vertex   1.811150e+02 -6.753575e+01 -5.990000e+00
      vertex   1.816326e+02 -6.746760e+01 -4.490000e+00
    endloop
  endfacet
  facet normal 1.305262e-01 -9.914449e-01 0.000000e+00
    outer loop
      vertex   1.816326e+02 -6.746760e+01 -4.490000e+00
      vertex   1.811150e+02 -6.753575e+01 -5.990000e+00
      vertex   1.816326e+02 -6.746760e+01 -5.990000e+00
    endloop
  endfacet
  facet normal 1.000000e+00 0.000000e+00 0.000000e+00
    outer loop
      vertex   1.796326e+02 -6.946760e+01 -4.490000e+00
      vertex   1.796326e+02 -8.999363e+01 -4.490000e+00
      vertex   1.796326e+02 -6.946760e+01 -5.990000e+00
    endloop
  endfacet
  facet normal 1.000000e+00 0.000000e+00 0.000000e+00
    outer loop
      vertex   1.796326e+02 -6.946760e+01 -5.990000e+00
      vertex   1.796326e+02 -8.999363e+01 -4.490000e+00
      vertex   1.796326e+02 -8.999363e+01 -5.990000e+00
    endloop
  endfacet
  facet normal 1.305262e-01 9.914449e-01 0.000000e+00
    outer loop
      vertex   1.816326e+02 -9.199363e+01 -4.490000e+00
      vertex   1.816326e+02 -9.199363e+01 -5.990000e+00
      vertex   1.811150e+02 -9.192548e+01 -4.490000e+00
    endloop
  endfacet
  facet normal 1.305262e-01 9.914449e-01 0.000000e+00
    outer loop
      vertex   1.811150e+02 -9.192548e+01 -4.490000e+00
      vertex   1.816326e+02 -9.199363e+01 -5.990000e+00
      vertex   1.811150e+02 -9.192548e+01 -5.990000e+00
    endloop
  endfacet
  facet normal 3.826834e-01 9.238795e-01 0.000000e+00
    outer loop
      vertex   1.811150e+02 -9.192548e+01 -4.490000e+00
      vertex   1.811150e+02 -9.192548e+01 -5.990000e+00
      vertex   1.806326e+02 -9.172568e+01 -4.490000e+00
    endloop
  endfacet
  facet normal 3.826834e-01 9.238795e-01 0.000000e+00
    outer loop
      vertex   1.806326e+02 -9.172568e+01 -4.490000e+00
      vertex   1.811150e+02 -9.192548e+01 -5.990000e+00
      vertex   1.806326e+02 -9.172568e+01 -5.990000e+00
    endloop
  endfacet
  facet normal 6.087614e-01 7.933533e-01 0.000000e+00
    outer loop
      vertex   1.806326e+02 -9.172568e+01 -4.490000e+00
      vertex   1.806326e+02 -9.172568e+01 -5.990000e+00
      vertex   1.802184e+02 -9.140784e+01 -4.490000e+00
    endloop
  endfacet
  facet normal 6.087614e-01 7.933533e-01 0.000000e+00
    outer loop
      vertex   1.802184e+02 -9.140784e+01 -4.490000e+00
      vertex   1.806326e+02 -9.172568e+01 -5.990000e+00
      vertex   1.802184e+02 -9.140784e+01 -5.990000e+00
    endloop
  endfacet
  facet normal 7.933533e-01 6.087614e-01 0.000000e+00
    outer loop
      vertex   1.802184e+02 -9.140784e+01 -4.490000e+00
      vertex   1.802184e+02 -9.140784e+01 -5.990000e+00
      vertex   1.799006e+02 -9.099363e+01 -4.490000e+00
    endloop
  endfacet
  facet normal 7.933533e-01 6.087614e-01 0.000000e+00
    outer loop
      vertex   1.799006e+02 -9.099363e+01 -4.490000e+00
      vertex   1.802184e+02 -9.140784e+01 -5.990000e+00
      vertex   1.799006e+02 -9.099363e+01 -5.990000e+00
    endloop
  endfacet
  facet normal 9.238795e-01 3.826834e-01 0.000000e+00
    outer loop
      vertex   1.799006e+02 -9.099363e+01 -4.490000e+00
      vertex   1.799006e+02 -9.099363e+01 -5.990000e+00
      vertex   1.797008e+02 -9.051127e+01 -4.490000e+00
    endloop
  endfacet
  facet normal 9.238795e-01 3.826834e-01 0.000000e+00
    outer loop
      vertex   1.797008e+02 -9.051127e+01 -4.490000e+00
      vertex   1.799006e+02 -9.099363e+01 -5.990000e+00
      vertex   1.797008e+02 -9.051127e+01 -5.990000e+00
    endloop
  endfacet
  facet normal 9.914449e-01 1.305262e-01 0.000000e+00
    outer loop
      vertex   1.797008e+02 -9.051127e+01 -4.490000e+00
      vertex   1.797008e+02 -9.051127e+01 -5.990000e+00
      vertex   1.796326e+02 -8.999363e+01 -4.490000e+00
    endloop
  endfacet
  facet normal 9.914449e-01 1.305262e-01 0.000000e+00
    outer loop
      vertex   1.796326e+02 -8.999363e+01 -4.490000e+00
      vertex   1.797008e+02 -9.051127e+01 -5.990000e+00
      vertex   1.796326e+02 -8.999363e+01 -5.990000e+00
    endloop
  endfacet
  facet normal -0.000000e+00 1.000000e+00 0.000000e+00
    outer loop
      vertex   1.816326e+02 -9.199363e+01 -4.490000e+00
      vertex   1.966414e+02 -9.199363e+01 -4.490000e+00
      vertex   1.816326e+02 -9.199363e+01 -5.990000e+00
    endloop
  endfacet
  facet normal 0.000000e+00 1.000000e+00 0.000000e+00
    outer loop
      vertex   1.816326e+02 -9.199363e+01 -5.990000e+00
      vertex   1.966414e+02 -9.199363e+01 -4.490000e+00
      vertex   1.966414e+02 -9.199363e+01 -5.990000e+00
    endloop
  endfacet
  facet normal -9.914449e-01 1.305262e-01 0.000000e+00
    outer loop
      vertex   1.986414e+02 -8.999363e+01 -4.490000e+00
      vertex   1.986414e+02 -8.999363e+01 -5.990000e+00
      vertex   1.985732e+02 -9.051127e+01 -4.490000e+00
    endloop
  endfacet
  facet normal -9.914449e-01 1.305262e-01 0.000000e+00
    outer loop
      vertex   1.985732e+02 -9.051127e+01 -4.490000e+00
      vertex   1.986414e+02 -8.999363e+01 -5.990000e+00
      vertex   1.985732e+02 -9.051127e+01 -5.990000e+00
    endloop
  endfacet
  facet normal -9.238795e-01 3.826834e-01 0.000000e+00
    outer loop
      vertex   1.985732e+02 -9.051127e+01 -4.490000e+00
      vertex   1.985732e+02 -9.051127e+01 -5.990000e+00
      vertex   1.983734e+02 -9.099363e+01 -4.490000e+00
    endloop
  endfacet
  facet normal -9.238795e-01 3.826834e-01 0.000000e+00
    outer loop
      vertex   1.983734e+02 -9.099363e+01 -4.490000e+00
      vertex   1.985732e+02 -9.051127e+01 -5.990000e+00
      vertex   1.983734e+02 -9.099363e+01 -5.990000e+00
    endloop
  endfacet
  facet normal -7.933533e-01 6.087614e-01 0.000000e+00
    outer loop
      vertex   1.983734e+02 -9.099363e+01 -4.490000e+00
      vertex   1.983734e+02 -9.099363e+01 -5.990000e+00
      vertex   1.980556e+02 -9.140784e+01 -4.490000e+00
    endloop
  endfacet
  facet normal -7.933533e-01 6.087614e-01 0.000000e+00
    outer loop
      vertex   1.980556e+02 -9.140784e+01 -4.490000e+00
      vertex   1.983734e+02 -9.099363e+01 -5.990000e+00
      vertex   1.980556e+02 -9.140784e+01 -5.990000e+00
    endloop
  endfacet
  facet normal -6.087614e-01 7.933533e-01 0.000000e+00
    outer loop
      vertex   1.980556e+02 -9.140784e+01 -4.490000e+00
      vertex   1.980556e+02 -9.140784e+01 -5.990000e+00
      vertex   1.976414e+02 -9.172568e+01 -4.490000e+00
    endloop
  endfacet
  facet normal -6.087614e-01 7.933533e-01 0.000000e+00
    outer loop
      vertex   1.976414e+02 -9.172568e+01 -4.490000e+00
      vertex   1.980556e+02 -9.140784e+01 -5.990000e+00
      vertex   1.976414e+02 -9.172568e+01 -5.990000e+00
    endloop
  endfacet
  facet normal -3.826834e-01 9.238795e-01 0.000000e+00
    outer loop
      vertex   1.976414e+02 -9.172568e+01 -4.490000e+00
      vertex   1.976414e+02 -9.172568e+01 -5.990000e+00
      vertex   1.971590e+02 -9.192548e+01 -4.490000e+00
    endloop
  endfacet
  facet normal -3.826834e-01 9.238795e-01 0.000000e+00
    outer loop
      vertex   1.971590e+02 -9.192548e+01 -4.490000e+00
      vertex   1.976414e+02 -9.172568e+01 -5.990000e+00
      vertex   1.971590e+02 -9.192548e+01 -5.990000e+00
    endloop
  endfacet
  facet normal -1.305262e-01 9.914449e-01 0.000000e+00
    outer loop
      vertex   1.971590e+02 -9.192548e+01 -4.490000e+00
      vertex   1.971590e+02 -9.192548e+01 -5.990000e+00
      vertex   1.966414e+02 -9.199363e+01 -4.490000e+00
    endloop
  endfacet
  facet normal -1.305262e-01 9.914449e-01 0.000000e+00
    outer loop
      vertex   1.966414e+02 -9.199363e+01 -4.490000e+00
      vertex   1.971590e+02 -9.192548e+01 -5.990000e+00
      vertex   1.966414e+02 -9.199363e+01 -5.990000e+00
    endloop
  endfacet
  facet normal -1.000000e+00 0.000000e+00 0.000000e+00
    outer loop
      vertex   1.986414e+02 -8.999363e+01 -4.490000e+00
      vertex   1.986414e+02 -6.946760e+01 -4.490000e+00
      vertex   1.986414e+02 -8.999363e+01 -5.990000e+00
    endloop
  endfacet
  facet normal -1.000000e+00 0.000000e+00 0.000000e+00
    outer loop
      vertex   1.986414e+02 -8.999363e+01 -5.990000e+00
      vertex   1.986414e+02 -6.946760e+01 -4.490000e+00
      vertex   1.986414e+02 -6.946760e+01 -5.990000e+00
    endloop
  endfacet
  facet normal -1.305262e-01 -9.914449e-01 -0.000000e+00
    outer loop
      vertex   1.966414e+02 -6.746760e+01 -4.490000e+00
      vertex   1.966414e+02 -6.746760e+01 -5.990000e+00
      vertex   1.971590e+02 -6.753575e+01 -4.490000e+00
    endloop
  endfacet
  facet normal -1.305262e-01 -9.914449e-01 -0.000000e+00
    outer loop
      vertex   1.971590e+02 -6.753575e+01 -4.490000e+00
      vertex   1.966414e+02 -6.746760e+01 -5.990000e+00
      vertex   1.971590e+02 -6.753575e+01 -5.990000e+00
    endloop
  endfacet
  facet normal -3.826834e-01 -9.238795e-01 -0.000000e+00
    outer loop
      vertex   1.971590e+02 -6.753575e+01 -4.490000e+00
      vertex   1.971590e+02 -6.753575e+01 -5.990000e+00
      vertex   1.976414e+02 -6.773555e+01 -4.490000e+00
    endloop
  endfacet
  facet normal -3.826834e-01 -9.238795e-01 -0.000000e+00
    outer loop
      vertex   1.976414e+02 -6.773555e+01 -4.490000e+00
      vertex   1.971590e+02 -6.753575e+01 -5.990000e+00
      vertex   1.976414e+02 -6.773555e+01 -5.990000e+00
    endloop
  endfacet
  facet normal -6.087614e-01 -7.933533e-01 -0.000000e+00
    outer loop
      vertex   1.976414e+02 -6.773555e+01 -4.490000e+00
      vertex   1.976414e+02 -6.773555e+01 -5.990000e+00
      vertex   1.980556e+02 -6.805338e+01 -4.490000e+00
    endloop
  endfacet
  facet normal -6.087614e-01 -7.933533e-01 -0.000000e+00
    outer loop
      vertex   1.980556e+02 -6.805338e+01 -4.490000e+00
      vertex   1.976414e+02 -6.773555e+01 -5.990000e+00
      vertex   1.980556e+02 -6.805338e+01 -5.990000e+00
    endloop
  endfacet
  facet normal -7.933533e-01 -6.087614e-01 -0.000000e+00
    outer loop
      vertex   1.980556e+02 -6.805338e+01 -4.490000e+00
      vertex   1.980556e+02 -6.805338e+01 -5.990000e+00
      vertex   1.983734e+02 -6.846760e+01 -4.490000e+00
    endloop
  endfacet
  facet normal -7.933533e-01 -6.087614e-01 -0.000000e+00
    outer loop
      vertex   1.983734e+02 -6.846760e+01 -4.490000e+00
      vertex   1.980556e+02 -6.805338e+01 -5.990000e+00
      vertex   1.983734e+02 -6.846760e+01 -5.990000e+00
    endloop
  endfacet
  facet normal -9.238795e-01 -3.826834e-01 -0.000000e+00
    outer loop
      vertex   1.983734e+02 -6.846760e+01 -4.490000e+00
      vertex   1.983734e+02 -6.846760e+01 -5.990000e+00
      vertex   1.985732e+02 -6.894996e+01 -4.490000e+00
    endloop
  endfacet
  facet normal -9.238795e-01 -3.826834e-01 -0.000000e+00
    outer loop
      vertex   1.985732e+02 -6.894996e+01 -4.490000e+00
      vertex   1.983734e+02 -6.846760e+01 -5.990000e+00
      vertex   1.985732e+02 -6.894996e+01 -5.990000e+00
    endloop
  endfacet
  facet normal -9.914449e-01 -1.305262e-01 -0.000000e+00
    outer loop
      vertex   1.985732e+02 -6.894996e+01 -4.490000e+00
      vertex   1.985732e+02 -6.894996e+01 -5.990000e+00
      vertex   1.986414e+02 -6.946760e+01 -4.490000e+00
    endloop
  endfacet
  facet normal -9.914449e-01 -1.305262e-01 -0.000000e+00
    outer loop
      vertex   1.986414e+02 -6.946760e+01 -4.490000e+00
      vertex   1.985732e+02 -6.894996e+01 -5.990000e+00
      vertex   1.986414e+02 -6.946760e+01 -5.990000e+00
    endloop
  endfacet
  facet normal -9.939028e-01 1.102602e-01 0.000000e+00
    outer loop
      vertex   5.713759e+01 -6.730139e+01 -5.990000e+00
      vertex   5.713759e+01 -6.730139e+01 -4.490000e+00
      vertex   5.721054e+01 -6.664386e+01 -5.990000e+00
    endloop
  endfacet
  facet normal -9.939028e-01 1.102602e-01 0.000000e+00
    outer loop
      vertex   5.721054e+01 -6.664386e+01 -5.990000e+00
      vertex   5.713759e+01 -6.730139e+01 -4.490000e+00
      vertex   5.721054e+01 -6.664386e+01 -4.490000e+00
    endloop
  endfacet
  facet normal -9.455700e-01 3.254186e-01 0.000000e+00
    outer loop
      vertex   5.721054e+01 -6.664386e+01 -5.990000e+00
      vertex   5.721054e+01 -6.664386e+01 -4.490000e+00
      vertex   5.742582e+01 -6.601831e+01 -4.490000e+00
    endloop
  endfacet
  facet normal -9.455700e-01 3.254186e-01 0.000000e+00
    outer loop
      vertex   5.721054e+01 -6.664386e+01 -5.990000e+00
      vertex   5.742582e+01 -6.601831e+01 -4.490000e+00
      vertex   5.742582e+01 -6.601831e+01 -5.990000e+00
    endloop
  endfacet
  facet normal -8.512550e-01 5.247522e-01 0.000000e+00
    outer loop
      vertex   5.742582e+01 -6.601831e+01 -5.990000e+00
      vertex   5.742582e+01 -6.601831e+01 -4.490000e+00
      vertex   5.777298e+01 -6.545515e+01 -4.490000e+00
    endloop
  endfacet
  facet normal -8.512550e-01 5.247522e-01 0.000000e+00
    outer loop
      vertex   5.742582e+01 -6.601831e+01 -5.990000e+00
      vertex   5.777298e+01 -6.545515e+01 -4.490000e+00
      vertex   5.777298e+01 -6.545515e+01 -5.990000e+00
    endloop
  endfacet
  facet normal -7.155441e-01 6.985676e-01 0.000000e+00
    outer loop
      vertex   5.777298e+01 -6.545515e+01 -5.990000e+00
      vertex   5.777298e+01 -6.545515e+01 -4.490000e+00
      vertex   5.823512e+01 -6.498178e+01 -4.490000e+00
    endloop
  endfacet
  facet normal -7.155441e-01 6.985676e-01 0.000000e+00
    outer loop
      vertex   5.777298e+01 -6.545515e+01 -5.990000e+00
      vertex   5.823512e+01 -6.498178e+01 -4.490000e+00
      vertex   5.823512e+01 -6.498178e+01 -5.990000e+00
    endloop
  endfacet
  facet normal -5.450369e-01 8.384121e-01 0.000000e+00
    outer loop
      vertex   5.823512e+01 -6.498178e+01 -5.990000e+00
      vertex   5.823512e+01 -6.498178e+01 -4.490000e+00
      vertex   5.878978e+01 -6.462120e+01 -4.490000e+00
    endloop
  endfacet
  facet normal -5.450369e-01 8.384121e-01 0.000000e+00
    outer loop
      vertex   5.823512e+01 -6.498178e+01 -5.990000e+00
      vertex   5.878978e+01 -6.462120e+01 -4.490000e+00
      vertex   5.878978e+01 -6.462120e+01 -5.990000e+00
    endloop
  endfacet
  facet normal -3.480249e-01 9.374853e-01 0.000000e+00
    outer loop
      vertex   5.878978e+01 -6.462120e+01 -5.990000e+00
      vertex   5.878978e+01 -6.462120e+01 -4.490000e+00
      vertex   5.940999e+01 -6.439096e+01 -5.990000e+00
    endloop
  endfacet
  facet normal -3.480249e-01 9.374853e-01 0.000000e+00
    outer loop
      vertex   5.940999e+01 -6.439096e+01 -5.990000e+00
      vertex   5.878978e+01 -6.462120e+01 -4.490000e+00
      vertex   5.940999e+01 -6.439096e+01 -4.490000e+00
    endloop
  endfacet
  facet normal -1.000000e+00 0.000000e+00 0.000000e+00
    outer loop
      vertex   5.713759e+01 -6.730139e+01 -5.990000e+00
      vertex   5.713759e+01 -1.305018e+02 -5.990000e+00
      vertex   5.713759e+01 -6.730139e+01 -4.490000e+00
    endloop
  endfacet
  facet normal -1.000000e+00 -0.000000e+00 0.000000e+00
    outer loop
      vertex   5.713759e+01 -6.730139e+01 -4.490000e+00
      vertex   5.713759e+01 -1.305018e+02 -5.990000e+00
      vertex   5.713759e+01 -1.305018e+02 -4.490000e+00
    endloop
  endfacet
  facet normal -2.027550e-01 9.792295e-01 0.000000e+00
    outer loop
      vertex   1.200628e+02 -4.922776e+01 -5.990000e+00
      vertex   1.200628e+02 -4.922776e+01 -4.490000e+00
      vertex   1.203025e+02 -4.917813e+01 -5.990000e+00
    endloop
  endfacet
  facet normal -2.027550e-01 9.792295e-01 0.000000e+00
    outer loop
      vertex   1.203025e+02 -4.917813e+01 -5.990000e+00
      vertex   1.200628e+02 -4.922776e+01 -4.490000e+00
      vertex   1.203025e+02 -4.917813e+01 -4.490000e+00
    endloop
  endfacet
  facet normal -1.222477e-01 9.924996e-01 0.000000e+00
    outer loop
      vertex   1.203025e+02 -4.917813e+01 -5.990000e+00
      vertex   1.203025e+02 -4.917813e+01 -4.490000e+00
      vertex   1.205454e+02 -4.914821e+01 -5.990000e+00
    endloop
  endfacet
  facet normal -1.222477e-01 9.924996e-01 0.000000e+00
    outer loop
      vertex   1.205454e+02 -4.914821e+01 -5.990000e+00
      vertex   1.203025e+02 -4.917813e+01 -4.490000e+00
      vertex   1.205454e+02 -4.914821e+01 -4.490000e+00
    endloop
  endfacet
  facet normal -4.092659e-02 9.991622e-01 0.000000e+00
    outer loop
      vertex   1.205454e+02 -4.914821e+01 -5.990000e+00
      vertex   1.205454e+02 -4.914821e+01 -4.490000e+00
      vertex   1.207900e+02 -4.913819e+01 -5.990000e+00
    endloop
  endfacet
  facet normal -4.092659e-02 9.991622e-01 0.000000e+00
    outer loop
      vertex   1.207900e+02 -4.913819e+01 -5.990000e+00
      vertex   1.205454e+02 -4.914821e+01 -4.490000e+00
      vertex   1.207900e+02 -4.913819e+01 -4.490000e+00
    endloop
  endfacet
  facet normal -1.299030e-04 1.000000e+00 0.000000e+00
    outer loop
      vertex   1.207900e+02 -4.913819e+01 -4.490000e+00
      vertex   1.409421e+02 -4.913557e+01 -4.490000e+00
      vertex   1.207900e+02 -4.913819e+01 -5.990000e+00
    endloop
  endfacet
  facet normal -1.299030e-04 1.000000e+00 0.000000e+00
    outer loop
      vertex   1.207900e+02 -4.913819e+01 -5.990000e+00
      vertex   1.409421e+02 -4.913557e+01 -4.490000e+00
      vertex   1.409421e+02 -4.913557e+01 -5.990000e+00
    endloop
  endfacet
  facet normal 5.006702e-02 9.987459e-01 -0.000000e+00
    outer loop
      vertex   1.409421e+02 -4.913557e+01 -5.990000e+00
      vertex   1.409421e+02 -4.913557e+01 -4.490000e+00
      vertex   1.412429e+02 -4.915065e+01 -5.990000e+00
    endloop
  endfacet
  facet normal 5.006702e-02 9.987459e-01 -0.000000e+00
    outer loop
      vertex   1.412429e+02 -4.915065e+01 -5.990000e+00
      vertex   1.409421e+02 -4.913557e+01 -4.490000e+00
      vertex   1.412429e+02 -4.915065e+01 -4.490000e+00
    endloop
  endfacet
  facet normal 1.499559e-01 9.886927e-01 -0.000000e+00
    outer loop
      vertex   1.412429e+02 -4.915065e+01 -5.990000e+00
      vertex   1.412429e+02 -4.915065e+01 -4.490000e+00
      vertex   1.415407e+02 -4.919581e+01 -4.490000e+00
    endloop
  endfacet
  facet normal 2.483334e-01 9.686746e-01 0.000000e+00
    outer loop
      vertex   1.418324e+02 -4.927061e+01 -4.490000e+00
      vertex   1.418324e+02 -4.927061e+01 -5.990000e+00
      vertex   1.415407e+02 -4.919581e+01 -4.490000e+00
    endloop
  endfacet
  facet normal 2.483334e-01 9.686746e-01 0.000000e+00
    outer loop
      vertex   1.415407e+02 -4.919581e+01 -4.490000e+00
      vertex   1.418324e+02 -4.927061e+01 -5.990000e+00
      vertex   1.415407e+02 -4.919581e+01 -5.990000e+00
    endloop
  endfacet
  facet normal 1.499559e-01 9.886927e-01 0.000000e+00
    outer loop
      vertex   1.415407e+02 -4.919581e+01 -4.490000e+00
      vertex   1.415407e+02 -4.919581e+01 -5.990000e+00
      vertex   1.412429e+02 -4.915065e+01 -5.990000e+00
    endloop
  endfacet
  facet normal 5.017514e-02 9.987404e-01 0.000000e+00
    outer loop
      vertex   1.799438e+02 -6.096760e+01 -4.490000e+00
      vertex   1.799438e+02 -6.096760e+01 -5.990000e+00
      vertex   1.796431e+02 -6.095249e+01 -4.490000e+00
    endloop
  endfacet
  facet normal 5.017514e-02 9.987404e-01 0.000000e+00
    outer loop
      vertex   1.796431e+02 -6.095249e+01 -4.490000e+00
      vertex   1.799438e+02 -6.096760e+01 -5.990000e+00
      vertex   1.796431e+02 -6.095249e+01 -5.990000e+00
    endloop
  endfacet
  facet normal 1.500201e-01 9.886829e-01 0.000000e+00
    outer loop
      vertex   1.796431e+02 -6.095249e+01 -4.490000e+00
      vertex   1.796431e+02 -6.095249e+01 -5.990000e+00
      vertex   1.793454e+02 -6.090733e+01 -5.990000e+00
    endloop
  endfacet
  facet normal 2.483544e-01 9.686692e-01 -0.000000e+00
    outer loop
      vertex   1.790538e+02 -6.083256e+01 -5.990000e+00
      vertex   1.790538e+02 -6.083256e+01 -4.490000e+00
      vertex   1.793454e+02 -6.090733e+01 -5.990000e+00
    endloop
  endfacet
  facet normal 2.483544e-01 9.686692e-01 -0.000000e+00
    outer loop
      vertex   1.793454e+02 -6.090733e+01 -5.990000e+00
      vertex   1.790538e+02 -6.083256e+01 -4.490000e+00
      vertex   1.793454e+02 -6.090733e+01 -4.490000e+00
    endloop
  endfacet
  facet normal 1.500201e-01 9.886829e-01 -0.000000e+00
    outer loop
      vertex   1.793454e+02 -6.090733e+01 -5.990000e+00
      vertex   1.793454e+02 -6.090733e+01 -4.490000e+00
      vertex   1.796431e+02 -6.095249e+01 -4.490000e+00
    endloop
  endfacet
  facet normal 1.120308e-01 9.937047e-01 -0.000000e+00
    outer loop
      vertex   2.031820e+02 -6.096760e+01 -5.990000e+00
      vertex   2.031820e+02 -6.096760e+01 -4.490000e+00
      vertex   2.038499e+02 -6.104290e+01 -5.990000e+00
    endloop
  endfacet
  facet normal 1.120308e-01 9.937047e-01 -0.000000e+00
    outer loop
      vertex   2.038499e+02 -6.104290e+01 -5.990000e+00
      vertex   2.031820e+02 -6.096760e+01 -4.490000e+00
      vertex   2.038499e+02 -6.104290e+01 -4.490000e+00
    endloop
  endfacet
  facet normal 3.304679e-01 9.438172e-01 -0.000000e+00
    outer loop
      vertex   2.038499e+02 -6.104290e+01 -5.990000e+00
      vertex   2.038499e+02 -6.104290e+01 -4.490000e+00
      vertex   2.044844e+02 -6.126504e+01 -4.490000e+00
    endloop
  endfacet
  facet normal 3.304679e-01 9.438172e-01 0.000000e+00
    outer loop
      vertex   2.038499e+02 -6.104290e+01 -5.990000e+00
      vertex   2.044844e+02 -6.126504e+01 -4.490000e+00
      vertex   2.044844e+02 -6.126504e+01 -5.990000e+00
    endloop
  endfacet
  facet normal 5.323144e-01 8.465467e-01 -0.000000e+00
    outer loop
      vertex   2.044844e+02 -6.126504e+01 -5.990000e+00
      vertex   2.044844e+02 -6.126504e+01 -4.490000e+00
      vertex   2.050534e+02 -6.162285e+01 -4.490000e+00
    endloop
  endfacet
  facet normal 5.323144e-01 8.465467e-01 0.000000e+00
    outer loop
      vertex   2.044844e+02 -6.126504e+01 -5.990000e+00
      vertex   2.050534e+02 -6.162285e+01 -4.490000e+00
      vertex   2.050534e+02 -6.162285e+01 -5.990000e+00
    endloop
  endfacet
  facet normal 7.074369e-01 7.067766e-01 -0.000000e+00
    outer loop
      vertex   2.050534e+02 -6.162285e+01 -5.990000e+00
      vertex   2.050534e+02 -6.162285e+01 -4.490000e+00
      vertex   2.055285e+02 -6.209838e+01 -4.490000e+00
    endloop
  endfacet
  facet normal 7.074369e-01 7.067766e-01 0.000000e+00
    outer loop
      vertex   2.050534e+02 -6.162285e+01 -5.990000e+00
      vertex   2.055285e+02 -6.209838e+01 -4.490000e+00
      vertex   2.055285e+02 -6.209838e+01 -5.990000e+00
    endloop
  endfacet
  facet normal 8.470434e-01 5.315237e-01 -0.000000e+00
    outer loop
      vertex   2.055285e+02 -6.209838e+01 -5.990000e+00
      vertex   2.055285e+02 -6.209838e+01 -4.490000e+00
      vertex   2.058858e+02 -6.266775e+01 -4.490000e+00
    endloop
  endfacet
  facet normal 8.470434e-01 5.315237e-01 0.000000e+00
    outer loop
      vertex   2.055285e+02 -6.209838e+01 -5.990000e+00
      vertex   2.058858e+02 -6.266775e+01 -4.490000e+00
      vertex   2.058858e+02 -6.266775e+01 -5.990000e+00
    endloop
  endfacet
  facet normal 9.441254e-01 3.295864e-01 -0.000000e+00
    outer loop
      vertex   2.058858e+02 -6.266775e+01 -5.990000e+00
      vertex   2.058858e+02 -6.266775e+01 -4.490000e+00
      vertex   2.061073e+02 -6.330238e+01 -4.490000e+00
    endloop
  endfacet
  facet normal 9.441254e-01 3.295864e-01 0.000000e+00
    outer loop
      vertex   2.058858e+02 -6.266775e+01 -5.990000e+00
      vertex   2.061073e+02 -6.330238e+01 -4.490000e+00
      vertex   2.061073e+02 -6.330238e+01 -5.990000e+00
    endloop
  endfacet
  facet normal 9.938089e-01 1.111028e-01 -0.000000e+00
    outer loop
      vertex   2.061073e+02 -6.330238e+01 -5.990000e+00
      vertex   2.061073e+02 -6.330238e+01 -4.490000e+00
      vertex   2.061820e+02 -6.397040e+01 -5.990000e+00
    endloop
  endfacet
  facet normal 9.938089e-01 1.111028e-01 -0.000000e+00
    outer loop
      vertex   2.061820e+02 -6.397040e+01 -5.990000e+00
      vertex   2.061073e+02 -6.330238e+01 -4.490000e+00
      vertex   2.061820e+02 -6.397040e+01 -4.490000e+00
    endloop
  endfacet
  facet normal 6.928037e-01 7.211262e-01 0.000000e+00
    outer loop
      vertex   2.073119e+02 -1.242907e+02 -4.490000e+00
      vertex   2.073119e+02 -1.242907e+02 -5.990000e+00
      vertex   2.068146e+02 -1.238129e+02 -4.490000e+00
    endloop
  endfacet
  facet normal 6.928037e-01 7.211262e-01 0.000000e+00
    outer loop
      vertex   2.068146e+02 -1.238129e+02 -4.490000e+00
      vertex   2.073119e+02 -1.242907e+02 -5.990000e+00
      vertex   2.068146e+02 -1.238129e+02 -5.990000e+00
    endloop
  endfacet
  facet normal 8.391717e-01 5.438666e-01 0.000000e+00
    outer loop
      vertex   2.068146e+02 -1.238129e+02 -4.490000e+00
      vertex   2.068146e+02 -1.238129e+02 -5.990000e+00
      vertex   2.064395e+02 -1.232342e+02 -4.490000e+00
    endloop
  endfacet
  facet normal 8.391717e-01 5.438666e-01 0.000000e+00
    outer loop
      vertex   2.064395e+02 -1.232342e+02 -4.490000e+00
      vertex   2.068146e+02 -1.238129e+02 -5.990000e+00
      vertex   2.064395e+02 -1.232342e+02 -5.990000e+00
    endloop
  endfacet
  facet normal 9.411940e-01 3.378665e-01 0.000000e+00
    outer loop
      vertex   2.064395e+02 -1.232342e+02 -4.490000e+00
      vertex   2.064395e+02 -1.232342e+02 -5.990000e+00
      vertex   2.062065e+02 -1.225851e+02 -4.490000e+00
    endloop
  endfacet
  facet normal 9.411940e-01 3.378665e-01 0.000000e+00
    outer loop
      vertex   2.062065e+02 -1.225851e+02 -4.490000e+00
      vertex   2.064395e+02 -1.232342e+02 -5.990000e+00
      vertex   2.062065e+02 -1.225851e+02 -5.990000e+00
    endloop
  endfacet
  facet normal 9.934794e-01 1.140121e-01 0.000000e+00
    outer loop
      vertex   2.062065e+02 -1.225851e+02 -4.490000e+00
      vertex   2.062065e+02 -1.225851e+02 -5.990000e+00
      vertex   2.061279e+02 -1.219000e+02 -4.490000e+00
    endloop
  endfacet
  facet normal 9.934794e-01 1.140121e-01 0.000000e+00
    outer loop
      vertex   2.061279e+02 -1.219000e+02 -4.490000e+00
      vertex   2.062065e+02 -1.225851e+02 -5.990000e+00
      vertex   2.061279e+02 -1.219000e+02 -5.990000e+00
    endloop
  endfacet
  facet normal 6.053261e-01 7.959776e-01 0.000000e+00
    outer loop
      vertex   2.073119e+02 -1.242907e+02 -4.490000e+00
      vertex   2.258898e+02 -1.384189e+02 -4.490000e+00
      vertex   2.073119e+02 -1.242907e+02 -5.990000e+00
    endloop
  endfacet
  facet normal 6.053261e-01 7.959776e-01 0.000000e+00
    outer loop
      vertex   2.073119e+02 -1.242907e+02 -5.990000e+00
      vertex   2.258898e+02 -1.384189e+02 -4.490000e+00
      vertex   2.258898e+02 -1.384189e+02 -5.990000e+00
    endloop
  endfacet
  facet normal 6.906653e-01 7.231745e-01 -0.000000e+00
    outer loop
      vertex   2.258898e+02 -1.384189e+02 -5.990000e+00
      vertex   2.258898e+02 -1.384189e+02 -4.490000e+00
      vertex   2.263758e+02 -1.388830e+02 -5.990000e+00
    endloop
  endfacet
  facet normal 6.906653e-01 7.231745e-01 -0.000000e+00
    outer loop
      vertex   2.263758e+02 -1.388830e+02 -5.990000e+00
      vertex   2.258898e+02 -1.384189e+02 -4.490000e+00
      vertex   2.263758e+02 -1.388830e+02 -4.490000e+00
    endloop
  endfacet
  facet normal 8.343073e-01 5.512997e-01 -0.000000e+00
    outer loop
      vertex   2.263758e+02 -1.388830e+02 -5.990000e+00
      vertex   2.263758e+02 -1.388830e+02 -4.490000e+00
      vertex   2.267463e+02 -1.394436e+02 -4.490000e+00
    endloop
  endfacet
  facet normal 8.343073e-01 5.512997e-01 0.000000e+00
    outer loop
      vertex   2.263758e+02 -1.388830e+02 -5.990000e+00
      vertex   2.267463e+02 -1.394436e+02 -4.490000e+00
      vertex   2.267463e+02 -1.394436e+02 -5.990000e+00
    endloop
  endfacet
  facet normal 9.360887e-01 3.517639e-01 -0.000000e+00
    outer loop
      vertex   2.267463e+02 -1.394436e+02 -5.990000e+00
      vertex   2.267463e+02 -1.394436e+02 -4.490000e+00
      vertex   2.269826e+02 -1.400727e+02 -4.490000e+00
    endloop
  endfacet
  facet normal 9.360887e-01 3.517639e-01 0.000000e+00
    outer loop
      vertex   2.267463e+02 -1.394436e+02 -5.990000e+00
      vertex   2.269826e+02 -1.400727e+02 -4.490000e+00
      vertex   2.269826e+02 -1.400727e+02 -5.990000e+00
    endloop
  endfacet
  facet normal 9.909029e-01 1.345788e-01 -0.000000e+00
    outer loop
      vertex   2.269826e+02 -1.400727e+02 -5.990000e+00
      vertex   2.269826e+02 -1.400727e+02 -4.490000e+00
      vertex   2.270731e+02 -1.407385e+02 -4.490000e+00
    endloop
  endfacet
  facet normal 9.909029e-01 1.345788e-01 0.000000e+00
    outer loop
      vertex   2.269826e+02 -1.400727e+02 -5.990000e+00
      vertex   2.270731e+02 -1.407385e+02 -4.490000e+00
      vertex   2.270731e+02 -1.407385e+02 -5.990000e+00
    endloop
  endfacet
  facet normal 9.959995e-01 -8.935868e-02 0.000000e+00
    outer loop
      vertex   2.270731e+02 -1.407385e+02 -5.990000e+00
      vertex   2.270731e+02 -1.407385e+02 -4.490000e+00
      vertex   2.270130e+02 -1.414078e+02 -4.490000e+00
    endloop
  endfacet
  facet normal 9.959995e-01 -8.935868e-02 0.000000e+00
    outer loop
      vertex   2.270731e+02 -1.407385e+02 -5.990000e+00
      vertex   2.270130e+02 -1.414078e+02 -4.490000e+00
      vertex   2.270130e+02 -1.414078e+02 -5.990000e+00
    endloop
  endfacet
  facet normal 9.511229e-01 -3.088127e-01 0.000000e+00
    outer loop
      vertex   2.270130e+02 -1.414078e+02 -5.990000e+00
      vertex   2.270130e+02 -1.414078e+02 -4.490000e+00
      vertex   2.268055e+02 -1.420470e+02 -4.490000e+00
    endloop
  endfacet
  facet normal 9.511229e-01 -3.088127e-01 0.000000e+00
    outer loop
      vertex   2.270130e+02 -1.414078e+02 -5.990000e+00
      vertex   2.268055e+02 -1.420470e+02 -4.490000e+00
      vertex   2.268055e+02 -1.420470e+02 -5.990000e+00
    endloop
  endfacet
  facet normal 8.585246e-01 -5.127723e-01 0.000000e+00
    outer loop
      vertex   2.268055e+02 -1.420470e+02 -5.990000e+00
      vertex   2.268055e+02 -1.420470e+02 -4.490000e+00
      vertex   2.264609e+02 -1.426239e+02 -5.990000e+00
    endloop
  endfacet
  facet normal 8.585246e-01 -5.127723e-01 0.000000e+00
    outer loop
      vertex   2.264609e+02 -1.426239e+02 -5.990000e+00
      vertex   2.268055e+02 -1.420470e+02 -4.490000e+00
      vertex   2.264609e+02 -1.426239e+02 -4.490000e+00
    endloop
  endfacet
  facet normal 7.956938e-01 -6.056990e-01 0.000000e+00
    outer loop
      vertex   2.264609e+02 -1.426239e+02 -4.490000e+00
      vertex   2.046630e+02 -1.712594e+02 -4.490000e+00
      vertex   2.264609e+02 -1.426239e+02 -5.990000e+00
    endloop
  endfacet
  facet normal 7.956938e-01 -6.056990e-01 0.000000e+00
    outer loop
      vertex   2.264609e+02 -1.426239e+02 -5.990000e+00
      vertex   2.046630e+02 -1.712594e+02 -4.490000e+00
      vertex   2.046630e+02 -1.712594e+02 -5.990000e+00
    endloop
  endfacet
  facet normal 7.156480e-01 -6.984611e-01 0.000000e+00
    outer loop
      vertex   2.046630e+02 -1.712594e+02 -5.990000e+00
      vertex   2.046630e+02 -1.712594e+02 -4.490000e+00
      vertex   2.041505e+02 -1.717845e+02 -5.990000e+00
    endloop
  endfacet
  facet normal 7.156480e-01 -6.984611e-01 0.000000e+00
    outer loop
      vertex   2.041505e+02 -1.717845e+02 -5.990000e+00
      vertex   2.046630e+02 -1.712594e+02 -4.490000e+00
      vertex   2.041505e+02 -1.717845e+02 -4.490000e+00
    endloop
  endfacet
  facet normal 5.246890e-01 -8.512940e-01 0.000000e+00
    outer loop
      vertex   2.041505e+02 -1.717845e+02 -5.990000e+00
      vertex   2.041505e+02 -1.717845e+02 -4.490000e+00
      vertex   2.035259e+02 -1.721695e+02 -5.990000e+00
    endloop
  endfacet
  facet normal 5.246890e-01 -8.512940e-01 0.000000e+00
    outer loop
      vertex   2.035259e+02 -1.721695e+02 -5.990000e+00
      vertex   2.041505e+02 -1.717845e+02 -4.490000e+00
      vertex   2.035259e+02 -1.721695e+02 -4.490000e+00
    endloop
  endfacet
  facet normal 3.023414e-01 -9.531997e-01 0.000000e+00
    outer loop
      vertex   2.035259e+02 -1.721695e+02 -5.990000e+00
      vertex   2.035259e+02 -1.721695e+02 -4.490000e+00
      vertex   2.028264e+02 -1.723913e+02 -5.990000e+00
    endloop
  endfacet
  facet normal 3.023414e-01 -9.531997e-01 0.000000e+00
    outer loop
      vertex   2.028264e+02 -1.723913e+02 -5.990000e+00
      vertex   2.035259e+02 -1.721695e+02 -4.490000e+00
      vertex   2.028264e+02 -1.723913e+02 -4.490000e+00
    endloop
  endfacet
  facet normal 6.190676e-02 -9.980819e-01 0.000000e+00
    outer loop
      vertex   2.028264e+02 -1.723913e+02 -5.990000e+00
      vertex   2.028264e+02 -1.723913e+02 -4.490000e+00
      vertex   2.020941e+02 -1.724368e+02 -5.990000e+00
    endloop
  endfacet
  facet normal 6.190676e-02 -9.980819e-01 0.000000e+00
    outer loop
      vertex   2.020941e+02 -1.724368e+02 -5.990000e+00
      vertex   2.028264e+02 -1.723913e+02 -4.490000e+00
      vertex   2.020941e+02 -1.724368e+02 -4.490000e+00
    endloop
  endfacet
  facet normal -1.822313e-01 -9.832557e-01 0.000000e+00
    outer loop
      vertex   2.020941e+02 -1.724368e+02 -5.990000e+00
      vertex   2.020941e+02 -1.724368e+02 -4.490000e+00
      vertex   2.013726e+02 -1.723030e+02 -5.990000e+00
    endloop
  endfacet
  facet normal -1.822313e-01 -9.832557e-01 0.000000e+00
    outer loop
      vertex   2.013726e+02 -1.723030e+02 -5.990000e+00
      vertex   2.020941e+02 -1.724368e+02 -4.490000e+00
      vertex   2.013726e+02 -1.723030e+02 -4.490000e+00
    endloop
  endfacet
  facet normal -4.154678e-01 -9.096079e-01 0.000000e+00
    outer loop
      vertex   2.013726e+02 -1.723030e+02 -5.990000e+00
      vertex   2.013726e+02 -1.723030e+02 -4.490000e+00
      vertex   2.007052e+02 -1.719982e+02 -5.990000e+00
    endloop
  endfacet
  facet normal -4.154678e-01 -9.096079e-01 0.000000e+00
    outer loop
      vertex   2.007052e+02 -1.719982e+02 -5.990000e+00
      vertex   2.013726e+02 -1.723030e+02 -4.490000e+00
      vertex   2.007052e+02 -1.719982e+02 -4.490000e+00
    endloop
  endfacet
  facet normal -9.171391e-02 -9.957854e-01 -0.000000e+00
    outer loop
      vertex   1.660876e+02 -1.512448e+02 -4.490000e+00
      vertex   1.660876e+02 -1.512448e+02 -5.990000e+00
      vertex   1.666356e+02 -1.512953e+02 -4.490000e+00
    endloop
  endfacet
  facet normal -9.171391e-02 -9.957854e-01 -0.000000e+00
    outer loop
      vertex   1.666356e+02 -1.512953e+02 -4.490000e+00
      vertex   1.660876e+02 -1.512448e+02 -5.990000e+00
      vertex   1.666356e+02 -1.512953e+02 -5.990000e+00
    endloop
  endfacet
  facet normal -2.720559e-01 -9.622814e-01 -0.000000e+00
    outer loop
      vertex   1.666356e+02 -1.512953e+02 -4.490000e+00
      vertex   1.666356e+02 -1.512953e+02 -5.990000e+00
      vertex   1.671651e+02 -1.514450e+02 -4.490000e+00
    endloop
  endfacet
  facet normal -2.720559e-01 -9.622814e-01 -0.000000e+00
    outer loop
      vertex   1.671651e+02 -1.514450e+02 -4.490000e+00
      vertex   1.666356e+02 -1.512953e+02 -5.990000e+00
      vertex   1.671651e+02 -1.514450e+02 -5.990000e+00
    endloop
  endfacet
  facet normal -4.432444e-01 -8.964008e-01 -0.000000e+00
    outer loop
      vertex   1.671651e+02 -1.514450e+02 -4.490000e+00
      vertex   1.671651e+02 -1.514450e+02 -5.990000e+00
      vertex   1.676584e+02 -1.516889e+02 -4.490000e+00
    endloop
  endfacet
  facet normal -4.432444e-01 -8.964008e-01 -0.000000e+00
    outer loop
      vertex   1.676584e+02 -1.516889e+02 -4.490000e+00
      vertex   1.671651e+02 -1.514450e+02 -5.990000e+00
      vertex   1.676584e+02 -1.516889e+02 -5.990000e+00
    endloop
  endfacet
  facet normal -3.431986e-14 -1.000000e+00 -0.000000e+00
    outer loop
      vertex   1.660876e+02 -1.512448e+02 -4.490000e+00
      vertex   1.495248e+02 -1.512448e+02 -4.490000e+00
      vertex   1.660876e+02 -1.512448e+02 -5.990000e+00
    endloop
  endfacet
  facet normal -3.431986e-14 -1.000000e+00 0.000000e+00
    outer loop
      vertex   1.660876e+02 -1.512448e+02 -5.990000e+00
      vertex   1.495248e+02 -1.512448e+02 -4.490000e+00
      vertex   1.495248e+02 -1.512448e+02 -5.990000e+00
    endloop
  endfacet
  facet normal -3.265239e-02 -9.994668e-01 0.000000e+00
    outer loop
      vertex   1.495248e+02 -1.512448e+02 -5.990000e+00
      vertex   1.495248e+02 -1.512448e+02 -4.490000e+00
      vertex   1.493289e+02 -1.512384e+02 -5.990000e+00
    endloop
  endfacet
  facet normal -3.265239e-02 -9.994668e-01 0.000000e+00
    outer loop
      vertex   1.493289e+02 -1.512384e+02 -5.990000e+00
      vertex   1.495248e+02 -1.512448e+02 -4.490000e+00
      vertex   1.493289e+02 -1.512384e+02 -4.490000e+00
    endloop
  endfacet
  facet normal -9.781791e-02 -9.952043e-01 0.000000e+00
    outer loop
      vertex   1.493289e+02 -1.512384e+02 -5.990000e+00
      vertex   1.493289e+02 -1.512384e+02 -4.490000e+00
      vertex   1.491340e+02 -1.512192e+02 -5.990000e+00
    endloop
  endfacet
  facet normal -9.781791e-02 -9.952043e-01 0.000000e+00
    outer loop
      vertex   1.491340e+02 -1.512192e+02 -5.990000e+00
      vertex   1.493289e+02 -1.512384e+02 -4.490000e+00
      vertex   1.491340e+02 -1.512192e+02 -4.490000e+00
    endloop
  endfacet
  facet normal -1.625663e-01 -9.866976e-01 0.000000e+00
    outer loop
      vertex   1.491340e+02 -1.512192e+02 -5.990000e+00
      vertex   1.491340e+02 -1.512192e+02 -4.490000e+00
      vertex   1.489407e+02 -1.511874e+02 -5.990000e+00
    endloop
  endfacet
  facet normal -1.625663e-01 -9.866976e-01 0.000000e+00
    outer loop
      vertex   1.489407e+02 -1.511874e+02 -5.990000e+00
      vertex   1.491340e+02 -1.512192e+02 -4.490000e+00
      vertex   1.489407e+02 -1.511874e+02 -4.490000e+00
    endloop
  endfacet
  facet normal -3.055536e-01 -9.521749e-01 0.000000e+00
    outer loop
      vertex   5.955350e+01 -1.334444e+02 -5.990000e+00
      vertex   5.955350e+01 -1.334444e+02 -4.490000e+00
      vertex   5.890038e+01 -1.332348e+02 -5.990000e+00
    endloop
  endfacet
  facet normal -3.055536e-01 -9.521749e-01 0.000000e+00
    outer loop
      vertex   5.890038e+01 -1.332348e+02 -5.990000e+00
      vertex   5.955350e+01 -1.334444e+02 -4.490000e+00
      vertex   5.890038e+01 -1.332348e+02 -4.490000e+00
    endloop
  endfacet
  facet normal -5.138452e-01 -8.578830e-01 0.000000e+00
    outer loop
      vertex   5.890038e+01 -1.332348e+02 -5.990000e+00
      vertex   5.890038e+01 -1.332348e+02 -4.490000e+00
      vertex   5.831194e+01 -1.328823e+02 -5.990000e+00
    endloop
  endfacet
  facet normal -5.138452e-01 -8.578830e-01 0.000000e+00
    outer loop
      vertex   5.831194e+01 -1.328823e+02 -5.990000e+00
      vertex   5.890038e+01 -1.332348e+02 -4.490000e+00
      vertex   5.831194e+01 -1.328823e+02 -4.490000e+00
    endloop
  endfacet
  facet normal -6.952748e-01 -7.187440e-01 0.000000e+00
    outer loop
      vertex   5.831194e+01 -1.328823e+02 -5.990000e+00
      vertex   5.831194e+01 -1.328823e+02 -4.490000e+00
      vertex   5.781894e+01 -1.324054e+02 -5.990000e+00
    endloop
  endfacet
  facet normal -6.952748e-01 -7.187440e-01 0.000000e+00
    outer loop
      vertex   5.781894e+01 -1.324054e+02 -5.990000e+00
      vertex   5.831194e+01 -1.328823e+02 -4.490000e+00
      vertex   5.781894e+01 -1.324054e+02 -4.490000e+00
    endloop
  endfacet
  facet normal -8.403580e-01 -5.420318e-01 0.000000e+00
    outer loop
      vertex   5.781894e+01 -1.324054e+02 -5.990000e+00
      vertex   5.781894e+01 -1.324054e+02 -4.490000e+00
      vertex   5.744715e+01 -1.318290e+02 -5.990000e+00
    endloop
  endfacet
  facet normal -8.403580e-01 -5.420318e-01 0.000000e+00
    outer loop
      vertex   5.744715e+01 -1.318290e+02 -5.990000e+00
      vertex   5.781894e+01 -1.324054e+02 -4.490000e+00
      vertex   5.744715e+01 -1.318290e+02 -4.490000e+00
    endloop
  endfacet
  facet normal -9.415103e-01 -3.369841e-01 0.000000e+00
    outer loop
      vertex   5.744715e+01 -1.318290e+02 -5.990000e+00
      vertex   5.744715e+01 -1.318290e+02 -4.490000e+00
      vertex   5.721601e+01 -1.311832e+02 -5.990000e+00
    endloop
  endfacet
  facet normal -9.415103e-01 -3.369841e-01 0.000000e+00
    outer loop
      vertex   5.721601e+01 -1.311832e+02 -5.990000e+00
      vertex   5.744715e+01 -1.318290e+02 -4.490000e+00
      vertex   5.721601e+01 -1.311832e+02 -4.490000e+00
    endloop
  endfacet
  facet normal -9.934440e-01 -1.143201e-01 0.000000e+00
    outer loop
      vertex   5.721601e+01 -1.311832e+02 -5.990000e+00
      vertex   5.721601e+01 -1.311832e+02 -4.490000e+00
      vertex   5.713759e+01 -1.305018e+02 -5.990000e+00
    endloop
  endfacet
  facet normal -9.934440e-01 -1.143201e-01 0.000000e+00
    outer loop
      vertex   5.713759e+01 -1.305018e+02 -5.990000e+00
      vertex   5.721601e+01 -1.311832e+02 -4.490000e+00
      vertex   5.713759e+01 -1.305018e+02 -4.490000e+00
    endloop
  endfacet
  facet normal 9.914449e-01 1.305262e-01 0.000000e+00
    outer loop
      vertex   1.924432e+02 -1.409668e+02 -4.490000e+00
      vertex   1.924432e+02 -1.409668e+02 -5.990000e+00
      vertex   1.924057e+02 -1.406821e+02 -4.490000e+00
    endloop
  endfacet
  facet normal 9.914449e-01 1.305262e-01 0.000000e+00
    outer loop
      vertex   1.924057e+02 -1.406821e+02 -4.490000e+00
      vertex   1.924432e+02 -1.409668e+02 -5.990000e+00
      vertex   1.924057e+02 -1.406821e+02 -5.990000e+00
    endloop
  endfacet
  facet normal 9.914449e-01 -1.305262e-01 0.000000e+00
    outer loop
      vertex   1.924057e+02 -1.406821e+02 -4.490000e+00
      vertex   1.924057e+02 -1.406821e+02 -5.990000e+00
      vertex   1.924432e+02 -1.403974e+02 -4.490000e+00
    endloop
  endfacet
  facet normal 9.914449e-01 -1.305262e-01 0.000000e+00
    outer loop
      vertex   1.924432e+02 -1.403974e+02 -4.490000e+00
      vertex   1.924057e+02 -1.406821e+02 -5.990000e+00
      vertex   1.924432e+02 -1.403974e+02 -5.990000e+00
    endloop
  endfacet
  facet normal 9.238795e-01 -3.826834e-01 0.000000e+00
    outer loop
      vertex   1.924432e+02 -1.403974e+02 -4.490000e+00
      vertex   1.924432e+02 -1.403974e+02 -5.990000e+00
      vertex   1.925531e+02 -1.401321e+02 -4.490000e+00
    endloop
  endfacet
  facet normal 9.238795e-01 -3.826834e-01 0.000000e+00
    outer loop
      vertex   1.925531e+02 -1.401321e+02 -4.490000e+00
      vertex   1.924432e+02 -1.403974e+02 -5.990000e+00
      vertex   1.925531e+02 -1.401321e+02 -5.990000e+00
    endloop
  endfacet
  facet normal 7.933533e-01 -6.087614e-01 0.000000e+00
    outer loop
      vertex   1.925531e+02 -1.401321e+02 -4.490000e+00
      vertex   1.925531e+02 -1.401321e+02 -5.990000e+00
      vertex   1.927279e+02 -1.399043e+02 -4.490000e+00
    endloop
  endfacet
  facet normal 7.933533e-01 -6.087614e-01 0.000000e+00
    outer loop
      vertex   1.927279e+02 -1.399043e+02 -4.490000e+00
      vertex   1.925531e+02 -1.401321e+02 -5.990000e+00
      vertex   1.927279e+02 -1.399043e+02 -5.990000e+00
    endloop
  endfacet
  facet normal 6.087614e-01 -7.933533e-01 0.000000e+00
    outer loop
      vertex   1.927279e+02 -1.399043e+02 -4.490000e+00
      vertex   1.927279e+02 -1.399043e+02 -5.990000e+00
      vertex   1.929557e+02 -1.397295e+02 -4.490000e+00
    endloop
  endfacet
  facet normal 6.087614e-01 -7.933533e-01 0.000000e+00
    outer loop
      vertex   1.929557e+02 -1.397295e+02 -4.490000e+00
      vertex   1.927279e+02 -1.399043e+02 -5.990000e+00
      vertex   1.929557e+02 -1.397295e+02 -5.990000e+00
    endloop
  endfacet
  facet normal 3.826834e-01 -9.238795e-01 0.000000e+00
    outer loop
      vertex   1.929557e+02 -1.397295e+02 -4.490000e+00
      vertex   1.929557e+02 -1.397295e+02 -5.990000e+00
      vertex   1.932210e+02 -1.396196e+02 -4.490000e+00
    endloop
  endfacet
  facet normal 3.826834e-01 -9.238795e-01 0.000000e+00
    outer loop
      vertex   1.932210e+02 -1.396196e+02 -4.490000e+00
      vertex   1.929557e+02 -1.397295e+02 -5.990000e+00
      vertex   1.932210e+02 -1.396196e+02 -5.990000e+00
    endloop
  endfacet
  facet normal 1.305262e-01 -9.914449e-01 0.000000e+00
    outer loop
      vertex   1.932210e+02 -1.396196e+02 -4.490000e+00
      vertex   1.932210e+02 -1.396196e+02 -5.990000e+00
      vertex   1.935057e+02 -1.395821e+02 -4.490000e+00
    endloop
  endfacet
  facet normal 1.305262e-01 -9.914449e-01 0.000000e+00
    outer loop
      vertex   1.935057e+02 -1.395821e+02 -4.490000e+00
      vertex   1.932210e+02 -1.396196e+02 -5.990000e+00
      vertex   1.935057e+02 -1.395821e+02 -5.990000e+00
    endloop
  endfacet
  facet normal -1.305262e-01 -9.914449e-01 -0.000000e+00
    outer loop
      vertex   1.935057e+02 -1.395821e+02 -4.490000e+00
      vertex   1.935057e+02 -1.395821e+02 -5.990000e+00
      vertex   1.937904e+02 -1.396196e+02 -4.490000e+00
    endloop
  endfacet
  facet normal -1.305262e-01 -9.914449e-01 -0.000000e+00
    outer loop
      vertex   1.937904e+02 -1.396196e+02 -4.490000e+00
      vertex   1.935057e+02 -1.395821e+02 -5.990000e+00
      vertex   1.937904e+02 -1.396196e+02 -5.990000e+00
    endloop
  endfacet
  facet normal -3.826834e-01 -9.238795e-01 -0.000000e+00
    outer loop
      vertex   1.937904e+02 -1.396196e+02 -4.490000e+00
      vertex   1.937904e+02 -1.396196e+02 -5.990000e+00
      vertex   1.940557e+02 -1.397295e+02 -4.490000e+00
    endloop
  endfacet
  facet normal -3.826834e-01 -9.238795e-01 -0.000000e+00
    outer loop
      vertex   1.940557e+02 -1.397295e+02 -4.490000e+00
      vertex   1.937904e+02 -1.396196e+02 -5.990000e+00
      vertex   1.940557e+02 -1.397295e+02 -5.990000e+00
    endloop
  endfacet
  facet normal -6.087614e-01 -7.933533e-01 -0.000000e+00
    outer loop
      vertex   1.940557e+02 -1.397295e+02 -4.490000e+00
      vertex   1.940557e+02 -1.397295e+02 -5.990000e+00
      vertex   1.942835e+02 -1.399043e+02 -4.490000e+00
    endloop
  endfacet
  facet normal -6.087614e-01 -7.933533e-01 -0.000000e+00
    outer loop
      vertex   1.942835e+02 -1.399043e+02 -4.490000e+00
      vertex   1.940557e+02 -1.397295e+02 -5.990000e+00
      vertex   1.942835e+02 -1.399043e+02 -5.990000e+00
    endloop
  endfacet
  facet normal -7.933533e-01 -6.087614e-01 -0.000000e+00
    outer loop
      vertex   1.942835e+02 -1.399043e+02 -4.490000e+00
      vertex   1.942835e+02 -1.399043e+02 -5.990000e+00
      vertex   1.944583e+02 -1.401321e+02 -4.490000e+00
    endloop
  endfacet
  facet normal -7.933533e-01 -6.087614e-01 -0.000000e+00
    outer loop
      vertex   1.944583e+02 -1.401321e+02 -4.490000e+00
      vertex   1.942835e+02 -1.399043e+02 -5.990000e+00
      vertex   1.944583e+02 -1.401321e+02 -5.990000e+00
    endloop
  endfacet
  facet normal -9.238795e-01 -3.826834e-01 -0.000000e+00
    outer loop
      vertex   1.944583e+02 -1.401321e+02 -4.490000e+00
      vertex   1.944583e+02 -1.401321e+02 -5.990000e+00
      vertex   1.945682e+02 -1.403974e+02 -4.490000e+00
    endloop
  endfacet
  facet normal -9.238795e-01 -3.826834e-01 -0.000000e+00
    outer loop
      vertex   1.945682e+02 -1.403974e+02 -4.490000e+00
      vertex   1.944583e+02 -1.401321e+02 -5.990000e+00
      vertex   1.945682e+02 -1.403974e+02 -5.990000e+00
    endloop
  endfacet
  facet normal -9.914449e-01 -1.305262e-01 -0.000000e+00
    outer loop
      vertex   1.945682e+02 -1.403974e+02 -4.490000e+00
      vertex   1.945682e+02 -1.403974e+02 -5.990000e+00
      vertex   1.946057e+02 -1.406821e+02 -4.490000e+00
    endloop
  endfacet
  facet normal -9.914449e-01 -1.305262e-01 -0.000000e+00
    outer loop
      vertex   1.946057e+02 -1.406821e+02 -4.490000e+00
      vertex   1.945682e+02 -1.403974e+02 -5.990000e+00
      vertex   1.946057e+02 -1.406821e+02 -5.990000e+00
    endloop
  endfacet
  facet normal -9.914449e-01 1.305262e-01 0.000000e+00
    outer loop
      vertex   1.946057e+02 -1.406821e+02 -4.490000e+00
      vertex   1.946057e+02 -1.406821e+02 -5.990000e+00
      vertex   1.945682e+02 -1.409668e+02 -4.490000e+00
    endloop
  endfacet
  facet normal -9.914449e-01 1.305262e-01 0.000000e+00
    outer loop
      vertex   1.945682e+02 -1.409668e+02 -4.490000e+00
      vertex   1.946057e+02 -1.406821e+02 -5.990000e+00
      vertex   1.945682e+02 -1.409668e+02 -5.990000e+00
    endloop
  endfacet
  facet normal -9.238795e-01 3.826834e-01 0.000000e+00
    outer loop
      vertex   1.945682e+02 -1.409668e+02 -4.490000e+00
      vertex   1.945682e+02 -1.409668e+02 -5.990000e+00
      vertex   1.944583e+02 -1.412321e+02 -4.490000e+00
    endloop
  endfacet
  facet normal -9.238795e-01 3.826834e-01 0.000000e+00
    outer loop
      vertex   1.944583e+02 -1.412321e+02 -4.490000e+00
      vertex   1.945682e+02 -1.409668e+02 -5.990000e+00
      vertex   1.944583e+02 -1.412321e+02 -5.990000e+00
    endloop
  endfacet
  facet normal -7.933533e-01 6.087614e-01 0.000000e+00
    outer loop
      vertex   1.944583e+02 -1.412321e+02 -4.490000e+00
      vertex   1.944583e+02 -1.412321e+02 -5.990000e+00
      vertex   1.942835e+02 -1.414599e+02 -4.490000e+00
    endloop
  endfacet
  facet normal -7.933533e-01 6.087614e-01 0.000000e+00
    outer loop
      vertex   1.942835e+02 -1.414599e+02 -4.490000e+00
      vertex   1.944583e+02 -1.412321e+02 -5.990000e+00
      vertex   1.942835e+02 -1.414599e+02 -5.990000e+00
    endloop
  endfacet
  facet normal -6.087614e-01 7.933533e-01 0.000000e+00
    outer loop
      vertex   1.942835e+02 -1.414599e+02 -4.490000e+00
      vertex   1.942835e+02 -1.414599e+02 -5.990000e+00
      vertex   1.940557e+02 -1.416347e+02 -4.490000e+00
    endloop
  endfacet
  facet normal -6.087614e-01 7.933533e-01 0.000000e+00
    outer loop
      vertex   1.940557e+02 -1.416347e+02 -4.490000e+00
      vertex   1.942835e+02 -1.414599e+02 -5.990000e+00
      vertex   1.940557e+02 -1.416347e+02 -5.990000e+00
    endloop
  endfacet
  facet normal -3.826834e-01 9.238795e-01 0.000000e+00
    outer loop
      vertex   1.940557e+02 -1.416347e+02 -4.490000e+00
      vertex   1.940557e+02 -1.416347e+02 -5.990000e+00
      vertex   1.937904e+02 -1.417446e+02 -4.490000e+00
    endloop
  endfacet
  facet normal -3.826834e-01 9.238795e-01 0.000000e+00
    outer loop
      vertex   1.937904e+02 -1.417446e+02 -4.490000e+00
      vertex   1.940557e+02 -1.416347e+02 -5.990000e+00
      vertex   1.937904e+02 -1.417446e+02 -5.990000e+00
    endloop
  endfacet
  facet normal -1.305262e-01 9.914449e-01 0.000000e+00
    outer loop
      vertex   1.937904e+02 -1.417446e+02 -4.490000e+00
      vertex   1.937904e+02 -1.417446e+02 -5.990000e+00
      vertex   1.935057e+02 -1.417821e+02 -4.490000e+00
    endloop
  endfacet
  facet normal -1.305262e-01 9.914449e-01 0.000000e+00
    outer loop
      vertex   1.935057e+02 -1.417821e+02 -4.490000e+00
      vertex   1.937904e+02 -1.417446e+02 -5.990000e+00
      vertex   1.935057e+02 -1.417821e+02 -5.990000e+00
    endloop
  endfacet
  facet normal 1.305262e-01 9.914449e-01 0.000000e+00
    outer loop
      vertex   1.935057e+02 -1.417821e+02 -4.490000e+00
      vertex   1.935057e+02 -1.417821e+02 -5.990000e+00
      vertex   1.932210e+02 -1.417446e+02 -4.490000e+00
    endloop
  endfacet
  facet normal 1.305262e-01 9.914449e-01 0.000000e+00
    outer loop
      vertex   1.932210e+02 -1.417446e+02 -4.490000e+00
      vertex   1.935057e+02 -1.417821e+02 -5.990000e+00
      vertex   1.932210e+02 -1.417446e+02 -5.990000e+00
    endloop
  endfacet
  facet normal 3.826834e-01 9.238795e-01 0.000000e+00
    outer loop
      vertex   1.932210e+02 -1.417446e+02 -4.490000e+00
      vertex   1.932210e+02 -1.417446e+02 -5.990000e+00
      vertex   1.929557e+02 -1.416347e+02 -4.490000e+00
    endloop
  endfacet
  facet normal 3.826834e-01 9.238795e-01 0.000000e+00
    outer loop
      vertex   1.929557e+02 -1.416347e+02 -4.490000e+00
      vertex   1.932210e+02 -1.417446e+02 -5.990000e+00
      vertex   1.929557e+02 -1.416347e+02 -5.990000e+00
    endloop
  endfacet
  facet normal 6.087614e-01 7.933533e-01 0.000000e+00
    outer loop
      vertex   1.929557e+02 -1.416347e+02 -4.490000e+00
      vertex   1.929557e+02 -1.416347e+02 -5.990000e+00
      vertex   1.927279e+02 -1.414599e+02 -4.490000e+00
    endloop
  endfacet
  facet normal 6.087614e-01 7.933533e-01 0.000000e+00
    outer loop
      vertex   1.927279e+02 -1.414599e+02 -4.490000e+00
      vertex   1.929557e+02 -1.416347e+02 -5.990000e+00
      vertex   1.927279e+02 -1.414599e+02 -5.990000e+00
    endloop
  endfacet
  facet normal 7.933533e-01 6.087614e-01 0.000000e+00
    outer loop
      vertex   1.927279e+02 -1.414599e+02 -4.490000e+00
      vertex   1.927279e+02 -1.414599e+02 -5.990000e+00
      vertex   1.925531e+02 -1.412321e+02 -4.490000e+00
    endloop
  endfacet
  facet normal 7.933533e-01 6.087614e-01 0.000000e+00
    outer loop
      vertex   1.925531e+02 -1.412321e+02 -4.490000e+00
      vertex   1.927279e+02 -1.414599e+02 -5.990000e+00
      vertex   1.925531e+02 -1.412321e+02 -5.990000e+00
    endloop
  endfacet
  facet normal 9.238795e-01 3.826834e-01 0.000000e+00
    outer loop
      vertex   1.925531e+02 -1.412321e+02 -4.490000e+00
      vertex   1.925531e+02 -1.412321e+02 -5.990000e+00
      vertex   1.924432e+02 -1.409668e+02 -4.490000e+00
    endloop
  endfacet
  facet normal 9.238795e-01 3.826834e-01 0.000000e+00
    outer loop
      vertex   1.924432e+02 -1.409668e+02 -4.490000e+00
      vertex   1.925531e+02 -1.412321e+02 -5.990000e+00
      vertex   1.924432e+02 -1.409668e+02 -5.990000e+00
    endloop
  endfacet
  facet normal 8.949344e-01 -4.461978e-01 0.000000e+00
    outer loop
      vertex   1.744485e+02 -1.388588e+02 -5.990000e+00
      vertex   1.806952e+02 -1.263297e+02 -5.990000e+00
      vertex   1.744485e+02 -1.388588e+02 -4.490000e+00
    endloop
  endfacet
  facet normal 8.949344e-01 -4.461978e-01 0.000000e+00
    outer loop
      vertex   1.744485e+02 -1.388588e+02 -4.490000e+00
      vertex   1.806952e+02 -1.263297e+02 -5.990000e+00
      vertex   1.806952e+02 -1.263297e+02 -4.490000e+00
    endloop
  endfacet
  facet normal -4.461978e-01 -8.949344e-01 0.000000e+00
    outer loop
      vertex   1.806952e+02 -1.263297e+02 -5.990000e+00
      vertex   1.932243e+02 -1.325764e+02 -5.990000e+00
      vertex   1.806952e+02 -1.263297e+02 -4.490000e+00
    endloop
  endfacet
  facet normal -4.461978e-01 -8.949344e-01 0.000000e+00
    outer loop
      vertex   1.806952e+02 -1.263297e+02 -4.490000e+00
      vertex   1.932243e+02 -1.325764e+02 -5.990000e+00
      vertex   1.932243e+02 -1.325764e+02 -4.490000e+00
    endloop
  endfacet
  facet normal -8.949344e-01 4.461978e-01 0.000000e+00
    outer loop
      vertex   1.932243e+02 -1.325764e+02 -5.990000e+00
      vertex   1.869775e+02 -1.451055e+02 -5.990000e+00
      vertex   1.932243e+02 -1.325764e+02 -4.490000e+00
    endloop
  endfacet
  facet normal -8.949344e-01 4.461978e-01 0.000000e+00
    outer loop
      vertex   1.932243e+02 -1.325764e+02 -4.490000e+00
      vertex   1.869775e+02 -1.451055e+02 -5.990000e+00
      vertex   1.869775e+02 -1.451055e+02 -4.490000e+00
    endloop
  endfacet
  facet normal 4.461978e-01 8.949344e-01 -0.000000e+00
    outer loop
      vertex   1.869775e+02 -1.451055e+02 -5.990000e+00
      vertex   1.744485e+02 -1.388588e+02 -5.990000e+00
      vertex   1.869775e+02 -1.451055e+02 -4.490000e+00
    endloop
  endfacet
  facet normal 4.461978e-01 8.949344e-01 0.000000e+00
    outer loop
      vertex   1.869775e+02 -1.451055e+02 -4.490000e+00
      vertex   1.744485e+02 -1.388588e+02 -5.990000e+00
      vertex   1.744485e+02 -1.388588e+02 -4.490000e+00
    endloop
  endfacet
  facet normal 1.000000e+00 0.000000e+00 0.000000e+00
    outer loop
      vertex   1.047636e+02 -1.155253e+02 -5.990000e+00
      vertex   1.047636e+02 -1.015253e+02 -5.990000e+00
      vertex   1.047636e+02 -1.155253e+02 -4.490000e+00
    endloop
  endfacet
  facet normal 1.000000e+00 -0.000000e+00 0.000000e+00
    outer loop
      vertex   1.047636e+02 -1.155253e+02 -4.490000e+00
      vertex   1.047636e+02 -1.015253e+02 -5.990000e+00
      vertex   1.047636e+02 -1.015253e+02 -4.490000e+00
    endloop
  endfacet
  facet normal 0.000000e+00 -1.000000e+00 0.000000e+00
    outer loop
      vertex   1.047636e+02 -1.015253e+02 -5.990000e+00
      vertex   1.187636e+02 -1.015253e+02 -5.990000e+00
      vertex   1.047636e+02 -1.015253e+02 -4.490000e+00
    endloop
  endfacet
  facet normal 0.000000e+00 -1.000000e+00 0.000000e+00
    outer loop
      vertex   1.047636e+02 -1.015253e+02 -4.490000e+00
      vertex   1.187636e+02 -1.015253e+02 -5.990000e+00
      vertex   1.187636e+02 -1.015253e+02 -4.490000e+00
    endloop
  endfacet
  facet normal -1.000000e+00 0.000000e+00 0.000000e+00
    outer loop
      vertex   1.187636e+02 -1.015253e+02 -5.990000e+00
      vertex   1.187636e+02 -1.155253e+02 -5.990000e+00
      vertex   1.187636e+02 -1.015253e+02 -4.490000e+00
    endloop
  endfacet
  facet normal -1.000000e+00 -0.000000e+00 0.000000e+00
    outer loop
      vertex   1.187636e+02 -1.015253e+02 -4.490000e+00
      vertex   1.187636e+02 -1.155253e+02 -5.990000e+00
      vertex   1.187636e+02 -1.155253e+02 -4.490000e+00
    endloop
  endfacet
  facet normal 0.000000e+00 1.000000e+00 -0.000000e+00
    outer loop
      vertex   1.187636e+02 -1.155253e+02 -5.990000e+00
      vertex   1.047636e+02 -1.155253e+02 -5.990000e+00
      vertex   1.187636e+02 -1.155253e+02 -4.490000e+00
    endloop
  endfacet
  facet normal 0.000000e+00 1.000000e+00 0.000000e+00
    outer loop
      vertex   1.187636e+02 -1.155253e+02 -4.490000e+00
      vertex   1.047636e+02 -1.155253e+02 -5.990000e+00
      vertex   1.047636e+02 -1.155253e+02 -4.490000e+00
    endloop
  endfacet
  facet normal 9.914449e-01 1.305262e-01 0.000000e+00
    outer loop
      vertex   8.212227e+01 -8.856690e+01 -4.490000e+00
      vertex   8.212227e+01 -8.856690e+01 -5.990000e+00
      vertex   8.208479e+01 -8.828220e+01 -4.490000e+00
    endloop
  endfacet
  facet normal 9.914449e-01 1.305262e-01 0.000000e+00
    outer loop
      vertex   8.208479e+01 -8.828220e+01 -4.490000e+00
      vertex   8.212227e+01 -8.856690e+01 -5.990000e+00
      vertex   8.208479e+01 -8.828220e+01 -5.990000e+00
    endloop
  endfacet
  facet normal 9.914449e-01 -1.305262e-01 0.000000e+00
    outer loop
      vertex   8.208479e+01 -8.828220e+01 -4.490000e+00
      vertex   8.208479e+01 -8.828220e+01 -5.990000e+00
      vertex   8.212227e+01 -8.799750e+01 -4.490000e+00
    endloop
  endfacet
  facet normal 9.914449e-01 -1.305262e-01 0.000000e+00
    outer loop
      vertex   8.212227e+01 -8.799750e+01 -4.490000e+00
      vertex   8.208479e+01 -8.828220e+01 -5.990000e+00
      vertex   8.212227e+01 -8.799750e+01 -5.990000e+00
    endloop
  endfacet
  facet normal 9.238795e-01 -3.826834e-01 0.000000e+00
    outer loop
      vertex   8.212227e+01 -8.799750e+01 -4.490000e+00
      vertex   8.212227e+01 -8.799750e+01 -5.990000e+00
      vertex   8.223216e+01 -8.773220e+01 -4.490000e+00
    endloop
  endfacet
  facet normal 9.238795e-01 -3.826834e-01 0.000000e+00
    outer loop
      vertex   8.223216e+01 -8.773220e+01 -4.490000e+00
      vertex   8.212227e+01 -8.799750e+01 -5.990000e+00
      vertex   8.223216e+01 -8.773220e+01 -5.990000e+00
    endloop
  endfacet
  facet normal 7.933533e-01 -6.087614e-01 0.000000e+00
    outer loop
      vertex   8.223216e+01 -8.773220e+01 -4.490000e+00
      vertex   8.223216e+01 -8.773220e+01 -5.990000e+00
      vertex   8.240697e+01 -8.750438e+01 -4.490000e+00
    endloop
  endfacet
  facet normal 7.933533e-01 -6.087614e-01 0.000000e+00
    outer loop
      vertex   8.240697e+01 -8.750438e+01 -4.490000e+00
      vertex   8.223216e+01 -8.773220e+01 -5.990000e+00
      vertex   8.240697e+01 -8.750438e+01 -5.990000e+00
    endloop
  endfacet
  facet normal 6.087614e-01 -7.933533e-01 0.000000e+00
    outer loop
      vertex   8.240697e+01 -8.750438e+01 -4.490000e+00
      vertex   8.240697e+01 -8.750438e+01 -5.990000e+00
      vertex   8.263479e+01 -8.732957e+01 -4.490000e+00
    endloop
  endfacet
  facet normal 6.087614e-01 -7.933533e-01 0.000000e+00
    outer loop
      vertex   8.263479e+01 -8.732957e+01 -4.490000e+00
      vertex   8.240697e+01 -8.750438e+01 -5.990000e+00
      vertex   8.263479e+01 -8.732957e+01 -5.990000e+00
    endloop
  endfacet
  facet normal 3.826834e-01 -9.238795e-01 0.000000e+00
    outer loop
      vertex   8.263479e+01 -8.732957e+01 -4.490000e+00
      vertex   8.263479e+01 -8.732957e+01 -5.990000e+00
      vertex   8.290009e+01 -8.721968e+01 -4.490000e+00
    endloop
  endfacet
  facet normal 3.826834e-01 -9.238795e-01 0.000000e+00
    outer loop
      vertex   8.290009e+01 -8.721968e+01 -4.490000e+00
      vertex   8.263479e+01 -8.732957e+01 -5.990000e+00
      vertex   8.290009e+01 -8.721968e+01 -5.990000e+00
    endloop
  endfacet
  facet normal 1.305262e-01 -9.914449e-01 0.000000e+00
    outer loop
      vertex   8.290009e+01 -8.721968e+01 -4.490000e+00
      vertex   8.290009e+01 -8.721968e+01 -5.990000e+00
      vertex   8.318479e+01 -8.718220e+01 -4.490000e+00
    endloop
  endfacet
  facet normal 1.305262e-01 -9.914449e-01 0.000000e+00
    outer loop
      vertex   8.318479e+01 -8.718220e+01 -4.490000e+00
      vertex   8.290009e+01 -8.721968e+01 -5.990000e+00
      vertex   8.318479e+01 -8.718220e+01 -5.990000e+00
    endloop
  endfacet
  facet normal -1.305262e-01 -9.914449e-01 -0.000000e+00
    outer loop
      vertex   8.318479e+01 -8.718220e+01 -4.490000e+00
      vertex   8.318479e+01 -8.718220e+01 -5.990000e+00
      vertex   8.346949e+01 -8.721968e+01 -4.490000e+00
    endloop
  endfacet
  facet normal -1.305262e-01 -9.914449e-01 -0.000000e+00
    outer loop
      vertex   8.346949e+01 -8.721968e+01 -4.490000e+00
      vertex   8.318479e+01 -8.718220e+01 -5.990000e+00
      vertex   8.346949e+01 -8.721968e+01 -5.990000e+00
    endloop
  endfacet
  facet normal -3.826834e-01 -9.238795e-01 -0.000000e+00
    outer loop
      vertex   8.346949e+01 -8.721968e+01 -4.490000e+00
      vertex   8.346949e+01 -8.721968e+01 -5.990000e+00
      vertex   8.373479e+01 -8.732957e+01 -4.490000e+00
    endloop
  endfacet
  facet normal -3.826834e-01 -9.238795e-01 -0.000000e+00
    outer loop
      vertex   8.373479e+01 -8.732957e+01 -4.490000e+00
      vertex   8.346949e+01 -8.721968e+01 -5.990000e+00
      vertex   8.373479e+01 -8.732957e+01 -5.990000e+00
    endloop
  endfacet
  facet normal -6.087614e-01 -7.933533e-01 -0.000000e+00
    outer loop
      vertex   8.373479e+01 -8.732957e+01 -4.490000e+00
      vertex   8.373479e+01 -8.732957e+01 -5.990000e+00
      vertex   8.396261e+01 -8.750438e+01 -4.490000e+00
    endloop
  endfacet
  facet normal -6.087614e-01 -7.933533e-01 -0.000000e+00
    outer loop
      vertex   8.396261e+01 -8.750438e+01 -4.490000e+00
      vertex   8.373479e+01 -8.732957e+01 -5.990000e+00
      vertex   8.396261e+01 -8.750438e+01 -5.990000e+00
    endloop
  endfacet
  facet normal -7.933533e-01 -6.087614e-01 -0.000000e+00
    outer loop
      vertex   8.396261e+01 -8.750438e+01 -4.490000e+00
      vertex   8.396261e+01 -8.750438e+01 -5.990000e+00
      vertex   8.413742e+01 -8.773220e+01 -4.490000e+00
    endloop
  endfacet
  facet normal -7.933533e-01 -6.087614e-01 -0.000000e+00
    outer loop
      vertex   8.413742e+01 -8.773220e+01 -4.490000e+00
      vertex   8.396261e+01 -8.750438e+01 -5.990000e+00
      vertex   8.413742e+01 -8.773220e+01 -5.990000e+00
    endloop
  endfacet
  facet normal -9.238795e-01 -3.826834e-01 -0.000000e+00
    outer loop
      vertex   8.413742e+01 -8.773220e+01 -4.490000e+00
      vertex   8.413742e+01 -8.773220e+01 -5.990000e+00
      vertex   8.424731e+01 -8.799750e+01 -4.490000e+00
    endloop
  endfacet
  facet normal -9.238795e-01 -3.826834e-01 -0.000000e+00
    outer loop
      vertex   8.424731e+01 -8.799750e+01 -4.490000e+00
      vertex   8.413742e+01 -8.773220e+01 -5.990000e+00
      vertex   8.424731e+01 -8.799750e+01 -5.990000e+00
    endloop
  endfacet
  facet normal -9.914449e-01 -1.305262e-01 -0.000000e+00
    outer loop
      vertex   8.424731e+01 -8.799750e+01 -4.490000e+00
      vertex   8.424731e+01 -8.799750e+01 -5.990000e+00
      vertex   8.428479e+01 -8.828220e+01 -4.490000e+00
    endloop
  endfacet
  facet normal -9.914449e-01 -1.305262e-01 -0.000000e+00
    outer loop
      vertex   8.428479e+01 -8.828220e+01 -4.490000e+00
      vertex   8.424731e+01 -8.799750e+01 -5.990000e+00
      vertex   8.428479e+01 -8.828220e+01 -5.990000e+00
    endloop
  endfacet
  facet normal -9.914449e-01 1.305262e-01 0.000000e+00
    outer loop
      vertex   8.428479e+01 -8.828220e+01 -4.490000e+00
      vertex   8.428479e+01 -8.828220e+01 -5.990000e+00
      vertex   8.424731e+01 -8.856690e+01 -4.490000e+00
    endloop
  endfacet
  facet normal -9.914449e-01 1.305262e-01 0.000000e+00
    outer loop
      vertex   8.424731e+01 -8.856690e+01 -4.490000e+00
      vertex   8.428479e+01 -8.828220e+01 -5.990000e+00
      vertex   8.424731e+01 -8.856690e+01 -5.990000e+00
    endloop
  endfacet
  facet normal -9.238795e-01 3.826834e-01 0.000000e+00
    outer loop
      vertex   8.424731e+01 -8.856690e+01 -4.490000e+00
      vertex   8.424731e+01 -8.856690e+01 -5.990000e+00
      vertex   8.413742e+01 -8.883220e+01 -4.490000e+00
    endloop
  endfacet
  facet normal -9.238795e-01 3.826834e-01 0.000000e+00
    outer loop
      vertex   8.413742e+01 -8.883220e+01 -4.490000e+00
      vertex   8.424731e+01 -8.856690e+01 -5.990000e+00
      vertex   8.413742e+01 -8.883220e+01 -5.990000e+00
    endloop
  endfacet
  facet normal -7.933533e-01 6.087614e-01 0.000000e+00
    outer loop
      vertex   8.413742e+01 -8.883220e+01 -4.490000e+00
      vertex   8.413742e+01 -8.883220e+01 -5.990000e+00
      vertex   8.396261e+01 -8.906002e+01 -4.490000e+00
    endloop
  endfacet
  facet normal -7.933533e-01 6.087614e-01 0.000000e+00
    outer loop
      vertex   8.396261e+01 -8.906002e+01 -4.490000e+00
      vertex   8.413742e+01 -8.883220e+01 -5.990000e+00
      vertex   8.396261e+01 -8.906002e+01 -5.990000e+00
    endloop
  endfacet
  facet normal -6.087614e-01 7.933533e-01 0.000000e+00
    outer loop
      vertex   8.396261e+01 -8.906002e+01 -4.490000e+00
      vertex   8.396261e+01 -8.906002e+01 -5.990000e+00
      vertex   8.373479e+01 -8.923483e+01 -4.490000e+00
    endloop
  endfacet
  facet normal -6.087614e-01 7.933533e-01 0.000000e+00
    outer loop
      vertex   8.373479e+01 -8.923483e+01 -4.490000e+00
      vertex   8.396261e+01 -8.906002e+01 -5.990000e+00
      vertex   8.373479e+01 -8.923483e+01 -5.990000e+00
    endloop
  endfacet
  facet normal -3.826834e-01 9.238795e-01 0.000000e+00
    outer loop
      vertex   8.373479e+01 -8.923483e+01 -4.490000e+00
      vertex   8.373479e+01 -8.923483e+01 -5.990000e+00
      vertex   8.346949e+01 -8.934472e+01 -4.490000e+00
    endloop
  endfacet
  facet normal -3.826834e-01 9.238795e-01 0.000000e+00
    outer loop
      vertex   8.346949e+01 -8.934472e+01 -4.490000e+00
      vertex   8.373479e+01 -8.923483e+01 -5.990000e+00
      vertex   8.346949e+01 -8.934472e+01 -5.990000e+00
    endloop
  endfacet
  facet normal -1.305262e-01 9.914449e-01 0.000000e+00
    outer loop
      vertex   8.346949e+01 -8.934472e+01 -4.490000e+00
      vertex   8.346949e+01 -8.934472e+01 -5.990000e+00
      vertex   8.318479e+01 -8.938220e+01 -4.490000e+00
    endloop
  endfacet
  facet normal -1.305262e-01 9.914449e-01 0.000000e+00
    outer loop
      vertex   8.318479e+01 -8.938220e+01 -4.490000e+00
      vertex   8.346949e+01 -8.934472e+01 -5.990000e+00
      vertex   8.318479e+01 -8.938220e+01 -5.990000e+00
    endloop
  endfacet
  facet normal 1.305262e-01 9.914449e-01 0.000000e+00
    outer loop
      vertex   8.318479e+01 -8.938220e+01 -4.490000e+00
      vertex   8.318479e+01 -8.938220e+01 -5.990000e+00
      vertex   8.290009e+01 -8.934472e+01 -4.490000e+00
    endloop
  endfacet
  facet normal 1.305262e-01 9.914449e-01 0.000000e+00
    outer loop
      vertex   8.290009e+01 -8.934472e+01 -4.490000e+00
      vertex   8.318479e+01 -8.938220e+01 -5.990000e+00
      vertex   8.290009e+01 -8.934472e+01 -5.990000e+00
    endloop
  endfacet
  facet normal 3.826834e-01 9.238795e-01 0.000000e+00
    outer loop
      vertex   8.290009e+01 -8.934472e+01 -4.490000e+00
      vertex   8.290009e+01 -8.934472e+01 -5.990000e+00
      vertex   8.263479e+01 -8.923483e+01 -4.490000e+00
    endloop
  endfacet
  facet normal 3.826834e-01 9.238795e-01 0.000000e+00
    outer loop
      vertex   8.263479e+01 -8.923483e+01 -4.490000e+00
      vertex   8.290009e+01 -8.934472e+01 -5.990000e+00
      vertex   8.263479e+01 -8.923483e+01 -5.990000e+00
    endloop
  endfacet
  facet normal 6.087614e-01 7.933533e-01 0.000000e+00
    outer loop
      vertex   8.263479e+01 -8.923483e+01 -4.490000e+00
      vertex   8.263479e+01 -8.923483e+01 -5.990000e+00
      vertex   8.240697e+01 -8.906002e+01 -4.490000e+00
    endloop
  endfacet
  facet normal 6.087614e-01 7.933533e-01 0.000000e+00
    outer loop
      vertex   8.240697e+01 -8.906002e+01 -4.490000e+00
      vertex   8.263479e+01 -8.923483e+01 -5.990000e+00
      vertex   8.240697e+01 -8.906002e+01 -5.990000e+00
    endloop
  endfacet
  facet normal 7.933533e-01 6.087614e-01 0.000000e+00
    outer loop
      vertex   8.240697e+01 -8.906002e+01 -4.490000e+00
      vertex   8.240697e+01 -8.906002e+01 -5.990000e+00
      vertex   8.223216e+01 -8.883220e+01 -4.490000e+00
    endloop
  endfacet
  facet normal 7.933533e-01 6.087614e-01 0.000000e+00
    outer loop
      vertex   8.223216e+01 -8.883220e+01 -4.490000e+00
      vertex   8.240697e+01 -8.906002e+01 -5.990000e+00
      vertex   8.223216e+01 -8.883220e+01 -5.990000e+00
    endloop
  endfacet
  facet normal 9.238795e-01 3.826834e-01 0.000000e+00
    outer loop
      vertex   8.223216e+01 -8.883220e+01 -4.490000e+00
      vertex   8.223216e+01 -8.883220e+01 -5.990000e+00
      vertex   8.212227e+01 -8.856690e+01 -4.490000e+00
    endloop
  endfacet
  facet normal 9.238795e-01 3.826834e-01 0.000000e+00
    outer loop
      vertex   8.212227e+01 -8.856690e+01 -4.490000e+00
      vertex   8.223216e+01 -8.883220e+01 -5.990000e+00
      vertex   8.212227e+01 -8.856690e+01 -5.990000e+00
    endloop
  endfacet
  facet normal 9.914449e-01 1.305262e-01 0.000000e+00
    outer loop
      vertex   1.202215e+02 -7.547030e+01 -4.490000e+00
      vertex   1.202215e+02 -7.547030e+01 -5.990000e+00
      vertex   1.201840e+02 -7.518560e+01 -4.490000e+00
    endloop
  endfacet
  facet normal 9.914449e-01 1.305262e-01 0.000000e+00
    outer loop
      vertex   1.201840e+02 -7.518560e+01 -4.490000e+00
      vertex   1.202215e+02 -7.547030e+01 -5.990000e+00
      vertex   1.201840e+02 -7.518560e+01 -5.990000e+00
    endloop
  endfacet
  facet normal 9.914449e-01 -1.305262e-01 0.000000e+00
    outer loop
      vertex   1.201840e+02 -7.518560e+01 -4.490000e+00
      vertex   1.201840e+02 -7.518560e+01 -5.990000e+00
      vertex   1.202215e+02 -7.490090e+01 -4.490000e+00
    endloop
  endfacet
  facet normal 9.914449e-01 -1.305262e-01 0.000000e+00
    outer loop
      vertex   1.202215e+02 -7.490090e+01 -4.490000e+00
      vertex   1.201840e+02 -7.518560e+01 -5.990000e+00
      vertex   1.202215e+02 -7.490090e+01 -5.990000e+00
    endloop
  endfacet
  facet normal 9.238795e-01 -3.826834e-01 0.000000e+00
    outer loop
      vertex   1.202215e+02 -7.490090e+01 -4.490000e+00
      vertex   1.202215e+02 -7.490090e+01 -5.990000e+00
      vertex   1.203314e+02 -7.463560e+01 -4.490000e+00
    endloop
  endfacet
  facet normal 9.238795e-01 -3.826834e-01 0.000000e+00
    outer loop
      vertex   1.203314e+02 -7.463560e+01 -4.490000e+00
      vertex   1.202215e+02 -7.490090e+01 -5.990000e+00
      vertex   1.203314e+02 -7.463560e+01 -5.990000e+00
    endloop
  endfacet
  facet normal 7.933533e-01 -6.087614e-01 0.000000e+00
    outer loop
      vertex   1.203314e+02 -7.463560e+01 -4.490000e+00
      vertex   1.203314e+02 -7.463560e+01 -5.990000e+00
      vertex   1.205062e+02 -7.440778e+01 -4.490000e+00
    endloop
  endfacet
  facet normal 7.933533e-01 -6.087614e-01 0.000000e+00
    outer loop
      vertex   1.205062e+02 -7.440778e+01 -4.490000e+00
      vertex   1.203314e+02 -7.463560e+01 -5.990000e+00
      vertex   1.205062e+02 -7.440778e+01 -5.990000e+00
    endloop
  endfacet
  facet normal 6.087614e-01 -7.933533e-01 0.000000e+00
    outer loop
      vertex   1.205062e+02 -7.440778e+01 -4.490000e+00
      vertex   1.205062e+02 -7.440778e+01 -5.990000e+00
      vertex   1.207340e+02 -7.423297e+01 -4.490000e+00
    endloop
  endfacet
  facet normal 6.087614e-01 -7.933533e-01 0.000000e+00
    outer loop
      vertex   1.207340e+02 -7.423297e+01 -4.490000e+00
      vertex   1.205062e+02 -7.440778e+01 -5.990000e+00
      vertex   1.207340e+02 -7.423297e+01 -5.990000e+00
    endloop
  endfacet
  facet normal 3.826834e-01 -9.238795e-01 0.000000e+00
    outer loop
      vertex   1.207340e+02 -7.423297e+01 -4.490000e+00
      vertex   1.207340e+02 -7.423297e+01 -5.990000e+00
      vertex   1.209993e+02 -7.412308e+01 -4.490000e+00
    endloop
  endfacet
  facet normal 3.826834e-01 -9.238795e-01 0.000000e+00
    outer loop
      vertex   1.209993e+02 -7.412308e+01 -4.490000e+00
      vertex   1.207340e+02 -7.423297e+01 -5.990000e+00
      vertex   1.209993e+02 -7.412308e+01 -5.990000e+00
    endloop
  endfacet
  facet normal 1.305262e-01 -9.914449e-01 0.000000e+00
    outer loop
      vertex   1.209993e+02 -7.412308e+01 -4.490000e+00
      vertex   1.209993e+02 -7.412308e+01 -5.990000e+00
      vertex   1.212840e+02 -7.408560e+01 -4.490000e+00
    endloop
  endfacet
  facet normal 1.305262e-01 -9.914449e-01 0.000000e+00
    outer loop
      vertex   1.212840e+02 -7.408560e+01 -4.490000e+00
      vertex   1.209993e+02 -7.412308e+01 -5.990000e+00
      vertex   1.212840e+02 -7.408560e+01 -5.990000e+00
    endloop
  endfacet
  facet normal -1.305262e-01 -9.914449e-01 -0.000000e+00
    outer loop
      vertex   1.212840e+02 -7.408560e+01 -4.490000e+00
      vertex   1.212840e+02 -7.408560e+01 -5.990000e+00
      vertex   1.215687e+02 -7.412308e+01 -4.490000e+00
    endloop
  endfacet
  facet normal -1.305262e-01 -9.914449e-01 -9.392853e-15
    outer loop
      vertex   1.215687e+02 -7.412308e+01 -4.490000e+00
      vertex   1.212840e+02 -7.408560e+01 -5.990000e+00
      vertex   1.215687e+02 -7.412308e+01 -5.990000e+00
    endloop
  endfacet
  facet normal -3.826834e-01 -9.238795e-01 -8.752745e-15
    outer loop
      vertex   1.215687e+02 -7.412308e+01 -4.490000e+00
      vertex   1.215687e+02 -7.412308e+01 -5.990000e+00
      vertex   1.218340e+02 -7.423297e+01 -4.490000e+00
    endloop
  endfacet
  facet normal -3.826834e-01 -9.238795e-01 -0.000000e+00
    outer loop
      vertex   1.218340e+02 -7.423297e+01 -4.490000e+00
      vertex   1.215687e+02 -7.412308e+01 -5.990000e+00
      vertex   1.218340e+02 -7.423297e+01 -5.990000e+00
    endloop
  endfacet
  facet normal -6.087614e-01 -7.933533e-01 -0.000000e+00
    outer loop
      vertex   1.218340e+02 -7.423297e+01 -4.490000e+00
      vertex   1.218340e+02 -7.423297e+01 -5.990000e+00
      vertex   1.220618e+02 -7.440778e+01 -4.490000e+00
    endloop
  endfacet
  facet normal -6.087614e-01 -7.933533e-01 -0.000000e+00
    outer loop
      vertex   1.220618e+02 -7.440778e+01 -4.490000e+00
      vertex   1.218340e+02 -7.423297e+01 -5.990000e+00
      vertex   1.220618e+02 -7.440778e+01 -5.990000e+00
    endloop
  endfacet
  facet normal -7.933533e-01 -6.087614e-01 -0.000000e+00
    outer loop
      vertex   1.220618e+02 -7.440778e+01 -4.490000e+00
      vertex   1.220618e+02 -7.440778e+01 -5.990000e+00
      vertex   1.222366e+02 -7.463560e+01 -4.490000e+00
    endloop
  endfacet
  facet normal -7.933533e-01 -6.087614e-01 -0.000000e+00
    outer loop
      vertex   1.222366e+02 -7.463560e+01 -4.490000e+00
      vertex   1.220618e+02 -7.440778e+01 -5.990000e+00
      vertex   1.222366e+02 -7.463560e+01 -5.990000e+00
    endloop
  endfacet
  facet normal -9.238795e-01 -3.826834e-01 -0.000000e+00
    outer loop
      vertex   1.222366e+02 -7.463560e+01 -4.490000e+00
      vertex   1.222366e+02 -7.463560e+01 -5.990000e+00
      vertex   1.223465e+02 -7.490090e+01 -4.490000e+00
    endloop
  endfacet
  facet normal -9.238795e-01 -3.826834e-01 -0.000000e+00
    outer loop
      vertex   1.223465e+02 -7.490090e+01 -4.490000e+00
      vertex   1.222366e+02 -7.463560e+01 -5.990000e+00
      vertex   1.223465e+02 -7.490090e+01 -5.990000e+00
    endloop
  endfacet
  facet normal -9.914449e-01 -1.305262e-01 -0.000000e+00
    outer loop
      vertex   1.223465e+02 -7.490090e+01 -4.490000e+00
      vertex   1.223465e+02 -7.490090e+01 -5.990000e+00
      vertex   1.223840e+02 -7.518560e+01 -4.490000e+00
    endloop
  endfacet
  facet normal -9.914449e-01 -1.305262e-01 -0.000000e+00
    outer loop
      vertex   1.223840e+02 -7.518560e+01 -4.490000e+00
      vertex   1.223465e+02 -7.490090e+01 -5.990000e+00
      vertex   1.223840e+02 -7.518560e+01 -5.990000e+00
    endloop
  endfacet
  facet normal -9.914449e-01 1.305262e-01 0.000000e+00
    outer loop
      vertex   1.223840e+02 -7.518560e+01 -4.490000e+00
      vertex   1.223840e+02 -7.518560e+01 -5.990000e+00
      vertex   1.223465e+02 -7.547030e+01 -4.490000e+00
    endloop
  endfacet
  facet normal -9.914449e-01 1.305262e-01 0.000000e+00
    outer loop
      vertex   1.223465e+02 -7.547030e+01 -4.490000e+00
      vertex   1.223840e+02 -7.518560e+01 -5.990000e+00
      vertex   1.223465e+02 -7.547030e+01 -5.990000e+00
    endloop
  endfacet
  facet normal -9.238795e-01 3.826834e-01 0.000000e+00
    outer loop
      vertex   1.223465e+02 -7.547030e+01 -4.490000e+00
      vertex   1.223465e+02 -7.547030e+01 -5.990000e+00
      vertex   1.222366e+02 -7.573560e+01 -4.490000e+00
    endloop
  endfacet
  facet normal -9.238795e-01 3.826834e-01 0.000000e+00
    outer loop
      vertex   1.222366e+02 -7.573560e+01 -4.490000e+00
      vertex   1.223465e+02 -7.547030e+01 -5.990000e+00
      vertex   1.222366e+02 -7.573560e+01 -5.990000e+00
    endloop
  endfacet
  facet normal -7.933533e-01 6.087614e-01 0.000000e+00
    outer loop
      vertex   1.222366e+02 -7.573560e+01 -4.490000e+00
      vertex   1.222366e+02 -7.573560e+01 -5.990000e+00
      vertex   1.220618e+02 -7.596342e+01 -4.490000e+00
    endloop
  endfacet
  facet normal -7.933533e-01 6.087614e-01 0.000000e+00
    outer loop
      vertex   1.220618e+02 -7.596342e+01 -4.490000e+00
      vertex   1.222366e+02 -7.573560e+01 -5.990000e+00
      vertex   1.220618e+02 -7.596342e+01 -5.990000e+00
    endloop
  endfacet
  facet normal -6.087614e-01 7.933533e-01 0.000000e+00
    outer loop
      vertex   1.220618e+02 -7.596342e+01 -4.490000e+00
      vertex   1.220618e+02 -7.596342e+01 -5.990000e+00
      vertex   1.218340e+02 -7.613823e+01 -4.490000e+00
    endloop
  endfacet
  facet normal -6.087614e-01 7.933533e-01 0.000000e+00
    outer loop
      vertex   1.218340e+02 -7.613823e+01 -4.490000e+00
      vertex   1.220618e+02 -7.596342e+01 -5.990000e+00
      vertex   1.218340e+02 -7.613823e+01 -5.990000e+00
    endloop
  endfacet
  facet normal -3.826834e-01 9.238795e-01 0.000000e+00
    outer loop
      vertex   1.218340e+02 -7.613823e+01 -4.490000e+00
      vertex   1.218340e+02 -7.613823e+01 -5.990000e+00
      vertex   1.215687e+02 -7.624812e+01 -4.490000e+00
    endloop
  endfacet
  facet normal -3.826834e-01 9.238795e-01 8.752745e-15
    outer loop
      vertex   1.215687e+02 -7.624812e+01 -4.490000e+00
      vertex   1.218340e+02 -7.613823e+01 -5.990000e+00
      vertex   1.215687e+02 -7.624812e+01 -5.990000e+00
    endloop
  endfacet
  facet normal -1.305262e-01 9.914449e-01 9.392853e-15
    outer loop
      vertex   1.215687e+02 -7.624812e+01 -4.490000e+00
      vertex   1.215687e+02 -7.624812e+01 -5.990000e+00
      vertex   1.212840e+02 -7.628560e+01 -4.490000e+00
    endloop
  endfacet
  facet normal -1.305262e-01 9.914449e-01 0.000000e+00
    outer loop
      vertex   1.212840e+02 -7.628560e+01 -4.490000e+00
      vertex   1.215687e+02 -7.624812e+01 -5.990000e+00
      vertex   1.212840e+02 -7.628560e+01 -5.990000e+00
    endloop
  endfacet
  facet normal 1.305262e-01 9.914449e-01 0.000000e+00
    outer loop
      vertex   1.212840e+02 -7.628560e+01 -4.490000e+00
      vertex   1.212840e+02 -7.628560e+01 -5.990000e+00
      vertex   1.209993e+02 -7.624812e+01 -4.490000e+00
    endloop
  endfacet
  facet normal 1.305262e-01 9.914449e-01 0.000000e+00
    outer loop
      vertex   1.209993e+02 -7.624812e+01 -4.490000e+00
      vertex   1.212840e+02 -7.628560e+01 -5.990000e+00
      vertex   1.209993e+02 -7.624812e+01 -5.990000e+00
    endloop
  endfacet
  facet normal 3.826834e-01 9.238795e-01 0.000000e+00
    outer loop
      vertex   1.209993e+02 -7.624812e+01 -4.490000e+00
      vertex   1.209993e+02 -7.624812e+01 -5.990000e+00
      vertex   1.207340e+02 -7.613823e+01 -4.490000e+00
    endloop
  endfacet
  facet normal 3.826834e-01 9.238795e-01 0.000000e+00
    outer loop
      vertex   1.207340e+02 -7.613823e+01 -4.490000e+00
      vertex   1.209993e+02 -7.624812e+01 -5.990000e+00
      vertex   1.207340e+02 -7.613823e+01 -5.990000e+00
    endloop
  endfacet
  facet normal 6.087614e-01 7.933533e-01 0.000000e+00
    outer loop
      vertex   1.207340e+02 -7.613823e+01 -4.490000e+00
      vertex   1.207340e+02 -7.613823e+01 -5.990000e+00
      vertex   1.205062e+02 -7.596342e+01 -4.490000e+00
    endloop
  endfacet
  facet normal 6.087614e-01 7.933533e-01 0.000000e+00
    outer loop
      vertex   1.205062e+02 -7.596342e+01 -4.490000e+00
      vertex   1.207340e+02 -7.613823e+01 -5.990000e+00
      vertex   1.205062e+02 -7.596342e+01 -5.990000e+00
    endloop
  endfacet
  facet normal 7.933533e-01 6.087614e-01 0.000000e+00
    outer loop
      vertex   1.205062e+02 -7.596342e+01 -4.490000e+00
      vertex   1.205062e+02 -7.596342e+01 -5.990000e+00
      vertex   1.203314e+02 -7.573560e+01 -4.490000e+00
    endloop
  endfacet
  facet normal 7.933533e-01 6.087614e-01 0.000000e+00
    outer loop
      vertex   1.203314e+02 -7.573560e+01 -4.490000e+00
      vertex   1.205062e+02 -7.596342e+01 -5.990000e+00
      vertex   1.203314e+02 -7.573560e+01 -5.990000e+00
    endloop
  endfacet
  facet normal 9.238795e-01 3.826834e-01 0.000000e+00
    outer loop
      vertex   1.203314e+02 -7.573560e+01 -4.490000e+00
      vertex   1.203314e+02 -7.573560e+01 -5.990000e+00
      vertex   1.202215e+02 -7.547030e+01 -4.490000e+00
    endloop
  endfacet
  facet normal 9.238795e-01 3.826834e-01 0.000000e+00
    outer loop
      vertex   1.202215e+02 -7.547030e+01 -4.490000e+00
      vertex   1.203314e+02 -7.573560e+01 -5.990000e+00
      vertex   1.202215e+02 -7.547030e+01 -5.990000e+00
    endloop
  endfacet
  facet normal 1.000000e+00 0.000000e+00 0.000000e+00
    outer loop
      vertex   1.428644e+02 -9.885620e+01 -5.990000e+00
      vertex   1.428644e+02 -8.485620e+01 -5.990000e+00
      vertex   1.428644e+02 -9.885620e+01 -4.490000e+00
    endloop
  endfacet
  facet normal 1.000000e+00 -0.000000e+00 0.000000e+00
    outer loop
      vertex   1.428644e+02 -9.885620e+01 -4.490000e+00
      vertex   1.428644e+02 -8.485620e+01 -5.990000e+00
      vertex   1.428644e+02 -8.485620e+01 -4.490000e+00
    endloop
  endfacet
  facet normal 0.000000e+00 -1.000000e+00 0.000000e+00
    outer loop
      vertex   1.428644e+02 -8.485620e+01 -5.990000e+00
      vertex   1.568644e+02 -8.485620e+01 -5.990000e+00
      vertex   1.428644e+02 -8.485620e+01 -4.490000e+00
    endloop
  endfacet
  facet normal 0.000000e+00 -1.000000e+00 0.000000e+00
    outer loop
      vertex   1.428644e+02 -8.485620e+01 -4.490000e+00
      vertex   1.568644e+02 -8.485620e+01 -5.990000e+00
      vertex   1.568644e+02 -8.485620e+01 -4.490000e+00
    endloop
  endfacet
  facet normal -1.000000e+00 0.000000e+00 0.000000e+00
    outer loop
      vertex   1.568644e+02 -8.485620e+01 -5.990000e+00
      vertex   1.568644e+02 -9.885620e+01 -5.990000e+00
      vertex   1.568644e+02 -8.485620e+01 -4.490000e+00
    endloop
  endfacet
  facet normal -1.000000e+00 -0.000000e+00 0.000000e+00
    outer loop
      vertex   1.568644e+02 -8.485620e+01 -4.490000e+00
      vertex   1.568644e+02 -9.885620e+01 -5.990000e+00
      vertex   1.568644e+02 -9.885620e+01 -4.490000e+00
    endloop
  endfacet
  facet normal 0.000000e+00 1.000000e+00 -0.000000e+00
    outer loop
      vertex   1.568644e+02 -9.885620e+01 -5.990000e+00
      vertex   1.428644e+02 -9.885620e+01 -5.990000e+00
      vertex   1.568644e+02 -9.885620e+01 -4.490000e+00
    endloop
  endfacet
  facet normal 0.000000e+00 1.000000e+00 0.000000e+00
    outer loop
      vertex   1.568644e+02 -9.885620e+01 -4.490000e+00
      vertex   1.428644e+02 -9.885620e+01 -5.990000e+00
      vertex   1.428644e+02 -9.885620e+01 -4.490000e+00
    endloop
  endfacet
  facet normal 7.960021e-01 -6.052939e-01 0.000000e+00
    outer loop
      vertex   1.924273e+02 -1.485026e+02 -5.990000e+00
      vertex   2.009014e+02 -1.373585e+02 -5.990000e+00
      vertex   1.924273e+02 -1.485026e+02 -4.490000e+00
    endloop
  endfacet
  facet normal 7.960021e-01 -6.052939e-01 0.000000e+00
    outer loop
      vertex   1.924273e+02 -1.485026e+02 -4.490000e+00
      vertex   2.009014e+02 -1.373585e+02 -5.990000e+00
      vertex   2.009014e+02 -1.373585e+02 -4.490000e+00
    endloop
  endfacet
  facet normal -6.052939e-01 -7.960021e-01 0.000000e+00
    outer loop
      vertex   2.009014e+02 -1.373585e+02 -5.990000e+00
      vertex   2.120455e+02 -1.458326e+02 -5.990000e+00
      vertex   2.009014e+02 -1.373585e+02 -4.490000e+00
    endloop
  endfacet
  facet normal -6.052939e-01 -7.960021e-01 0.000000e+00
    outer loop
      vertex   2.009014e+02 -1.373585e+02 -4.490000e+00
      vertex   2.120455e+02 -1.458326e+02 -5.990000e+00
      vertex   2.120455e+02 -1.458326e+02 -4.490000e+00
    endloop
  endfacet
  facet normal -7.960021e-01 6.052939e-01 0.000000e+00
    outer loop
      vertex   2.120455e+02 -1.458326e+02 -5.990000e+00
      vertex   2.035713e+02 -1.569767e+02 -5.990000e+00
      vertex   2.120455e+02 -1.458326e+02 -4.490000e+00
    endloop
  endfacet
  facet normal -7.960021e-01 6.052939e-01 0.000000e+00
    outer loop
      vertex   2.120455e+02 -1.458326e+02 -4.490000e+00
      vertex   2.035713e+02 -1.569767e+02 -5.990000e+00
      vertex   2.035713e+02 -1.569767e+02 -4.490000e+00
    endloop
  endfacet
  facet normal 6.052939e-01 7.960021e-01 -0.000000e+00
    outer loop
      vertex   2.035713e+02 -1.569767e+02 -5.990000e+00
      vertex   1.924273e+02 -1.485026e+02 -5.990000e+00
      vertex   2.035713e+02 -1.569767e+02 -4.490000e+00
    endloop
  endfacet
  facet normal 6.052939e-01 7.960021e-01 0.000000e+00
    outer loop
      vertex   2.035713e+02 -1.569767e+02 -4.490000e+00
      vertex   1.924273e+02 -1.485026e+02 -5.990000e+00
      vertex   1.924273e+02 -1.485026e+02 -4.490000e+00
    endloop
  endfacet
  facet normal 1.000000e+00 0.000000e+00 0.000000e+00
    outer loop
      vertex   8.571319e+01 -8.456840e+01 -5.990000e+00
      vertex   8.571319e+01 -7.056840e+01 -5.990000e+00
      vertex   8.571319e+01 -8.456840e+01 -4.490000e+00
    endloop
  endfacet
  facet normal 1.000000e+00 -0.000000e+00 0.000000e+00
    outer loop
      vertex   8.571319e+01 -8.456840e+01 -4.490000e+00
      vertex   8.571319e+01 -7.056840e+01 -5.990000e+00
      vertex   8.571319e+01 -7.056840e+01 -4.490000e+00
    endloop
  endfacet
  facet normal 0.000000e+00 -1.000000e+00 0.000000e+00
    outer loop
      vertex   8.571319e+01 -7.056840e+01 -5.990000e+00
      vertex   9.971319e+01 -7.056840e+01 -5.990000e+00
      vertex   8.571319e+01 -7.056840e+01 -4.490000e+00
    endloop
  endfacet
  facet normal 0.000000e+00 -1.000000e+00 0.000000e+00
    outer loop
      vertex   8.571319e+01 -7.056840e+01 -4.490000e+00
      vertex   9.971319e+01 -7.056840e+01 -5.990000e+00
      vertex   9.971319e+01 -7.056840e+01 -4.490000e+00
    endloop
  endfacet
  facet normal -1.000000e+00 0.000000e+00 0.000000e+00
    outer loop
      vertex   9.971319e+01 -7.056840e+01 -5.990000e+00
      vertex   9.971319e+01 -8.456840e+01 -5.990000e+00
      vertex   9.971319e+01 -7.056840e+01 -4.490000e+00
    endloop
  endfacet
  facet normal -1.000000e+00 -0.000000e+00 0.000000e+00
    outer loop
      vertex   9.971319e+01 -7.056840e+01 -4.490000e+00
      vertex   9.971319e+01 -8.456840e+01 -5.990000e+00
      vertex   9.971319e+01 -8.456840e+01 -4.490000e+00
    endloop
  endfacet
  facet normal 0.000000e+00 1.000000e+00 -0.000000e+00
    outer loop
      vertex   9.971319e+01 -8.456840e+01 -5.990000e+00
      vertex   8.571319e+01 -8.456840e+01 -5.990000e+00
      vertex   9.971319e+01 -8.456840e+01 -4.490000e+00
    endloop
  endfacet
  facet normal 0.000000e+00 1.000000e+00 0.000000e+00
    outer loop
      vertex   9.971319e+01 -8.456840e+01 -4.490000e+00
      vertex   8.571319e+01 -8.456840e+01 -5.990000e+00
      vertex   8.571319e+01 -8.456840e+01 -4.490000e+00
    endloop
  endfacet
  facet normal 1.000000e+00 0.000000e+00 0.000000e+00
    outer loop
      vertex   1.428644e+02 -7.980580e+01 -5.990000e+00
      vertex   1.428644e+02 -6.580580e+01 -5.990000e+00
      vertex   1.428644e+02 -7.980580e+01 -4.490000e+00
    endloop
  endfacet
  facet normal 1.000000e+00 -0.000000e+00 0.000000e+00
    outer loop
      vertex   1.428644e+02 -7.980580e+01 -4.490000e+00
      vertex   1.428644e+02 -6.580580e+01 -5.990000e+00
      vertex   1.428644e+02 -6.580580e+01 -4.490000e+00
    endloop
  endfacet
  facet normal 0.000000e+00 -1.000000e+00 0.000000e+00
    outer loop
      vertex   1.428644e+02 -6.580580e+01 -5.990000e+00
      vertex   1.568644e+02 -6.580580e+01 -5.990000e+00
      vertex   1.428644e+02 -6.580580e+01 -4.490000e+00
    endloop
  endfacet
  facet normal 0.000000e+00 -1.000000e+00 0.000000e+00
    outer loop
      vertex   1.428644e+02 -6.580580e+01 -4.490000e+00
      vertex   1.568644e+02 -6.580580e+01 -5.990000e+00
      vertex   1.568644e+02 -6.580580e+01 -4.490000e+00
    endloop
  endfacet
  facet normal -1.000000e+00 0.000000e+00 0.000000e+00
    outer loop
      vertex   1.568644e+02 -6.580580e+01 -5.990000e+00
      vertex   1.568644e+02 -7.980580e+01 -5.990000e+00
      vertex   1.568644e+02 -6.580580e+01 -4.490000e+00
    endloop
  endfacet
  facet normal -1.000000e+00 -0.000000e+00 0.000000e+00
    outer loop
      vertex   1.568644e+02 -6.580580e+01 -4.490000e+00
      vertex   1.568644e+02 -7.980580e+01 -5.990000e+00
      vertex   1.568644e+02 -7.980580e+01 -4.490000e+00
    endloop
  endfacet
  facet normal 0.000000e+00 1.000000e+00 -0.000000e+00
    outer loop
      vertex   1.568644e+02 -7.980580e+01 -5.990000e+00
      vertex   1.428644e+02 -7.980580e+01 -5.990000e+00
      vertex   1.568644e+02 -7.980580e+01 -4.490000e+00
    endloop
  endfacet
  facet normal 0.000000e+00 1.000000e+00 0.000000e+00
    outer loop
      vertex   1.568644e+02 -7.980580e+01 -4.490000e+00
      vertex   1.428644e+02 -7.980580e+01 -5.990000e+00
      vertex   1.428644e+02 -7.980580e+01 -4.490000e+00
    endloop
  endfacet
  facet normal 9.914449e-01 1.305262e-01 0.000000e+00
    outer loop
      vertex   1.202215e+02 -1.177007e+02 -4.490000e+00
      vertex   1.202215e+02 -1.177007e+02 -5.990000e+00
      vertex   1.201840e+02 -1.174160e+02 -4.490000e+00
    endloop
  endfacet
  facet normal 9.914449e-01 1.305262e-01 0.000000e+00
    outer loop
      vertex   1.201840e+02 -1.174160e+02 -4.490000e+00
      vertex   1.202215e+02 -1.177007e+02 -5.990000e+00
      vertex   1.201840e+02 -1.174160e+02 -5.990000e+00
    endloop
  endfacet
  facet normal 9.914449e-01 -1.305262e-01 0.000000e+00
    outer loop
      vertex   1.201840e+02 -1.174160e+02 -4.490000e+00
      vertex   1.201840e+02 -1.174160e+02 -5.990000e+00
      vertex   1.202215e+02 -1.171313e+02 -4.490000e+00
    endloop
  endfacet
  facet normal 9.914449e-01 -1.305262e-01 0.000000e+00
    outer loop
      vertex   1.202215e+02 -1.171313e+02 -4.490000e+00
      vertex   1.201840e+02 -1.174160e+02 -5.990000e+00
      vertex   1.202215e+02 -1.171313e+02 -5.990000e+00
    endloop
  endfacet
  facet normal 9.238795e-01 -3.826834e-01 0.000000e+00
    outer loop
      vertex   1.202215e+02 -1.171313e+02 -4.490000e+00
      vertex   1.202215e+02 -1.171313e+02 -5.990000e+00
      vertex   1.203314e+02 -1.168660e+02 -4.490000e+00
    endloop
  endfacet
  facet normal 9.238795e-01 -3.826834e-01 0.000000e+00
    outer loop
      vertex   1.203314e+02 -1.168660e+02 -4.490000e+00
      vertex   1.202215e+02 -1.171313e+02 -5.990000e+00
      vertex   1.203314e+02 -1.168660e+02 -5.990000e+00
    endloop
  endfacet
  facet normal 7.933533e-01 -6.087614e-01 0.000000e+00
    outer loop
      vertex   1.203314e+02 -1.168660e+02 -4.490000e+00
      vertex   1.203314e+02 -1.168660e+02 -5.990000e+00
      vertex   1.205062e+02 -1.166382e+02 -4.490000e+00
    endloop
  endfacet
  facet normal 7.933533e-01 -6.087614e-01 0.000000e+00
    outer loop
      vertex   1.205062e+02 -1.166382e+02 -4.490000e+00
      vertex   1.203314e+02 -1.168660e+02 -5.990000e+00
      vertex   1.205062e+02 -1.166382e+02 -5.990000e+00
    endloop
  endfacet
  facet normal 6.087614e-01 -7.933533e-01 0.000000e+00
    outer loop
      vertex   1.205062e+02 -1.166382e+02 -4.490000e+00
      vertex   1.205062e+02 -1.166382e+02 -5.990000e+00
      vertex   1.207340e+02 -1.164634e+02 -4.490000e+00
    endloop
  endfacet
  facet normal 6.087614e-01 -7.933533e-01 0.000000e+00
    outer loop
      vertex   1.207340e+02 -1.164634e+02 -4.490000e+00
      vertex   1.205062e+02 -1.166382e+02 -5.990000e+00
      vertex   1.207340e+02 -1.164634e+02 -5.990000e+00
    endloop
  endfacet
  facet normal 3.826834e-01 -9.238795e-01 0.000000e+00
    outer loop
      vertex   1.207340e+02 -1.164634e+02 -4.490000e+00
      vertex   1.207340e+02 -1.164634e+02 -5.990000e+00
      vertex   1.209993e+02 -1.163535e+02 -4.490000e+00
    endloop
  endfacet
  facet normal 3.826834e-01 -9.238795e-01 0.000000e+00
    outer loop
      vertex   1.209993e+02 -1.163535e+02 -4.490000e+00
      vertex   1.207340e+02 -1.164634e+02 -5.990000e+00
      vertex   1.209993e+02 -1.163535e+02 -5.990000e+00
    endloop
  endfacet
  facet normal 1.305262e-01 -9.914449e-01 0.000000e+00
    outer loop
      vertex   1.209993e+02 -1.163535e+02 -4.490000e+00
      vertex   1.209993e+02 -1.163535e+02 -5.990000e+00
      vertex   1.212840e+02 -1.163160e+02 -4.490000e+00
    endloop
  endfacet
  facet normal 1.305262e-01 -9.914449e-01 0.000000e+00
    outer loop
      vertex   1.212840e+02 -1.163160e+02 -4.490000e+00
      vertex   1.209993e+02 -1.163535e+02 -5.990000e+00
      vertex   1.212840e+02 -1.163160e+02 -5.990000e+00
    endloop
  endfacet
  facet normal -1.305262e-01 -9.914449e-01 -0.000000e+00
    outer loop
      vertex   1.212840e+02 -1.163160e+02 -4.490000e+00
      vertex   1.212840e+02 -1.163160e+02 -5.990000e+00
      vertex   1.215687e+02 -1.163535e+02 -4.490000e+00
    endloop
  endfacet
  facet normal -1.305262e-01 -9.914449e-01 -0.000000e+00
    outer loop
      vertex   1.215687e+02 -1.163535e+02 -4.490000e+00
      vertex   1.212840e+02 -1.163160e+02 -5.990000e+00
      vertex   1.215687e+02 -1.163535e+02 -5.990000e+00
    endloop
  endfacet
  facet normal -3.826834e-01 -9.238795e-01 -0.000000e+00
    outer loop
      vertex   1.215687e+02 -1.163535e+02 -4.490000e+00
      vertex   1.215687e+02 -1.163535e+02 -5.990000e+00
      vertex   1.218340e+02 -1.164634e+02 -4.490000e+00
    endloop
  endfacet
  facet normal -3.826834e-01 -9.238795e-01 -0.000000e+00
    outer loop
      vertex   1.218340e+02 -1.164634e+02 -4.490000e+00
      vertex   1.215687e+02 -1.163535e+02 -5.990000e+00
      vertex   1.218340e+02 -1.164634e+02 -5.990000e+00
    endloop
  endfacet
  facet normal -6.087614e-01 -7.933533e-01 -0.000000e+00
    outer loop
      vertex   1.218340e+02 -1.164634e+02 -4.490000e+00
      vertex   1.218340e+02 -1.164634e+02 -5.990000e+00
      vertex   1.220618e+02 -1.166382e+02 -4.490000e+00
    endloop
  endfacet
  facet normal -6.087614e-01 -7.933533e-01 -0.000000e+00
    outer loop
      vertex   1.220618e+02 -1.166382e+02 -4.490000e+00
      vertex   1.218340e+02 -1.164634e+02 -5.990000e+00
      vertex   1.220618e+02 -1.166382e+02 -5.990000e+00
    endloop
  endfacet
  facet normal -7.933533e-01 -6.087614e-01 -0.000000e+00
    outer loop
      vertex   1.220618e+02 -1.166382e+02 -4.490000e+00
      vertex   1.220618e+02 -1.166382e+02 -5.990000e+00
      vertex   1.222366e+02 -1.168660e+02 -4.490000e+00
    endloop
  endfacet
  facet normal -7.933533e-01 -6.087614e-01 -0.000000e+00
    outer loop
      vertex   1.222366e+02 -1.168660e+02 -4.490000e+00
      vertex   1.220618e+02 -1.166382e+02 -5.990000e+00
      vertex   1.222366e+02 -1.168660e+02 -5.990000e+00
    endloop
  endfacet
  facet normal -9.238795e-01 -3.826834e-01 -0.000000e+00
    outer loop
      vertex   1.222366e+02 -1.168660e+02 -4.490000e+00
      vertex   1.222366e+02 -1.168660e+02 -5.990000e+00
      vertex   1.223465e+02 -1.171313e+02 -4.490000e+00
    endloop
  endfacet
  facet normal -9.238795e-01 -3.826834e-01 -0.000000e+00
    outer loop
      vertex   1.223465e+02 -1.171313e+02 -4.490000e+00
      vertex   1.222366e+02 -1.168660e+02 -5.990000e+00
      vertex   1.223465e+02 -1.171313e+02 -5.990000e+00
    endloop
  endfacet
  facet normal -9.914449e-01 -1.305262e-01 -0.000000e+00
    outer loop
      vertex   1.223465e+02 -1.171313e+02 -4.490000e+00
      vertex   1.223465e+02 -1.171313e+02 -5.990000e+00
      vertex   1.223840e+02 -1.174160e+02 -4.490000e+00
    endloop
  endfacet
  facet normal -9.914449e-01 -1.305262e-01 -0.000000e+00
    outer loop
      vertex   1.223840e+02 -1.174160e+02 -4.490000e+00
      vertex   1.223465e+02 -1.171313e+02 -5.990000e+00
      vertex   1.223840e+02 -1.174160e+02 -5.990000e+00
    endloop
  endfacet
  facet normal -9.914449e-01 1.305262e-01 0.000000e+00
    outer loop
      vertex   1.223840e+02 -1.174160e+02 -4.490000e+00
      vertex   1.223840e+02 -1.174160e+02 -5.990000e+00
      vertex   1.223465e+02 -1.177007e+02 -4.490000e+00
    endloop
  endfacet
  facet normal -9.914449e-01 1.305262e-01 0.000000e+00
    outer loop
      vertex   1.223465e+02 -1.177007e+02 -4.490000e+00
      vertex   1.223840e+02 -1.174160e+02 -5.990000e+00
      vertex   1.223465e+02 -1.177007e+02 -5.990000e+00
    endloop
  endfacet
  facet normal -9.238795e-01 3.826834e-01 0.000000e+00
    outer loop
      vertex   1.223465e+02 -1.177007e+02 -4.490000e+00
      vertex   1.223465e+02 -1.177007e+02 -5.990000e+00
      vertex   1.222366e+02 -1.179660e+02 -4.490000e+00
    endloop
  endfacet
  facet normal -9.238795e-01 3.826834e-01 0.000000e+00
    outer loop
      vertex   1.222366e+02 -1.179660e+02 -4.490000e+00
      vertex   1.223465e+02 -1.177007e+02 -5.990000e+00
      vertex   1.222366e+02 -1.179660e+02 -5.990000e+00
    endloop
  endfacet
  facet normal -7.933533e-01 6.087614e-01 0.000000e+00
    outer loop
      vertex   1.222366e+02 -1.179660e+02 -4.490000e+00
      vertex   1.222366e+02 -1.179660e+02 -5.990000e+00
      vertex   1.220618e+02 -1.181938e+02 -4.490000e+00
    endloop
  endfacet
  facet normal -7.933533e-01 6.087614e-01 0.000000e+00
    outer loop
      vertex   1.220618e+02 -1.181938e+02 -4.490000e+00
      vertex   1.222366e+02 -1.179660e+02 -5.990000e+00
      vertex   1.220618e+02 -1.181938e+02 -5.990000e+00
    endloop
  endfacet
  facet normal -6.087614e-01 7.933533e-01 0.000000e+00
    outer loop
      vertex   1.220618e+02 -1.181938e+02 -4.490000e+00
      vertex   1.220618e+02 -1.181938e+02 -5.990000e+00
      vertex   1.218340e+02 -1.183686e+02 -4.490000e+00
    endloop
  endfacet
  facet normal -6.087614e-01 7.933533e-01 0.000000e+00
    outer loop
      vertex   1.218340e+02 -1.183686e+02 -4.490000e+00
      vertex   1.220618e+02 -1.181938e+02 -5.990000e+00
      vertex   1.218340e+02 -1.183686e+02 -5.990000e+00
    endloop
  endfacet
  facet normal -3.826834e-01 9.238795e-01 0.000000e+00
    outer loop
      vertex   1.218340e+02 -1.183686e+02 -4.490000e+00
      vertex   1.218340e+02 -1.183686e+02 -5.990000e+00
      vertex   1.215687e+02 -1.184785e+02 -4.490000e+00
    endloop
  endfacet
  facet normal -3.826834e-01 9.238795e-01 0.000000e+00
    outer loop
      vertex   1.215687e+02 -1.184785e+02 -4.490000e+00
      vertex   1.218340e+02 -1.183686e+02 -5.990000e+00
      vertex   1.215687e+02 -1.184785e+02 -5.990000e+00
    endloop
  endfacet
  facet normal -1.305262e-01 9.914449e-01 0.000000e+00
    outer loop
      vertex   1.215687e+02 -1.184785e+02 -4.490000e+00
      vertex   1.215687e+02 -1.184785e+02 -5.990000e+00
      vertex   1.212840e+02 -1.185160e+02 -4.490000e+00
    endloop
  endfacet
  facet normal -1.305262e-01 9.914449e-01 0.000000e+00
    outer loop
      vertex   1.212840e+02 -1.185160e+02 -4.490000e+00
      vertex   1.215687e+02 -1.184785e+02 -5.990000e+00
      vertex   1.212840e+02 -1.185160e+02 -5.990000e+00
    endloop
  endfacet
  facet normal 1.305262e-01 9.914449e-01 0.000000e+00
    outer loop
      vertex   1.212840e+02 -1.185160e+02 -4.490000e+00
      vertex   1.212840e+02 -1.185160e+02 -5.990000e+00
      vertex   1.209993e+02 -1.184785e+02 -4.490000e+00
    endloop
  endfacet
  facet normal 1.305262e-01 9.914449e-01 0.000000e+00
    outer loop
      vertex   1.209993e+02 -1.184785e+02 -4.490000e+00
      vertex   1.212840e+02 -1.185160e+02 -5.990000e+00
      vertex   1.209993e+02 -1.184785e+02 -5.990000e+00
    endloop
  endfacet
  facet normal 3.826834e-01 9.238795e-01 0.000000e+00
    outer loop
      vertex   1.209993e+02 -1.184785e+02 -4.490000e+00
      vertex   1.209993e+02 -1.184785e+02 -5.990000e+00
      vertex   1.207340e+02 -1.183686e+02 -4.490000e+00
    endloop
  endfacet
  facet normal 3.826834e-01 9.238795e-01 0.000000e+00
    outer loop
      vertex   1.207340e+02 -1.183686e+02 -4.490000e+00
      vertex   1.209993e+02 -1.184785e+02 -5.990000e+00
      vertex   1.207340e+02 -1.183686e+02 -5.990000e+00
    endloop
  endfacet
  facet normal 6.087614e-01 7.933533e-01 0.000000e+00
    outer loop
      vertex   1.207340e+02 -1.183686e+02 -4.490000e+00
      vertex   1.207340e+02 -1.183686e+02 -5.990000e+00
      vertex   1.205062e+02 -1.181938e+02 -4.490000e+00
    endloop
  endfacet
  facet normal 6.087614e-01 7.933533e-01 0.000000e+00
    outer loop
      vertex   1.205062e+02 -1.181938e+02 -4.490000e+00
      vertex   1.207340e+02 -1.183686e+02 -5.990000e+00
      vertex   1.205062e+02 -1.181938e+02 -5.990000e+00
    endloop
  endfacet
  facet normal 7.933533e-01 6.087614e-01 0.000000e+00
    outer loop
      vertex   1.205062e+02 -1.181938e+02 -4.490000e+00
      vertex   1.205062e+02 -1.181938e+02 -5.990000e+00
      vertex   1.203314e+02 -1.179660e+02 -4.490000e+00
    endloop
  endfacet
  facet normal 7.933533e-01 6.087614e-01 0.000000e+00
    outer loop
      vertex   1.203314e+02 -1.179660e+02 -4.490000e+00
      vertex   1.205062e+02 -1.181938e+02 -5.990000e+00
      vertex   1.203314e+02 -1.179660e+02 -5.990000e+00
    endloop
  endfacet
  facet normal 9.238795e-01 3.826834e-01 0.000000e+00
    outer loop
      vertex   1.203314e+02 -1.179660e+02 -4.490000e+00
      vertex   1.203314e+02 -1.179660e+02 -5.990000e+00
      vertex   1.202215e+02 -1.177007e+02 -4.490000e+00
    endloop
  endfacet
  facet normal 9.238795e-01 3.826834e-01 0.000000e+00
    outer loop
      vertex   1.202215e+02 -1.177007e+02 -4.490000e+00
      vertex   1.203314e+02 -1.179660e+02 -5.990000e+00
      vertex   1.202215e+02 -1.177007e+02 -5.990000e+00
    endloop
  endfacet
  facet normal 1.000000e+00 0.000000e+00 0.000000e+00
    outer loop
      vertex   1.428644e+02 -1.179066e+02 -5.990000e+00
      vertex   1.428644e+02 -1.039066e+02 -5.990000e+00
      vertex   1.428644e+02 -1.179066e+02 -4.490000e+00
    endloop
  endfacet
  facet normal 1.000000e+00 -0.000000e+00 0.000000e+00
    outer loop
      vertex   1.428644e+02 -1.179066e+02 -4.490000e+00
      vertex   1.428644e+02 -1.039066e+02 -5.990000e+00
      vertex   1.428644e+02 -1.039066e+02 -4.490000e+00
    endloop
  endfacet
  facet normal 0.000000e+00 -1.000000e+00 0.000000e+00
    outer loop
      vertex   1.428644e+02 -1.039066e+02 -5.990000e+00
      vertex   1.568644e+02 -1.039066e+02 -5.990000e+00
      vertex   1.428644e+02 -1.039066e+02 -4.490000e+00
    endloop
  endfacet
  facet normal 0.000000e+00 -1.000000e+00 0.000000e+00
    outer loop
      vertex   1.428644e+02 -1.039066e+02 -4.490000e+00
      vertex   1.568644e+02 -1.039066e+02 -5.990000e+00
      vertex   1.568644e+02 -1.039066e+02 -4.490000e+00
    endloop
  endfacet
  facet normal -1.000000e+00 0.000000e+00 0.000000e+00
    outer loop
      vertex   1.568644e+02 -1.039066e+02 -5.990000e+00
      vertex   1.568644e+02 -1.179066e+02 -5.990000e+00
      vertex   1.568644e+02 -1.039066e+02 -4.490000e+00
    endloop
  endfacet
  facet normal -1.000000e+00 -0.000000e+00 0.000000e+00
    outer loop
      vertex   1.568644e+02 -1.039066e+02 -4.490000e+00
      vertex   1.568644e+02 -1.179066e+02 -5.990000e+00
      vertex   1.568644e+02 -1.179066e+02 -4.490000e+00
    endloop
  endfacet
  facet normal 0.000000e+00 1.000000e+00 -0.000000e+00
    outer loop
      vertex   1.568644e+02 -1.179066e+02 -5.990000e+00
      vertex   1.428644e+02 -1.179066e+02 -5.990000e+00
      vertex   1.568644e+02 -1.179066e+02 -4.490000e+00
    endloop
  endfacet
  facet normal 0.000000e+00 1.000000e+00 0.000000e+00
    outer loop
      vertex   1.568644e+02 -1.179066e+02 -4.490000e+00
      vertex   1.428644e+02 -1.179066e+02 -5.990000e+00
      vertex   1.428644e+02 -1.179066e+02 -4.490000e+00
    endloop
  endfacet
  facet normal 1.000000e+00 0.000000e+00 0.000000e+00
    outer loop
      vertex   1.619148e+02 -1.226692e+02 -5.990000e+00
      vertex   1.619148e+02 -1.086692e+02 -5.990000e+00
      vertex   1.619148e+02 -1.226692e+02 -4.490000e+00
    endloop
  endfacet
  facet normal 1.000000e+00 -0.000000e+00 0.000000e+00
    outer loop
      vertex   1.619148e+02 -1.226692e+02 -4.490000e+00
      vertex   1.619148e+02 -1.086692e+02 -5.990000e+00
      vertex   1.619148e+02 -1.086692e+02 -4.490000e+00
    endloop
  endfacet
  facet normal 0.000000e+00 -1.000000e+00 0.000000e+00
    outer loop
      vertex   1.619148e+02 -1.086692e+02 -5.990000e+00
      vertex   1.759148e+02 -1.086692e+02 -5.990000e+00
      vertex   1.619148e+02 -1.086692e+02 -4.490000e+00
    endloop
  endfacet
  facet normal 0.000000e+00 -1.000000e+00 0.000000e+00
    outer loop
      vertex   1.619148e+02 -1.086692e+02 -4.490000e+00
      vertex   1.759148e+02 -1.086692e+02 -5.990000e+00
      vertex   1.759148e+02 -1.086692e+02 -4.490000e+00
    endloop
  endfacet
  facet normal -1.000000e+00 0.000000e+00 0.000000e+00
    outer loop
      vertex   1.759148e+02 -1.086692e+02 -5.990000e+00
      vertex   1.759148e+02 -1.226692e+02 -5.990000e+00
      vertex   1.759148e+02 -1.086692e+02 -4.490000e+00
    endloop
  endfacet
  facet normal -1.000000e+00 -0.000000e+00 0.000000e+00
    outer loop
      vertex   1.759148e+02 -1.086692e+02 -4.490000e+00
      vertex   1.759148e+02 -1.226692e+02 -5.990000e+00
      vertex   1.759148e+02 -1.226692e+02 -4.490000e+00
    endloop
  endfacet
  facet normal 0.000000e+00 1.000000e+00 -0.000000e+00
    outer loop
      vertex   1.759148e+02 -1.226692e+02 -5.990000e+00
      vertex   1.619148e+02 -1.226692e+02 -5.990000e+00
      vertex   1.759148e+02 -1.226692e+02 -4.490000e+00
    endloop
  endfacet
  facet normal 0.000000e+00 1.000000e+00 0.000000e+00
    outer loop
      vertex   1.759148e+02 -1.226692e+02 -4.490000e+00
      vertex   1.619148e+02 -1.226692e+02 -5.990000e+00
      vertex   1.619148e+02 -1.226692e+02 -4.490000e+00
    endloop
  endfacet
  facet normal 1.000000e+00 0.000000e+00 0.000000e+00
    outer loop
      vertex   1.619148e+02 -1.036188e+02 -5.990000e+00
      vertex   1.619148e+02 -8.961880e+01 -5.990000e+00
      vertex   1.619148e+02 -1.036188e+02 -4.490000e+00
    endloop
  endfacet
  facet normal 1.000000e+00 -0.000000e+00 0.000000e+00
    outer loop
      vertex   1.619148e+02 -1.036188e+02 -4.490000e+00
      vertex   1.619148e+02 -8.961880e+01 -5.990000e+00
      vertex   1.619148e+02 -8.961880e+01 -4.490000e+00
    endloop
  endfacet
  facet normal 0.000000e+00 -1.000000e+00 0.000000e+00
    outer loop
      vertex   1.619148e+02 -8.961880e+01 -5.990000e+00
      vertex   1.759148e+02 -8.961880e+01 -5.990000e+00
      vertex   1.619148e+02 -8.961880e+01 -4.490000e+00
    endloop
  endfacet
  facet normal 0.000000e+00 -1.000000e+00 0.000000e+00
    outer loop
      vertex   1.619148e+02 -8.961880e+01 -4.490000e+00
      vertex   1.759148e+02 -8.961880e+01 -5.990000e+00
      vertex   1.759148e+02 -8.961880e+01 -4.490000e+00
    endloop
  endfacet
  facet normal -1.000000e+00 0.000000e+00 0.000000e+00
    outer loop
      vertex   1.759148e+02 -8.961880e+01 -5.990000e+00
      vertex   1.759148e+02 -1.036188e+02 -5.990000e+00
      vertex   1.759148e+02 -8.961880e+01 -4.490000e+00
    endloop
  endfacet
  facet normal -1.000000e+00 -0.000000e+00 0.000000e+00
    outer loop
      vertex   1.759148e+02 -8.961880e+01 -4.490000e+00
      vertex   1.759148e+02 -1.036188e+02 -5.990000e+00
      vertex   1.759148e+02 -1.036188e+02 -4.490000e+00
    endloop
  endfacet
  facet normal 0.000000e+00 1.000000e+00 -0.000000e+00
    outer loop
      vertex   1.759148e+02 -1.036188e+02 -5.990000e+00
      vertex   1.619148e+02 -1.036188e+02 -5.990000e+00
      vertex   1.759148e+02 -1.036188e+02 -4.490000e+00
    endloop
  endfacet
  facet normal 0.000000e+00 1.000000e+00 0.000000e+00
    outer loop
      vertex   1.759148e+02 -1.036188e+02 -4.490000e+00
      vertex   1.619148e+02 -1.036188e+02 -5.990000e+00
      vertex   1.619148e+02 -1.036188e+02 -4.490000e+00
    endloop
  endfacet
  facet normal 1.000000e+00 0.000000e+00 0.000000e+00
    outer loop
      vertex   1.047636e+02 -9.647490e+01 -5.990000e+00
      vertex   1.047636e+02 -8.247490e+01 -5.990000e+00
      vertex   1.047636e+02 -9.647490e+01 -4.490000e+00
    endloop
  endfacet
  facet normal 1.000000e+00 -0.000000e+00 0.000000e+00
    outer loop
      vertex   1.047636e+02 -9.647490e+01 -4.490000e+00
      vertex   1.047636e+02 -8.247490e+01 -5.990000e+00
      vertex   1.047636e+02 -8.247490e+01 -4.490000e+00
    endloop
  endfacet
  facet normal 0.000000e+00 -1.000000e+00 0.000000e+00
    outer loop
      vertex   1.047636e+02 -8.247490e+01 -5.990000e+00
      vertex   1.187636e+02 -8.247490e+01 -5.990000e+00
      vertex   1.047636e+02 -8.247490e+01 -4.490000e+00
    endloop
  endfacet
  facet normal 0.000000e+00 -1.000000e+00 0.000000e+00
    outer loop
      vertex   1.047636e+02 -8.247490e+01 -4.490000e+00
      vertex   1.187636e+02 -8.247490e+01 -5.990000e+00
      vertex   1.187636e+02 -8.247490e+01 -4.490000e+00
    endloop
  endfacet
  facet normal -1.000000e+00 0.000000e+00 0.000000e+00
    outer loop
      vertex   1.187636e+02 -8.247490e+01 -5.990000e+00
      vertex   1.187636e+02 -9.647490e+01 -5.990000e+00
      vertex   1.187636e+02 -8.247490e+01 -4.490000e+00
    endloop
  endfacet
  facet normal -1.000000e+00 -0.000000e+00 0.000000e+00
    outer loop
      vertex   1.187636e+02 -8.247490e+01 -4.490000e+00
      vertex   1.187636e+02 -9.647490e+01 -5.990000e+00
      vertex   1.187636e+02 -9.647490e+01 -4.490000e+00
    endloop
  endfacet
  facet normal 0.000000e+00 1.000000e+00 -0.000000e+00
    outer loop
      vertex   1.187636e+02 -9.647490e+01 -5.990000e+00
      vertex   1.047636e+02 -9.647490e+01 -5.990000e+00
      vertex   1.187636e+02 -9.647490e+01 -4.490000e+00
    endloop
  endfacet
  facet normal 0.000000e+00 1.000000e+00 0.000000e+00
    outer loop
      vertex   1.187636e+02 -9.647490e+01 -4.490000e+00
      vertex   1.047636e+02 -9.647490e+01 -5.990000e+00
      vertex   1.047636e+02 -9.647490e+01 -4.490000e+00
    endloop
  endfacet
  facet normal 1.000000e+00 0.000000e+00 0.000000e+00
    outer loop
      vertex   1.047636e+02 -7.742450e+01 -5.990000e+00
      vertex   1.047636e+02 -6.342450e+01 -5.990000e+00
      vertex   1.047636e+02 -7.742450e+01 -4.490000e+00
    endloop
  endfacet
  facet normal 1.000000e+00 -0.000000e+00 0.000000e+00
    outer loop
      vertex   1.047636e+02 -7.742450e+01 -4.490000e+00
      vertex   1.047636e+02 -6.342450e+01 -5.990000e+00
      vertex   1.047636e+02 -6.342450e+01 -4.490000e+00
    endloop
  endfacet
  facet normal 1.015061e-15 -1.000000e+00 0.000000e+00
    outer loop
      vertex   1.047636e+02 -6.342450e+01 -5.990000e+00
      vertex   1.187636e+02 -6.342450e+01 -5.990000e+00
      vertex   1.047636e+02 -6.342450e+01 -4.490000e+00
    endloop
  endfacet
  facet normal 1.015061e-15 -1.000000e+00 0.000000e+00
    outer loop
      vertex   1.047636e+02 -6.342450e+01 -4.490000e+00
      vertex   1.187636e+02 -6.342450e+01 -5.990000e+00
      vertex   1.187636e+02 -6.342450e+01 -4.490000e+00
    endloop
  endfacet
  facet normal -1.000000e+00 -1.015061e-15 0.000000e+00
    outer loop
      vertex   1.187636e+02 -6.342450e+01 -5.990000e+00
      vertex   1.187636e+02 -7.742450e+01 -5.990000e+00
      vertex   1.187636e+02 -6.342450e+01 -4.490000e+00
    endloop
  endfacet
  facet normal -1.000000e+00 -1.015061e-15 0.000000e+00
    outer loop
      vertex   1.187636e+02 -6.342450e+01 -4.490000e+00
      vertex   1.187636e+02 -7.742450e+01 -5.990000e+00
      vertex   1.187636e+02 -7.742450e+01 -4.490000e+00
    endloop
  endfacet
  facet normal 0.000000e+00 1.000000e+00 -0.000000e+00
    outer loop
      vertex   1.187636e+02 -7.742450e+01 -5.990000e+00
      vertex   1.047636e+02 -7.742450e+01 -5.990000e+00
      vertex   1.187636e+02 -7.742450e+01 -4.490000e+00
    endloop
  endfacet
  facet normal 0.000000e+00 1.000000e+00 0.000000e+00
    outer loop
      vertex   1.187636e+02 -7.742450e+01 -4.490000e+00
      vertex   1.047636e+02 -7.742450e+01 -5.990000e+00
      vertex   1.047636e+02 -7.742450e+01 -4.490000e+00
    endloop
  endfacet
  facet normal 9.914449e-01 1.305262e-01 0.000000e+00
    outer loop
      vertex   1.547489e+02 -1.230943e+02 -4.490000e+00
      vertex   1.547489e+02 -1.230943e+02 -5.990000e+00
      vertex   1.547114e+02 -1.228096e+02 -4.490000e+00
    endloop
  endfacet
  facet normal 9.914449e-01 1.305262e-01 0.000000e+00
    outer loop
      vertex   1.547114e+02 -1.228096e+02 -4.490000e+00
      vertex   1.547489e+02 -1.230943e+02 -5.990000e+00
      vertex   1.547114e+02 -1.228096e+02 -5.990000e+00
    endloop
  endfacet
  facet normal 9.914449e-01 -1.305262e-01 0.000000e+00
    outer loop
      vertex   1.547114e+02 -1.228096e+02 -4.490000e+00
      vertex   1.547114e+02 -1.228096e+02 -5.990000e+00
      vertex   1.547489e+02 -1.225249e+02 -4.490000e+00
    endloop
  endfacet
  facet normal 9.914449e-01 -1.305262e-01 0.000000e+00
    outer loop
      vertex   1.547489e+02 -1.225249e+02 -4.490000e+00
      vertex   1.547114e+02 -1.228096e+02 -5.990000e+00
      vertex   1.547489e+02 -1.225249e+02 -5.990000e+00
    endloop
  endfacet
  facet normal 9.238795e-01 -3.826834e-01 0.000000e+00
    outer loop
      vertex   1.547489e+02 -1.225249e+02 -4.490000e+00
      vertex   1.547489e+02 -1.225249e+02 -5.990000e+00
      vertex   1.548588e+02 -1.222596e+02 -4.490000e+00
    endloop
  endfacet
  facet normal 9.238795e-01 -3.826834e-01 0.000000e+00
    outer loop
      vertex   1.548588e+02 -1.222596e+02 -4.490000e+00
      vertex   1.547489e+02 -1.225249e+02 -5.990000e+00
      vertex   1.548588e+02 -1.222596e+02 -5.990000e+00
    endloop
  endfacet
  facet normal 7.933533e-01 -6.087614e-01 0.000000e+00
    outer loop
      vertex   1.548588e+02 -1.222596e+02 -4.490000e+00
      vertex   1.548588e+02 -1.222596e+02 -5.990000e+00
      vertex   1.550336e+02 -1.220318e+02 -4.490000e+00
    endloop
  endfacet
  facet normal 7.933533e-01 -6.087614e-01 0.000000e+00
    outer loop
      vertex   1.550336e+02 -1.220318e+02 -4.490000e+00
      vertex   1.548588e+02 -1.222596e+02 -5.990000e+00
      vertex   1.550336e+02 -1.220318e+02 -5.990000e+00
    endloop
  endfacet
  facet normal 6.087614e-01 -7.933533e-01 0.000000e+00
    outer loop
      vertex   1.550336e+02 -1.220318e+02 -4.490000e+00
      vertex   1.550336e+02 -1.220318e+02 -5.990000e+00
      vertex   1.552614e+02 -1.218570e+02 -4.490000e+00
    endloop
  endfacet
  facet normal 6.087614e-01 -7.933533e-01 0.000000e+00
    outer loop
      vertex   1.552614e+02 -1.218570e+02 -4.490000e+00
      vertex   1.550336e+02 -1.220318e+02 -5.990000e+00
      vertex   1.552614e+02 -1.218570e+02 -5.990000e+00
    endloop
  endfacet
  facet normal 3.826834e-01 -9.238795e-01 0.000000e+00
    outer loop
      vertex   1.552614e+02 -1.218570e+02 -4.490000e+00
      vertex   1.552614e+02 -1.218570e+02 -5.990000e+00
      vertex   1.555267e+02 -1.217471e+02 -4.490000e+00
    endloop
  endfacet
  facet normal 3.826834e-01 -9.238795e-01 0.000000e+00
    outer loop
      vertex   1.555267e+02 -1.217471e+02 -4.490000e+00
      vertex   1.552614e+02 -1.218570e+02 -5.990000e+00
      vertex   1.555267e+02 -1.217471e+02 -5.990000e+00
    endloop
  endfacet
  facet normal 1.305262e-01 -9.914449e-01 0.000000e+00
    outer loop
      vertex   1.555267e+02 -1.217471e+02 -4.490000e+00
      vertex   1.555267e+02 -1.217471e+02 -5.990000e+00
      vertex   1.558114e+02 -1.217096e+02 -4.490000e+00
    endloop
  endfacet
  facet normal 1.305262e-01 -9.914449e-01 0.000000e+00
    outer loop
      vertex   1.558114e+02 -1.217096e+02 -4.490000e+00
      vertex   1.555267e+02 -1.217471e+02 -5.990000e+00
      vertex   1.558114e+02 -1.217096e+02 -5.990000e+00
    endloop
  endfacet
  facet normal -1.305262e-01 -9.914449e-01 -0.000000e+00
    outer loop
      vertex   1.558114e+02 -1.217096e+02 -4.490000e+00
      vertex   1.558114e+02 -1.217096e+02 -5.990000e+00
      vertex   1.560961e+02 -1.217471e+02 -4.490000e+00
    endloop
  endfacet
  facet normal -1.305262e-01 -9.914449e-01 -0.000000e+00
    outer loop
      vertex   1.560961e+02 -1.217471e+02 -4.490000e+00
      vertex   1.558114e+02 -1.217096e+02 -5.990000e+00
      vertex   1.560961e+02 -1.217471e+02 -5.990000e+00
    endloop
  endfacet
  facet normal -3.826834e-01 -9.238795e-01 -0.000000e+00
    outer loop
      vertex   1.560961e+02 -1.217471e+02 -4.490000e+00
      vertex   1.560961e+02 -1.217471e+02 -5.990000e+00
      vertex   1.563614e+02 -1.218570e+02 -4.490000e+00
    endloop
  endfacet
  facet normal -3.826834e-01 -9.238795e-01 -0.000000e+00
    outer loop
      vertex   1.563614e+02 -1.218570e+02 -4.490000e+00
      vertex   1.560961e+02 -1.217471e+02 -5.990000e+00
      vertex   1.563614e+02 -1.218570e+02 -5.990000e+00
    endloop
  endfacet
  facet normal -6.087614e-01 -7.933533e-01 -0.000000e+00
    outer loop
      vertex   1.563614e+02 -1.218570e+02 -4.490000e+00
      vertex   1.563614e+02 -1.218570e+02 -5.990000e+00
      vertex   1.565892e+02 -1.220318e+02 -4.490000e+00
    endloop
  endfacet
  facet normal -6.087614e-01 -7.933533e-01 -0.000000e+00
    outer loop
      vertex   1.565892e+02 -1.220318e+02 -4.490000e+00
      vertex   1.563614e+02 -1.218570e+02 -5.990000e+00
      vertex   1.565892e+02 -1.220318e+02 -5.990000e+00
    endloop
  endfacet
  facet normal -7.933533e-01 -6.087614e-01 -0.000000e+00
    outer loop
      vertex   1.565892e+02 -1.220318e+02 -4.490000e+00
      vertex   1.565892e+02 -1.220318e+02 -5.990000e+00
      vertex   1.567640e+02 -1.222596e+02 -4.490000e+00
    endloop
  endfacet
  facet normal -7.933533e-01 -6.087614e-01 -0.000000e+00
    outer loop
      vertex   1.567640e+02 -1.222596e+02 -4.490000e+00
      vertex   1.565892e+02 -1.220318e+02 -5.990000e+00
      vertex   1.567640e+02 -1.222596e+02 -5.990000e+00
    endloop
  endfacet
  facet normal -9.238795e-01 -3.826834e-01 -0.000000e+00
    outer loop
      vertex   1.567640e+02 -1.222596e+02 -4.490000e+00
      vertex   1.567640e+02 -1.222596e+02 -5.990000e+00
      vertex   1.568739e+02 -1.225249e+02 -4.490000e+00
    endloop
  endfacet
  facet normal -9.238795e-01 -3.826834e-01 -0.000000e+00
    outer loop
      vertex   1.568739e+02 -1.225249e+02 -4.490000e+00
      vertex   1.567640e+02 -1.222596e+02 -5.990000e+00
      vertex   1.568739e+02 -1.225249e+02 -5.990000e+00
    endloop
  endfacet
  facet normal -9.914449e-01 -1.305262e-01 -0.000000e+00
    outer loop
      vertex   1.568739e+02 -1.225249e+02 -4.490000e+00
      vertex   1.568739e+02 -1.225249e+02 -5.990000e+00
      vertex   1.569114e+02 -1.228096e+02 -4.490000e+00
    endloop
  endfacet
  facet normal -9.914449e-01 -1.305262e-01 -0.000000e+00
    outer loop
      vertex   1.569114e+02 -1.228096e+02 -4.490000e+00
      vertex   1.568739e+02 -1.225249e+02 -5.990000e+00
      vertex   1.569114e+02 -1.228096e+02 -5.990000e+00
    endloop
  endfacet
  facet normal -9.914449e-01 1.305262e-01 0.000000e+00
    outer loop
      vertex   1.569114e+02 -1.228096e+02 -4.490000e+00
      vertex   1.569114e+02 -1.228096e+02 -5.990000e+00
      vertex   1.568739e+02 -1.230943e+02 -4.490000e+00
    endloop
  endfacet
  facet normal -9.914449e-01 1.305262e-01 0.000000e+00
    outer loop
      vertex   1.568739e+02 -1.230943e+02 -4.490000e+00
      vertex   1.569114e+02 -1.228096e+02 -5.990000e+00
      vertex   1.568739e+02 -1.230943e+02 -5.990000e+00
    endloop
  endfacet
  facet normal -9.238795e-01 3.826834e-01 0.000000e+00
    outer loop
      vertex   1.568739e+02 -1.230943e+02 -4.490000e+00
      vertex   1.568739e+02 -1.230943e+02 -5.990000e+00
      vertex   1.567640e+02 -1.233596e+02 -4.490000e+00
    endloop
  endfacet
  facet normal -9.238795e-01 3.826834e-01 0.000000e+00
    outer loop
      vertex   1.567640e+02 -1.233596e+02 -4.490000e+00
      vertex   1.568739e+02 -1.230943e+02 -5.990000e+00
      vertex   1.567640e+02 -1.233596e+02 -5.990000e+00
    endloop
  endfacet
  facet normal -7.933533e-01 6.087614e-01 0.000000e+00
    outer loop
      vertex   1.567640e+02 -1.233596e+02 -4.490000e+00
      vertex   1.567640e+02 -1.233596e+02 -5.990000e+00
      vertex   1.565892e+02 -1.235874e+02 -4.490000e+00
    endloop
  endfacet
  facet normal -7.933533e-01 6.087614e-01 0.000000e+00
    outer loop
      vertex   1.565892e+02 -1.235874e+02 -4.490000e+00
      vertex   1.567640e+02 -1.233596e+02 -5.990000e+00
      vertex   1.565892e+02 -1.235874e+02 -5.990000e+00
    endloop
  endfacet
  facet normal -6.087614e-01 7.933533e-01 0.000000e+00
    outer loop
      vertex   1.565892e+02 -1.235874e+02 -4.490000e+00
      vertex   1.565892e+02 -1.235874e+02 -5.990000e+00
      vertex   1.563614e+02 -1.237622e+02 -4.490000e+00
    endloop
  endfacet
  facet normal -6.087614e-01 7.933533e-01 0.000000e+00
    outer loop
      vertex   1.563614e+02 -1.237622e+02 -4.490000e+00
      vertex   1.565892e+02 -1.235874e+02 -5.990000e+00
      vertex   1.563614e+02 -1.237622e+02 -5.990000e+00
    endloop
  endfacet
  facet normal -3.826834e-01 9.238795e-01 0.000000e+00
    outer loop
      vertex   1.563614e+02 -1.237622e+02 -4.490000e+00
      vertex   1.563614e+02 -1.237622e+02 -5.990000e+00
      vertex   1.560961e+02 -1.238721e+02 -4.490000e+00
    endloop
  endfacet
  facet normal -3.826834e-01 9.238795e-01 0.000000e+00
    outer loop
      vertex   1.560961e+02 -1.238721e+02 -4.490000e+00
      vertex   1.563614e+02 -1.237622e+02 -5.990000e+00
      vertex   1.560961e+02 -1.238721e+02 -5.990000e+00
    endloop
  endfacet
  facet normal -1.305262e-01 9.914449e-01 0.000000e+00
    outer loop
      vertex   1.560961e+02 -1.238721e+02 -4.490000e+00
      vertex   1.560961e+02 -1.238721e+02 -5.990000e+00
      vertex   1.558114e+02 -1.239096e+02 -4.490000e+00
    endloop
  endfacet
  facet normal -1.305262e-01 9.914449e-01 0.000000e+00
    outer loop
      vertex   1.558114e+02 -1.239096e+02 -4.490000e+00
      vertex   1.560961e+02 -1.238721e+02 -5.990000e+00
      vertex   1.558114e+02 -1.239096e+02 -5.990000e+00
    endloop
  endfacet
  facet normal 1.305262e-01 9.914449e-01 0.000000e+00
    outer loop
      vertex   1.558114e+02 -1.239096e+02 -4.490000e+00
      vertex   1.558114e+02 -1.239096e+02 -5.990000e+00
      vertex   1.555267e+02 -1.238721e+02 -4.490000e+00
    endloop
  endfacet
  facet normal 1.305262e-01 9.914449e-01 0.000000e+00
    outer loop
      vertex   1.555267e+02 -1.238721e+02 -4.490000e+00
      vertex   1.558114e+02 -1.239096e+02 -5.990000e+00
      vertex   1.555267e+02 -1.238721e+02 -5.990000e+00
    endloop
  endfacet
  facet normal 3.826834e-01 9.238795e-01 0.000000e+00
    outer loop
      vertex   1.555267e+02 -1.238721e+02 -4.490000e+00
      vertex   1.555267e+02 -1.238721e+02 -5.990000e+00
      vertex   1.552614e+02 -1.237622e+02 -4.490000e+00
    endloop
  endfacet
  facet normal 3.826834e-01 9.238795e-01 0.000000e+00
    outer loop
      vertex   1.552614e+02 -1.237622e+02 -4.490000e+00
      vertex   1.555267e+02 -1.238721e+02 -5.990000e+00
      vertex   1.552614e+02 -1.237622e+02 -5.990000e+00
    endloop
  endfacet
  facet normal 6.087614e-01 7.933533e-01 0.000000e+00
    outer loop
      vertex   1.552614e+02 -1.237622e+02 -4.490000e+00
      vertex   1.552614e+02 -1.237622e+02 -5.990000e+00
      vertex   1.550336e+02 -1.235874e+02 -4.490000e+00
    endloop
  endfacet
  facet normal 6.087614e-01 7.933533e-01 0.000000e+00
    outer loop
      vertex   1.550336e+02 -1.235874e+02 -4.490000e+00
      vertex   1.552614e+02 -1.237622e+02 -5.990000e+00
      vertex   1.550336e+02 -1.235874e+02 -5.990000e+00
    endloop
  endfacet
  facet normal 7.933533e-01 6.087614e-01 0.000000e+00
    outer loop
      vertex   1.550336e+02 -1.235874e+02 -4.490000e+00
      vertex   1.550336e+02 -1.235874e+02 -5.990000e+00
      vertex   1.548588e+02 -1.233596e+02 -4.490000e+00
    endloop
  endfacet
  facet normal 7.933533e-01 6.087614e-01 0.000000e+00
    outer loop
      vertex   1.548588e+02 -1.233596e+02 -4.490000e+00
      vertex   1.550336e+02 -1.235874e+02 -5.990000e+00
      vertex   1.548588e+02 -1.233596e+02 -5.990000e+00
    endloop
  endfacet
  facet normal 9.238795e-01 3.826834e-01 0.000000e+00
    outer loop
      vertex   1.548588e+02 -1.233596e+02 -4.490000e+00
      vertex   1.548588e+02 -1.233596e+02 -5.990000e+00
      vertex   1.547489e+02 -1.230943e+02 -4.490000e+00
    endloop
  endfacet
  facet normal 9.238795e-01 3.826834e-01 0.000000e+00
    outer loop
      vertex   1.547489e+02 -1.230943e+02 -4.490000e+00
      vertex   1.548588e+02 -1.233596e+02 -5.990000e+00
      vertex   1.547489e+02 -1.230943e+02 -5.990000e+00
    endloop
  endfacet
  facet normal 1.000000e+00 0.000000e+00 0.000000e+00
    outer loop
      vertex   1.238140e+02 -7.266190e+01 -5.990000e+00
      vertex   1.238140e+02 -5.866190e+01 -5.990000e+00
      vertex   1.238140e+02 -7.266190e+01 -4.490000e+00
    endloop
  endfacet
  facet normal 1.000000e+00 -0.000000e+00 0.000000e+00
    outer loop
      vertex   1.238140e+02 -7.266190e+01 -4.490000e+00
      vertex   1.238140e+02 -5.866190e+01 -5.990000e+00
      vertex   1.238140e+02 -5.866190e+01 -4.490000e+00
    endloop
  endfacet
  facet normal 0.000000e+00 -1.000000e+00 0.000000e+00
    outer loop
      vertex   1.238140e+02 -5.866190e+01 -5.990000e+00
      vertex   1.378140e+02 -5.866190e+01 -5.990000e+00
      vertex   1.238140e+02 -5.866190e+01 -4.490000e+00
    endloop
  endfacet
  facet normal 0.000000e+00 -1.000000e+00 0.000000e+00
    outer loop
      vertex   1.238140e+02 -5.866190e+01 -4.490000e+00
      vertex   1.378140e+02 -5.866190e+01 -5.990000e+00
      vertex   1.378140e+02 -5.866190e+01 -4.490000e+00
    endloop
  endfacet
  facet normal -1.000000e+00 0.000000e+00 0.000000e+00
    outer loop
      vertex   1.378140e+02 -5.866190e+01 -5.990000e+00
      vertex   1.378140e+02 -7.266190e+01 -5.990000e+00
      vertex   1.378140e+02 -5.866190e+01 -4.490000e+00
    endloop
  endfacet
  facet normal -1.000000e+00 -0.000000e+00 0.000000e+00
    outer loop
      vertex   1.378140e+02 -5.866190e+01 -4.490000e+00
      vertex   1.378140e+02 -7.266190e+01 -5.990000e+00
      vertex   1.378140e+02 -7.266190e+01 -4.490000e+00
    endloop
  endfacet
  facet normal 0.000000e+00 1.000000e+00 -0.000000e+00
    outer loop
      vertex   1.378140e+02 -7.266190e+01 -5.990000e+00
      vertex   1.238140e+02 -7.266190e+01 -5.990000e+00
      vertex   1.378140e+02 -7.266190e+01 -4.490000e+00
    endloop
  endfacet
  facet normal 0.000000e+00 1.000000e+00 0.000000e+00
    outer loop
      vertex   1.378140e+02 -7.266190e+01 -4.490000e+00
      vertex   1.238140e+02 -7.266190e+01 -5.990000e+00
      vertex   1.238140e+02 -7.266190e+01 -4.490000e+00
    endloop
  endfacet
  facet normal 1.000000e+00 0.000000e+00 0.000000e+00
    outer loop
      vertex   1.619148e+02 -8.456840e+01 -5.990000e+00
      vertex   1.619148e+02 -7.056840e+01 -5.990000e+00
      vertex   1.619148e+02 -8.456840e+01 -4.490000e+00
    endloop
  endfacet
  facet normal 1.000000e+00 -0.000000e+00 0.000000e+00
    outer loop
      vertex   1.619148e+02 -8.456840e+01 -4.490000e+00
      vertex   1.619148e+02 -7.056840e+01 -5.990000e+00
      vertex   1.619148e+02 -7.056840e+01 -4.490000e+00
    endloop
  endfacet
  facet normal 0.000000e+00 -1.000000e+00 0.000000e+00
    outer loop
      vertex   1.619148e+02 -7.056840e+01 -5.990000e+00
      vertex   1.759148e+02 -7.056840e+01 -5.990000e+00
      vertex   1.619148e+02 -7.056840e+01 -4.490000e+00
    endloop
  endfacet
  facet normal 0.000000e+00 -1.000000e+00 0.000000e+00
    outer loop
      vertex   1.619148e+02 -7.056840e+01 -4.490000e+00
      vertex   1.759148e+02 -7.056840e+01 -5.990000e+00
      vertex   1.759148e+02 -7.056840e+01 -4.490000e+00
    endloop
  endfacet
  facet normal -1.000000e+00 0.000000e+00 0.000000e+00
    outer loop
      vertex   1.759148e+02 -7.056840e+01 -5.990000e+00
      vertex   1.759148e+02 -8.456840e+01 -5.990000e+00
      vertex   1.759148e+02 -7.056840e+01 -4.490000e+00
    endloop
  endfacet
  facet normal -1.000000e+00 -0.000000e+00 0.000000e+00
    outer loop
      vertex   1.759148e+02 -7.056840e+01 -4.490000e+00
      vertex   1.759148e+02 -8.456840e+01 -5.990000e+00
      vertex   1.759148e+02 -8.456840e+01 -4.490000e+00
    endloop
  endfacet
  facet normal 0.000000e+00 1.000000e+00 -0.000000e+00
    outer loop
      vertex   1.759148e+02 -8.456840e+01 -5.990000e+00
      vertex   1.619148e+02 -8.456840e+01 -5.990000e+00
      vertex   1.759148e+02 -8.456840e+01 -4.490000e+00
    endloop
  endfacet
  facet normal 0.000000e+00 1.000000e+00 0.000000e+00
    outer loop
      vertex   1.759148e+02 -8.456840e+01 -4.490000e+00
      vertex   1.619148e+02 -8.456840e+01 -5.990000e+00
      vertex   1.619148e+02 -8.456840e+01 -4.490000e+00
    endloop
  endfacet
  facet normal 1.000000e+00 0.000000e+00 0.000000e+00
    outer loop
      vertex   6.666279e+01 -1.250505e+02 -5.990000e+00
      vertex   6.666279e+01 -1.110505e+02 -5.990000e+00
      vertex   6.666279e+01 -1.250505e+02 -4.490000e+00
    endloop
  endfacet
  facet normal 1.000000e+00 -0.000000e+00 0.000000e+00
    outer loop
      vertex   6.666279e+01 -1.250505e+02 -4.490000e+00
      vertex   6.666279e+01 -1.110505e+02 -5.990000e+00
      vertex   6.666279e+01 -1.110505e+02 -4.490000e+00
    endloop
  endfacet
  facet normal 0.000000e+00 -1.000000e+00 0.000000e+00
    outer loop
      vertex   6.666279e+01 -1.110505e+02 -5.990000e+00
      vertex   8.066279e+01 -1.110505e+02 -5.990000e+00
      vertex   6.666279e+01 -1.110505e+02 -4.490000e+00
    endloop
  endfacet
  facet normal 0.000000e+00 -1.000000e+00 0.000000e+00
    outer loop
      vertex   6.666279e+01 -1.110505e+02 -4.490000e+00
      vertex   8.066279e+01 -1.110505e+02 -5.990000e+00
      vertex   8.066279e+01 -1.110505e+02 -4.490000e+00
    endloop
  endfacet
  facet normal -1.000000e+00 0.000000e+00 0.000000e+00
    outer loop
      vertex   8.066279e+01 -1.110505e+02 -5.990000e+00
      vertex   8.066279e+01 -1.250505e+02 -5.990000e+00
      vertex   8.066279e+01 -1.110505e+02 -4.490000e+00
    endloop
  endfacet
  facet normal -1.000000e+00 -0.000000e+00 0.000000e+00
    outer loop
      vertex   8.066279e+01 -1.110505e+02 -4.490000e+00
      vertex   8.066279e+01 -1.250505e+02 -5.990000e+00
      vertex   8.066279e+01 -1.250505e+02 -4.490000e+00
    endloop
  endfacet
  facet normal 2.030122e-15 1.000000e+00 -0.000000e+00
    outer loop
      vertex   8.066279e+01 -1.250505e+02 -5.990000e+00
      vertex   6.666279e+01 -1.250505e+02 -5.990000e+00
      vertex   8.066279e+01 -1.250505e+02 -4.490000e+00
    endloop
  endfacet
  facet normal 2.030122e-15 1.000000e+00 0.000000e+00
    outer loop
      vertex   8.066279e+01 -1.250505e+02 -4.490000e+00
      vertex   6.666279e+01 -1.250505e+02 -5.990000e+00
      vertex   6.666279e+01 -1.250505e+02 -4.490000e+00
    endloop
  endfacet
  facet normal 1.000000e+00 0.000000e+00 0.000000e+00
    outer loop
      vertex   1.238140e+02 -9.171230e+01 -5.990000e+00
      vertex   1.238140e+02 -7.771230e+01 -5.990000e+00
      vertex   1.238140e+02 -9.171230e+01 -4.490000e+00
    endloop
  endfacet
  facet normal 1.000000e+00 -0.000000e+00 0.000000e+00
    outer loop
      vertex   1.238140e+02 -9.171230e+01 -4.490000e+00
      vertex   1.238140e+02 -7.771230e+01 -5.990000e+00
      vertex   1.238140e+02 -7.771230e+01 -4.490000e+00
    endloop
  endfacet
  facet normal 0.000000e+00 -1.000000e+00 0.000000e+00
    outer loop
      vertex   1.238140e+02 -7.771230e+01 -5.990000e+00
      vertex   1.378140e+02 -7.771230e+01 -5.990000e+00
      vertex   1.238140e+02 -7.771230e+01 -4.490000e+00
    endloop
  endfacet
  facet normal 0.000000e+00 -1.000000e+00 0.000000e+00
    outer loop
      vertex   1.238140e+02 -7.771230e+01 -4.490000e+00
      vertex   1.378140e+02 -7.771230e+01 -5.990000e+00
      vertex   1.378140e+02 -7.771230e+01 -4.490000e+00
    endloop
  endfacet
  facet normal -1.000000e+00 0.000000e+00 0.000000e+00
    outer loop
      vertex   1.378140e+02 -7.771230e+01 -5.990000e+00
      vertex   1.378140e+02 -9.171230e+01 -5.990000e+00
      vertex   1.378140e+02 -7.771230e+01 -4.490000e+00
    endloop
  endfacet
  facet normal -1.000000e+00 -0.000000e+00 0.000000e+00
    outer loop
      vertex   1.378140e+02 -7.771230e+01 -4.490000e+00
      vertex   1.378140e+02 -9.171230e+01 -5.990000e+00
      vertex   1.378140e+02 -9.171230e+01 -4.490000e+00
    endloop
  endfacet
  facet normal 0.000000e+00 1.000000e+00 -0.000000e+00
    outer loop
      vertex   1.378140e+02 -9.171230e+01 -5.990000e+00
      vertex   1.238140e+02 -9.171230e+01 -5.990000e+00
      vertex   1.378140e+02 -9.171230e+01 -4.490000e+00
    endloop
  endfacet
  facet normal 0.000000e+00 1.000000e+00 0.000000e+00
    outer loop
      vertex   1.378140e+02 -9.171230e+01 -4.490000e+00
      vertex   1.238140e+02 -9.171230e+01 -5.990000e+00
      vertex   1.238140e+02 -9.171230e+01 -4.490000e+00
    endloop
  endfacet
  facet normal 1.000000e+00 0.000000e+00 0.000000e+00
    outer loop
      vertex   1.142888e+02 -1.345757e+02 -5.990000e+00
      vertex   1.142888e+02 -1.205757e+02 -5.990000e+00
      vertex   1.142888e+02 -1.345757e+02 -4.490000e+00
    endloop
  endfacet
  facet normal 1.000000e+00 -0.000000e+00 0.000000e+00
    outer loop
      vertex   1.142888e+02 -1.345757e+02 -4.490000e+00
      vertex   1.142888e+02 -1.205757e+02 -5.990000e+00
      vertex   1.142888e+02 -1.205757e+02 -4.490000e+00
    endloop
  endfacet
  facet normal 0.000000e+00 -1.000000e+00 0.000000e+00
    outer loop
      vertex   1.142888e+02 -1.205757e+02 -5.990000e+00
      vertex   1.282888e+02 -1.205757e+02 -5.990000e+00
      vertex   1.142888e+02 -1.205757e+02 -4.490000e+00
    endloop
  endfacet
  facet normal 0.000000e+00 -1.000000e+00 0.000000e+00
    outer loop
      vertex   1.142888e+02 -1.205757e+02 -4.490000e+00
      vertex   1.282888e+02 -1.205757e+02 -5.990000e+00
      vertex   1.282888e+02 -1.205757e+02 -4.490000e+00
    endloop
  endfacet
  facet normal -1.000000e+00 0.000000e+00 0.000000e+00
    outer loop
      vertex   1.282888e+02 -1.205757e+02 -5.990000e+00
      vertex   1.282888e+02 -1.345757e+02 -5.990000e+00
      vertex   1.282888e+02 -1.205757e+02 -4.490000e+00
    endloop
  endfacet
  facet normal -1.000000e+00 -0.000000e+00 0.000000e+00
    outer loop
      vertex   1.282888e+02 -1.205757e+02 -4.490000e+00
      vertex   1.282888e+02 -1.345757e+02 -5.990000e+00
      vertex   1.282888e+02 -1.345757e+02 -4.490000e+00
    endloop
  endfacet
  facet normal 0.000000e+00 1.000000e+00 -0.000000e+00
    outer loop
      vertex   1.282888e+02 -1.345757e+02 -5.990000e+00
      vertex   1.142888e+02 -1.345757e+02 -5.990000e+00
      vertex   1.282888e+02 -1.345757e+02 -4.490000e+00
    endloop
  endfacet
  facet normal 0.000000e+00 1.000000e+00 0.000000e+00
    outer loop
      vertex   1.282888e+02 -1.345757e+02 -4.490000e+00
      vertex   1.142888e+02 -1.345757e+02 -5.990000e+00
      vertex   1.142888e+02 -1.345757e+02 -4.490000e+00
    endloop
  endfacet
  facet normal 1.000000e+00 -1.015061e-15 0.000000e+00
    outer loop
      vertex   6.666279e+01 -1.060001e+02 -5.990000e+00
      vertex   6.666279e+01 -9.200010e+01 -5.990000e+00
      vertex   6.666279e+01 -1.060001e+02 -4.490000e+00
    endloop
  endfacet
  facet normal 1.000000e+00 -1.015061e-15 0.000000e+00
    outer loop
      vertex   6.666279e+01 -1.060001e+02 -4.490000e+00
      vertex   6.666279e+01 -9.200010e+01 -5.990000e+00
      vertex   6.666279e+01 -9.200010e+01 -4.490000e+00
    endloop
  endfacet
  facet normal 1.015061e-15 -1.000000e+00 0.000000e+00
    outer loop
      vertex   6.666279e+01 -9.200010e+01 -5.990000e+00
      vertex   8.066279e+01 -9.200010e+01 -5.990000e+00
      vertex   6.666279e+01 -9.200010e+01 -4.490000e+00
    endloop
  endfacet
  facet normal 1.015061e-15 -1.000000e+00 0.000000e+00
    outer loop
      vertex   6.666279e+01 -9.200010e+01 -4.490000e+00
      vertex   8.066279e+01 -9.200010e+01 -5.990000e+00
      vertex   8.066279e+01 -9.200010e+01 -4.490000e+00
    endloop
  endfacet
  facet normal -1.000000e+00 1.015061e-15 0.000000e+00
    outer loop
      vertex   8.066279e+01 -9.200010e+01 -5.990000e+00
      vertex   8.066279e+01 -1.060001e+02 -5.990000e+00
      vertex   8.066279e+01 -9.200010e+01 -4.490000e+00
    endloop
  endfacet
  facet normal -1.000000e+00 1.015061e-15 0.000000e+00
    outer loop
      vertex   8.066279e+01 -9.200010e+01 -4.490000e+00
      vertex   8.066279e+01 -1.060001e+02 -5.990000e+00
      vertex   8.066279e+01 -1.060001e+02 -4.490000e+00
    endloop
  endfacet
  facet normal 0.000000e+00 1.000000e+00 -0.000000e+00
    outer loop
      vertex   8.066279e+01 -1.060001e+02 -5.990000e+00
      vertex   6.666279e+01 -1.060001e+02 -5.990000e+00
      vertex   8.066279e+01 -1.060001e+02 -4.490000e+00
    endloop
  endfacet
  facet normal 0.000000e+00 1.000000e+00 0.000000e+00
    outer loop
      vertex   8.066279e+01 -1.060001e+02 -4.490000e+00
      vertex   6.666279e+01 -1.060001e+02 -5.990000e+00
      vertex   6.666279e+01 -1.060001e+02 -4.490000e+00
    endloop
  endfacet
  facet normal 9.914449e-01 1.305262e-01 0.000000e+00
    outer loop
      vertex   1.583269e+02 -8.261590e+01 -4.490000e+00
      vertex   1.583269e+02 -8.261590e+01 -5.990000e+00
      vertex   1.582894e+02 -8.233120e+01 -4.490000e+00
    endloop
  endfacet
  facet normal 9.914449e-01 1.305262e-01 0.000000e+00
    outer loop
      vertex   1.582894e+02 -8.233120e+01 -4.490000e+00
      vertex   1.583269e+02 -8.261590e+01 -5.990000e+00
      vertex   1.582894e+02 -8.233120e+01 -5.990000e+00
    endloop
  endfacet
  facet normal 9.914449e-01 -1.305262e-01 0.000000e+00
    outer loop
      vertex   1.582894e+02 -8.233120e+01 -4.490000e+00
      vertex   1.582894e+02 -8.233120e+01 -5.990000e+00
      vertex   1.583269e+02 -8.204650e+01 -4.490000e+00
    endloop
  endfacet
  facet normal 9.914449e-01 -1.305262e-01 0.000000e+00
    outer loop
      vertex   1.583269e+02 -8.204650e+01 -4.490000e+00
      vertex   1.582894e+02 -8.233120e+01 -5.990000e+00
      vertex   1.583269e+02 -8.204650e+01 -5.990000e+00
    endloop
  endfacet
  facet normal 9.238795e-01 -3.826834e-01 0.000000e+00
    outer loop
      vertex   1.583269e+02 -8.204650e+01 -4.490000e+00
      vertex   1.583269e+02 -8.204650e+01 -5.990000e+00
      vertex   1.584368e+02 -8.178120e+01 -4.490000e+00
    endloop
  endfacet
  facet normal 9.238795e-01 -3.826834e-01 0.000000e+00
    outer loop
      vertex   1.584368e+02 -8.178120e+01 -4.490000e+00
      vertex   1.583269e+02 -8.204650e+01 -5.990000e+00
      vertex   1.584368e+02 -8.178120e+01 -5.990000e+00
    endloop
  endfacet
  facet normal 7.933533e-01 -6.087614e-01 0.000000e+00
    outer loop
      vertex   1.584368e+02 -8.178120e+01 -4.490000e+00
      vertex   1.584368e+02 -8.178120e+01 -5.990000e+00
      vertex   1.586116e+02 -8.155338e+01 -4.490000e+00
    endloop
  endfacet
  facet normal 7.933533e-01 -6.087614e-01 0.000000e+00
    outer loop
      vertex   1.586116e+02 -8.155338e+01 -4.490000e+00
      vertex   1.584368e+02 -8.178120e+01 -5.990000e+00
      vertex   1.586116e+02 -8.155338e+01 -5.990000e+00
    endloop
  endfacet
  facet normal 6.087614e-01 -7.933533e-01 0.000000e+00
    outer loop
      vertex   1.586116e+02 -8.155338e+01 -4.490000e+00
      vertex   1.586116e+02 -8.155338e+01 -5.990000e+00
      vertex   1.588394e+02 -8.137857e+01 -4.490000e+00
    endloop
  endfacet
  facet normal 6.087614e-01 -7.933533e-01 0.000000e+00
    outer loop
      vertex   1.588394e+02 -8.137857e+01 -4.490000e+00
      vertex   1.586116e+02 -8.155338e+01 -5.990000e+00
      vertex   1.588394e+02 -8.137857e+01 -5.990000e+00
    endloop
  endfacet
  facet normal 3.826834e-01 -9.238795e-01 0.000000e+00
    outer loop
      vertex   1.588394e+02 -8.137857e+01 -4.490000e+00
      vertex   1.588394e+02 -8.137857e+01 -5.990000e+00
      vertex   1.591047e+02 -8.126868e+01 -4.490000e+00
    endloop
  endfacet
  facet normal 3.826834e-01 -9.238795e-01 0.000000e+00
    outer loop
      vertex   1.591047e+02 -8.126868e+01 -4.490000e+00
      vertex   1.588394e+02 -8.137857e+01 -5.990000e+00
      vertex   1.591047e+02 -8.126868e+01 -5.990000e+00
    endloop
  endfacet
  facet normal 1.305262e-01 -9.914449e-01 0.000000e+00
    outer loop
      vertex   1.591047e+02 -8.126868e+01 -4.490000e+00
      vertex   1.591047e+02 -8.126868e+01 -5.990000e+00
      vertex   1.593894e+02 -8.123120e+01 -4.490000e+00
    endloop
  endfacet
  facet normal 1.305262e-01 -9.914449e-01 0.000000e+00
    outer loop
      vertex   1.593894e+02 -8.123120e+01 -4.490000e+00
      vertex   1.591047e+02 -8.126868e+01 -5.990000e+00
      vertex   1.593894e+02 -8.123120e+01 -5.990000e+00
    endloop
  endfacet
  facet normal -1.305262e-01 -9.914449e-01 -0.000000e+00
    outer loop
      vertex   1.593894e+02 -8.123120e+01 -4.490000e+00
      vertex   1.593894e+02 -8.123120e+01 -5.990000e+00
      vertex   1.596741e+02 -8.126868e+01 -4.490000e+00
    endloop
  endfacet
  facet normal -1.305262e-01 -9.914449e-01 -0.000000e+00
    outer loop
      vertex   1.596741e+02 -8.126868e+01 -4.490000e+00
      vertex   1.593894e+02 -8.123120e+01 -5.990000e+00
      vertex   1.596741e+02 -8.126868e+01 -5.990000e+00
    endloop
  endfacet
  facet normal -3.826834e-01 -9.238795e-01 -0.000000e+00
    outer loop
      vertex   1.596741e+02 -8.126868e+01 -4.490000e+00
      vertex   1.596741e+02 -8.126868e+01 -5.990000e+00
      vertex   1.599394e+02 -8.137857e+01 -4.490000e+00
    endloop
  endfacet
  facet normal -3.826834e-01 -9.238795e-01 -0.000000e+00
    outer loop
      vertex   1.599394e+02 -8.137857e+01 -4.490000e+00
      vertex   1.596741e+02 -8.126868e+01 -5.990000e+00
      vertex   1.599394e+02 -8.137857e+01 -5.990000e+00
    endloop
  endfacet
  facet normal -6.087614e-01 -7.933533e-01 -0.000000e+00
    outer loop
      vertex   1.599394e+02 -8.137857e+01 -4.490000e+00
      vertex   1.599394e+02 -8.137857e+01 -5.990000e+00
      vertex   1.601672e+02 -8.155338e+01 -4.490000e+00
    endloop
  endfacet
  facet normal -6.087614e-01 -7.933533e-01 -0.000000e+00
    outer loop
      vertex   1.601672e+02 -8.155338e+01 -4.490000e+00
      vertex   1.599394e+02 -8.137857e+01 -5.990000e+00
      vertex   1.601672e+02 -8.155338e+01 -5.990000e+00
    endloop
  endfacet
  facet normal -7.933533e-01 -6.087614e-01 -0.000000e+00
    outer loop
      vertex   1.601672e+02 -8.155338e+01 -4.490000e+00
      vertex   1.601672e+02 -8.155338e+01 -5.990000e+00
      vertex   1.603420e+02 -8.178120e+01 -4.490000e+00
    endloop
  endfacet
  facet normal -7.933533e-01 -6.087614e-01 -0.000000e+00
    outer loop
      vertex   1.603420e+02 -8.178120e+01 -4.490000e+00
      vertex   1.601672e+02 -8.155338e+01 -5.990000e+00
      vertex   1.603420e+02 -8.178120e+01 -5.990000e+00
    endloop
  endfacet
  facet normal -9.238795e-01 -3.826834e-01 -0.000000e+00
    outer loop
      vertex   1.603420e+02 -8.178120e+01 -4.490000e+00
      vertex   1.603420e+02 -8.178120e+01 -5.990000e+00
      vertex   1.604519e+02 -8.204650e+01 -4.490000e+00
    endloop
  endfacet
  facet normal -9.238795e-01 -3.826834e-01 -0.000000e+00
    outer loop
      vertex   1.604519e+02 -8.204650e+01 -4.490000e+00
      vertex   1.603420e+02 -8.178120e+01 -5.990000e+00
      vertex   1.604519e+02 -8.204650e+01 -5.990000e+00
    endloop
  endfacet
  facet normal -9.914449e-01 -1.305262e-01 -0.000000e+00
    outer loop
      vertex   1.604519e+02 -8.204650e+01 -4.490000e+00
      vertex   1.604519e+02 -8.204650e+01 -5.990000e+00
      vertex   1.604894e+02 -8.233120e+01 -4.490000e+00
    endloop
  endfacet
  facet normal -9.914449e-01 -1.305262e-01 -0.000000e+00
    outer loop
      vertex   1.604894e+02 -8.233120e+01 -4.490000e+00
      vertex   1.604519e+02 -8.204650e+01 -5.990000e+00
      vertex   1.604894e+02 -8.233120e+01 -5.990000e+00
    endloop
  endfacet
  facet normal -9.914449e-01 1.305262e-01 0.000000e+00
    outer loop
      vertex   1.604894e+02 -8.233120e+01 -4.490000e+00
      vertex   1.604894e+02 -8.233120e+01 -5.990000e+00
      vertex   1.604519e+02 -8.261590e+01 -4.490000e+00
    endloop
  endfacet
  facet normal -9.914449e-01 1.305262e-01 0.000000e+00
    outer loop
      vertex   1.604519e+02 -8.261590e+01 -4.490000e+00
      vertex   1.604894e+02 -8.233120e+01 -5.990000e+00
      vertex   1.604519e+02 -8.261590e+01 -5.990000e+00
    endloop
  endfacet
  facet normal -9.238795e-01 3.826834e-01 0.000000e+00
    outer loop
      vertex   1.604519e+02 -8.261590e+01 -4.490000e+00
      vertex   1.604519e+02 -8.261590e+01 -5.990000e+00
      vertex   1.603420e+02 -8.288120e+01 -4.490000e+00
    endloop
  endfacet
  facet normal -9.238795e-01 3.826834e-01 0.000000e+00
    outer loop
      vertex   1.603420e+02 -8.288120e+01 -4.490000e+00
      vertex   1.604519e+02 -8.261590e+01 -5.990000e+00
      vertex   1.603420e+02 -8.288120e+01 -5.990000e+00
    endloop
  endfacet
  facet normal -7.933533e-01 6.087614e-01 0.000000e+00
    outer loop
      vertex   1.603420e+02 -8.288120e+01 -4.490000e+00
      vertex   1.603420e+02 -8.288120e+01 -5.990000e+00
      vertex   1.601672e+02 -8.310902e+01 -4.490000e+00
    endloop
  endfacet
  facet normal -7.933533e-01 6.087614e-01 0.000000e+00
    outer loop
      vertex   1.601672e+02 -8.310902e+01 -4.490000e+00
      vertex   1.603420e+02 -8.288120e+01 -5.990000e+00
      vertex   1.601672e+02 -8.310902e+01 -5.990000e+00
    endloop
  endfacet
  facet normal -6.087614e-01 7.933533e-01 0.000000e+00
    outer loop
      vertex   1.601672e+02 -8.310902e+01 -4.490000e+00
      vertex   1.601672e+02 -8.310902e+01 -5.990000e+00
      vertex   1.599394e+02 -8.328383e+01 -4.490000e+00
    endloop
  endfacet
  facet normal -6.087614e-01 7.933533e-01 0.000000e+00
    outer loop
      vertex   1.599394e+02 -8.328383e+01 -4.490000e+00
      vertex   1.601672e+02 -8.310902e+01 -5.990000e+00
      vertex   1.599394e+02 -8.328383e+01 -5.990000e+00
    endloop
  endfacet
  facet normal -3.826834e-01 9.238795e-01 0.000000e+00
    outer loop
      vertex   1.599394e+02 -8.328383e+01 -4.490000e+00
      vertex   1.599394e+02 -8.328383e+01 -5.990000e+00
      vertex   1.596741e+02 -8.339372e+01 -4.490000e+00
    endloop
  endfacet
  facet normal -3.826834e-01 9.238795e-01 0.000000e+00
    outer loop
      vertex   1.596741e+02 -8.339372e+01 -4.490000e+00
      vertex   1.599394e+02 -8.328383e+01 -5.990000e+00
      vertex   1.596741e+02 -8.339372e+01 -5.990000e+00
    endloop
  endfacet
  facet normal -1.305262e-01 9.914449e-01 0.000000e+00
    outer loop
      vertex   1.596741e+02 -8.339372e+01 -4.490000e+00
      vertex   1.596741e+02 -8.339372e+01 -5.990000e+00
      vertex   1.593894e+02 -8.343120e+01 -4.490000e+00
    endloop
  endfacet
  facet normal -1.305262e-01 9.914449e-01 0.000000e+00
    outer loop
      vertex   1.593894e+02 -8.343120e+01 -4.490000e+00
      vertex   1.596741e+02 -8.339372e+01 -5.990000e+00
      vertex   1.593894e+02 -8.343120e+01 -5.990000e+00
    endloop
  endfacet
  facet normal 1.305262e-01 9.914449e-01 0.000000e+00
    outer loop
      vertex   1.593894e+02 -8.343120e+01 -4.490000e+00
      vertex   1.593894e+02 -8.343120e+01 -5.990000e+00
      vertex   1.591047e+02 -8.339372e+01 -4.490000e+00
    endloop
  endfacet
  facet normal 1.305262e-01 9.914449e-01 0.000000e+00
    outer loop
      vertex   1.591047e+02 -8.339372e+01 -4.490000e+00
      vertex   1.593894e+02 -8.343120e+01 -5.990000e+00
      vertex   1.591047e+02 -8.339372e+01 -5.990000e+00
    endloop
  endfacet
  facet normal 3.826834e-01 9.238795e-01 0.000000e+00
    outer loop
      vertex   1.591047e+02 -8.339372e+01 -4.490000e+00
      vertex   1.591047e+02 -8.339372e+01 -5.990000e+00
      vertex   1.588394e+02 -8.328383e+01 -4.490000e+00
    endloop
  endfacet
  facet normal 3.826834e-01 9.238795e-01 0.000000e+00
    outer loop
      vertex   1.588394e+02 -8.328383e+01 -4.490000e+00
      vertex   1.591047e+02 -8.339372e+01 -5.990000e+00
      vertex   1.588394e+02 -8.328383e+01 -5.990000e+00
    endloop
  endfacet
  facet normal 6.087614e-01 7.933533e-01 0.000000e+00
    outer loop
      vertex   1.588394e+02 -8.328383e+01 -4.490000e+00
      vertex   1.588394e+02 -8.328383e+01 -5.990000e+00
      vertex   1.586116e+02 -8.310902e+01 -4.490000e+00
    endloop
  endfacet
  facet normal 6.087614e-01 7.933533e-01 0.000000e+00
    outer loop
      vertex   1.586116e+02 -8.310902e+01 -4.490000e+00
      vertex   1.588394e+02 -8.328383e+01 -5.990000e+00
      vertex   1.586116e+02 -8.310902e+01 -5.990000e+00
    endloop
  endfacet
  facet normal 7.933533e-01 6.087614e-01 0.000000e+00
    outer loop
      vertex   1.586116e+02 -8.310902e+01 -4.490000e+00
      vertex   1.586116e+02 -8.310902e+01 -5.990000e+00
      vertex   1.584368e+02 -8.288120e+01 -4.490000e+00
    endloop
  endfacet
  facet normal 7.933533e-01 6.087614e-01 0.000000e+00
    outer loop
      vertex   1.584368e+02 -8.288120e+01 -4.490000e+00
      vertex   1.586116e+02 -8.310902e+01 -5.990000e+00
      vertex   1.584368e+02 -8.288120e+01 -5.990000e+00
    endloop
  endfacet
  facet normal 9.238795e-01 3.826834e-01 0.000000e+00
    outer loop
      vertex   1.584368e+02 -8.288120e+01 -4.490000e+00
      vertex   1.584368e+02 -8.288120e+01 -5.990000e+00
      vertex   1.583269e+02 -8.261590e+01 -4.490000e+00
    endloop
  endfacet
  facet normal 9.238795e-01 3.826834e-01 0.000000e+00
    outer loop
      vertex   1.583269e+02 -8.261590e+01 -4.490000e+00
      vertex   1.584368e+02 -8.288120e+01 -5.990000e+00
      vertex   1.583269e+02 -8.261590e+01 -5.990000e+00
    endloop
  endfacet
  facet normal 1.000000e+00 0.000000e+00 0.000000e+00
    outer loop
      vertex   6.666279e+01 -8.694970e+01 -5.990000e+00
      vertex   6.666279e+01 -7.294970e+01 -5.990000e+00
      vertex   6.666279e+01 -8.694970e+01 -4.490000e+00
    endloop
  endfacet
  facet normal 1.000000e+00 -0.000000e+00 0.000000e+00
    outer loop
      vertex   6.666279e+01 -8.694970e+01 -4.490000e+00
      vertex   6.666279e+01 -7.294970e+01 -5.990000e+00
      vertex   6.666279e+01 -7.294970e+01 -4.490000e+00
    endloop
  endfacet
  facet normal 1.015061e-15 -1.000000e+00 0.000000e+00
    outer loop
      vertex   6.666279e+01 -7.294970e+01 -5.990000e+00
      vertex   8.066279e+01 -7.294970e+01 -5.990000e+00
      vertex   6.666279e+01 -7.294970e+01 -4.490000e+00
    endloop
  endfacet
  facet normal 1.015061e-15 -1.000000e+00 0.000000e+00
    outer loop
      vertex   6.666279e+01 -7.294970e+01 -4.490000e+00
      vertex   8.066279e+01 -7.294970e+01 -5.990000e+00
      vertex   8.066279e+01 -7.294970e+01 -4.490000e+00
    endloop
  endfacet
  facet normal -1.000000e+00 1.015061e-15 0.000000e+00
    outer loop
      vertex   8.066279e+01 -7.294970e+01 -5.990000e+00
      vertex   8.066279e+01 -8.694970e+01 -5.990000e+00
      vertex   8.066279e+01 -7.294970e+01 -4.490000e+00
    endloop
  endfacet
  facet normal -1.000000e+00 1.015061e-15 0.000000e+00
    outer loop
      vertex   8.066279e+01 -7.294970e+01 -4.490000e+00
      vertex   8.066279e+01 -8.694970e+01 -5.990000e+00
      vertex   8.066279e+01 -8.694970e+01 -4.490000e+00
    endloop
  endfacet
  facet normal 0.000000e+00 1.000000e+00 -0.000000e+00
    outer loop
      vertex   8.066279e+01 -8.694970e+01 -5.990000e+00
      vertex   6.666279e+01 -8.694970e+01 -5.990000e+00
      vertex   8.066279e+01 -8.694970e+01 -4.490000e+00
    endloop
  endfacet
  facet normal 0.000000e+00 1.000000e+00 0.000000e+00
    outer loop
      vertex   8.066279e+01 -8.694970e+01 -4.490000e+00
      vertex   6.666279e+01 -8.694970e+01 -5.990000e+00
      vertex   6.666279e+01 -8.694970e+01 -4.490000e+00
    endloop
  endfacet
  facet normal 1.000000e+00 0.000000e+00 0.000000e+00
    outer loop
      vertex   1.523896e+02 -1.417196e+02 -5.990000e+00
      vertex   1.523896e+02 -1.277196e+02 -5.990000e+00
      vertex   1.523896e+02 -1.417196e+02 -4.490000e+00
    endloop
  endfacet
  facet normal 1.000000e+00 -0.000000e+00 0.000000e+00
    outer loop
      vertex   1.523896e+02 -1.417196e+02 -4.490000e+00
      vertex   1.523896e+02 -1.277196e+02 -5.990000e+00
      vertex   1.523896e+02 -1.277196e+02 -4.490000e+00
    endloop
  endfacet
  facet normal 0.000000e+00 -1.000000e+00 0.000000e+00
    outer loop
      vertex   1.523896e+02 -1.277196e+02 -5.990000e+00
      vertex   1.663896e+02 -1.277196e+02 -5.990000e+00
      vertex   1.523896e+02 -1.277196e+02 -4.490000e+00
    endloop
  endfacet
  facet normal 0.000000e+00 -1.000000e+00 0.000000e+00
    outer loop
      vertex   1.523896e+02 -1.277196e+02 -4.490000e+00
      vertex   1.663896e+02 -1.277196e+02 -5.990000e+00
      vertex   1.663896e+02 -1.277196e+02 -4.490000e+00
    endloop
  endfacet
  facet normal -1.000000e+00 0.000000e+00 0.000000e+00
    outer loop
      vertex   1.663896e+02 -1.277196e+02 -5.990000e+00
      vertex   1.663896e+02 -1.417196e+02 -5.990000e+00
      vertex   1.663896e+02 -1.277196e+02 -4.490000e+00
    endloop
  endfacet
  facet normal -1.000000e+00 -0.000000e+00 0.000000e+00
    outer loop
      vertex   1.663896e+02 -1.277196e+02 -4.490000e+00
      vertex   1.663896e+02 -1.417196e+02 -5.990000e+00
      vertex   1.663896e+02 -1.417196e+02 -4.490000e+00
    endloop
  endfacet
  facet normal 0.000000e+00 1.000000e+00 -0.000000e+00
    outer loop
      vertex   1.663896e+02 -1.417196e+02 -5.990000e+00
      vertex   1.523896e+02 -1.417196e+02 -5.990000e+00
      vertex   1.663896e+02 -1.417196e+02 -4.490000e+00
    endloop
  endfacet
  facet normal 0.000000e+00 1.000000e+00 0.000000e+00
    outer loop
      vertex   1.663896e+02 -1.417196e+02 -4.490000e+00
      vertex   1.523896e+02 -1.417196e+02 -5.990000e+00
      vertex   1.523896e+02 -1.417196e+02 -4.490000e+00
    endloop
  endfacet
  facet normal -1.000000e+00 0.000000e+00 0.000000e+00
    outer loop
      vertex   9.971319e+01 -8.961880e+01 -5.990000e+00
      vertex   9.971319e+01 -1.036188e+02 -5.990000e+00
      vertex   9.971319e+01 -8.961880e+01 -4.490000e+00
    endloop
  endfacet
  facet normal -1.000000e+00 -0.000000e+00 0.000000e+00
    outer loop
      vertex   9.971319e+01 -8.961880e+01 -4.490000e+00
      vertex   9.971319e+01 -1.036188e+02 -5.990000e+00
      vertex   9.971319e+01 -1.036188e+02 -4.490000e+00
    endloop
  endfacet
  facet normal 0.000000e+00 1.000000e+00 -0.000000e+00
    outer loop
      vertex   9.971319e+01 -1.036188e+02 -5.990000e+00
      vertex   8.571319e+01 -1.036188e+02 -5.990000e+00
      vertex   9.971319e+01 -1.036188e+02 -4.490000e+00
    endloop
  endfacet
  facet normal 0.000000e+00 1.000000e+00 0.000000e+00
    outer loop
      vertex   9.971319e+01 -1.036188e+02 -4.490000e+00
      vertex   8.571319e+01 -1.036188e+02 -5.990000e+00
      vertex   8.571319e+01 -1.036188e+02 -4.490000e+00
    endloop
  endfacet
  facet normal 1.000000e+00 0.000000e+00 0.000000e+00
    outer loop
      vertex   8.571319e+01 -1.036188e+02 -5.990000e+00
      vertex   8.571319e+01 -8.961880e+01 -5.990000e+00
      vertex   8.571319e+01 -1.036188e+02 -4.490000e+00
    endloop
  endfacet
  facet normal 1.000000e+00 -0.000000e+00 0.000000e+00
    outer loop
      vertex   8.571319e+01 -1.036188e+02 -4.490000e+00
      vertex   8.571319e+01 -8.961880e+01 -5.990000e+00
      vertex   8.571319e+01 -8.961880e+01 -4.490000e+00
    endloop
  endfacet
  facet normal 0.000000e+00 -1.000000e+00 0.000000e+00
    outer loop
      vertex   8.571319e+01 -8.961880e+01 -5.990000e+00
      vertex   9.971319e+01 -8.961880e+01 -5.990000e+00
      vertex   8.571319e+01 -8.961880e+01 -4.490000e+00
    endloop
  endfacet
  facet normal 0.000000e+00 -1.000000e+00 0.000000e+00
    outer loop
      vertex   8.571319e+01 -8.961880e+01 -4.490000e+00
      vertex   9.971319e+01 -8.961880e+01 -5.990000e+00
      vertex   9.971319e+01 -8.961880e+01 -4.490000e+00
    endloop
  endfacet
  facet normal 0.000000e+00 -1.000000e+00 0.000000e+00
    outer loop
      vertex   8.571319e+01 -1.086692e+02 -5.990000e+00
      vertex   9.971319e+01 -1.086692e+02 -5.990000e+00
      vertex   8.571319e+01 -1.086692e+02 -4.490000e+00
    endloop
  endfacet
  facet normal 0.000000e+00 -1.000000e+00 0.000000e+00
    outer loop
      vertex   8.571319e+01 -1.086692e+02 -4.490000e+00
      vertex   9.971319e+01 -1.086692e+02 -5.990000e+00
      vertex   9.971319e+01 -1.086692e+02 -4.490000e+00
    endloop
  endfacet
  facet normal -1.000000e+00 0.000000e+00 0.000000e+00
    outer loop
      vertex   9.971319e+01 -1.086692e+02 -5.990000e+00
      vertex   9.971319e+01 -1.226692e+02 -5.990000e+00
      vertex   9.971319e+01 -1.086692e+02 -4.490000e+00
    endloop
  endfacet
  facet normal -1.000000e+00 -0.000000e+00 0.000000e+00
    outer loop
      vertex   9.971319e+01 -1.086692e+02 -4.490000e+00
      vertex   9.971319e+01 -1.226692e+02 -5.990000e+00
      vertex   9.971319e+01 -1.226692e+02 -4.490000e+00
    endloop
  endfacet
  facet normal 0.000000e+00 1.000000e+00 -0.000000e+00
    outer loop
      vertex   9.971319e+01 -1.226692e+02 -5.990000e+00
      vertex   8.571319e+01 -1.226692e+02 -5.990000e+00
      vertex   9.971319e+01 -1.226692e+02 -4.490000e+00
    endloop
  endfacet
  facet normal 0.000000e+00 1.000000e+00 0.000000e+00
    outer loop
      vertex   9.971319e+01 -1.226692e+02 -4.490000e+00
      vertex   8.571319e+01 -1.226692e+02 -5.990000e+00
      vertex   8.571319e+01 -1.226692e+02 -4.490000e+00
    endloop
  endfacet
  facet normal 1.000000e+00 0.000000e+00 0.000000e+00
    outer loop
      vertex   8.571319e+01 -1.226692e+02 -5.990000e+00
      vertex   8.571319e+01 -1.086692e+02 -5.990000e+00
      vertex   8.571319e+01 -1.226692e+02 -4.490000e+00
    endloop
  endfacet
  facet normal 1.000000e+00 -0.000000e+00 0.000000e+00
    outer loop
      vertex   8.571319e+01 -1.226692e+02 -4.490000e+00
      vertex   8.571319e+01 -1.086692e+02 -5.990000e+00
      vertex   8.571319e+01 -1.086692e+02 -4.490000e+00
    endloop
  endfacet
  facet normal 1.000000e+00 0.000000e+00 0.000000e+00
    outer loop
      vertex   1.333392e+02 -1.369570e+02 -5.990000e+00
      vertex   1.333392e+02 -1.229570e+02 -5.990000e+00
      vertex   1.333392e+02 -1.369570e+02 -4.490000e+00
    endloop
  endfacet
  facet normal 1.000000e+00 -0.000000e+00 0.000000e+00
    outer loop
      vertex   1.333392e+02 -1.369570e+02 -4.490000e+00
      vertex   1.333392e+02 -1.229570e+02 -5.990000e+00
      vertex   1.333392e+02 -1.229570e+02 -4.490000e+00
    endloop
  endfacet
  facet normal 0.000000e+00 -1.000000e+00 0.000000e+00
    outer loop
      vertex   1.333392e+02 -1.229570e+02 -5.990000e+00
      vertex   1.473392e+02 -1.229570e+02 -5.990000e+00
      vertex   1.333392e+02 -1.229570e+02 -4.490000e+00
    endloop
  endfacet
  facet normal 0.000000e+00 -1.000000e+00 0.000000e+00
    outer loop
      vertex   1.333392e+02 -1.229570e+02 -4.490000e+00
      vertex   1.473392e+02 -1.229570e+02 -5.990000e+00
      vertex   1.473392e+02 -1.229570e+02 -4.490000e+00
    endloop
  endfacet
  facet normal -1.000000e+00 0.000000e+00 0.000000e+00
    outer loop
      vertex   1.473392e+02 -1.229570e+02 -5.990000e+00
      vertex   1.473392e+02 -1.369570e+02 -5.990000e+00
      vertex   1.473392e+02 -1.229570e+02 -4.490000e+00
    endloop
  endfacet
  facet normal -1.000000e+00 -0.000000e+00 0.000000e+00
    outer loop
      vertex   1.473392e+02 -1.229570e+02 -4.490000e+00
      vertex   1.473392e+02 -1.369570e+02 -5.990000e+00
      vertex   1.473392e+02 -1.369570e+02 -4.490000e+00
    endloop
  endfacet
  facet normal 0.000000e+00 1.000000e+00 -0.000000e+00
    outer loop
      vertex   1.473392e+02 -1.369570e+02 -5.990000e+00
      vertex   1.333392e+02 -1.369570e+02 -5.990000e+00
      vertex   1.473392e+02 -1.369570e+02 -4.490000e+00
    endloop
  endfacet
  facet normal 0.000000e+00 1.000000e+00 0.000000e+00
    outer loop
      vertex   1.473392e+02 -1.369570e+02 -4.490000e+00
      vertex   1.333392e+02 -1.369570e+02 -5.990000e+00
      vertex   1.333392e+02 -1.369570e+02 -4.490000e+00
    endloop
  endfacet
  facet normal 1.000000e+00 0.000000e+00 0.000000e+00
    outer loop
      vertex   1.238140e+02 -1.107627e+02 -5.990000e+00
      vertex   1.238140e+02 -9.676270e+01 -5.990000e+00
      vertex   1.238140e+02 -1.107627e+02 -4.490000e+00
    endloop
  endfacet
  facet normal 1.000000e+00 -0.000000e+00 0.000000e+00
    outer loop
      vertex   1.238140e+02 -1.107627e+02 -4.490000e+00
      vertex   1.238140e+02 -9.676270e+01 -5.990000e+00
      vertex   1.238140e+02 -9.676270e+01 -4.490000e+00
    endloop
  endfacet
  facet normal 0.000000e+00 -1.000000e+00 0.000000e+00
    outer loop
      vertex   1.238140e+02 -9.676270e+01 -5.990000e+00
      vertex   1.378140e+02 -9.676270e+01 -5.990000e+00
      vertex   1.238140e+02 -9.676270e+01 -4.490000e+00
    endloop
  endfacet
  facet normal 0.000000e+00 -1.000000e+00 0.000000e+00
    outer loop
      vertex   1.238140e+02 -9.676270e+01 -4.490000e+00
      vertex   1.378140e+02 -9.676270e+01 -5.990000e+00
      vertex   1.378140e+02 -9.676270e+01 -4.490000e+00
    endloop
  endfacet
  facet normal -1.000000e+00 0.000000e+00 0.000000e+00
    outer loop
      vertex   1.378140e+02 -9.676270e+01 -5.990000e+00
      vertex   1.378140e+02 -1.107627e+02 -5.990000e+00
      vertex   1.378140e+02 -9.676270e+01 -4.490000e+00
    endloop
  endfacet
  facet normal -1.000000e+00 -0.000000e+00 0.000000e+00
    outer loop
      vertex   1.378140e+02 -9.676270e+01 -4.490000e+00
      vertex   1.378140e+02 -1.107627e+02 -5.990000e+00
      vertex   1.378140e+02 -1.107627e+02 -4.490000e+00
    endloop
  endfacet
  facet normal 0.000000e+00 1.000000e+00 -0.000000e+00
    outer loop
      vertex   1.378140e+02 -1.107627e+02 -5.990000e+00
      vertex   1.238140e+02 -1.107627e+02 -5.990000e+00
      vertex   1.378140e+02 -1.107627e+02 -4.490000e+00
    endloop
  endfacet
  facet normal 0.000000e+00 1.000000e+00 0.000000e+00
    outer loop
      vertex   1.378140e+02 -1.107627e+02 -4.490000e+00
      vertex   1.238140e+02 -1.107627e+02 -5.990000e+00
      vertex   1.238140e+02 -1.107627e+02 -4.490000e+00
    endloop
  endfacet
  facet normal -1.946976e-01 -9.808633e-01 -0.000000e+00
    outer loop
      vertex   1.489407e+02 -1.511874e+02 -4.490000e+00
      vertex   5.955350e+01 -1.334444e+02 -4.490000e+00
      vertex   1.489407e+02 -1.511874e+02 -5.990000e+00
    endloop
  endfacet
  facet normal -1.946976e-01 -9.808633e-01 0.000000e+00
    outer loop
      vertex   1.489407e+02 -1.511874e+02 -5.990000e+00
      vertex   5.955350e+01 -1.334444e+02 -4.490000e+00
      vertex   5.955350e+01 -1.334444e+02 -5.990000e+00
    endloop
  endfacet
  facet normal -5.235888e-01 -8.519711e-01 -0.000000e+00
    outer loop
      vertex   2.007052e+02 -1.719982e+02 -4.490000e+00
      vertex   1.676584e+02 -1.516889e+02 -4.490000e+00
      vertex   2.007052e+02 -1.719982e+02 -5.990000e+00
    endloop
  endfacet
  facet normal -5.235888e-01 -8.519711e-01 0.000000e+00
    outer loop
      vertex   2.007052e+02 -1.719982e+02 -5.990000e+00
      vertex   1.676584e+02 -1.516889e+02 -4.490000e+00
      vertex   1.676584e+02 -1.516889e+02 -5.990000e+00
    endloop
  endfacet
  facet normal 9.999996e-01 -9.338129e-04 2.808670e-14
    outer loop
      vertex   2.061455e+02 -1.030073e+02 -4.490000e+00
      vertex   2.061453e+02 -1.032401e+02 -5.031203e+00
      vertex   2.061820e+02 -6.397040e+01 -4.490000e+00
    endloop
  endfacet
  facet normal 9.999996e-01 -9.338129e-04 0.000000e+00
    outer loop
      vertex   2.061820e+02 -6.397040e+01 -4.490000e+00
      vertex   2.061453e+02 -1.032401e+02 -5.031203e+00
      vertex   2.061820e+02 -6.397040e+01 -5.990000e+00
    endloop
  endfacet
  facet normal 9.999996e-01 -9.338129e-04 -3.557915e-14
    outer loop
      vertex   2.061820e+02 -6.397040e+01 -5.990000e+00
      vertex   2.061453e+02 -1.032401e+02 -5.031203e+00
      vertex   2.061450e+02 -1.035464e+02 -5.534504e+00
    endloop
  endfacet
  facet normal 9.999996e-01 -9.338129e-04 1.916987e-14
    outer loop
      vertex   2.061820e+02 -6.397040e+01 -5.990000e+00
      vertex   2.061450e+02 -1.035464e+02 -5.534504e+00
      vertex   2.061447e+02 -1.039200e+02 -5.990000e+00
    endloop
  endfacet
  facet normal 2.966447e-01 9.549879e-01 0.000000e+00
    outer loop
      vertex   1.418324e+02 -4.927061e+01 -4.490000e+00
      vertex   1.790538e+02 -6.083256e+01 -4.490000e+00
      vertex   1.418324e+02 -4.927061e+01 -5.990000e+00
    endloop
  endfacet
  facet normal 2.966447e-01 9.549879e-01 0.000000e+00
    outer loop
      vertex   1.418324e+02 -4.927061e+01 -5.990000e+00
      vertex   1.790538e+02 -6.083256e+01 -4.490000e+00
      vertex   1.790538e+02 -6.083256e+01 -5.990000e+00
    endloop
  endfacet
  facet normal -2.425356e-01 9.701425e-01 0.000000e+00
    outer loop
      vertex   5.940999e+01 -6.439096e+01 -4.490000e+00
      vertex   1.200628e+02 -4.922776e+01 -4.490000e+00
      vertex   5.940999e+01 -6.439096e+01 -5.990000e+00
    endloop
  endfacet
  facet normal -2.425356e-01 9.701425e-01 0.000000e+00
    outer loop
      vertex   5.940999e+01 -6.439096e+01 -5.990000e+00
      vertex   1.200628e+02 -4.922776e+01 -4.490000e+00
      vertex   1.200628e+02 -4.922776e+01 -5.990000e+00
    endloop
  endfacet
endsolid
