solid ASCII
  facet normal -9.914449e-01 -1.305262e-01 -0.000000e+00
    outer loop
      vertex   -3.418823e+01 -1.479481e+02 -4.490000e+00
      vertex   -3.418823e+01 -1.479481e+02 -5.990000e+00
      vertex   -3.415075e+01 -1.482328e+02 -4.490000e+00
    endloop
  endfacet
  facet normal -9.914449e-01 -1.305262e-01 -0.000000e+00
    outer loop
      vertex   -3.415075e+01 -1.482328e+02 -4.490000e+00
      vertex   -3.418823e+01 -1.479481e+02 -5.990000e+00
      vertex   -3.415075e+01 -1.482328e+02 -5.990000e+00
    endloop
  endfacet
  facet normal -9.914449e-01 1.305262e-01 0.000000e+00
    outer loop
      vertex   -3.415075e+01 -1.482328e+02 -4.490000e+00
      vertex   -3.415075e+01 -1.482328e+02 -5.990000e+00
      vertex   -3.418823e+01 -1.485175e+02 -4.490000e+00
    endloop
  endfacet
  facet normal -9.914449e-01 1.305262e-01 0.000000e+00
    outer loop
      vertex   -3.418823e+01 -1.485175e+02 -4.490000e+00
      vertex   -3.415075e+01 -1.482328e+02 -5.990000e+00
      vertex   -3.418823e+01 -1.485175e+02 -5.990000e+00
    endloop
  endfacet
  facet normal -9.238795e-01 3.826834e-01 0.000000e+00
    outer loop
      vertex   -3.418823e+01 -1.485175e+02 -4.490000e+00
      vertex   -3.418823e+01 -1.485175e+02 -5.990000e+00
      vertex   -3.429812e+01 -1.487828e+02 -4.490000e+00
    endloop
  endfacet
  facet normal -9.238795e-01 3.826834e-01 0.000000e+00
    outer loop
      vertex   -3.429812e+01 -1.487828e+02 -4.490000e+00
      vertex   -3.418823e+01 -1.485175e+02 -5.990000e+00
      vertex   -3.429812e+01 -1.487828e+02 -5.990000e+00
    endloop
  endfacet
  facet normal -7.933533e-01 6.087614e-01 0.000000e+00
    outer loop
      vertex   -3.429812e+01 -1.487828e+02 -4.490000e+00
      vertex   -3.429812e+01 -1.487828e+02 -5.990000e+00
      vertex   -3.447293e+01 -1.490106e+02 -4.490000e+00
    endloop
  endfacet
  facet normal -7.933533e-01 6.087614e-01 0.000000e+00
    outer loop
      vertex   -3.447293e+01 -1.490106e+02 -4.490000e+00
      vertex   -3.429812e+01 -1.487828e+02 -5.990000e+00
      vertex   -3.447293e+01 -1.490106e+02 -5.990000e+00
    endloop
  endfacet
  facet normal -6.087614e-01 7.933533e-01 0.000000e+00
    outer loop
      vertex   -3.447293e+01 -1.490106e+02 -4.490000e+00
      vertex   -3.447293e+01 -1.490106e+02 -5.990000e+00
      vertex   -3.470075e+01 -1.491854e+02 -4.490000e+00
    endloop
  endfacet
  facet normal -6.087614e-01 7.933533e-01 0.000000e+00
    outer loop
      vertex   -3.470075e+01 -1.491854e+02 -4.490000e+00
      vertex   -3.447293e+01 -1.490106e+02 -5.990000e+00
      vertex   -3.470075e+01 -1.491854e+02 -5.990000e+00
    endloop
  endfacet
  facet normal -3.826834e-01 9.238795e-01 0.000000e+00
    outer loop
      vertex   -3.470075e+01 -1.491854e+02 -4.490000e+00
      vertex   -3.470075e+01 -1.491854e+02 -5.990000e+00
      vertex   -3.496605e+01 -1.492953e+02 -4.490000e+00
    endloop
  endfacet
  facet normal -3.826834e-01 9.238795e-01 0.000000e+00
    outer loop
      vertex   -3.496605e+01 -1.492953e+02 -4.490000e+00
      vertex   -3.470075e+01 -1.491854e+02 -5.990000e+00
      vertex   -3.496605e+01 -1.492953e+02 -5.990000e+00
    endloop
  endfacet
  facet normal -1.305262e-01 9.914449e-01 0.000000e+00
    outer loop
      vertex   -3.496605e+01 -1.492953e+02 -4.490000e+00
      vertex   -3.496605e+01 -1.492953e+02 -5.990000e+00
      vertex   -3.525075e+01 -1.493328e+02 -4.490000e+00
    endloop
  endfacet
  facet normal -1.305262e-01 9.914449e-01 0.000000e+00
    outer loop
      vertex   -3.525075e+01 -1.493328e+02 -4.490000e+00
      vertex   -3.496605e+01 -1.492953e+02 -5.990000e+00
      vertex   -3.525075e+01 -1.493328e+02 -5.990000e+00
    endloop
  endfacet
  facet normal 1.305262e-01 9.914449e-01 0.000000e+00
    outer loop
      vertex   -3.525075e+01 -1.493328e+02 -4.490000e+00
      vertex   -3.525075e+01 -1.493328e+02 -5.990000e+00
      vertex   -3.553545e+01 -1.492953e+02 -4.490000e+00
    endloop
  endfacet
  facet normal 1.305262e-01 9.914449e-01 0.000000e+00
    outer loop
      vertex   -3.553545e+01 -1.492953e+02 -4.490000e+00
      vertex   -3.525075e+01 -1.493328e+02 -5.990000e+00
      vertex   -3.553545e+01 -1.492953e+02 -5.990000e+00
    endloop
  endfacet
  facet normal 3.826834e-01 9.238795e-01 0.000000e+00
    outer loop
      vertex   -3.553545e+01 -1.492953e+02 -4.490000e+00
      vertex   -3.553545e+01 -1.492953e+02 -5.990000e+00
      vertex   -3.580075e+01 -1.491854e+02 -4.490000e+00
    endloop
  endfacet
  facet normal 3.826834e-01 9.238795e-01 0.000000e+00
    outer loop
      vertex   -3.580075e+01 -1.491854e+02 -4.490000e+00
      vertex   -3.553545e+01 -1.492953e+02 -5.990000e+00
      vertex   -3.580075e+01 -1.491854e+02 -5.990000e+00
    endloop
  endfacet
  facet normal 6.087614e-01 7.933533e-01 0.000000e+00
    outer loop
      vertex   -3.580075e+01 -1.491854e+02 -4.490000e+00
      vertex   -3.580075e+01 -1.491854e+02 -5.990000e+00
      vertex   -3.602857e+01 -1.490106e+02 -4.490000e+00
    endloop
  endfacet
  facet normal 6.087614e-01 7.933533e-01 0.000000e+00
    outer loop
      vertex   -3.602857e+01 -1.490106e+02 -4.490000e+00
      vertex   -3.580075e+01 -1.491854e+02 -5.990000e+00
      vertex   -3.602857e+01 -1.490106e+02 -5.990000e+00
    endloop
  endfacet
  facet normal 7.933533e-01 6.087614e-01 0.000000e+00
    outer loop
      vertex   -3.602857e+01 -1.490106e+02 -4.490000e+00
      vertex   -3.602857e+01 -1.490106e+02 -5.990000e+00
      vertex   -3.620338e+01 -1.487828e+02 -4.490000e+00
    endloop
  endfacet
  facet normal 7.933533e-01 6.087614e-01 0.000000e+00
    outer loop
      vertex   -3.620338e+01 -1.487828e+02 -4.490000e+00
      vertex   -3.602857e+01 -1.490106e+02 -5.990000e+00
      vertex   -3.620338e+01 -1.487828e+02 -5.990000e+00
    endloop
  endfacet
  facet normal 9.238795e-01 3.826834e-01 0.000000e+00
    outer loop
      vertex   -3.620338e+01 -1.487828e+02 -4.490000e+00
      vertex   -3.620338e+01 -1.487828e+02 -5.990000e+00
      vertex   -3.631327e+01 -1.485175e+02 -4.490000e+00
    endloop
  endfacet
  facet normal 9.238795e-01 3.826834e-01 0.000000e+00
    outer loop
      vertex   -3.631327e+01 -1.485175e+02 -4.490000e+00
      vertex   -3.620338e+01 -1.487828e+02 -5.990000e+00
      vertex   -3.631327e+01 -1.485175e+02 -5.990000e+00
    endloop
  endfacet
  facet normal 9.914449e-01 1.305262e-01 0.000000e+00
    outer loop
      vertex   -3.631327e+01 -1.485175e+02 -4.490000e+00
      vertex   -3.631327e+01 -1.485175e+02 -5.990000e+00
      vertex   -3.635075e+01 -1.482328e+02 -4.490000e+00
    endloop
  endfacet
  facet normal 9.914449e-01 1.305262e-01 0.000000e+00
    outer loop
      vertex   -3.635075e+01 -1.482328e+02 -4.490000e+00
      vertex   -3.631327e+01 -1.485175e+02 -5.990000e+00
      vertex   -3.635075e+01 -1.482328e+02 -5.990000e+00
    endloop
  endfacet
  facet normal 9.914449e-01 -1.305262e-01 0.000000e+00
    outer loop
      vertex   -3.635075e+01 -1.482328e+02 -4.490000e+00
      vertex   -3.635075e+01 -1.482328e+02 -5.990000e+00
      vertex   -3.631327e+01 -1.479481e+02 -4.490000e+00
    endloop
  endfacet
  facet normal 9.914449e-01 -1.305262e-01 0.000000e+00
    outer loop
      vertex   -3.631327e+01 -1.479481e+02 -4.490000e+00
      vertex   -3.635075e+01 -1.482328e+02 -5.990000e+00
      vertex   -3.631327e+01 -1.479481e+02 -5.990000e+00
    endloop
  endfacet
  facet normal 9.238795e-01 -3.826834e-01 0.000000e+00
    outer loop
      vertex   -3.631327e+01 -1.479481e+02 -4.490000e+00
      vertex   -3.631327e+01 -1.479481e+02 -5.990000e+00
      vertex   -3.620338e+01 -1.476828e+02 -4.490000e+00
    endloop
  endfacet
  facet normal 9.238795e-01 -3.826834e-01 0.000000e+00
    outer loop
      vertex   -3.620338e+01 -1.476828e+02 -4.490000e+00
      vertex   -3.631327e+01 -1.479481e+02 -5.990000e+00
      vertex   -3.620338e+01 -1.476828e+02 -5.990000e+00
    endloop
  endfacet
  facet normal 7.933533e-01 -6.087614e-01 0.000000e+00
    outer loop
      vertex   -3.620338e+01 -1.476828e+02 -4.490000e+00
      vertex   -3.620338e+01 -1.476828e+02 -5.990000e+00
      vertex   -3.602857e+01 -1.474550e+02 -4.490000e+00
    endloop
  endfacet
  facet normal 7.933533e-01 -6.087614e-01 0.000000e+00
    outer loop
      vertex   -3.602857e+01 -1.474550e+02 -4.490000e+00
      vertex   -3.620338e+01 -1.476828e+02 -5.990000e+00
      vertex   -3.602857e+01 -1.474550e+02 -5.990000e+00
    endloop
  endfacet
  facet normal 6.087614e-01 -7.933533e-01 0.000000e+00
    outer loop
      vertex   -3.602857e+01 -1.474550e+02 -4.490000e+00
      vertex   -3.602857e+01 -1.474550e+02 -5.990000e+00
      vertex   -3.580075e+01 -1.472802e+02 -4.490000e+00
    endloop
  endfacet
  facet normal 6.087614e-01 -7.933533e-01 0.000000e+00
    outer loop
      vertex   -3.580075e+01 -1.472802e+02 -4.490000e+00
      vertex   -3.602857e+01 -1.474550e+02 -5.990000e+00
      vertex   -3.580075e+01 -1.472802e+02 -5.990000e+00
    endloop
  endfacet
  facet normal 3.826834e-01 -9.238795e-01 0.000000e+00
    outer loop
      vertex   -3.580075e+01 -1.472802e+02 -4.490000e+00
      vertex   -3.580075e+01 -1.472802e+02 -5.990000e+00
      vertex   -3.553545e+01 -1.471703e+02 -4.490000e+00
    endloop
  endfacet
  facet normal 3.826834e-01 -9.238795e-01 0.000000e+00
    outer loop
      vertex   -3.553545e+01 -1.471703e+02 -4.490000e+00
      vertex   -3.580075e+01 -1.472802e+02 -5.990000e+00
      vertex   -3.553545e+01 -1.471703e+02 -5.990000e+00
    endloop
  endfacet
  facet normal 1.305262e-01 -9.914449e-01 0.000000e+00
    outer loop
      vertex   -3.553545e+01 -1.471703e+02 -4.490000e+00
      vertex   -3.553545e+01 -1.471703e+02 -5.990000e+00
      vertex   -3.525075e+01 -1.471328e+02 -4.490000e+00
    endloop
  endfacet
  facet normal 1.305262e-01 -9.914449e-01 0.000000e+00
    outer loop
      vertex   -3.525075e+01 -1.471328e+02 -4.490000e+00
      vertex   -3.553545e+01 -1.471703e+02 -5.990000e+00
      vertex   -3.525075e+01 -1.471328e+02 -5.990000e+00
    endloop
  endfacet
  facet normal -1.305262e-01 -9.914449e-01 -0.000000e+00
    outer loop
      vertex   -3.525075e+01 -1.471328e+02 -4.490000e+00
      vertex   -3.525075e+01 -1.471328e+02 -5.990000e+00
      vertex   -3.496605e+01 -1.471703e+02 -4.490000e+00
    endloop
  endfacet
  facet normal -1.305262e-01 -9.914449e-01 -0.000000e+00
    outer loop
      vertex   -3.496605e+01 -1.471703e+02 -4.490000e+00
      vertex   -3.525075e+01 -1.471328e+02 -5.990000e+00
      vertex   -3.496605e+01 -1.471703e+02 -5.990000e+00
    endloop
  endfacet
  facet normal -3.826834e-01 -9.238795e-01 -0.000000e+00
    outer loop
      vertex   -3.496605e+01 -1.471703e+02 -4.490000e+00
      vertex   -3.496605e+01 -1.471703e+02 -5.990000e+00
      vertex   -3.470075e+01 -1.472802e+02 -4.490000e+00
    endloop
  endfacet
  facet normal -3.826834e-01 -9.238795e-01 -0.000000e+00
    outer loop
      vertex   -3.470075e+01 -1.472802e+02 -4.490000e+00
      vertex   -3.496605e+01 -1.471703e+02 -5.990000e+00
      vertex   -3.470075e+01 -1.472802e+02 -5.990000e+00
    endloop
  endfacet
  facet normal -6.087614e-01 -7.933533e-01 -0.000000e+00
    outer loop
      vertex   -3.470075e+01 -1.472802e+02 -4.490000e+00
      vertex   -3.470075e+01 -1.472802e+02 -5.990000e+00
      vertex   -3.447293e+01 -1.474550e+02 -4.490000e+00
    endloop
  endfacet
  facet normal -6.087614e-01 -7.933533e-01 -0.000000e+00
    outer loop
      vertex   -3.447293e+01 -1.474550e+02 -4.490000e+00
      vertex   -3.470075e+01 -1.472802e+02 -5.990000e+00
      vertex   -3.447293e+01 -1.474550e+02 -5.990000e+00
    endloop
  endfacet
  facet normal -7.933533e-01 -6.087614e-01 -0.000000e+00
    outer loop
      vertex   -3.447293e+01 -1.474550e+02 -4.490000e+00
      vertex   -3.447293e+01 -1.474550e+02 -5.990000e+00
      vertex   -3.429812e+01 -1.476828e+02 -4.490000e+00
    endloop
  endfacet
  facet normal -7.933533e-01 -6.087614e-01 -0.000000e+00
    outer loop
      vertex   -3.429812e+01 -1.476828e+02 -4.490000e+00
      vertex   -3.447293e+01 -1.474550e+02 -5.990000e+00
      vertex   -3.429812e+01 -1.476828e+02 -5.990000e+00
    endloop
  endfacet
  facet normal -9.238795e-01 -3.826834e-01 -0.000000e+00
    outer loop
      vertex   -3.429812e+01 -1.476828e+02 -4.490000e+00
      vertex   -3.429812e+01 -1.476828e+02 -5.990000e+00
      vertex   -3.418823e+01 -1.479481e+02 -4.490000e+00
    endloop
  endfacet
  facet normal -9.238795e-01 -3.826834e-01 -0.000000e+00
    outer loop
      vertex   -3.418823e+01 -1.479481e+02 -4.490000e+00
      vertex   -3.429812e+01 -1.476828e+02 -5.990000e+00
      vertex   -3.418823e+01 -1.479481e+02 -5.990000e+00
    endloop
  endfacet
  facet normal -9.914449e-01 -1.305262e-01 -0.000000e+00
    outer loop
      vertex   -1.549280e+01 -5.185218e+01 -4.490000e+00
      vertex   -1.549280e+01 -5.185218e+01 -5.990000e+00
      vertex   -1.545532e+01 -5.213688e+01 -4.490000e+00
    endloop
  endfacet
  facet normal -9.914449e-01 -1.305262e-01 -0.000000e+00
    outer loop
      vertex   -1.545532e+01 -5.213688e+01 -4.490000e+00
      vertex   -1.549280e+01 -5.185218e+01 -5.990000e+00
      vertex   -1.545532e+01 -5.213688e+01 -5.990000e+00
    endloop
  endfacet
  facet normal -9.914449e-01 1.305262e-01 0.000000e+00
    outer loop
      vertex   -1.545532e+01 -5.213688e+01 -4.490000e+00
      vertex   -1.545532e+01 -5.213688e+01 -5.990000e+00
      vertex   -1.549280e+01 -5.242158e+01 -4.490000e+00
    endloop
  endfacet
  facet normal -9.914449e-01 1.305262e-01 0.000000e+00
    outer loop
      vertex   -1.549280e+01 -5.242158e+01 -4.490000e+00
      vertex   -1.545532e+01 -5.213688e+01 -5.990000e+00
      vertex   -1.549280e+01 -5.242158e+01 -5.990000e+00
    endloop
  endfacet
  facet normal -9.238795e-01 3.826834e-01 0.000000e+00
    outer loop
      vertex   -1.549280e+01 -5.242158e+01 -4.490000e+00
      vertex   -1.549280e+01 -5.242158e+01 -5.990000e+00
      vertex   -1.560269e+01 -5.268688e+01 -4.490000e+00
    endloop
  endfacet
  facet normal -9.238795e-01 3.826834e-01 0.000000e+00
    outer loop
      vertex   -1.560269e+01 -5.268688e+01 -4.490000e+00
      vertex   -1.549280e+01 -5.242158e+01 -5.990000e+00
      vertex   -1.560269e+01 -5.268688e+01 -5.990000e+00
    endloop
  endfacet
  facet normal -7.933533e-01 6.087614e-01 0.000000e+00
    outer loop
      vertex   -1.560269e+01 -5.268688e+01 -4.490000e+00
      vertex   -1.560269e+01 -5.268688e+01 -5.990000e+00
      vertex   -1.577750e+01 -5.291470e+01 -4.490000e+00
    endloop
  endfacet
  facet normal -7.933533e-01 6.087614e-01 0.000000e+00
    outer loop
      vertex   -1.577750e+01 -5.291470e+01 -4.490000e+00
      vertex   -1.560269e+01 -5.268688e+01 -5.990000e+00
      vertex   -1.577750e+01 -5.291470e+01 -5.990000e+00
    endloop
  endfacet
  facet normal -6.087614e-01 7.933533e-01 0.000000e+00
    outer loop
      vertex   -1.577750e+01 -5.291470e+01 -4.490000e+00
      vertex   -1.577750e+01 -5.291470e+01 -5.990000e+00
      vertex   -1.600532e+01 -5.308951e+01 -4.490000e+00
    endloop
  endfacet
  facet normal -6.087614e-01 7.933533e-01 0.000000e+00
    outer loop
      vertex   -1.600532e+01 -5.308951e+01 -4.490000e+00
      vertex   -1.577750e+01 -5.291470e+01 -5.990000e+00
      vertex   -1.600532e+01 -5.308951e+01 -5.990000e+00
    endloop
  endfacet
  facet normal -3.826834e-01 9.238795e-01 0.000000e+00
    outer loop
      vertex   -1.600532e+01 -5.308951e+01 -4.490000e+00
      vertex   -1.600532e+01 -5.308951e+01 -5.990000e+00
      vertex   -1.627062e+01 -5.319940e+01 -4.490000e+00
    endloop
  endfacet
  facet normal -3.826834e-01 9.238795e-01 0.000000e+00
    outer loop
      vertex   -1.627062e+01 -5.319940e+01 -4.490000e+00
      vertex   -1.600532e+01 -5.308951e+01 -5.990000e+00
      vertex   -1.627062e+01 -5.319940e+01 -5.990000e+00
    endloop
  endfacet
  facet normal -1.305262e-01 9.914449e-01 0.000000e+00
    outer loop
      vertex   -1.627062e+01 -5.319940e+01 -4.490000e+00
      vertex   -1.627062e+01 -5.319940e+01 -5.990000e+00
      vertex   -1.655532e+01 -5.323688e+01 -4.490000e+00
    endloop
  endfacet
  facet normal -1.305262e-01 9.914449e-01 0.000000e+00
    outer loop
      vertex   -1.655532e+01 -5.323688e+01 -4.490000e+00
      vertex   -1.627062e+01 -5.319940e+01 -5.990000e+00
      vertex   -1.655532e+01 -5.323688e+01 -5.990000e+00
    endloop
  endfacet
  facet normal 1.305262e-01 9.914449e-01 0.000000e+00
    outer loop
      vertex   -1.655532e+01 -5.323688e+01 -4.490000e+00
      vertex   -1.655532e+01 -5.323688e+01 -5.990000e+00
      vertex   -1.684002e+01 -5.319940e+01 -4.490000e+00
    endloop
  endfacet
  facet normal 1.305262e-01 9.914449e-01 4.387278e-15
    outer loop
      vertex   -1.684002e+01 -5.319940e+01 -4.490000e+00
      vertex   -1.655532e+01 -5.323688e+01 -5.990000e+00
      vertex   -1.684002e+01 -5.319940e+01 -5.990000e+00
    endloop
  endfacet
  facet normal 3.826834e-01 9.238795e-01 3.469996e-15
    outer loop
      vertex   -1.684002e+01 -5.319940e+01 -4.490000e+00
      vertex   -1.684002e+01 -5.319940e+01 -5.990000e+00
      vertex   -1.710532e+01 -5.308951e+01 -4.490000e+00
    endloop
  endfacet
  facet normal 3.826834e-01 9.238795e-01 0.000000e+00
    outer loop
      vertex   -1.710532e+01 -5.308951e+01 -4.490000e+00
      vertex   -1.684002e+01 -5.319940e+01 -5.990000e+00
      vertex   -1.710532e+01 -5.308951e+01 -5.990000e+00
    endloop
  endfacet
  facet normal 6.087614e-01 7.933533e-01 0.000000e+00
    outer loop
      vertex   -1.710532e+01 -5.308951e+01 -4.490000e+00
      vertex   -1.710532e+01 -5.308951e+01 -5.990000e+00
      vertex   -1.733314e+01 -5.291470e+01 -4.490000e+00
    endloop
  endfacet
  facet normal 6.087614e-01 7.933533e-01 0.000000e+00
    outer loop
      vertex   -1.733314e+01 -5.291470e+01 -4.490000e+00
      vertex   -1.710532e+01 -5.308951e+01 -5.990000e+00
      vertex   -1.733314e+01 -5.291470e+01 -5.990000e+00
    endloop
  endfacet
  facet normal 7.933533e-01 6.087614e-01 0.000000e+00
    outer loop
      vertex   -1.733314e+01 -5.291470e+01 -4.490000e+00
      vertex   -1.733314e+01 -5.291470e+01 -5.990000e+00
      vertex   -1.750795e+01 -5.268688e+01 -4.490000e+00
    endloop
  endfacet
  facet normal 7.933533e-01 6.087614e-01 0.000000e+00
    outer loop
      vertex   -1.750795e+01 -5.268688e+01 -4.490000e+00
      vertex   -1.733314e+01 -5.291470e+01 -5.990000e+00
      vertex   -1.750795e+01 -5.268688e+01 -5.990000e+00
    endloop
  endfacet
  facet normal 9.238795e-01 3.826834e-01 0.000000e+00
    outer loop
      vertex   -1.750795e+01 -5.268688e+01 -4.490000e+00
      vertex   -1.750795e+01 -5.268688e+01 -5.990000e+00
      vertex   -1.761784e+01 -5.242158e+01 -4.490000e+00
    endloop
  endfacet
  facet normal 9.238795e-01 3.826834e-01 0.000000e+00
    outer loop
      vertex   -1.761784e+01 -5.242158e+01 -4.490000e+00
      vertex   -1.750795e+01 -5.268688e+01 -5.990000e+00
      vertex   -1.761784e+01 -5.242158e+01 -5.990000e+00
    endloop
  endfacet
  facet normal 9.914449e-01 1.305262e-01 0.000000e+00
    outer loop
      vertex   -1.761784e+01 -5.242158e+01 -4.490000e+00
      vertex   -1.761784e+01 -5.242158e+01 -5.990000e+00
      vertex   -1.765532e+01 -5.213688e+01 -4.490000e+00
    endloop
  endfacet
  facet normal 9.914449e-01 1.305262e-01 0.000000e+00
    outer loop
      vertex   -1.765532e+01 -5.213688e+01 -4.490000e+00
      vertex   -1.761784e+01 -5.242158e+01 -5.990000e+00
      vertex   -1.765532e+01 -5.213688e+01 -5.990000e+00
    endloop
  endfacet
  facet normal 9.914449e-01 -1.305262e-01 0.000000e+00
    outer loop
      vertex   -1.765532e+01 -5.213688e+01 -4.490000e+00
      vertex   -1.765532e+01 -5.213688e+01 -5.990000e+00
      vertex   -1.761784e+01 -5.185218e+01 -4.490000e+00
    endloop
  endfacet
  facet normal 9.914449e-01 -1.305262e-01 0.000000e+00
    outer loop
      vertex   -1.761784e+01 -5.185218e+01 -4.490000e+00
      vertex   -1.765532e+01 -5.213688e+01 -5.990000e+00
      vertex   -1.761784e+01 -5.185218e+01 -5.990000e+00
    endloop
  endfacet
  facet normal 9.238795e-01 -3.826834e-01 0.000000e+00
    outer loop
      vertex   -1.761784e+01 -5.185218e+01 -4.490000e+00
      vertex   -1.761784e+01 -5.185218e+01 -5.990000e+00
      vertex   -1.750795e+01 -5.158688e+01 -4.490000e+00
    endloop
  endfacet
  facet normal 9.238795e-01 -3.826834e-01 0.000000e+00
    outer loop
      vertex   -1.750795e+01 -5.158688e+01 -4.490000e+00
      vertex   -1.761784e+01 -5.185218e+01 -5.990000e+00
      vertex   -1.750795e+01 -5.158688e+01 -5.990000e+00
    endloop
  endfacet
  facet normal 7.933533e-01 -6.087614e-01 0.000000e+00
    outer loop
      vertex   -1.750795e+01 -5.158688e+01 -4.490000e+00
      vertex   -1.750795e+01 -5.158688e+01 -5.990000e+00
      vertex   -1.733314e+01 -5.135907e+01 -4.490000e+00
    endloop
  endfacet
  facet normal 7.933533e-01 -6.087614e-01 0.000000e+00
    outer loop
      vertex   -1.733314e+01 -5.135907e+01 -4.490000e+00
      vertex   -1.750795e+01 -5.158688e+01 -5.990000e+00
      vertex   -1.733314e+01 -5.135907e+01 -5.990000e+00
    endloop
  endfacet
  facet normal 6.087614e-01 -7.933533e-01 0.000000e+00
    outer loop
      vertex   -1.733314e+01 -5.135907e+01 -4.490000e+00
      vertex   -1.733314e+01 -5.135907e+01 -5.990000e+00
      vertex   -1.710532e+01 -5.118426e+01 -4.490000e+00
    endloop
  endfacet
  facet normal 6.087614e-01 -7.933533e-01 0.000000e+00
    outer loop
      vertex   -1.710532e+01 -5.118426e+01 -4.490000e+00
      vertex   -1.733314e+01 -5.135907e+01 -5.990000e+00
      vertex   -1.710532e+01 -5.118426e+01 -5.990000e+00
    endloop
  endfacet
  facet normal 3.826834e-01 -9.238795e-01 0.000000e+00
    outer loop
      vertex   -1.710532e+01 -5.118426e+01 -4.490000e+00
      vertex   -1.710532e+01 -5.118426e+01 -5.990000e+00
      vertex   -1.684002e+01 -5.107437e+01 -4.490000e+00
    endloop
  endfacet
  facet normal 3.826834e-01 -9.238795e-01 -7.846369e-15
    outer loop
      vertex   -1.684002e+01 -5.107437e+01 -4.490000e+00
      vertex   -1.710532e+01 -5.118426e+01 -5.990000e+00
      vertex   -1.684002e+01 -5.107437e+01 -5.990000e+00
    endloop
  endfacet
  facet normal 1.305262e-01 -9.914449e-01 -9.083704e-15
    outer loop
      vertex   -1.684002e+01 -5.107437e+01 -4.490000e+00
      vertex   -1.684002e+01 -5.107437e+01 -5.990000e+00
      vertex   -1.655532e+01 -5.103688e+01 -4.490000e+00
    endloop
  endfacet
  facet normal 1.305262e-01 -9.914449e-01 0.000000e+00
    outer loop
      vertex   -1.655532e+01 -5.103688e+01 -4.490000e+00
      vertex   -1.684002e+01 -5.107437e+01 -5.990000e+00
      vertex   -1.655532e+01 -5.103688e+01 -5.990000e+00
    endloop
  endfacet
  facet normal -1.305262e-01 -9.914449e-01 -0.000000e+00
    outer loop
      vertex   -1.655532e+01 -5.103688e+01 -4.490000e+00
      vertex   -1.655532e+01 -5.103688e+01 -5.990000e+00
      vertex   -1.627062e+01 -5.107437e+01 -4.490000e+00
    endloop
  endfacet
  facet normal -1.305262e-01 -9.914449e-01 -0.000000e+00
    outer loop
      vertex   -1.627062e+01 -5.107437e+01 -4.490000e+00
      vertex   -1.655532e+01 -5.103688e+01 -5.990000e+00
      vertex   -1.627062e+01 -5.107437e+01 -5.990000e+00
    endloop
  endfacet
  facet normal -3.826834e-01 -9.238795e-01 -0.000000e+00
    outer loop
      vertex   -1.627062e+01 -5.107437e+01 -4.490000e+00
      vertex   -1.627062e+01 -5.107437e+01 -5.990000e+00
      vertex   -1.600532e+01 -5.118426e+01 -4.490000e+00
    endloop
  endfacet
  facet normal -3.826834e-01 -9.238795e-01 -0.000000e+00
    outer loop
      vertex   -1.600532e+01 -5.118426e+01 -4.490000e+00
      vertex   -1.627062e+01 -5.107437e+01 -5.990000e+00
      vertex   -1.600532e+01 -5.118426e+01 -5.990000e+00
    endloop
  endfacet
  facet normal -6.087614e-01 -7.933533e-01 -0.000000e+00
    outer loop
      vertex   -1.600532e+01 -5.118426e+01 -4.490000e+00
      vertex   -1.600532e+01 -5.118426e+01 -5.990000e+00
      vertex   -1.577750e+01 -5.135907e+01 -4.490000e+00
    endloop
  endfacet
  facet normal -6.087614e-01 -7.933533e-01 -0.000000e+00
    outer loop
      vertex   -1.577750e+01 -5.135907e+01 -4.490000e+00
      vertex   -1.600532e+01 -5.118426e+01 -5.990000e+00
      vertex   -1.577750e+01 -5.135907e+01 -5.990000e+00
    endloop
  endfacet
  facet normal -7.933533e-01 -6.087614e-01 -0.000000e+00
    outer loop
      vertex   -1.577750e+01 -5.135907e+01 -4.490000e+00
      vertex   -1.577750e+01 -5.135907e+01 -5.990000e+00
      vertex   -1.560269e+01 -5.158688e+01 -4.490000e+00
    endloop
  endfacet
  facet normal -7.933533e-01 -6.087614e-01 -0.000000e+00
    outer loop
      vertex   -1.560269e+01 -5.158688e+01 -4.490000e+00
      vertex   -1.577750e+01 -5.135907e+01 -5.990000e+00
      vertex   -1.560269e+01 -5.158688e+01 -5.990000e+00
    endloop
  endfacet
  facet normal -9.238795e-01 -3.826834e-01 -0.000000e+00
    outer loop
      vertex   -1.560269e+01 -5.158688e+01 -4.490000e+00
      vertex   -1.560269e+01 -5.158688e+01 -5.990000e+00
      vertex   -1.549280e+01 -5.185218e+01 -4.490000e+00
    endloop
  endfacet
  facet normal -9.238795e-01 -3.826834e-01 -0.000000e+00
    outer loop
      vertex   -1.549280e+01 -5.185218e+01 -4.490000e+00
      vertex   -1.560269e+01 -5.158688e+01 -5.990000e+00
      vertex   -1.549280e+01 -5.185218e+01 -5.990000e+00
    endloop
  endfacet
  facet normal -9.914449e-01 -1.305262e-01 -0.000000e+00
    outer loop
      vertex   -8.629528e+01 -1.681711e+02 -4.490000e+00
      vertex   -8.629528e+01 -1.681711e+02 -5.990000e+00
      vertex   -8.624076e+01 -1.685852e+02 -4.490000e+00
    endloop
  endfacet
  facet normal -9.914449e-01 -1.305262e-01 -0.000000e+00
    outer loop
      vertex   -8.624076e+01 -1.685852e+02 -4.490000e+00
      vertex   -8.629528e+01 -1.681711e+02 -5.990000e+00
      vertex   -8.624076e+01 -1.685852e+02 -5.990000e+00
    endloop
  endfacet
  facet normal -9.914449e-01 1.305262e-01 0.000000e+00
    outer loop
      vertex   -8.624076e+01 -1.685852e+02 -4.490000e+00
      vertex   -8.624076e+01 -1.685852e+02 -5.990000e+00
      vertex   -8.629528e+01 -1.689993e+02 -4.490000e+00
    endloop
  endfacet
  facet normal -9.914449e-01 1.305262e-01 0.000000e+00
    outer loop
      vertex   -8.629528e+01 -1.689993e+02 -4.490000e+00
      vertex   -8.624076e+01 -1.685852e+02 -5.990000e+00
      vertex   -8.629528e+01 -1.689993e+02 -5.990000e+00
    endloop
  endfacet
  facet normal -9.238795e-01 3.826834e-01 0.000000e+00
    outer loop
      vertex   -8.629528e+01 -1.689993e+02 -4.490000e+00
      vertex   -8.629528e+01 -1.689993e+02 -5.990000e+00
      vertex   -8.645512e+01 -1.693852e+02 -4.490000e+00
    endloop
  endfacet
  facet normal -9.238795e-01 3.826834e-01 -1.450202e-14
    outer loop
      vertex   -8.645512e+01 -1.693852e+02 -4.490000e+00
      vertex   -8.629528e+01 -1.689993e+02 -5.990000e+00
      vertex   -8.645512e+01 -1.693852e+02 -5.990000e+00
    endloop
  endfacet
  facet normal -7.933533e-01 6.087614e-01 -2.306939e-14
    outer loop
      vertex   -8.645512e+01 -1.693852e+02 -4.490000e+00
      vertex   -8.645512e+01 -1.693852e+02 -5.990000e+00
      vertex   -8.670939e+01 -1.697166e+02 -4.490000e+00
    endloop
  endfacet
  facet normal -7.933533e-01 6.087614e-01 0.000000e+00
    outer loop
      vertex   -8.670939e+01 -1.697166e+02 -4.490000e+00
      vertex   -8.645512e+01 -1.693852e+02 -5.990000e+00
      vertex   -8.670939e+01 -1.697166e+02 -5.990000e+00
    endloop
  endfacet
  facet normal -6.087614e-01 7.933533e-01 0.000000e+00
    outer loop
      vertex   -8.670939e+01 -1.697166e+02 -4.490000e+00
      vertex   -8.670939e+01 -1.697166e+02 -5.990000e+00
      vertex   -8.704076e+01 -1.699708e+02 -4.490000e+00
    endloop
  endfacet
  facet normal -6.087614e-01 7.933533e-01 0.000000e+00
    outer loop
      vertex   -8.704076e+01 -1.699708e+02 -4.490000e+00
      vertex   -8.670939e+01 -1.697166e+02 -5.990000e+00
      vertex   -8.704076e+01 -1.699708e+02 -5.990000e+00
    endloop
  endfacet
  facet normal -3.826834e-01 9.238795e-01 0.000000e+00
    outer loop
      vertex   -8.704076e+01 -1.699708e+02 -4.490000e+00
      vertex   -8.704076e+01 -1.699708e+02 -5.990000e+00
      vertex   -8.742665e+01 -1.701307e+02 -4.490000e+00
    endloop
  endfacet
  facet normal -3.826834e-01 9.238795e-01 0.000000e+00
    outer loop
      vertex   -8.742665e+01 -1.701307e+02 -4.490000e+00
      vertex   -8.704076e+01 -1.699708e+02 -5.990000e+00
      vertex   -8.742665e+01 -1.701307e+02 -5.990000e+00
    endloop
  endfacet
  facet normal -1.305262e-01 9.914449e-01 0.000000e+00
    outer loop
      vertex   -8.742665e+01 -1.701307e+02 -4.490000e+00
      vertex   -8.742665e+01 -1.701307e+02 -5.990000e+00
      vertex   -8.784076e+01 -1.701852e+02 -4.490000e+00
    endloop
  endfacet
  facet normal -1.305262e-01 9.914449e-01 0.000000e+00
    outer loop
      vertex   -8.784076e+01 -1.701852e+02 -4.490000e+00
      vertex   -8.742665e+01 -1.701307e+02 -5.990000e+00
      vertex   -8.784076e+01 -1.701852e+02 -5.990000e+00
    endloop
  endfacet
  facet normal 1.305262e-01 9.914449e-01 0.000000e+00
    outer loop
      vertex   -8.784076e+01 -1.701852e+02 -4.490000e+00
      vertex   -8.784076e+01 -1.701852e+02 -5.990000e+00
      vertex   -8.825487e+01 -1.701307e+02 -4.490000e+00
    endloop
  endfacet
  facet normal 1.305262e-01 9.914449e-01 0.000000e+00
    outer loop
      vertex   -8.825487e+01 -1.701307e+02 -4.490000e+00
      vertex   -8.784076e+01 -1.701852e+02 -5.990000e+00
      vertex   -8.825487e+01 -1.701307e+02 -5.990000e+00
    endloop
  endfacet
  facet normal 3.826834e-01 9.238795e-01 0.000000e+00
    outer loop
      vertex   -8.825487e+01 -1.701307e+02 -4.490000e+00
      vertex   -8.825487e+01 -1.701307e+02 -5.990000e+00
      vertex   -8.864076e+01 -1.699708e+02 -4.490000e+00
    endloop
  endfacet
  facet normal 3.826834e-01 9.238795e-01 0.000000e+00
    outer loop
      vertex   -8.864076e+01 -1.699708e+02 -4.490000e+00
      vertex   -8.825487e+01 -1.701307e+02 -5.990000e+00
      vertex   -8.864076e+01 -1.699708e+02 -5.990000e+00
    endloop
  endfacet
  facet normal 6.087614e-01 7.933533e-01 0.000000e+00
    outer loop
      vertex   -8.864076e+01 -1.699708e+02 -4.490000e+00
      vertex   -8.864076e+01 -1.699708e+02 -5.990000e+00
      vertex   -8.897213e+01 -1.697166e+02 -4.490000e+00
    endloop
  endfacet
  facet normal 6.087614e-01 7.933533e-01 0.000000e+00
    outer loop
      vertex   -8.897213e+01 -1.697166e+02 -4.490000e+00
      vertex   -8.864076e+01 -1.699708e+02 -5.990000e+00
      vertex   -8.897213e+01 -1.697166e+02 -5.990000e+00
    endloop
  endfacet
  facet normal 7.933533e-01 6.087614e-01 0.000000e+00
    outer loop
      vertex   -8.897213e+01 -1.697166e+02 -4.490000e+00
      vertex   -8.897213e+01 -1.697166e+02 -5.990000e+00
      vertex   -8.922640e+01 -1.693852e+02 -4.490000e+00
    endloop
  endfacet
  facet normal 7.933533e-01 6.087614e-01 2.306939e-14
    outer loop
      vertex   -8.922640e+01 -1.693852e+02 -4.490000e+00
      vertex   -8.897213e+01 -1.697166e+02 -5.990000e+00
      vertex   -8.922640e+01 -1.693852e+02 -5.990000e+00
    endloop
  endfacet
  facet normal 9.238795e-01 3.826834e-01 1.450202e-14
    outer loop
      vertex   -8.922640e+01 -1.693852e+02 -4.490000e+00
      vertex   -8.922640e+01 -1.693852e+02 -5.990000e+00
      vertex   -8.938624e+01 -1.689993e+02 -4.490000e+00
    endloop
  endfacet
  facet normal 9.238795e-01 3.826834e-01 0.000000e+00
    outer loop
      vertex   -8.938624e+01 -1.689993e+02 -4.490000e+00
      vertex   -8.922640e+01 -1.693852e+02 -5.990000e+00
      vertex   -8.938624e+01 -1.689993e+02 -5.990000e+00
    endloop
  endfacet
  facet normal 9.914449e-01 1.305262e-01 0.000000e+00
    outer loop
      vertex   -8.938624e+01 -1.689993e+02 -4.490000e+00
      vertex   -8.938624e+01 -1.689993e+02 -5.990000e+00
      vertex   -8.944076e+01 -1.685852e+02 -4.490000e+00
    endloop
  endfacet
  facet normal 9.914449e-01 1.305262e-01 0.000000e+00
    outer loop
      vertex   -8.944076e+01 -1.685852e+02 -4.490000e+00
      vertex   -8.938624e+01 -1.689993e+02 -5.990000e+00
      vertex   -8.944076e+01 -1.685852e+02 -5.990000e+00
    endloop
  endfacet
  facet normal 9.914449e-01 -1.305262e-01 0.000000e+00
    outer loop
      vertex   -8.944076e+01 -1.685852e+02 -4.490000e+00
      vertex   -8.944076e+01 -1.685852e+02 -5.990000e+00
      vertex   -8.938624e+01 -1.681711e+02 -4.490000e+00
    endloop
  endfacet
  facet normal 9.914449e-01 -1.305262e-01 0.000000e+00
    outer loop
      vertex   -8.938624e+01 -1.681711e+02 -4.490000e+00
      vertex   -8.944076e+01 -1.685852e+02 -5.990000e+00
      vertex   -8.938624e+01 -1.681711e+02 -5.990000e+00
    endloop
  endfacet
  facet normal 9.238795e-01 -3.826834e-01 0.000000e+00
    outer loop
      vertex   -8.938624e+01 -1.681711e+02 -4.490000e+00
      vertex   -8.938624e+01 -1.681711e+02 -5.990000e+00
      vertex   -8.922640e+01 -1.677852e+02 -4.490000e+00
    endloop
  endfacet
  facet normal 9.238795e-01 -3.826834e-01 -7.251012e-15
    outer loop
      vertex   -8.922640e+01 -1.677852e+02 -4.490000e+00
      vertex   -8.938624e+01 -1.681711e+02 -5.990000e+00
      vertex   -8.922640e+01 -1.677852e+02 -5.990000e+00
    endloop
  endfacet
  facet normal 7.933533e-01 -6.087614e-01 -1.153469e-14
    outer loop
      vertex   -8.922640e+01 -1.677852e+02 -4.490000e+00
      vertex   -8.922640e+01 -1.677852e+02 -5.990000e+00
      vertex   -8.897213e+01 -1.674538e+02 -4.490000e+00
    endloop
  endfacet
  facet normal 7.933533e-01 -6.087614e-01 0.000000e+00
    outer loop
      vertex   -8.897213e+01 -1.674538e+02 -4.490000e+00
      vertex   -8.922640e+01 -1.677852e+02 -5.990000e+00
      vertex   -8.897213e+01 -1.674538e+02 -5.990000e+00
    endloop
  endfacet
  facet normal 6.087614e-01 -7.933533e-01 0.000000e+00
    outer loop
      vertex   -8.897213e+01 -1.674538e+02 -4.490000e+00
      vertex   -8.897213e+01 -1.674538e+02 -5.990000e+00
      vertex   -8.864076e+01 -1.671996e+02 -4.490000e+00
    endloop
  endfacet
  facet normal 6.087614e-01 -7.933533e-01 0.000000e+00
    outer loop
      vertex   -8.864076e+01 -1.671996e+02 -4.490000e+00
      vertex   -8.897213e+01 -1.674538e+02 -5.990000e+00
      vertex   -8.864076e+01 -1.671996e+02 -5.990000e+00
    endloop
  endfacet
  facet normal 3.826834e-01 -9.238795e-01 0.000000e+00
    outer loop
      vertex   -8.864076e+01 -1.671996e+02 -4.490000e+00
      vertex   -8.864076e+01 -1.671996e+02 -5.990000e+00
      vertex   -8.825487e+01 -1.670397e+02 -4.490000e+00
    endloop
  endfacet
  facet normal 3.826834e-01 -9.238795e-01 0.000000e+00
    outer loop
      vertex   -8.825487e+01 -1.670397e+02 -4.490000e+00
      vertex   -8.864076e+01 -1.671996e+02 -5.990000e+00
      vertex   -8.825487e+01 -1.670397e+02 -5.990000e+00
    endloop
  endfacet
  facet normal 1.305262e-01 -9.914449e-01 0.000000e+00
    outer loop
      vertex   -8.825487e+01 -1.670397e+02 -4.490000e+00
      vertex   -8.825487e+01 -1.670397e+02 -5.990000e+00
      vertex   -8.784076e+01 -1.669852e+02 -4.490000e+00
    endloop
  endfacet
  facet normal 1.305262e-01 -9.914449e-01 0.000000e+00
    outer loop
      vertex   -8.784076e+01 -1.669852e+02 -4.490000e+00
      vertex   -8.825487e+01 -1.670397e+02 -5.990000e+00
      vertex   -8.784076e+01 -1.669852e+02 -5.990000e+00
    endloop
  endfacet
  facet normal -1.305262e-01 -9.914449e-01 -0.000000e+00
    outer loop
      vertex   -8.784076e+01 -1.669852e+02 -4.490000e+00
      vertex   -8.784076e+01 -1.669852e+02 -5.990000e+00
      vertex   -8.742665e+01 -1.670397e+02 -4.490000e+00
    endloop
  endfacet
  facet normal -1.305262e-01 -9.914449e-01 -0.000000e+00
    outer loop
      vertex   -8.742665e+01 -1.670397e+02 -4.490000e+00
      vertex   -8.784076e+01 -1.669852e+02 -5.990000e+00
      vertex   -8.742665e+01 -1.670397e+02 -5.990000e+00
    endloop
  endfacet
  facet normal -3.826834e-01 -9.238795e-01 -0.000000e+00
    outer loop
      vertex   -8.742665e+01 -1.670397e+02 -4.490000e+00
      vertex   -8.742665e+01 -1.670397e+02 -5.990000e+00
      vertex   -8.704076e+01 -1.671996e+02 -4.490000e+00
    endloop
  endfacet
  facet normal -3.826834e-01 -9.238795e-01 -0.000000e+00
    outer loop
      vertex   -8.704076e+01 -1.671996e+02 -4.490000e+00
      vertex   -8.742665e+01 -1.670397e+02 -5.990000e+00
      vertex   -8.704076e+01 -1.671996e+02 -5.990000e+00
    endloop
  endfacet
  facet normal -6.087614e-01 -7.933533e-01 -0.000000e+00
    outer loop
      vertex   -8.704076e+01 -1.671996e+02 -4.490000e+00
      vertex   -8.704076e+01 -1.671996e+02 -5.990000e+00
      vertex   -8.670939e+01 -1.674538e+02 -4.490000e+00
    endloop
  endfacet
  facet normal -6.087614e-01 -7.933533e-01 -0.000000e+00
    outer loop
      vertex   -8.670939e+01 -1.674538e+02 -4.490000e+00
      vertex   -8.704076e+01 -1.671996e+02 -5.990000e+00
      vertex   -8.670939e+01 -1.674538e+02 -5.990000e+00
    endloop
  endfacet
  facet normal -7.933533e-01 -6.087614e-01 -0.000000e+00
    outer loop
      vertex   -8.670939e+01 -1.674538e+02 -4.490000e+00
      vertex   -8.670939e+01 -1.674538e+02 -5.990000e+00
      vertex   -8.645512e+01 -1.677852e+02 -4.490000e+00
    endloop
  endfacet
  facet normal -7.933533e-01 -6.087614e-01 1.153469e-14
    outer loop
      vertex   -8.645512e+01 -1.677852e+02 -4.490000e+00
      vertex   -8.670939e+01 -1.674538e+02 -5.990000e+00
      vertex   -8.645512e+01 -1.677852e+02 -5.990000e+00
    endloop
  endfacet
  facet normal -9.238795e-01 -3.826834e-01 7.251012e-15
    outer loop
      vertex   -8.645512e+01 -1.677852e+02 -4.490000e+00
      vertex   -8.645512e+01 -1.677852e+02 -5.990000e+00
      vertex   -8.629528e+01 -1.681711e+02 -4.490000e+00
    endloop
  endfacet
  facet normal -9.238795e-01 -3.826834e-01 -0.000000e+00
    outer loop
      vertex   -8.629528e+01 -1.681711e+02 -4.490000e+00
      vertex   -8.645512e+01 -1.677852e+02 -5.990000e+00
      vertex   -8.629528e+01 -1.681711e+02 -5.990000e+00
    endloop
  endfacet
  facet normal -9.914449e-01 -1.305262e-01 -0.000000e+00
    outer loop
      vertex   -8.662758e+01 -6.428655e+01 -4.490000e+00
      vertex   -8.662758e+01 -6.428655e+01 -5.990000e+00
      vertex   -8.657307e+01 -6.470066e+01 -4.490000e+00
    endloop
  endfacet
  facet normal -9.914449e-01 -1.305262e-01 -0.000000e+00
    outer loop
      vertex   -8.657307e+01 -6.470066e+01 -4.490000e+00
      vertex   -8.662758e+01 -6.428655e+01 -5.990000e+00
      vertex   -8.657307e+01 -6.470066e+01 -5.990000e+00
    endloop
  endfacet
  facet normal -9.914449e-01 1.305262e-01 0.000000e+00
    outer loop
      vertex   -8.657307e+01 -6.470066e+01 -4.490000e+00
      vertex   -8.657307e+01 -6.470066e+01 -5.990000e+00
      vertex   -8.662758e+01 -6.511477e+01 -4.490000e+00
    endloop
  endfacet
  facet normal -9.914449e-01 1.305262e-01 0.000000e+00
    outer loop
      vertex   -8.662758e+01 -6.511477e+01 -4.490000e+00
      vertex   -8.657307e+01 -6.470066e+01 -5.990000e+00
      vertex   -8.662758e+01 -6.511477e+01 -5.990000e+00
    endloop
  endfacet
  facet normal -9.238795e-01 3.826834e-01 0.000000e+00
    outer loop
      vertex   -8.662758e+01 -6.511477e+01 -4.490000e+00
      vertex   -8.662758e+01 -6.511477e+01 -5.990000e+00
      vertex   -8.678742e+01 -6.550066e+01 -4.490000e+00
    endloop
  endfacet
  facet normal -9.238795e-01 3.826834e-01 0.000000e+00
    outer loop
      vertex   -8.678742e+01 -6.550066e+01 -4.490000e+00
      vertex   -8.662758e+01 -6.511477e+01 -5.990000e+00
      vertex   -8.678742e+01 -6.550066e+01 -5.990000e+00
    endloop
  endfacet
  facet normal -7.933533e-01 6.087614e-01 0.000000e+00
    outer loop
      vertex   -8.678742e+01 -6.550066e+01 -4.490000e+00
      vertex   -8.678742e+01 -6.550066e+01 -5.990000e+00
      vertex   -8.704169e+01 -6.583203e+01 -4.490000e+00
    endloop
  endfacet
  facet normal -7.933533e-01 6.087614e-01 0.000000e+00
    outer loop
      vertex   -8.704169e+01 -6.583203e+01 -4.490000e+00
      vertex   -8.678742e+01 -6.550066e+01 -5.990000e+00
      vertex   -8.704169e+01 -6.583203e+01 -5.990000e+00
    endloop
  endfacet
  facet normal -6.087614e-01 7.933533e-01 0.000000e+00
    outer loop
      vertex   -8.704169e+01 -6.583203e+01 -4.490000e+00
      vertex   -8.704169e+01 -6.583203e+01 -5.990000e+00
      vertex   -8.737307e+01 -6.608630e+01 -4.490000e+00
    endloop
  endfacet
  facet normal -6.087614e-01 7.933533e-01 0.000000e+00
    outer loop
      vertex   -8.737307e+01 -6.608630e+01 -4.490000e+00
      vertex   -8.704169e+01 -6.583203e+01 -5.990000e+00
      vertex   -8.737307e+01 -6.608630e+01 -5.990000e+00
    endloop
  endfacet
  facet normal -3.826834e-01 9.238795e-01 0.000000e+00
    outer loop
      vertex   -8.737307e+01 -6.608630e+01 -4.490000e+00
      vertex   -8.737307e+01 -6.608630e+01 -5.990000e+00
      vertex   -8.775895e+01 -6.624614e+01 -4.490000e+00
    endloop
  endfacet
  facet normal -3.826834e-01 9.238795e-01 0.000000e+00
    outer loop
      vertex   -8.775895e+01 -6.624614e+01 -4.490000e+00
      vertex   -8.737307e+01 -6.608630e+01 -5.990000e+00
      vertex   -8.775895e+01 -6.624614e+01 -5.990000e+00
    endloop
  endfacet
  facet normal -1.305262e-01 9.914449e-01 0.000000e+00
    outer loop
      vertex   -8.775895e+01 -6.624614e+01 -4.490000e+00
      vertex   -8.775895e+01 -6.624614e+01 -5.990000e+00
      vertex   -8.817307e+01 -6.630066e+01 -4.490000e+00
    endloop
  endfacet
  facet normal -1.305262e-01 9.914449e-01 0.000000e+00
    outer loop
      vertex   -8.817307e+01 -6.630066e+01 -4.490000e+00
      vertex   -8.775895e+01 -6.624614e+01 -5.990000e+00
      vertex   -8.817307e+01 -6.630066e+01 -5.990000e+00
    endloop
  endfacet
  facet normal 1.305262e-01 9.914449e-01 0.000000e+00
    outer loop
      vertex   -8.817307e+01 -6.630066e+01 -4.490000e+00
      vertex   -8.817307e+01 -6.630066e+01 -5.990000e+00
      vertex   -8.858718e+01 -6.624614e+01 -4.490000e+00
    endloop
  endfacet
  facet normal 1.305262e-01 9.914449e-01 0.000000e+00
    outer loop
      vertex   -8.858718e+01 -6.624614e+01 -4.490000e+00
      vertex   -8.817307e+01 -6.630066e+01 -5.990000e+00
      vertex   -8.858718e+01 -6.624614e+01 -5.990000e+00
    endloop
  endfacet
  facet normal 3.826834e-01 9.238795e-01 0.000000e+00
    outer loop
      vertex   -8.858718e+01 -6.624614e+01 -4.490000e+00
      vertex   -8.858718e+01 -6.624614e+01 -5.990000e+00
      vertex   -8.897307e+01 -6.608630e+01 -4.490000e+00
    endloop
  endfacet
  facet normal 3.826834e-01 9.238795e-01 0.000000e+00
    outer loop
      vertex   -8.897307e+01 -6.608630e+01 -4.490000e+00
      vertex   -8.858718e+01 -6.624614e+01 -5.990000e+00
      vertex   -8.897307e+01 -6.608630e+01 -5.990000e+00
    endloop
  endfacet
  facet normal 6.087614e-01 7.933533e-01 0.000000e+00
    outer loop
      vertex   -8.897307e+01 -6.608630e+01 -4.490000e+00
      vertex   -8.897307e+01 -6.608630e+01 -5.990000e+00
      vertex   -8.930444e+01 -6.583203e+01 -4.490000e+00
    endloop
  endfacet
  facet normal 6.087614e-01 7.933533e-01 0.000000e+00
    outer loop
      vertex   -8.930444e+01 -6.583203e+01 -4.490000e+00
      vertex   -8.897307e+01 -6.608630e+01 -5.990000e+00
      vertex   -8.930444e+01 -6.583203e+01 -5.990000e+00
    endloop
  endfacet
  facet normal 7.933533e-01 6.087614e-01 0.000000e+00
    outer loop
      vertex   -8.930444e+01 -6.583203e+01 -4.490000e+00
      vertex   -8.930444e+01 -6.583203e+01 -5.990000e+00
      vertex   -8.955871e+01 -6.550066e+01 -4.490000e+00
    endloop
  endfacet
  facet normal 7.933533e-01 6.087614e-01 0.000000e+00
    outer loop
      vertex   -8.955871e+01 -6.550066e+01 -4.490000e+00
      vertex   -8.930444e+01 -6.583203e+01 -5.990000e+00
      vertex   -8.955871e+01 -6.550066e+01 -5.990000e+00
    endloop
  endfacet
  facet normal 9.238795e-01 3.826834e-01 0.000000e+00
    outer loop
      vertex   -8.955871e+01 -6.550066e+01 -4.490000e+00
      vertex   -8.955871e+01 -6.550066e+01 -5.990000e+00
      vertex   -8.971855e+01 -6.511477e+01 -4.490000e+00
    endloop
  endfacet
  facet normal 9.238795e-01 3.826834e-01 0.000000e+00
    outer loop
      vertex   -8.971855e+01 -6.511477e+01 -4.490000e+00
      vertex   -8.955871e+01 -6.550066e+01 -5.990000e+00
      vertex   -8.971855e+01 -6.511477e+01 -5.990000e+00
    endloop
  endfacet
  facet normal 9.914449e-01 1.305262e-01 0.000000e+00
    outer loop
      vertex   -8.971855e+01 -6.511477e+01 -4.490000e+00
      vertex   -8.971855e+01 -6.511477e+01 -5.990000e+00
      vertex   -8.977307e+01 -6.470066e+01 -4.490000e+00
    endloop
  endfacet
  facet normal 9.914449e-01 1.305262e-01 0.000000e+00
    outer loop
      vertex   -8.977307e+01 -6.470066e+01 -4.490000e+00
      vertex   -8.971855e+01 -6.511477e+01 -5.990000e+00
      vertex   -8.977307e+01 -6.470066e+01 -5.990000e+00
    endloop
  endfacet
  facet normal 9.914449e-01 -1.305262e-01 0.000000e+00
    outer loop
      vertex   -8.977307e+01 -6.470066e+01 -4.490000e+00
      vertex   -8.977307e+01 -6.470066e+01 -5.990000e+00
      vertex   -8.971855e+01 -6.428655e+01 -4.490000e+00
    endloop
  endfacet
  facet normal 9.914449e-01 -1.305262e-01 0.000000e+00
    outer loop
      vertex   -8.971855e+01 -6.428655e+01 -4.490000e+00
      vertex   -8.977307e+01 -6.470066e+01 -5.990000e+00
      vertex   -8.971855e+01 -6.428655e+01 -5.990000e+00
    endloop
  endfacet
  facet normal 9.238795e-01 -3.826834e-01 0.000000e+00
    outer loop
      vertex   -8.971855e+01 -6.428655e+01 -4.490000e+00
      vertex   -8.971855e+01 -6.428655e+01 -5.990000e+00
      vertex   -8.955871e+01 -6.390066e+01 -4.490000e+00
    endloop
  endfacet
  facet normal 9.238795e-01 -3.826834e-01 0.000000e+00
    outer loop
      vertex   -8.955871e+01 -6.390066e+01 -4.490000e+00
      vertex   -8.971855e+01 -6.428655e+01 -5.990000e+00
      vertex   -8.955871e+01 -6.390066e+01 -5.990000e+00
    endloop
  endfacet
  facet normal 7.933533e-01 -6.087614e-01 0.000000e+00
    outer loop
      vertex   -8.955871e+01 -6.390066e+01 -4.490000e+00
      vertex   -8.955871e+01 -6.390066e+01 -5.990000e+00
      vertex   -8.930444e+01 -6.356929e+01 -4.490000e+00
    endloop
  endfacet
  facet normal 7.933533e-01 -6.087614e-01 0.000000e+00
    outer loop
      vertex   -8.930444e+01 -6.356929e+01 -4.490000e+00
      vertex   -8.955871e+01 -6.390066e+01 -5.990000e+00
      vertex   -8.930444e+01 -6.356929e+01 -5.990000e+00
    endloop
  endfacet
  facet normal 6.087614e-01 -7.933533e-01 0.000000e+00
    outer loop
      vertex   -8.930444e+01 -6.356929e+01 -4.490000e+00
      vertex   -8.930444e+01 -6.356929e+01 -5.990000e+00
      vertex   -8.897307e+01 -6.331502e+01 -4.490000e+00
    endloop
  endfacet
  facet normal 6.087614e-01 -7.933533e-01 0.000000e+00
    outer loop
      vertex   -8.897307e+01 -6.331502e+01 -4.490000e+00
      vertex   -8.930444e+01 -6.356929e+01 -5.990000e+00
      vertex   -8.897307e+01 -6.331502e+01 -5.990000e+00
    endloop
  endfacet
  facet normal 3.826834e-01 -9.238795e-01 0.000000e+00
    outer loop
      vertex   -8.897307e+01 -6.331502e+01 -4.490000e+00
      vertex   -8.897307e+01 -6.331502e+01 -5.990000e+00
      vertex   -8.858718e+01 -6.315517e+01 -4.490000e+00
    endloop
  endfacet
  facet normal 3.826834e-01 -9.238795e-01 0.000000e+00
    outer loop
      vertex   -8.858718e+01 -6.315517e+01 -4.490000e+00
      vertex   -8.897307e+01 -6.331502e+01 -5.990000e+00
      vertex   -8.858718e+01 -6.315517e+01 -5.990000e+00
    endloop
  endfacet
  facet normal 1.305262e-01 -9.914449e-01 0.000000e+00
    outer loop
      vertex   -8.858718e+01 -6.315517e+01 -4.490000e+00
      vertex   -8.858718e+01 -6.315517e+01 -5.990000e+00
      vertex   -8.817307e+01 -6.310066e+01 -4.490000e+00
    endloop
  endfacet
  facet normal 1.305262e-01 -9.914449e-01 0.000000e+00
    outer loop
      vertex   -8.817307e+01 -6.310066e+01 -4.490000e+00
      vertex   -8.858718e+01 -6.315517e+01 -5.990000e+00
      vertex   -8.817307e+01 -6.310066e+01 -5.990000e+00
    endloop
  endfacet
  facet normal -1.305262e-01 -9.914449e-01 -0.000000e+00
    outer loop
      vertex   -8.817307e+01 -6.310066e+01 -4.490000e+00
      vertex   -8.817307e+01 -6.310066e+01 -5.990000e+00
      vertex   -8.775895e+01 -6.315517e+01 -4.490000e+00
    endloop
  endfacet
  facet normal -1.305262e-01 -9.914449e-01 -0.000000e+00
    outer loop
      vertex   -8.775895e+01 -6.315517e+01 -4.490000e+00
      vertex   -8.817307e+01 -6.310066e+01 -5.990000e+00
      vertex   -8.775895e+01 -6.315517e+01 -5.990000e+00
    endloop
  endfacet
  facet normal -3.826834e-01 -9.238795e-01 -0.000000e+00
    outer loop
      vertex   -8.775895e+01 -6.315517e+01 -4.490000e+00
      vertex   -8.775895e+01 -6.315517e+01 -5.990000e+00
      vertex   -8.737307e+01 -6.331502e+01 -4.490000e+00
    endloop
  endfacet
  facet normal -3.826834e-01 -9.238795e-01 -0.000000e+00
    outer loop
      vertex   -8.737307e+01 -6.331502e+01 -4.490000e+00
      vertex   -8.775895e+01 -6.315517e+01 -5.990000e+00
      vertex   -8.737307e+01 -6.331502e+01 -5.990000e+00
    endloop
  endfacet
  facet normal -6.087614e-01 -7.933533e-01 -0.000000e+00
    outer loop
      vertex   -8.737307e+01 -6.331502e+01 -4.490000e+00
      vertex   -8.737307e+01 -6.331502e+01 -5.990000e+00
      vertex   -8.704169e+01 -6.356929e+01 -4.490000e+00
    endloop
  endfacet
  facet normal -6.087614e-01 -7.933533e-01 -0.000000e+00
    outer loop
      vertex   -8.704169e+01 -6.356929e+01 -4.490000e+00
      vertex   -8.737307e+01 -6.331502e+01 -5.990000e+00
      vertex   -8.704169e+01 -6.356929e+01 -5.990000e+00
    endloop
  endfacet
  facet normal -7.933533e-01 -6.087614e-01 -0.000000e+00
    outer loop
      vertex   -8.704169e+01 -6.356929e+01 -4.490000e+00
      vertex   -8.704169e+01 -6.356929e+01 -5.990000e+00
      vertex   -8.678742e+01 -6.390066e+01 -4.490000e+00
    endloop
  endfacet
  facet normal -7.933533e-01 -6.087614e-01 -0.000000e+00
    outer loop
      vertex   -8.678742e+01 -6.390066e+01 -4.490000e+00
      vertex   -8.704169e+01 -6.356929e+01 -5.990000e+00
      vertex   -8.678742e+01 -6.390066e+01 -5.990000e+00
    endloop
  endfacet
  facet normal -9.238795e-01 -3.826834e-01 -0.000000e+00
    outer loop
      vertex   -8.678742e+01 -6.390066e+01 -4.490000e+00
      vertex   -8.678742e+01 -6.390066e+01 -5.990000e+00
      vertex   -8.662758e+01 -6.428655e+01 -4.490000e+00
    endloop
  endfacet
  facet normal -9.238795e-01 -3.826834e-01 -0.000000e+00
    outer loop
      vertex   -8.662758e+01 -6.428655e+01 -4.490000e+00
      vertex   -8.678742e+01 -6.390066e+01 -5.990000e+00
      vertex   -8.662758e+01 -6.428655e+01 -5.990000e+00
    endloop
  endfacet
  facet normal -9.914449e-01 -1.305262e-01 -0.000000e+00
    outer loop
      vertex   5.511528e+01 -1.296215e+02 -4.490000e+00
      vertex   5.511528e+01 -1.296215e+02 -5.990000e+00
      vertex   5.516980e+01 -1.300356e+02 -4.490000e+00
    endloop
  endfacet
  facet normal -9.914449e-01 -1.305262e-01 -0.000000e+00
    outer loop
      vertex   5.516980e+01 -1.300356e+02 -4.490000e+00
      vertex   5.511528e+01 -1.296215e+02 -5.990000e+00
      vertex   5.516980e+01 -1.300356e+02 -5.990000e+00
    endloop
  endfacet
  facet normal -9.914449e-01 1.305262e-01 0.000000e+00
    outer loop
      vertex   5.516980e+01 -1.300356e+02 -4.490000e+00
      vertex   5.516980e+01 -1.300356e+02 -5.990000e+00
      vertex   5.511528e+01 -1.304497e+02 -4.490000e+00
    endloop
  endfacet
  facet normal -9.914449e-01 1.305262e-01 0.000000e+00
    outer loop
      vertex   5.511528e+01 -1.304497e+02 -4.490000e+00
      vertex   5.516980e+01 -1.300356e+02 -5.990000e+00
      vertex   5.511528e+01 -1.304497e+02 -5.990000e+00
    endloop
  endfacet
  facet normal -9.238795e-01 3.826834e-01 0.000000e+00
    outer loop
      vertex   5.511528e+01 -1.304497e+02 -4.490000e+00
      vertex   5.511528e+01 -1.304497e+02 -5.990000e+00
      vertex   5.495544e+01 -1.308356e+02 -4.490000e+00
    endloop
  endfacet
  facet normal -9.238795e-01 3.826834e-01 0.000000e+00
    outer loop
      vertex   5.495544e+01 -1.308356e+02 -4.490000e+00
      vertex   5.511528e+01 -1.304497e+02 -5.990000e+00
      vertex   5.495544e+01 -1.308356e+02 -5.990000e+00
    endloop
  endfacet
  facet normal -7.933533e-01 6.087614e-01 0.000000e+00
    outer loop
      vertex   5.495544e+01 -1.308356e+02 -4.490000e+00
      vertex   5.495544e+01 -1.308356e+02 -5.990000e+00
      vertex   5.470117e+01 -1.311670e+02 -4.490000e+00
    endloop
  endfacet
  facet normal -7.933533e-01 6.087614e-01 0.000000e+00
    outer loop
      vertex   5.470117e+01 -1.311670e+02 -4.490000e+00
      vertex   5.495544e+01 -1.308356e+02 -5.990000e+00
      vertex   5.470117e+01 -1.311670e+02 -5.990000e+00
    endloop
  endfacet
  facet normal -6.087614e-01 7.933533e-01 0.000000e+00
    outer loop
      vertex   5.470117e+01 -1.311670e+02 -4.490000e+00
      vertex   5.470117e+01 -1.311670e+02 -5.990000e+00
      vertex   5.436980e+01 -1.314213e+02 -4.490000e+00
    endloop
  endfacet
  facet normal -6.087614e-01 7.933533e-01 0.000000e+00
    outer loop
      vertex   5.436980e+01 -1.314213e+02 -4.490000e+00
      vertex   5.470117e+01 -1.311670e+02 -5.990000e+00
      vertex   5.436980e+01 -1.314213e+02 -5.990000e+00
    endloop
  endfacet
  facet normal -3.826834e-01 9.238795e-01 0.000000e+00
    outer loop
      vertex   5.436980e+01 -1.314213e+02 -4.490000e+00
      vertex   5.436980e+01 -1.314213e+02 -5.990000e+00
      vertex   5.398391e+01 -1.315811e+02 -4.490000e+00
    endloop
  endfacet
  facet normal -3.826834e-01 9.238795e-01 0.000000e+00
    outer loop
      vertex   5.398391e+01 -1.315811e+02 -4.490000e+00
      vertex   5.436980e+01 -1.314213e+02 -5.990000e+00
      vertex   5.398391e+01 -1.315811e+02 -5.990000e+00
    endloop
  endfacet
  facet normal -1.305262e-01 9.914449e-01 0.000000e+00
    outer loop
      vertex   5.398391e+01 -1.315811e+02 -4.490000e+00
      vertex   5.398391e+01 -1.315811e+02 -5.990000e+00
      vertex   5.356980e+01 -1.316356e+02 -4.490000e+00
    endloop
  endfacet
  facet normal -1.305262e-01 9.914449e-01 0.000000e+00
    outer loop
      vertex   5.356980e+01 -1.316356e+02 -4.490000e+00
      vertex   5.398391e+01 -1.315811e+02 -5.990000e+00
      vertex   5.356980e+01 -1.316356e+02 -5.990000e+00
    endloop
  endfacet
  facet normal 1.305262e-01 9.914449e-01 0.000000e+00
    outer loop
      vertex   5.356980e+01 -1.316356e+02 -4.490000e+00
      vertex   5.356980e+01 -1.316356e+02 -5.990000e+00
      vertex   5.315569e+01 -1.315811e+02 -4.490000e+00
    endloop
  endfacet
  facet normal 1.305262e-01 9.914449e-01 0.000000e+00
    outer loop
      vertex   5.315569e+01 -1.315811e+02 -4.490000e+00
      vertex   5.356980e+01 -1.316356e+02 -5.990000e+00
      vertex   5.315569e+01 -1.315811e+02 -5.990000e+00
    endloop
  endfacet
  facet normal 3.826834e-01 9.238795e-01 0.000000e+00
    outer loop
      vertex   5.315569e+01 -1.315811e+02 -4.490000e+00
      vertex   5.315569e+01 -1.315811e+02 -5.990000e+00
      vertex   5.276980e+01 -1.314213e+02 -4.490000e+00
    endloop
  endfacet
  facet normal 3.826834e-01 9.238795e-01 0.000000e+00
    outer loop
      vertex   5.276980e+01 -1.314213e+02 -4.490000e+00
      vertex   5.315569e+01 -1.315811e+02 -5.990000e+00
      vertex   5.276980e+01 -1.314213e+02 -5.990000e+00
    endloop
  endfacet
  facet normal 6.087614e-01 7.933533e-01 0.000000e+00
    outer loop
      vertex   5.276980e+01 -1.314213e+02 -4.490000e+00
      vertex   5.276980e+01 -1.314213e+02 -5.990000e+00
      vertex   5.243843e+01 -1.311670e+02 -4.490000e+00
    endloop
  endfacet
  facet normal 6.087614e-01 7.933533e-01 0.000000e+00
    outer loop
      vertex   5.243843e+01 -1.311670e+02 -4.490000e+00
      vertex   5.276980e+01 -1.314213e+02 -5.990000e+00
      vertex   5.243843e+01 -1.311670e+02 -5.990000e+00
    endloop
  endfacet
  facet normal 7.933533e-01 6.087614e-01 0.000000e+00
    outer loop
      vertex   5.243843e+01 -1.311670e+02 -4.490000e+00
      vertex   5.243843e+01 -1.311670e+02 -5.990000e+00
      vertex   5.218416e+01 -1.308356e+02 -4.490000e+00
    endloop
  endfacet
  facet normal 7.933533e-01 6.087614e-01 0.000000e+00
    outer loop
      vertex   5.218416e+01 -1.308356e+02 -4.490000e+00
      vertex   5.243843e+01 -1.311670e+02 -5.990000e+00
      vertex   5.218416e+01 -1.308356e+02 -5.990000e+00
    endloop
  endfacet
  facet normal 9.238795e-01 3.826834e-01 0.000000e+00
    outer loop
      vertex   5.218416e+01 -1.308356e+02 -4.490000e+00
      vertex   5.218416e+01 -1.308356e+02 -5.990000e+00
      vertex   5.202432e+01 -1.304497e+02 -4.490000e+00
    endloop
  endfacet
  facet normal 9.238795e-01 3.826834e-01 0.000000e+00
    outer loop
      vertex   5.202432e+01 -1.304497e+02 -4.490000e+00
      vertex   5.218416e+01 -1.308356e+02 -5.990000e+00
      vertex   5.202432e+01 -1.304497e+02 -5.990000e+00
    endloop
  endfacet
  facet normal 9.914449e-01 1.305262e-01 0.000000e+00
    outer loop
      vertex   5.202432e+01 -1.304497e+02 -4.490000e+00
      vertex   5.202432e+01 -1.304497e+02 -5.990000e+00
      vertex   5.196980e+01 -1.300356e+02 -4.490000e+00
    endloop
  endfacet
  facet normal 9.914449e-01 1.305262e-01 0.000000e+00
    outer loop
      vertex   5.196980e+01 -1.300356e+02 -4.490000e+00
      vertex   5.202432e+01 -1.304497e+02 -5.990000e+00
      vertex   5.196980e+01 -1.300356e+02 -5.990000e+00
    endloop
  endfacet
  facet normal 9.914449e-01 -1.305262e-01 0.000000e+00
    outer loop
      vertex   5.196980e+01 -1.300356e+02 -4.490000e+00
      vertex   5.196980e+01 -1.300356e+02 -5.990000e+00
      vertex   5.202432e+01 -1.296215e+02 -4.490000e+00
    endloop
  endfacet
  facet normal 9.914449e-01 -1.305262e-01 0.000000e+00
    outer loop
      vertex   5.202432e+01 -1.296215e+02 -4.490000e+00
      vertex   5.196980e+01 -1.300356e+02 -5.990000e+00
      vertex   5.202432e+01 -1.296215e+02 -5.990000e+00
    endloop
  endfacet
  facet normal 9.238795e-01 -3.826834e-01 0.000000e+00
    outer loop
      vertex   5.202432e+01 -1.296215e+02 -4.490000e+00
      vertex   5.202432e+01 -1.296215e+02 -5.990000e+00
      vertex   5.218416e+01 -1.292356e+02 -4.490000e+00
    endloop
  endfacet
  facet normal 9.238795e-01 -3.826834e-01 0.000000e+00
    outer loop
      vertex   5.218416e+01 -1.292356e+02 -4.490000e+00
      vertex   5.202432e+01 -1.296215e+02 -5.990000e+00
      vertex   5.218416e+01 -1.292356e+02 -5.990000e+00
    endloop
  endfacet
  facet normal 7.933533e-01 -6.087614e-01 0.000000e+00
    outer loop
      vertex   5.218416e+01 -1.292356e+02 -4.490000e+00
      vertex   5.218416e+01 -1.292356e+02 -5.990000e+00
      vertex   5.243843e+01 -1.289043e+02 -4.490000e+00
    endloop
  endfacet
  facet normal 7.933533e-01 -6.087614e-01 0.000000e+00
    outer loop
      vertex   5.243843e+01 -1.289043e+02 -4.490000e+00
      vertex   5.218416e+01 -1.292356e+02 -5.990000e+00
      vertex   5.243843e+01 -1.289043e+02 -5.990000e+00
    endloop
  endfacet
  facet normal 6.087614e-01 -7.933533e-01 0.000000e+00
    outer loop
      vertex   5.243843e+01 -1.289043e+02 -4.490000e+00
      vertex   5.243843e+01 -1.289043e+02 -5.990000e+00
      vertex   5.276980e+01 -1.286500e+02 -4.490000e+00
    endloop
  endfacet
  facet normal 6.087614e-01 -7.933533e-01 0.000000e+00
    outer loop
      vertex   5.276980e+01 -1.286500e+02 -4.490000e+00
      vertex   5.243843e+01 -1.289043e+02 -5.990000e+00
      vertex   5.276980e+01 -1.286500e+02 -5.990000e+00
    endloop
  endfacet
  facet normal 3.826834e-01 -9.238795e-01 0.000000e+00
    outer loop
      vertex   5.276980e+01 -1.286500e+02 -4.490000e+00
      vertex   5.276980e+01 -1.286500e+02 -5.990000e+00
      vertex   5.315569e+01 -1.284901e+02 -4.490000e+00
    endloop
  endfacet
  facet normal 3.826834e-01 -9.238795e-01 0.000000e+00
    outer loop
      vertex   5.315569e+01 -1.284901e+02 -4.490000e+00
      vertex   5.276980e+01 -1.286500e+02 -5.990000e+00
      vertex   5.315569e+01 -1.284901e+02 -5.990000e+00
    endloop
  endfacet
  facet normal 1.305262e-01 -9.914449e-01 0.000000e+00
    outer loop
      vertex   5.315569e+01 -1.284901e+02 -4.490000e+00
      vertex   5.315569e+01 -1.284901e+02 -5.990000e+00
      vertex   5.356980e+01 -1.284356e+02 -4.490000e+00
    endloop
  endfacet
  facet normal 1.305262e-01 -9.914449e-01 0.000000e+00
    outer loop
      vertex   5.356980e+01 -1.284356e+02 -4.490000e+00
      vertex   5.315569e+01 -1.284901e+02 -5.990000e+00
      vertex   5.356980e+01 -1.284356e+02 -5.990000e+00
    endloop
  endfacet
  facet normal -1.305262e-01 -9.914449e-01 -0.000000e+00
    outer loop
      vertex   5.356980e+01 -1.284356e+02 -4.490000e+00
      vertex   5.356980e+01 -1.284356e+02 -5.990000e+00
      vertex   5.398391e+01 -1.284901e+02 -4.490000e+00
    endloop
  endfacet
  facet normal -1.305262e-01 -9.914449e-01 -0.000000e+00
    outer loop
      vertex   5.398391e+01 -1.284901e+02 -4.490000e+00
      vertex   5.356980e+01 -1.284356e+02 -5.990000e+00
      vertex   5.398391e+01 -1.284901e+02 -5.990000e+00
    endloop
  endfacet
  facet normal -3.826834e-01 -9.238795e-01 -0.000000e+00
    outer loop
      vertex   5.398391e+01 -1.284901e+02 -4.490000e+00
      vertex   5.398391e+01 -1.284901e+02 -5.990000e+00
      vertex   5.436980e+01 -1.286500e+02 -4.490000e+00
    endloop
  endfacet
  facet normal -3.826834e-01 -9.238795e-01 -0.000000e+00
    outer loop
      vertex   5.436980e+01 -1.286500e+02 -4.490000e+00
      vertex   5.398391e+01 -1.284901e+02 -5.990000e+00
      vertex   5.436980e+01 -1.286500e+02 -5.990000e+00
    endloop
  endfacet
  facet normal -6.087614e-01 -7.933533e-01 -0.000000e+00
    outer loop
      vertex   5.436980e+01 -1.286500e+02 -4.490000e+00
      vertex   5.436980e+01 -1.286500e+02 -5.990000e+00
      vertex   5.470117e+01 -1.289043e+02 -4.490000e+00
    endloop
  endfacet
  facet normal -6.087614e-01 -7.933533e-01 -0.000000e+00
    outer loop
      vertex   5.470117e+01 -1.289043e+02 -4.490000e+00
      vertex   5.436980e+01 -1.286500e+02 -5.990000e+00
      vertex   5.470117e+01 -1.289043e+02 -5.990000e+00
    endloop
  endfacet
  facet normal -7.933533e-01 -6.087614e-01 -0.000000e+00
    outer loop
      vertex   5.470117e+01 -1.289043e+02 -4.490000e+00
      vertex   5.470117e+01 -1.289043e+02 -5.990000e+00
      vertex   5.495544e+01 -1.292356e+02 -4.490000e+00
    endloop
  endfacet
  facet normal -7.933533e-01 -6.087614e-01 -0.000000e+00
    outer loop
      vertex   5.495544e+01 -1.292356e+02 -4.490000e+00
      vertex   5.470117e+01 -1.289043e+02 -5.990000e+00
      vertex   5.495544e+01 -1.292356e+02 -5.990000e+00
    endloop
  endfacet
  facet normal -9.238795e-01 -3.826834e-01 -0.000000e+00
    outer loop
      vertex   5.495544e+01 -1.292356e+02 -4.490000e+00
      vertex   5.495544e+01 -1.292356e+02 -5.990000e+00
      vertex   5.511528e+01 -1.296215e+02 -4.490000e+00
    endloop
  endfacet
  facet normal -9.238795e-01 -3.826834e-01 -0.000000e+00
    outer loop
      vertex   5.511528e+01 -1.296215e+02 -4.490000e+00
      vertex   5.495544e+01 -1.292356e+02 -5.990000e+00
      vertex   5.511528e+01 -1.296215e+02 -5.990000e+00
    endloop
  endfacet
  facet normal -9.914449e-01 -1.305262e-01 -0.000000e+00
    outer loop
      vertex   -1.072263e+02 -1.405322e+02 -4.490000e+00
      vertex   -1.072263e+02 -1.405322e+02 -5.990000e+00
      vertex   -1.071717e+02 -1.409463e+02 -4.490000e+00
    endloop
  endfacet
  facet normal -9.914449e-01 -1.305262e-01 -0.000000e+00
    outer loop
      vertex   -1.071717e+02 -1.409463e+02 -4.490000e+00
      vertex   -1.072263e+02 -1.405322e+02 -5.990000e+00
      vertex   -1.071717e+02 -1.409463e+02 -5.990000e+00
    endloop
  endfacet
  facet normal -9.914449e-01 1.305262e-01 0.000000e+00
    outer loop
      vertex   -1.071717e+02 -1.409463e+02 -4.490000e+00
      vertex   -1.071717e+02 -1.409463e+02 -5.990000e+00
      vertex   -1.072263e+02 -1.413604e+02 -4.490000e+00
    endloop
  endfacet
  facet normal -9.914449e-01 1.305262e-01 0.000000e+00
    outer loop
      vertex   -1.072263e+02 -1.413604e+02 -4.490000e+00
      vertex   -1.071717e+02 -1.409463e+02 -5.990000e+00
      vertex   -1.072263e+02 -1.413604e+02 -5.990000e+00
    endloop
  endfacet
  facet normal -9.238795e-01 3.826834e-01 0.000000e+00
    outer loop
      vertex   -1.072263e+02 -1.413604e+02 -4.490000e+00
      vertex   -1.072263e+02 -1.413604e+02 -5.990000e+00
      vertex   -1.073861e+02 -1.417463e+02 -4.490000e+00
    endloop
  endfacet
  facet normal -9.238795e-01 3.826834e-01 0.000000e+00
    outer loop
      vertex   -1.073861e+02 -1.417463e+02 -4.490000e+00
      vertex   -1.072263e+02 -1.413604e+02 -5.990000e+00
      vertex   -1.073861e+02 -1.417463e+02 -5.990000e+00
    endloop
  endfacet
  facet normal -7.933533e-01 6.087614e-01 0.000000e+00
    outer loop
      vertex   -1.073861e+02 -1.417463e+02 -4.490000e+00
      vertex   -1.073861e+02 -1.417463e+02 -5.990000e+00
      vertex   -1.076404e+02 -1.420777e+02 -4.490000e+00
    endloop
  endfacet
  facet normal -7.933533e-01 6.087614e-01 0.000000e+00
    outer loop
      vertex   -1.076404e+02 -1.420777e+02 -4.490000e+00
      vertex   -1.073861e+02 -1.417463e+02 -5.990000e+00
      vertex   -1.076404e+02 -1.420777e+02 -5.990000e+00
    endloop
  endfacet
  facet normal -6.087614e-01 7.933533e-01 0.000000e+00
    outer loop
      vertex   -1.076404e+02 -1.420777e+02 -4.490000e+00
      vertex   -1.076404e+02 -1.420777e+02 -5.990000e+00
      vertex   -1.079717e+02 -1.423319e+02 -4.490000e+00
    endloop
  endfacet
  facet normal -6.087614e-01 7.933533e-01 0.000000e+00
    outer loop
      vertex   -1.079717e+02 -1.423319e+02 -4.490000e+00
      vertex   -1.076404e+02 -1.420777e+02 -5.990000e+00
      vertex   -1.079717e+02 -1.423319e+02 -5.990000e+00
    endloop
  endfacet
  facet normal -3.826834e-01 9.238795e-01 0.000000e+00
    outer loop
      vertex   -1.079717e+02 -1.423319e+02 -4.490000e+00
      vertex   -1.079717e+02 -1.423319e+02 -5.990000e+00
      vertex   -1.083576e+02 -1.424918e+02 -4.490000e+00
    endloop
  endfacet
  facet normal -3.826834e-01 9.238795e-01 0.000000e+00
    outer loop
      vertex   -1.083576e+02 -1.424918e+02 -4.490000e+00
      vertex   -1.079717e+02 -1.423319e+02 -5.990000e+00
      vertex   -1.083576e+02 -1.424918e+02 -5.990000e+00
    endloop
  endfacet
  facet normal -1.305262e-01 9.914449e-01 0.000000e+00
    outer loop
      vertex   -1.083576e+02 -1.424918e+02 -4.490000e+00
      vertex   -1.083576e+02 -1.424918e+02 -5.990000e+00
      vertex   -1.087717e+02 -1.425463e+02 -4.490000e+00
    endloop
  endfacet
  facet normal -1.305262e-01 9.914449e-01 0.000000e+00
    outer loop
      vertex   -1.087717e+02 -1.425463e+02 -4.490000e+00
      vertex   -1.083576e+02 -1.424918e+02 -5.990000e+00
      vertex   -1.087717e+02 -1.425463e+02 -5.990000e+00
    endloop
  endfacet
  facet normal 1.305262e-01 9.914449e-01 0.000000e+00
    outer loop
      vertex   -1.087717e+02 -1.425463e+02 -4.490000e+00
      vertex   -1.087717e+02 -1.425463e+02 -5.990000e+00
      vertex   -1.091858e+02 -1.424918e+02 -4.490000e+00
    endloop
  endfacet
  facet normal 1.305262e-01 9.914449e-01 0.000000e+00
    outer loop
      vertex   -1.091858e+02 -1.424918e+02 -4.490000e+00
      vertex   -1.087717e+02 -1.425463e+02 -5.990000e+00
      vertex   -1.091858e+02 -1.424918e+02 -5.990000e+00
    endloop
  endfacet
  facet normal 3.826834e-01 9.238795e-01 0.000000e+00
    outer loop
      vertex   -1.091858e+02 -1.424918e+02 -4.490000e+00
      vertex   -1.091858e+02 -1.424918e+02 -5.990000e+00
      vertex   -1.095717e+02 -1.423319e+02 -4.490000e+00
    endloop
  endfacet
  facet normal 3.826834e-01 9.238795e-01 0.000000e+00
    outer loop
      vertex   -1.095717e+02 -1.423319e+02 -4.490000e+00
      vertex   -1.091858e+02 -1.424918e+02 -5.990000e+00
      vertex   -1.095717e+02 -1.423319e+02 -5.990000e+00
    endloop
  endfacet
  facet normal 6.087614e-01 7.933533e-01 0.000000e+00
    outer loop
      vertex   -1.095717e+02 -1.423319e+02 -4.490000e+00
      vertex   -1.095717e+02 -1.423319e+02 -5.990000e+00
      vertex   -1.099031e+02 -1.420777e+02 -4.490000e+00
    endloop
  endfacet
  facet normal 6.087614e-01 7.933533e-01 0.000000e+00
    outer loop
      vertex   -1.099031e+02 -1.420777e+02 -4.490000e+00
      vertex   -1.095717e+02 -1.423319e+02 -5.990000e+00
      vertex   -1.099031e+02 -1.420777e+02 -5.990000e+00
    endloop
  endfacet
  facet normal 7.933533e-01 6.087614e-01 0.000000e+00
    outer loop
      vertex   -1.099031e+02 -1.420777e+02 -4.490000e+00
      vertex   -1.099031e+02 -1.420777e+02 -5.990000e+00
      vertex   -1.101574e+02 -1.417463e+02 -4.490000e+00
    endloop
  endfacet
  facet normal 7.933533e-01 6.087614e-01 0.000000e+00
    outer loop
      vertex   -1.101574e+02 -1.417463e+02 -4.490000e+00
      vertex   -1.099031e+02 -1.420777e+02 -5.990000e+00
      vertex   -1.101574e+02 -1.417463e+02 -5.990000e+00
    endloop
  endfacet
  facet normal 9.238795e-01 3.826834e-01 0.000000e+00
    outer loop
      vertex   -1.101574e+02 -1.417463e+02 -4.490000e+00
      vertex   -1.101574e+02 -1.417463e+02 -5.990000e+00
      vertex   -1.103172e+02 -1.413604e+02 -4.490000e+00
    endloop
  endfacet
  facet normal 9.238795e-01 3.826834e-01 0.000000e+00
    outer loop
      vertex   -1.103172e+02 -1.413604e+02 -4.490000e+00
      vertex   -1.101574e+02 -1.417463e+02 -5.990000e+00
      vertex   -1.103172e+02 -1.413604e+02 -5.990000e+00
    endloop
  endfacet
  facet normal 9.914449e-01 1.305262e-01 0.000000e+00
    outer loop
      vertex   -1.103172e+02 -1.413604e+02 -4.490000e+00
      vertex   -1.103172e+02 -1.413604e+02 -5.990000e+00
      vertex   -1.103717e+02 -1.409463e+02 -4.490000e+00
    endloop
  endfacet
  facet normal 9.914449e-01 1.305262e-01 0.000000e+00
    outer loop
      vertex   -1.103717e+02 -1.409463e+02 -4.490000e+00
      vertex   -1.103172e+02 -1.413604e+02 -5.990000e+00
      vertex   -1.103717e+02 -1.409463e+02 -5.990000e+00
    endloop
  endfacet
  facet normal 9.914449e-01 -1.305262e-01 0.000000e+00
    outer loop
      vertex   -1.103717e+02 -1.409463e+02 -4.490000e+00
      vertex   -1.103717e+02 -1.409463e+02 -5.990000e+00
      vertex   -1.103172e+02 -1.405322e+02 -4.490000e+00
    endloop
  endfacet
  facet normal 9.914449e-01 -1.305262e-01 0.000000e+00
    outer loop
      vertex   -1.103172e+02 -1.405322e+02 -4.490000e+00
      vertex   -1.103717e+02 -1.409463e+02 -5.990000e+00
      vertex   -1.103172e+02 -1.405322e+02 -5.990000e+00
    endloop
  endfacet
  facet normal 9.238795e-01 -3.826834e-01 0.000000e+00
    outer loop
      vertex   -1.103172e+02 -1.405322e+02 -4.490000e+00
      vertex   -1.103172e+02 -1.405322e+02 -5.990000e+00
      vertex   -1.101574e+02 -1.401463e+02 -4.490000e+00
    endloop
  endfacet
  facet normal 9.238795e-01 -3.826834e-01 0.000000e+00
    outer loop
      vertex   -1.101574e+02 -1.401463e+02 -4.490000e+00
      vertex   -1.103172e+02 -1.405322e+02 -5.990000e+00
      vertex   -1.101574e+02 -1.401463e+02 -5.990000e+00
    endloop
  endfacet
  facet normal 7.933533e-01 -6.087614e-01 0.000000e+00
    outer loop
      vertex   -1.101574e+02 -1.401463e+02 -4.490000e+00
      vertex   -1.101574e+02 -1.401463e+02 -5.990000e+00
      vertex   -1.099031e+02 -1.398149e+02 -4.490000e+00
    endloop
  endfacet
  facet normal 7.933533e-01 -6.087614e-01 0.000000e+00
    outer loop
      vertex   -1.099031e+02 -1.398149e+02 -4.490000e+00
      vertex   -1.101574e+02 -1.401463e+02 -5.990000e+00
      vertex   -1.099031e+02 -1.398149e+02 -5.990000e+00
    endloop
  endfacet
  facet normal 6.087614e-01 -7.933533e-01 0.000000e+00
    outer loop
      vertex   -1.099031e+02 -1.398149e+02 -4.490000e+00
      vertex   -1.099031e+02 -1.398149e+02 -5.990000e+00
      vertex   -1.095717e+02 -1.395606e+02 -4.490000e+00
    endloop
  endfacet
  facet normal 6.087614e-01 -7.933533e-01 0.000000e+00
    outer loop
      vertex   -1.095717e+02 -1.395606e+02 -4.490000e+00
      vertex   -1.099031e+02 -1.398149e+02 -5.990000e+00
      vertex   -1.095717e+02 -1.395606e+02 -5.990000e+00
    endloop
  endfacet
  facet normal 3.826834e-01 -9.238795e-01 0.000000e+00
    outer loop
      vertex   -1.095717e+02 -1.395606e+02 -4.490000e+00
      vertex   -1.095717e+02 -1.395606e+02 -5.990000e+00
      vertex   -1.091858e+02 -1.394008e+02 -4.490000e+00
    endloop
  endfacet
  facet normal 3.826834e-01 -9.238795e-01 0.000000e+00
    outer loop
      vertex   -1.091858e+02 -1.394008e+02 -4.490000e+00
      vertex   -1.095717e+02 -1.395606e+02 -5.990000e+00
      vertex   -1.091858e+02 -1.394008e+02 -5.990000e+00
    endloop
  endfacet
  facet normal 1.305262e-01 -9.914449e-01 0.000000e+00
    outer loop
      vertex   -1.091858e+02 -1.394008e+02 -4.490000e+00
      vertex   -1.091858e+02 -1.394008e+02 -5.990000e+00
      vertex   -1.087717e+02 -1.393463e+02 -4.490000e+00
    endloop
  endfacet
  facet normal 1.305262e-01 -9.914449e-01 0.000000e+00
    outer loop
      vertex   -1.087717e+02 -1.393463e+02 -4.490000e+00
      vertex   -1.091858e+02 -1.394008e+02 -5.990000e+00
      vertex   -1.087717e+02 -1.393463e+02 -5.990000e+00
    endloop
  endfacet
  facet normal -1.305262e-01 -9.914449e-01 -0.000000e+00
    outer loop
      vertex   -1.087717e+02 -1.393463e+02 -4.490000e+00
      vertex   -1.087717e+02 -1.393463e+02 -5.990000e+00
      vertex   -1.083576e+02 -1.394008e+02 -4.490000e+00
    endloop
  endfacet
  facet normal -1.305262e-01 -9.914449e-01 -0.000000e+00
    outer loop
      vertex   -1.083576e+02 -1.394008e+02 -4.490000e+00
      vertex   -1.087717e+02 -1.393463e+02 -5.990000e+00
      vertex   -1.083576e+02 -1.394008e+02 -5.990000e+00
    endloop
  endfacet
  facet normal -3.826834e-01 -9.238795e-01 -0.000000e+00
    outer loop
      vertex   -1.083576e+02 -1.394008e+02 -4.490000e+00
      vertex   -1.083576e+02 -1.394008e+02 -5.990000e+00
      vertex   -1.079717e+02 -1.395606e+02 -4.490000e+00
    endloop
  endfacet
  facet normal -3.826834e-01 -9.238795e-01 -0.000000e+00
    outer loop
      vertex   -1.079717e+02 -1.395606e+02 -4.490000e+00
      vertex   -1.083576e+02 -1.394008e+02 -5.990000e+00
      vertex   -1.079717e+02 -1.395606e+02 -5.990000e+00
    endloop
  endfacet
  facet normal -6.087614e-01 -7.933533e-01 -0.000000e+00
    outer loop
      vertex   -1.079717e+02 -1.395606e+02 -4.490000e+00
      vertex   -1.079717e+02 -1.395606e+02 -5.990000e+00
      vertex   -1.076404e+02 -1.398149e+02 -4.490000e+00
    endloop
  endfacet
  facet normal -6.087614e-01 -7.933533e-01 -0.000000e+00
    outer loop
      vertex   -1.076404e+02 -1.398149e+02 -4.490000e+00
      vertex   -1.079717e+02 -1.395606e+02 -5.990000e+00
      vertex   -1.076404e+02 -1.398149e+02 -5.990000e+00
    endloop
  endfacet
  facet normal -7.933533e-01 -6.087614e-01 -0.000000e+00
    outer loop
      vertex   -1.076404e+02 -1.398149e+02 -4.490000e+00
      vertex   -1.076404e+02 -1.398149e+02 -5.990000e+00
      vertex   -1.073861e+02 -1.401463e+02 -4.490000e+00
    endloop
  endfacet
  facet normal -7.933533e-01 -6.087614e-01 -0.000000e+00
    outer loop
      vertex   -1.073861e+02 -1.401463e+02 -4.490000e+00
      vertex   -1.076404e+02 -1.398149e+02 -5.990000e+00
      vertex   -1.073861e+02 -1.401463e+02 -5.990000e+00
    endloop
  endfacet
  facet normal -9.238795e-01 -3.826834e-01 -0.000000e+00
    outer loop
      vertex   -1.073861e+02 -1.401463e+02 -4.490000e+00
      vertex   -1.073861e+02 -1.401463e+02 -5.990000e+00
      vertex   -1.072263e+02 -1.405322e+02 -4.490000e+00
    endloop
  endfacet
  facet normal -9.238795e-01 -3.826834e-01 -0.000000e+00
    outer loop
      vertex   -1.072263e+02 -1.405322e+02 -4.490000e+00
      vertex   -1.073861e+02 -1.401463e+02 -5.990000e+00
      vertex   -1.072263e+02 -1.405322e+02 -5.990000e+00
    endloop
  endfacet
  facet normal -9.914449e-01 -1.305262e-01 -0.000000e+00
    outer loop
      vertex   -8.756530e+01 -1.243324e+02 -4.490000e+00
      vertex   -8.756530e+01 -1.243324e+02 -5.990000e+00
      vertex   -8.751078e+01 -1.247465e+02 -4.490000e+00
    endloop
  endfacet
  facet normal -9.914449e-01 -1.305262e-01 -0.000000e+00
    outer loop
      vertex   -8.751078e+01 -1.247465e+02 -4.490000e+00
      vertex   -8.756530e+01 -1.243324e+02 -5.990000e+00
      vertex   -8.751078e+01 -1.247465e+02 -5.990000e+00
    endloop
  endfacet
  facet normal -9.914449e-01 1.305262e-01 0.000000e+00
    outer loop
      vertex   -8.751078e+01 -1.247465e+02 -4.490000e+00
      vertex   -8.751078e+01 -1.247465e+02 -5.990000e+00
      vertex   -8.756530e+01 -1.251606e+02 -4.490000e+00
    endloop
  endfacet
  facet normal -9.914449e-01 1.305262e-01 0.000000e+00
    outer loop
      vertex   -8.756530e+01 -1.251606e+02 -4.490000e+00
      vertex   -8.751078e+01 -1.247465e+02 -5.990000e+00
      vertex   -8.756530e+01 -1.251606e+02 -5.990000e+00
    endloop
  endfacet
  facet normal -9.238795e-01 3.826834e-01 0.000000e+00
    outer loop
      vertex   -8.756530e+01 -1.251606e+02 -4.490000e+00
      vertex   -8.756530e+01 -1.251606e+02 -5.990000e+00
      vertex   -8.772514e+01 -1.255465e+02 -4.490000e+00
    endloop
  endfacet
  facet normal -9.238795e-01 3.826834e-01 0.000000e+00
    outer loop
      vertex   -8.772514e+01 -1.255465e+02 -4.490000e+00
      vertex   -8.756530e+01 -1.251606e+02 -5.990000e+00
      vertex   -8.772514e+01 -1.255465e+02 -5.990000e+00
    endloop
  endfacet
  facet normal -7.933533e-01 6.087614e-01 0.000000e+00
    outer loop
      vertex   -8.772514e+01 -1.255465e+02 -4.490000e+00
      vertex   -8.772514e+01 -1.255465e+02 -5.990000e+00
      vertex   -8.797941e+01 -1.258779e+02 -4.490000e+00
    endloop
  endfacet
  facet normal -7.933533e-01 6.087614e-01 0.000000e+00
    outer loop
      vertex   -8.797941e+01 -1.258779e+02 -4.490000e+00
      vertex   -8.772514e+01 -1.255465e+02 -5.990000e+00
      vertex   -8.797941e+01 -1.258779e+02 -5.990000e+00
    endloop
  endfacet
  facet normal -6.087614e-01 7.933533e-01 0.000000e+00
    outer loop
      vertex   -8.797941e+01 -1.258779e+02 -4.490000e+00
      vertex   -8.797941e+01 -1.258779e+02 -5.990000e+00
      vertex   -8.831078e+01 -1.261321e+02 -4.490000e+00
    endloop
  endfacet
  facet normal -6.087614e-01 7.933533e-01 0.000000e+00
    outer loop
      vertex   -8.831078e+01 -1.261321e+02 -4.490000e+00
      vertex   -8.797941e+01 -1.258779e+02 -5.990000e+00
      vertex   -8.831078e+01 -1.261321e+02 -5.990000e+00
    endloop
  endfacet
  facet normal -3.826834e-01 9.238795e-01 0.000000e+00
    outer loop
      vertex   -8.831078e+01 -1.261321e+02 -4.490000e+00
      vertex   -8.831078e+01 -1.261321e+02 -5.990000e+00
      vertex   -8.869667e+01 -1.262920e+02 -4.490000e+00
    endloop
  endfacet
  facet normal -3.826834e-01 9.238795e-01 0.000000e+00
    outer loop
      vertex   -8.869667e+01 -1.262920e+02 -4.490000e+00
      vertex   -8.831078e+01 -1.261321e+02 -5.990000e+00
      vertex   -8.869667e+01 -1.262920e+02 -5.990000e+00
    endloop
  endfacet
  facet normal -1.305262e-01 9.914449e-01 0.000000e+00
    outer loop
      vertex   -8.869667e+01 -1.262920e+02 -4.490000e+00
      vertex   -8.869667e+01 -1.262920e+02 -5.990000e+00
      vertex   -8.911078e+01 -1.263465e+02 -4.490000e+00
    endloop
  endfacet
  facet normal -1.305262e-01 9.914449e-01 0.000000e+00
    outer loop
      vertex   -8.911078e+01 -1.263465e+02 -4.490000e+00
      vertex   -8.869667e+01 -1.262920e+02 -5.990000e+00
      vertex   -8.911078e+01 -1.263465e+02 -5.990000e+00
    endloop
  endfacet
  facet normal 1.305262e-01 9.914449e-01 0.000000e+00
    outer loop
      vertex   -8.911078e+01 -1.263465e+02 -4.490000e+00
      vertex   -8.911078e+01 -1.263465e+02 -5.990000e+00
      vertex   -8.952490e+01 -1.262920e+02 -4.490000e+00
    endloop
  endfacet
  facet normal 1.305262e-01 9.914449e-01 0.000000e+00
    outer loop
      vertex   -8.952490e+01 -1.262920e+02 -4.490000e+00
      vertex   -8.911078e+01 -1.263465e+02 -5.990000e+00
      vertex   -8.952490e+01 -1.262920e+02 -5.990000e+00
    endloop
  endfacet
  facet normal 3.826834e-01 9.238795e-01 0.000000e+00
    outer loop
      vertex   -8.952490e+01 -1.262920e+02 -4.490000e+00
      vertex   -8.952490e+01 -1.262920e+02 -5.990000e+00
      vertex   -8.991078e+01 -1.261321e+02 -4.490000e+00
    endloop
  endfacet
  facet normal 3.826834e-01 9.238795e-01 0.000000e+00
    outer loop
      vertex   -8.991078e+01 -1.261321e+02 -4.490000e+00
      vertex   -8.952490e+01 -1.262920e+02 -5.990000e+00
      vertex   -8.991078e+01 -1.261321e+02 -5.990000e+00
    endloop
  endfacet
  facet normal 6.087614e-01 7.933533e-01 0.000000e+00
    outer loop
      vertex   -8.991078e+01 -1.261321e+02 -4.490000e+00
      vertex   -8.991078e+01 -1.261321e+02 -5.990000e+00
      vertex   -9.024216e+01 -1.258779e+02 -4.490000e+00
    endloop
  endfacet
  facet normal 6.087614e-01 7.933533e-01 0.000000e+00
    outer loop
      vertex   -9.024216e+01 -1.258779e+02 -4.490000e+00
      vertex   -8.991078e+01 -1.261321e+02 -5.990000e+00
      vertex   -9.024216e+01 -1.258779e+02 -5.990000e+00
    endloop
  endfacet
  facet normal 7.933533e-01 6.087614e-01 0.000000e+00
    outer loop
      vertex   -9.024216e+01 -1.258779e+02 -4.490000e+00
      vertex   -9.024216e+01 -1.258779e+02 -5.990000e+00
      vertex   -9.049643e+01 -1.255465e+02 -4.490000e+00
    endloop
  endfacet
  facet normal 7.933533e-01 6.087614e-01 0.000000e+00
    outer loop
      vertex   -9.049643e+01 -1.255465e+02 -4.490000e+00
      vertex   -9.024216e+01 -1.258779e+02 -5.990000e+00
      vertex   -9.049643e+01 -1.255465e+02 -5.990000e+00
    endloop
  endfacet
  facet normal 9.238795e-01 3.826834e-01 0.000000e+00
    outer loop
      vertex   -9.049643e+01 -1.255465e+02 -4.490000e+00
      vertex   -9.049643e+01 -1.255465e+02 -5.990000e+00
      vertex   -9.065627e+01 -1.251606e+02 -4.490000e+00
    endloop
  endfacet
  facet normal 9.238795e-01 3.826834e-01 0.000000e+00
    outer loop
      vertex   -9.065627e+01 -1.251606e+02 -4.490000e+00
      vertex   -9.049643e+01 -1.255465e+02 -5.990000e+00
      vertex   -9.065627e+01 -1.251606e+02 -5.990000e+00
    endloop
  endfacet
  facet normal 9.914449e-01 1.305262e-01 0.000000e+00
    outer loop
      vertex   -9.065627e+01 -1.251606e+02 -4.490000e+00
      vertex   -9.065627e+01 -1.251606e+02 -5.990000e+00
      vertex   -9.071078e+01 -1.247465e+02 -4.490000e+00
    endloop
  endfacet
  facet normal 9.914449e-01 1.305262e-01 0.000000e+00
    outer loop
      vertex   -9.071078e+01 -1.247465e+02 -4.490000e+00
      vertex   -9.065627e+01 -1.251606e+02 -5.990000e+00
      vertex   -9.071078e+01 -1.247465e+02 -5.990000e+00
    endloop
  endfacet
  facet normal 9.914449e-01 -1.305262e-01 0.000000e+00
    outer loop
      vertex   -9.071078e+01 -1.247465e+02 -4.490000e+00
      vertex   -9.071078e+01 -1.247465e+02 -5.990000e+00
      vertex   -9.065627e+01 -1.243324e+02 -4.490000e+00
    endloop
  endfacet
  facet normal 9.914449e-01 -1.305262e-01 0.000000e+00
    outer loop
      vertex   -9.065627e+01 -1.243324e+02 -4.490000e+00
      vertex   -9.071078e+01 -1.247465e+02 -5.990000e+00
      vertex   -9.065627e+01 -1.243324e+02 -5.990000e+00
    endloop
  endfacet
  facet normal 9.238795e-01 -3.826834e-01 0.000000e+00
    outer loop
      vertex   -9.065627e+01 -1.243324e+02 -4.490000e+00
      vertex   -9.065627e+01 -1.243324e+02 -5.990000e+00
      vertex   -9.049643e+01 -1.239465e+02 -4.490000e+00
    endloop
  endfacet
  facet normal 9.238795e-01 -3.826834e-01 0.000000e+00
    outer loop
      vertex   -9.049643e+01 -1.239465e+02 -4.490000e+00
      vertex   -9.065627e+01 -1.243324e+02 -5.990000e+00
      vertex   -9.049643e+01 -1.239465e+02 -5.990000e+00
    endloop
  endfacet
  facet normal 7.933533e-01 -6.087614e-01 0.000000e+00
    outer loop
      vertex   -9.049643e+01 -1.239465e+02 -4.490000e+00
      vertex   -9.049643e+01 -1.239465e+02 -5.990000e+00
      vertex   -9.024216e+01 -1.236151e+02 -4.490000e+00
    endloop
  endfacet
  facet normal 7.933533e-01 -6.087614e-01 0.000000e+00
    outer loop
      vertex   -9.024216e+01 -1.236151e+02 -4.490000e+00
      vertex   -9.049643e+01 -1.239465e+02 -5.990000e+00
      vertex   -9.024216e+01 -1.236151e+02 -5.990000e+00
    endloop
  endfacet
  facet normal 6.087614e-01 -7.933533e-01 0.000000e+00
    outer loop
      vertex   -9.024216e+01 -1.236151e+02 -4.490000e+00
      vertex   -9.024216e+01 -1.236151e+02 -5.990000e+00
      vertex   -8.991078e+01 -1.233609e+02 -4.490000e+00
    endloop
  endfacet
  facet normal 6.087614e-01 -7.933533e-01 0.000000e+00
    outer loop
      vertex   -8.991078e+01 -1.233609e+02 -4.490000e+00
      vertex   -9.024216e+01 -1.236151e+02 -5.990000e+00
      vertex   -8.991078e+01 -1.233609e+02 -5.990000e+00
    endloop
  endfacet
  facet normal 3.826834e-01 -9.238795e-01 0.000000e+00
    outer loop
      vertex   -8.991078e+01 -1.233609e+02 -4.490000e+00
      vertex   -8.991078e+01 -1.233609e+02 -5.990000e+00
      vertex   -8.952490e+01 -1.232010e+02 -4.490000e+00
    endloop
  endfacet
  facet normal 3.826834e-01 -9.238795e-01 0.000000e+00
    outer loop
      vertex   -8.952490e+01 -1.232010e+02 -4.490000e+00
      vertex   -8.991078e+01 -1.233609e+02 -5.990000e+00
      vertex   -8.952490e+01 -1.232010e+02 -5.990000e+00
    endloop
  endfacet
  facet normal 1.305262e-01 -9.914449e-01 0.000000e+00
    outer loop
      vertex   -8.952490e+01 -1.232010e+02 -4.490000e+00
      vertex   -8.952490e+01 -1.232010e+02 -5.990000e+00
      vertex   -8.911078e+01 -1.231465e+02 -4.490000e+00
    endloop
  endfacet
  facet normal 1.305262e-01 -9.914449e-01 0.000000e+00
    outer loop
      vertex   -8.911078e+01 -1.231465e+02 -4.490000e+00
      vertex   -8.952490e+01 -1.232010e+02 -5.990000e+00
      vertex   -8.911078e+01 -1.231465e+02 -5.990000e+00
    endloop
  endfacet
  facet normal -1.305262e-01 -9.914449e-01 -0.000000e+00
    outer loop
      vertex   -8.911078e+01 -1.231465e+02 -4.490000e+00
      vertex   -8.911078e+01 -1.231465e+02 -5.990000e+00
      vertex   -8.869667e+01 -1.232010e+02 -4.490000e+00
    endloop
  endfacet
  facet normal -1.305262e-01 -9.914449e-01 -0.000000e+00
    outer loop
      vertex   -8.869667e+01 -1.232010e+02 -4.490000e+00
      vertex   -8.911078e+01 -1.231465e+02 -5.990000e+00
      vertex   -8.869667e+01 -1.232010e+02 -5.990000e+00
    endloop
  endfacet
  facet normal -3.826834e-01 -9.238795e-01 -0.000000e+00
    outer loop
      vertex   -8.869667e+01 -1.232010e+02 -4.490000e+00
      vertex   -8.869667e+01 -1.232010e+02 -5.990000e+00
      vertex   -8.831078e+01 -1.233609e+02 -4.490000e+00
    endloop
  endfacet
  facet normal -3.826834e-01 -9.238795e-01 -0.000000e+00
    outer loop
      vertex   -8.831078e+01 -1.233609e+02 -4.490000e+00
      vertex   -8.869667e+01 -1.232010e+02 -5.990000e+00
      vertex   -8.831078e+01 -1.233609e+02 -5.990000e+00
    endloop
  endfacet
  facet normal -6.087614e-01 -7.933533e-01 -0.000000e+00
    outer loop
      vertex   -8.831078e+01 -1.233609e+02 -4.490000e+00
      vertex   -8.831078e+01 -1.233609e+02 -5.990000e+00
      vertex   -8.797941e+01 -1.236151e+02 -4.490000e+00
    endloop
  endfacet
  facet normal -6.087614e-01 -7.933533e-01 -0.000000e+00
    outer loop
      vertex   -8.797941e+01 -1.236151e+02 -4.490000e+00
      vertex   -8.831078e+01 -1.233609e+02 -5.990000e+00
      vertex   -8.797941e+01 -1.236151e+02 -5.990000e+00
    endloop
  endfacet
  facet normal -7.933533e-01 -6.087614e-01 -0.000000e+00
    outer loop
      vertex   -8.797941e+01 -1.236151e+02 -4.490000e+00
      vertex   -8.797941e+01 -1.236151e+02 -5.990000e+00
      vertex   -8.772514e+01 -1.239465e+02 -4.490000e+00
    endloop
  endfacet
  facet normal -7.933533e-01 -6.087614e-01 -0.000000e+00
    outer loop
      vertex   -8.772514e+01 -1.239465e+02 -4.490000e+00
      vertex   -8.797941e+01 -1.236151e+02 -5.990000e+00
      vertex   -8.772514e+01 -1.239465e+02 -5.990000e+00
    endloop
  endfacet
  facet normal -9.238795e-01 -3.826834e-01 -0.000000e+00
    outer loop
      vertex   -8.772514e+01 -1.239465e+02 -4.490000e+00
      vertex   -8.772514e+01 -1.239465e+02 -5.990000e+00
      vertex   -8.756530e+01 -1.243324e+02 -4.490000e+00
    endloop
  endfacet
  facet normal -9.238795e-01 -3.826834e-01 -0.000000e+00
    outer loop
      vertex   -8.756530e+01 -1.243324e+02 -4.490000e+00
      vertex   -8.772514e+01 -1.239465e+02 -5.990000e+00
      vertex   -8.756530e+01 -1.243324e+02 -5.990000e+00
    endloop
  endfacet
  facet normal -9.914449e-01 -1.305262e-01 -0.000000e+00
    outer loop
      vertex   5.515359e+01 -6.730069e+01 -4.490000e+00
      vertex   5.515359e+01 -6.730069e+01 -5.990000e+00
      vertex   5.520811e+01 -6.771480e+01 -4.490000e+00
    endloop
  endfacet
  facet normal -9.914449e-01 -1.305262e-01 -0.000000e+00
    outer loop
      vertex   5.520811e+01 -6.771480e+01 -4.490000e+00
      vertex   5.515359e+01 -6.730069e+01 -5.990000e+00
      vertex   5.520811e+01 -6.771480e+01 -5.990000e+00
    endloop
  endfacet
  facet normal -9.914449e-01 1.305262e-01 0.000000e+00
    outer loop
      vertex   5.520811e+01 -6.771480e+01 -4.490000e+00
      vertex   5.520811e+01 -6.771480e+01 -5.990000e+00
      vertex   5.515359e+01 -6.812891e+01 -4.490000e+00
    endloop
  endfacet
  facet normal -9.914449e-01 1.305262e-01 0.000000e+00
    outer loop
      vertex   5.515359e+01 -6.812891e+01 -4.490000e+00
      vertex   5.520811e+01 -6.771480e+01 -5.990000e+00
      vertex   5.515359e+01 -6.812891e+01 -5.990000e+00
    endloop
  endfacet
  facet normal -9.238795e-01 3.826834e-01 0.000000e+00
    outer loop
      vertex   5.515359e+01 -6.812891e+01 -4.490000e+00
      vertex   5.515359e+01 -6.812891e+01 -5.990000e+00
      vertex   5.499375e+01 -6.851480e+01 -4.490000e+00
    endloop
  endfacet
  facet normal -9.238795e-01 3.826834e-01 0.000000e+00
    outer loop
      vertex   5.499375e+01 -6.851480e+01 -4.490000e+00
      vertex   5.515359e+01 -6.812891e+01 -5.990000e+00
      vertex   5.499375e+01 -6.851480e+01 -5.990000e+00
    endloop
  endfacet
  facet normal -7.933533e-01 6.087614e-01 0.000000e+00
    outer loop
      vertex   5.499375e+01 -6.851480e+01 -4.490000e+00
      vertex   5.499375e+01 -6.851480e+01 -5.990000e+00
      vertex   5.473948e+01 -6.884617e+01 -4.490000e+00
    endloop
  endfacet
  facet normal -7.933533e-01 6.087614e-01 0.000000e+00
    outer loop
      vertex   5.473948e+01 -6.884617e+01 -4.490000e+00
      vertex   5.499375e+01 -6.851480e+01 -5.990000e+00
      vertex   5.473948e+01 -6.884617e+01 -5.990000e+00
    endloop
  endfacet
  facet normal -6.087614e-01 7.933533e-01 0.000000e+00
    outer loop
      vertex   5.473948e+01 -6.884617e+01 -4.490000e+00
      vertex   5.473948e+01 -6.884617e+01 -5.990000e+00
      vertex   5.440811e+01 -6.910044e+01 -4.490000e+00
    endloop
  endfacet
  facet normal -6.087614e-01 7.933533e-01 0.000000e+00
    outer loop
      vertex   5.440811e+01 -6.910044e+01 -4.490000e+00
      vertex   5.473948e+01 -6.884617e+01 -5.990000e+00
      vertex   5.440811e+01 -6.910044e+01 -5.990000e+00
    endloop
  endfacet
  facet normal -3.826834e-01 9.238795e-01 0.000000e+00
    outer loop
      vertex   5.440811e+01 -6.910044e+01 -4.490000e+00
      vertex   5.440811e+01 -6.910044e+01 -5.990000e+00
      vertex   5.402222e+01 -6.926028e+01 -4.490000e+00
    endloop
  endfacet
  facet normal -3.826834e-01 9.238795e-01 0.000000e+00
    outer loop
      vertex   5.402222e+01 -6.926028e+01 -4.490000e+00
      vertex   5.440811e+01 -6.910044e+01 -5.990000e+00
      vertex   5.402222e+01 -6.926028e+01 -5.990000e+00
    endloop
  endfacet
  facet normal -1.305262e-01 9.914449e-01 0.000000e+00
    outer loop
      vertex   5.402222e+01 -6.926028e+01 -4.490000e+00
      vertex   5.402222e+01 -6.926028e+01 -5.990000e+00
      vertex   5.360811e+01 -6.931480e+01 -4.490000e+00
    endloop
  endfacet
  facet normal -1.305262e-01 9.914449e-01 0.000000e+00
    outer loop
      vertex   5.360811e+01 -6.931480e+01 -4.490000e+00
      vertex   5.402222e+01 -6.926028e+01 -5.990000e+00
      vertex   5.360811e+01 -6.931480e+01 -5.990000e+00
    endloop
  endfacet
  facet normal 1.305262e-01 9.914449e-01 0.000000e+00
    outer loop
      vertex   5.360811e+01 -6.931480e+01 -4.490000e+00
      vertex   5.360811e+01 -6.931480e+01 -5.990000e+00
      vertex   5.319400e+01 -6.926028e+01 -4.490000e+00
    endloop
  endfacet
  facet normal 1.305262e-01 9.914449e-01 0.000000e+00
    outer loop
      vertex   5.319400e+01 -6.926028e+01 -4.490000e+00
      vertex   5.360811e+01 -6.931480e+01 -5.990000e+00
      vertex   5.319400e+01 -6.926028e+01 -5.990000e+00
    endloop
  endfacet
  facet normal 3.826834e-01 9.238795e-01 0.000000e+00
    outer loop
      vertex   5.319400e+01 -6.926028e+01 -4.490000e+00
      vertex   5.319400e+01 -6.926028e+01 -5.990000e+00
      vertex   5.280811e+01 -6.910044e+01 -4.490000e+00
    endloop
  endfacet
  facet normal 3.826834e-01 9.238795e-01 0.000000e+00
    outer loop
      vertex   5.280811e+01 -6.910044e+01 -4.490000e+00
      vertex   5.319400e+01 -6.926028e+01 -5.990000e+00
      vertex   5.280811e+01 -6.910044e+01 -5.990000e+00
    endloop
  endfacet
  facet normal 6.087614e-01 7.933533e-01 0.000000e+00
    outer loop
      vertex   5.280811e+01 -6.910044e+01 -4.490000e+00
      vertex   5.280811e+01 -6.910044e+01 -5.990000e+00
      vertex   5.247674e+01 -6.884617e+01 -4.490000e+00
    endloop
  endfacet
  facet normal 6.087614e-01 7.933533e-01 0.000000e+00
    outer loop
      vertex   5.247674e+01 -6.884617e+01 -4.490000e+00
      vertex   5.280811e+01 -6.910044e+01 -5.990000e+00
      vertex   5.247674e+01 -6.884617e+01 -5.990000e+00
    endloop
  endfacet
  facet normal 7.933533e-01 6.087614e-01 0.000000e+00
    outer loop
      vertex   5.247674e+01 -6.884617e+01 -4.490000e+00
      vertex   5.247674e+01 -6.884617e+01 -5.990000e+00
      vertex   5.222247e+01 -6.851480e+01 -4.490000e+00
    endloop
  endfacet
  facet normal 7.933533e-01 6.087614e-01 0.000000e+00
    outer loop
      vertex   5.222247e+01 -6.851480e+01 -4.490000e+00
      vertex   5.247674e+01 -6.884617e+01 -5.990000e+00
      vertex   5.222247e+01 -6.851480e+01 -5.990000e+00
    endloop
  endfacet
  facet normal 9.238795e-01 3.826834e-01 0.000000e+00
    outer loop
      vertex   5.222247e+01 -6.851480e+01 -4.490000e+00
      vertex   5.222247e+01 -6.851480e+01 -5.990000e+00
      vertex   5.206263e+01 -6.812891e+01 -4.490000e+00
    endloop
  endfacet
  facet normal 9.238795e-01 3.826834e-01 0.000000e+00
    outer loop
      vertex   5.206263e+01 -6.812891e+01 -4.490000e+00
      vertex   5.222247e+01 -6.851480e+01 -5.990000e+00
      vertex   5.206263e+01 -6.812891e+01 -5.990000e+00
    endloop
  endfacet
  facet normal 9.914449e-01 1.305262e-01 0.000000e+00
    outer loop
      vertex   5.206263e+01 -6.812891e+01 -4.490000e+00
      vertex   5.206263e+01 -6.812891e+01 -5.990000e+00
      vertex   5.200811e+01 -6.771480e+01 -4.490000e+00
    endloop
  endfacet
  facet normal 9.914449e-01 1.305262e-01 0.000000e+00
    outer loop
      vertex   5.200811e+01 -6.771480e+01 -4.490000e+00
      vertex   5.206263e+01 -6.812891e+01 -5.990000e+00
      vertex   5.200811e+01 -6.771480e+01 -5.990000e+00
    endloop
  endfacet
  facet normal 9.914449e-01 -1.305262e-01 0.000000e+00
    outer loop
      vertex   5.200811e+01 -6.771480e+01 -4.490000e+00
      vertex   5.200811e+01 -6.771480e+01 -5.990000e+00
      vertex   5.206263e+01 -6.730069e+01 -4.490000e+00
    endloop
  endfacet
  facet normal 9.914449e-01 -1.305262e-01 0.000000e+00
    outer loop
      vertex   5.206263e+01 -6.730069e+01 -4.490000e+00
      vertex   5.200811e+01 -6.771480e+01 -5.990000e+00
      vertex   5.206263e+01 -6.730069e+01 -5.990000e+00
    endloop
  endfacet
  facet normal 9.238795e-01 -3.826834e-01 0.000000e+00
    outer loop
      vertex   5.206263e+01 -6.730069e+01 -4.490000e+00
      vertex   5.206263e+01 -6.730069e+01 -5.990000e+00
      vertex   5.222247e+01 -6.691480e+01 -4.490000e+00
    endloop
  endfacet
  facet normal 9.238795e-01 -3.826834e-01 0.000000e+00
    outer loop
      vertex   5.222247e+01 -6.691480e+01 -4.490000e+00
      vertex   5.206263e+01 -6.730069e+01 -5.990000e+00
      vertex   5.222247e+01 -6.691480e+01 -5.990000e+00
    endloop
  endfacet
  facet normal 7.933533e-01 -6.087614e-01 0.000000e+00
    outer loop
      vertex   5.222247e+01 -6.691480e+01 -4.490000e+00
      vertex   5.222247e+01 -6.691480e+01 -5.990000e+00
      vertex   5.247674e+01 -6.658343e+01 -4.490000e+00
    endloop
  endfacet
  facet normal 7.933533e-01 -6.087614e-01 0.000000e+00
    outer loop
      vertex   5.247674e+01 -6.658343e+01 -4.490000e+00
      vertex   5.222247e+01 -6.691480e+01 -5.990000e+00
      vertex   5.247674e+01 -6.658343e+01 -5.990000e+00
    endloop
  endfacet
  facet normal 6.087614e-01 -7.933533e-01 0.000000e+00
    outer loop
      vertex   5.247674e+01 -6.658343e+01 -4.490000e+00
      vertex   5.247674e+01 -6.658343e+01 -5.990000e+00
      vertex   5.280811e+01 -6.632916e+01 -4.490000e+00
    endloop
  endfacet
  facet normal 6.087614e-01 -7.933533e-01 0.000000e+00
    outer loop
      vertex   5.280811e+01 -6.632916e+01 -4.490000e+00
      vertex   5.247674e+01 -6.658343e+01 -5.990000e+00
      vertex   5.280811e+01 -6.632916e+01 -5.990000e+00
    endloop
  endfacet
  facet normal 3.826834e-01 -9.238795e-01 0.000000e+00
    outer loop
      vertex   5.280811e+01 -6.632916e+01 -4.490000e+00
      vertex   5.280811e+01 -6.632916e+01 -5.990000e+00
      vertex   5.319400e+01 -6.616932e+01 -4.490000e+00
    endloop
  endfacet
  facet normal 3.826834e-01 -9.238795e-01 0.000000e+00
    outer loop
      vertex   5.319400e+01 -6.616932e+01 -4.490000e+00
      vertex   5.280811e+01 -6.632916e+01 -5.990000e+00
      vertex   5.319400e+01 -6.616932e+01 -5.990000e+00
    endloop
  endfacet
  facet normal 1.305262e-01 -9.914449e-01 0.000000e+00
    outer loop
      vertex   5.319400e+01 -6.616932e+01 -4.490000e+00
      vertex   5.319400e+01 -6.616932e+01 -5.990000e+00
      vertex   5.360811e+01 -6.611480e+01 -4.490000e+00
    endloop
  endfacet
  facet normal 1.305262e-01 -9.914449e-01 0.000000e+00
    outer loop
      vertex   5.360811e+01 -6.611480e+01 -4.490000e+00
      vertex   5.319400e+01 -6.616932e+01 -5.990000e+00
      vertex   5.360811e+01 -6.611480e+01 -5.990000e+00
    endloop
  endfacet
  facet normal -1.305262e-01 -9.914449e-01 -0.000000e+00
    outer loop
      vertex   5.360811e+01 -6.611480e+01 -4.490000e+00
      vertex   5.360811e+01 -6.611480e+01 -5.990000e+00
      vertex   5.402222e+01 -6.616932e+01 -4.490000e+00
    endloop
  endfacet
  facet normal -1.305262e-01 -9.914449e-01 -0.000000e+00
    outer loop
      vertex   5.402222e+01 -6.616932e+01 -4.490000e+00
      vertex   5.360811e+01 -6.611480e+01 -5.990000e+00
      vertex   5.402222e+01 -6.616932e+01 -5.990000e+00
    endloop
  endfacet
  facet normal -3.826834e-01 -9.238795e-01 -0.000000e+00
    outer loop
      vertex   5.402222e+01 -6.616932e+01 -4.490000e+00
      vertex   5.402222e+01 -6.616932e+01 -5.990000e+00
      vertex   5.440811e+01 -6.632916e+01 -4.490000e+00
    endloop
  endfacet
  facet normal -3.826834e-01 -9.238795e-01 -0.000000e+00
    outer loop
      vertex   5.440811e+01 -6.632916e+01 -4.490000e+00
      vertex   5.402222e+01 -6.616932e+01 -5.990000e+00
      vertex   5.440811e+01 -6.632916e+01 -5.990000e+00
    endloop
  endfacet
  facet normal -6.087614e-01 -7.933533e-01 -0.000000e+00
    outer loop
      vertex   5.440811e+01 -6.632916e+01 -4.490000e+00
      vertex   5.440811e+01 -6.632916e+01 -5.990000e+00
      vertex   5.473948e+01 -6.658343e+01 -4.490000e+00
    endloop
  endfacet
  facet normal -6.087614e-01 -7.933533e-01 -0.000000e+00
    outer loop
      vertex   5.473948e+01 -6.658343e+01 -4.490000e+00
      vertex   5.440811e+01 -6.632916e+01 -5.990000e+00
      vertex   5.473948e+01 -6.658343e+01 -5.990000e+00
    endloop
  endfacet
  facet normal -7.933533e-01 -6.087614e-01 -0.000000e+00
    outer loop
      vertex   5.473948e+01 -6.658343e+01 -4.490000e+00
      vertex   5.473948e+01 -6.658343e+01 -5.990000e+00
      vertex   5.499375e+01 -6.691480e+01 -4.490000e+00
    endloop
  endfacet
  facet normal -7.933533e-01 -6.087614e-01 -0.000000e+00
    outer loop
      vertex   5.499375e+01 -6.691480e+01 -4.490000e+00
      vertex   5.473948e+01 -6.658343e+01 -5.990000e+00
      vertex   5.499375e+01 -6.691480e+01 -5.990000e+00
    endloop
  endfacet
  facet normal -9.238795e-01 -3.826834e-01 -0.000000e+00
    outer loop
      vertex   5.499375e+01 -6.691480e+01 -4.490000e+00
      vertex   5.499375e+01 -6.691480e+01 -5.990000e+00
      vertex   5.515359e+01 -6.730069e+01 -4.490000e+00
    endloop
  endfacet
  facet normal -9.238795e-01 -3.826834e-01 -0.000000e+00
    outer loop
      vertex   5.515359e+01 -6.730069e+01 -4.490000e+00
      vertex   5.499375e+01 -6.691480e+01 -5.990000e+00
      vertex   5.515359e+01 -6.730069e+01 -5.990000e+00
    endloop
  endfacet
  facet normal 1.000000e+00 0.000000e+00 0.000000e+00
    outer loop
      vertex   -8.063921e+01 -9.424363e+01 -4.490000e+00
      vertex   -8.063921e+01 -9.824597e+01 -4.490000e+00
      vertex   -8.063921e+01 -9.424363e+01 -5.490000e+00
    endloop
  endfacet
  facet normal 1.000000e+00 0.000000e+00 0.000000e+00
    outer loop
      vertex   -8.063921e+01 -9.424363e+01 -5.490000e+00
      vertex   -8.063921e+01 -9.824597e+01 -4.490000e+00
      vertex   -8.063921e+01 -9.824597e+01 -5.490000e+00
    endloop
  endfacet
  facet normal 9.914449e-01 1.305262e-01 -0.000000e+00
    outer loop
      vertex   -8.063921e+01 -9.824597e+01 -5.490000e+00
      vertex   -8.063921e+01 -9.824597e+01 -4.490000e+00
      vertex   -8.059661e+01 -9.856949e+01 -5.490000e+00
    endloop
  endfacet
  facet normal 9.914449e-01 1.305262e-01 -0.000000e+00
    outer loop
      vertex   -8.059661e+01 -9.856949e+01 -5.490000e+00
      vertex   -8.063921e+01 -9.824597e+01 -4.490000e+00
      vertex   -8.059661e+01 -9.856949e+01 -4.490000e+00
    endloop
  endfacet
  facet normal 9.238795e-01 3.826834e-01 -0.000000e+00
    outer loop
      vertex   -8.059661e+01 -9.856949e+01 -5.490000e+00
      vertex   -8.059661e+01 -9.856949e+01 -4.490000e+00
      vertex   -8.047174e+01 -9.887097e+01 -5.490000e+00
    endloop
  endfacet
  facet normal 9.238795e-01 3.826834e-01 -0.000000e+00
    outer loop
      vertex   -8.047174e+01 -9.887097e+01 -5.490000e+00
      vertex   -8.059661e+01 -9.856949e+01 -4.490000e+00
      vertex   -8.047174e+01 -9.887097e+01 -4.490000e+00
    endloop
  endfacet
  facet normal 7.933533e-01 6.087614e-01 -0.000000e+00
    outer loop
      vertex   -8.047174e+01 -9.887097e+01 -5.490000e+00
      vertex   -8.047174e+01 -9.887097e+01 -4.490000e+00
      vertex   -8.027309e+01 -9.912985e+01 -5.490000e+00
    endloop
  endfacet
  facet normal 7.933533e-01 6.087614e-01 -0.000000e+00
    outer loop
      vertex   -8.027309e+01 -9.912985e+01 -5.490000e+00
      vertex   -8.047174e+01 -9.887097e+01 -4.490000e+00
      vertex   -8.027309e+01 -9.912985e+01 -4.490000e+00
    endloop
  endfacet
  facet normal 6.087614e-01 7.933533e-01 -0.000000e+00
    outer loop
      vertex   -8.027309e+01 -9.912985e+01 -5.490000e+00
      vertex   -8.027309e+01 -9.912985e+01 -4.490000e+00
      vertex   -8.001421e+01 -9.932850e+01 -5.490000e+00
    endloop
  endfacet
  facet normal 6.087614e-01 7.933533e-01 -0.000000e+00
    outer loop
      vertex   -8.001421e+01 -9.932850e+01 -5.490000e+00
      vertex   -8.027309e+01 -9.912985e+01 -4.490000e+00
      vertex   -8.001421e+01 -9.932850e+01 -4.490000e+00
    endloop
  endfacet
  facet normal 3.826834e-01 9.238795e-01 -0.000000e+00
    outer loop
      vertex   -8.001421e+01 -9.932850e+01 -5.490000e+00
      vertex   -8.001421e+01 -9.932850e+01 -4.490000e+00
      vertex   -7.971273e+01 -9.945337e+01 -5.490000e+00
    endloop
  endfacet
  facet normal 3.826834e-01 9.238795e-01 -0.000000e+00
    outer loop
      vertex   -7.971273e+01 -9.945337e+01 -5.490000e+00
      vertex   -8.001421e+01 -9.932850e+01 -4.490000e+00
      vertex   -7.971273e+01 -9.945337e+01 -4.490000e+00
    endloop
  endfacet
  facet normal 1.305262e-01 9.914449e-01 -0.000000e+00
    outer loop
      vertex   -7.971273e+01 -9.945337e+01 -5.490000e+00
      vertex   -7.971273e+01 -9.945337e+01 -4.490000e+00
      vertex   -7.938921e+01 -9.949597e+01 -5.490000e+00
    endloop
  endfacet
  facet normal 1.305262e-01 9.914449e-01 -0.000000e+00
    outer loop
      vertex   -7.938921e+01 -9.949597e+01 -5.490000e+00
      vertex   -7.971273e+01 -9.945337e+01 -4.490000e+00
      vertex   -7.938921e+01 -9.949597e+01 -4.490000e+00
    endloop
  endfacet
  facet normal -0.000000e+00 1.000000e+00 0.000000e+00
    outer loop
      vertex   -7.938921e+01 -9.949597e+01 -4.490000e+00
      vertex   -7.458901e+01 -9.949597e+01 -4.490000e+00
      vertex   -7.938921e+01 -9.949597e+01 -5.490000e+00
    endloop
  endfacet
  facet normal 0.000000e+00 1.000000e+00 0.000000e+00
    outer loop
      vertex   -7.938921e+01 -9.949597e+01 -5.490000e+00
      vertex   -7.458901e+01 -9.949597e+01 -4.490000e+00
      vertex   -7.458901e+01 -9.949597e+01 -5.490000e+00
    endloop
  endfacet
  facet normal -1.000000e+00 0.000000e+00 0.000000e+00
    outer loop
      vertex   -7.458901e+01 -9.949597e+01 -4.490000e+00
      vertex   -7.458901e+01 -9.299363e+01 -4.490000e+00
      vertex   -7.458901e+01 -9.949597e+01 -5.490000e+00
    endloop
  endfacet
  facet normal -1.000000e+00 0.000000e+00 0.000000e+00
    outer loop
      vertex   -7.458901e+01 -9.949597e+01 -5.490000e+00
      vertex   -7.458901e+01 -9.299363e+01 -4.490000e+00
      vertex   -7.458901e+01 -9.299363e+01 -5.490000e+00
    endloop
  endfacet
  facet normal -0.000000e+00 -1.000000e+00 -0.000000e+00
    outer loop
      vertex   -7.458901e+01 -9.299363e+01 -4.490000e+00
      vertex   -7.938921e+01 -9.299363e+01 -4.490000e+00
      vertex   -7.458901e+01 -9.299363e+01 -5.490000e+00
    endloop
  endfacet
  facet normal 0.000000e+00 -1.000000e+00 0.000000e+00
    outer loop
      vertex   -7.458901e+01 -9.299363e+01 -5.490000e+00
      vertex   -7.938921e+01 -9.299363e+01 -4.490000e+00
      vertex   -7.938921e+01 -9.299363e+01 -5.490000e+00
    endloop
  endfacet
  facet normal 1.305262e-01 -9.914449e-01 0.000000e+00
    outer loop
      vertex   -7.938921e+01 -9.299363e+01 -5.490000e+00
      vertex   -7.938921e+01 -9.299363e+01 -4.490000e+00
      vertex   -7.971273e+01 -9.303622e+01 -5.490000e+00
    endloop
  endfacet
  facet normal 1.305262e-01 -9.914449e-01 0.000000e+00
    outer loop
      vertex   -7.971273e+01 -9.303622e+01 -5.490000e+00
      vertex   -7.938921e+01 -9.299363e+01 -4.490000e+00
      vertex   -7.971273e+01 -9.303622e+01 -4.490000e+00
    endloop
  endfacet
  facet normal 3.826834e-01 -9.238795e-01 0.000000e+00
    outer loop
      vertex   -7.971273e+01 -9.303622e+01 -5.490000e+00
      vertex   -7.971273e+01 -9.303622e+01 -4.490000e+00
      vertex   -8.001421e+01 -9.316110e+01 -5.490000e+00
    endloop
  endfacet
  facet normal 3.826834e-01 -9.238795e-01 0.000000e+00
    outer loop
      vertex   -8.001421e+01 -9.316110e+01 -5.490000e+00
      vertex   -7.971273e+01 -9.303622e+01 -4.490000e+00
      vertex   -8.001421e+01 -9.316110e+01 -4.490000e+00
    endloop
  endfacet
  facet normal 6.087614e-01 -7.933533e-01 0.000000e+00
    outer loop
      vertex   -8.001421e+01 -9.316110e+01 -5.490000e+00
      vertex   -8.001421e+01 -9.316110e+01 -4.490000e+00
      vertex   -8.027309e+01 -9.335975e+01 -5.490000e+00
    endloop
  endfacet
  facet normal 6.087614e-01 -7.933533e-01 0.000000e+00
    outer loop
      vertex   -8.027309e+01 -9.335975e+01 -5.490000e+00
      vertex   -8.001421e+01 -9.316110e+01 -4.490000e+00
      vertex   -8.027309e+01 -9.335975e+01 -4.490000e+00
    endloop
  endfacet
  facet normal 7.933533e-01 -6.087614e-01 0.000000e+00
    outer loop
      vertex   -8.027309e+01 -9.335975e+01 -5.490000e+00
      vertex   -8.027309e+01 -9.335975e+01 -4.490000e+00
      vertex   -8.047174e+01 -9.361863e+01 -5.490000e+00
    endloop
  endfacet
  facet normal 7.933533e-01 -6.087614e-01 0.000000e+00
    outer loop
      vertex   -8.047174e+01 -9.361863e+01 -5.490000e+00
      vertex   -8.027309e+01 -9.335975e+01 -4.490000e+00
      vertex   -8.047174e+01 -9.361863e+01 -4.490000e+00
    endloop
  endfacet
  facet normal 9.238795e-01 -3.826834e-01 0.000000e+00
    outer loop
      vertex   -8.047174e+01 -9.361863e+01 -5.490000e+00
      vertex   -8.047174e+01 -9.361863e+01 -4.490000e+00
      vertex   -8.059661e+01 -9.392011e+01 -5.490000e+00
    endloop
  endfacet
  facet normal 9.238795e-01 -3.826834e-01 0.000000e+00
    outer loop
      vertex   -8.059661e+01 -9.392011e+01 -5.490000e+00
      vertex   -8.047174e+01 -9.361863e+01 -4.490000e+00
      vertex   -8.059661e+01 -9.392011e+01 -4.490000e+00
    endloop
  endfacet
  facet normal 9.914449e-01 -1.305262e-01 0.000000e+00
    outer loop
      vertex   -8.059661e+01 -9.392011e+01 -5.490000e+00
      vertex   -8.059661e+01 -9.392011e+01 -4.490000e+00
      vertex   -8.063921e+01 -9.424363e+01 -5.490000e+00
    endloop
  endfacet
  facet normal 9.914449e-01 -1.305262e-01 0.000000e+00
    outer loop
      vertex   -8.063921e+01 -9.424363e+01 -5.490000e+00
      vertex   -8.059661e+01 -9.392011e+01 -4.490000e+00
      vertex   -8.063921e+01 -9.424363e+01 -4.490000e+00
    endloop
  endfacet
  facet normal -1.077273e-16 8.182700e-16 1.000000e+00
    outer loop
      vertex   -7.971273e+01 -9.303622e+01 -5.490000e+00
      vertex   -8.063921e+01 -9.424363e+01 -5.490000e+00
      vertex   -7.938921e+01 -9.299363e+01 -5.490000e+00
    endloop
  endfacet
  facet normal 7.105427e-16 0.000000e+00 1.000000e+00
    outer loop
      vertex   -7.938921e+01 -9.299363e+01 -5.490000e+00
      vertex   -8.063921e+01 -9.424363e+01 -5.490000e+00
      vertex   -7.938921e+01 -9.949597e+01 -5.490000e+00
    endloop
  endfacet
  facet normal -0.000000e+00 0.000000e+00 1.000000e+00
    outer loop
      vertex   -7.938921e+01 -9.299363e+01 -5.490000e+00
      vertex   -7.938921e+01 -9.949597e+01 -5.490000e+00
      vertex   -7.458901e+01 -9.299363e+01 -5.490000e+00
    endloop
  endfacet
  facet normal 0.000000e+00 0.000000e+00 1.000000e+00
    outer loop
      vertex   -7.458901e+01 -9.299363e+01 -5.490000e+00
      vertex   -7.938921e+01 -9.949597e+01 -5.490000e+00
      vertex   -7.458901e+01 -9.949597e+01 -5.490000e+00
    endloop
  endfacet
  facet normal -4.466658e-16 1.078347e-15 1.000000e+00
    outer loop
      vertex   -7.971273e+01 -9.303622e+01 -5.490000e+00
      vertex   -8.001421e+01 -9.316110e+01 -5.490000e+00
      vertex   -8.063921e+01 -9.424363e+01 -5.490000e+00
    endloop
  endfacet
  facet normal -1.130310e-15 1.473049e-15 1.000000e+00
    outer loop
      vertex   -8.063921e+01 -9.424363e+01 -5.490000e+00
      vertex   -8.001421e+01 -9.316110e+01 -5.490000e+00
      vertex   -8.027309e+01 -9.335975e+01 -5.490000e+00
    endloop
  endfacet
  facet normal -2.845712e-15 2.183592e-15 1.000000e+00
    outer loop
      vertex   -8.063921e+01 -9.424363e+01 -5.490000e+00
      vertex   -8.027309e+01 -9.335975e+01 -5.490000e+00
      vertex   -8.047174e+01 -9.361863e+01 -5.490000e+00
    endloop
  endfacet
  facet normal -9.715869e-15 4.024445e-15 1.000000e+00
    outer loop
      vertex   -8.047174e+01 -9.361863e+01 -5.490000e+00
      vertex   -8.059661e+01 -9.392011e+01 -5.490000e+00
      vertex   -8.063921e+01 -9.424363e+01 -5.490000e+00
    endloop
  endfacet
  facet normal 7.105427e-16 0.000000e+00 1.000000e+00
    outer loop
      vertex   -8.063921e+01 -9.424363e+01 -5.490000e+00
      vertex   -8.063921e+01 -9.824597e+01 -5.490000e+00
      vertex   -7.938921e+01 -9.949597e+01 -5.490000e+00
    endloop
  endfacet
  facet normal -1.077273e-16 -8.182700e-16 1.000000e+00
    outer loop
      vertex   -7.938921e+01 -9.949597e+01 -5.490000e+00
      vertex   -8.063921e+01 -9.824597e+01 -5.490000e+00
      vertex   -7.971273e+01 -9.945337e+01 -5.490000e+00
    endloop
  endfacet
  facet normal -4.466658e-16 -1.078347e-15 1.000000e+00
    outer loop
      vertex   -7.971273e+01 -9.945337e+01 -5.490000e+00
      vertex   -8.063921e+01 -9.824597e+01 -5.490000e+00
      vertex   -8.001421e+01 -9.932850e+01 -5.490000e+00
    endloop
  endfacet
  facet normal -1.130310e-15 -1.473049e-15 1.000000e+00
    outer loop
      vertex   -8.001421e+01 -9.932850e+01 -5.490000e+00
      vertex   -8.063921e+01 -9.824597e+01 -5.490000e+00
      vertex   -8.027309e+01 -9.912985e+01 -5.490000e+00
    endloop
  endfacet
  facet normal -2.845712e-15 -2.183592e-15 1.000000e+00
    outer loop
      vertex   -8.027309e+01 -9.912985e+01 -5.490000e+00
      vertex   -8.063921e+01 -9.824597e+01 -5.490000e+00
      vertex   -8.047174e+01 -9.887097e+01 -5.490000e+00
    endloop
  endfacet
  facet normal -9.715869e-15 -4.024445e-15 1.000000e+00
    outer loop
      vertex   -8.047174e+01 -9.887097e+01 -5.490000e+00
      vertex   -8.063921e+01 -9.824597e+01 -5.490000e+00
      vertex   -8.059661e+01 -9.856949e+01 -5.490000e+00
    endloop
  endfacet
  facet normal -1.000000e+00 0.000000e+00 0.000000e+00
    outer loop
      vertex   -6.773881e+01 -9.824597e+01 -4.490000e+00
      vertex   -6.773881e+01 -9.424363e+01 -4.490000e+00
      vertex   -6.773881e+01 -9.824597e+01 -5.490000e+00
    endloop
  endfacet
  facet normal -1.000000e+00 0.000000e+00 0.000000e+00
    outer loop
      vertex   -6.773881e+01 -9.824597e+01 -5.490000e+00
      vertex   -6.773881e+01 -9.424363e+01 -4.490000e+00
      vertex   -6.773881e+01 -9.424363e+01 -5.490000e+00
    endloop
  endfacet
  facet normal -9.914449e-01 -1.305262e-01 0.000000e+00
    outer loop
      vertex   -6.773881e+01 -9.424363e+01 -5.490000e+00
      vertex   -6.773881e+01 -9.424363e+01 -4.490000e+00
      vertex   -6.778140e+01 -9.392011e+01 -5.490000e+00
    endloop
  endfacet
  facet normal -9.914449e-01 -1.305262e-01 0.000000e+00
    outer loop
      vertex   -6.778140e+01 -9.392011e+01 -5.490000e+00
      vertex   -6.773881e+01 -9.424363e+01 -4.490000e+00
      vertex   -6.778140e+01 -9.392011e+01 -4.490000e+00
    endloop
  endfacet
  facet normal -9.238795e-01 -3.826834e-01 0.000000e+00
    outer loop
      vertex   -6.778140e+01 -9.392011e+01 -5.490000e+00
      vertex   -6.778140e+01 -9.392011e+01 -4.490000e+00
      vertex   -6.790627e+01 -9.361863e+01 -5.490000e+00
    endloop
  endfacet
  facet normal -9.238795e-01 -3.826834e-01 0.000000e+00
    outer loop
      vertex   -6.790627e+01 -9.361863e+01 -5.490000e+00
      vertex   -6.778140e+01 -9.392011e+01 -4.490000e+00
      vertex   -6.790627e+01 -9.361863e+01 -4.490000e+00
    endloop
  endfacet
  facet normal -7.933533e-01 -6.087614e-01 0.000000e+00
    outer loop
      vertex   -6.790627e+01 -9.361863e+01 -5.490000e+00
      vertex   -6.790627e+01 -9.361863e+01 -4.490000e+00
      vertex   -6.810492e+01 -9.335975e+01 -5.490000e+00
    endloop
  endfacet
  facet normal -7.933533e-01 -6.087614e-01 0.000000e+00
    outer loop
      vertex   -6.810492e+01 -9.335975e+01 -5.490000e+00
      vertex   -6.790627e+01 -9.361863e+01 -4.490000e+00
      vertex   -6.810492e+01 -9.335975e+01 -4.490000e+00
    endloop
  endfacet
  facet normal -6.087614e-01 -7.933533e-01 0.000000e+00
    outer loop
      vertex   -6.810492e+01 -9.335975e+01 -5.490000e+00
      vertex   -6.810492e+01 -9.335975e+01 -4.490000e+00
      vertex   -6.836381e+01 -9.316110e+01 -5.490000e+00
    endloop
  endfacet
  facet normal -6.087614e-01 -7.933533e-01 0.000000e+00
    outer loop
      vertex   -6.836381e+01 -9.316110e+01 -5.490000e+00
      vertex   -6.810492e+01 -9.335975e+01 -4.490000e+00
      vertex   -6.836381e+01 -9.316110e+01 -4.490000e+00
    endloop
  endfacet
  facet normal -3.826834e-01 -9.238795e-01 0.000000e+00
    outer loop
      vertex   -6.836381e+01 -9.316110e+01 -5.490000e+00
      vertex   -6.836381e+01 -9.316110e+01 -4.490000e+00
      vertex   -6.866528e+01 -9.303622e+01 -5.490000e+00
    endloop
  endfacet
  facet normal -3.826834e-01 -9.238795e-01 0.000000e+00
    outer loop
      vertex   -6.866528e+01 -9.303622e+01 -5.490000e+00
      vertex   -6.836381e+01 -9.316110e+01 -4.490000e+00
      vertex   -6.866528e+01 -9.303622e+01 -4.490000e+00
    endloop
  endfacet
  facet normal -1.305262e-01 -9.914449e-01 0.000000e+00
    outer loop
      vertex   -6.866528e+01 -9.303622e+01 -5.490000e+00
      vertex   -6.866528e+01 -9.303622e+01 -4.490000e+00
      vertex   -6.898881e+01 -9.299363e+01 -5.490000e+00
    endloop
  endfacet
  facet normal -1.305262e-01 -9.914449e-01 0.000000e+00
    outer loop
      vertex   -6.898881e+01 -9.299363e+01 -5.490000e+00
      vertex   -6.866528e+01 -9.303622e+01 -4.490000e+00
      vertex   -6.898881e+01 -9.299363e+01 -4.490000e+00
    endloop
  endfacet
  facet normal -2.960471e-15 -1.000000e+00 -0.000000e+00
    outer loop
      vertex   -6.898881e+01 -9.299363e+01 -4.490000e+00
      vertex   -7.378901e+01 -9.299363e+01 -4.490000e+00
      vertex   -6.898881e+01 -9.299363e+01 -5.490000e+00
    endloop
  endfacet
  facet normal -2.960471e-15 -1.000000e+00 0.000000e+00
    outer loop
      vertex   -6.898881e+01 -9.299363e+01 -5.490000e+00
      vertex   -7.378901e+01 -9.299363e+01 -4.490000e+00
      vertex   -7.378901e+01 -9.299363e+01 -5.490000e+00
    endloop
  endfacet
  facet normal 1.000000e+00 0.000000e+00 0.000000e+00
    outer loop
      vertex   -7.378901e+01 -9.299363e+01 -4.490000e+00
      vertex   -7.378901e+01 -9.949597e+01 -4.490000e+00
      vertex   -7.378901e+01 -9.299363e+01 -5.490000e+00
    endloop
  endfacet
  facet normal 1.000000e+00 0.000000e+00 0.000000e+00
    outer loop
      vertex   -7.378901e+01 -9.299363e+01 -5.490000e+00
      vertex   -7.378901e+01 -9.949597e+01 -4.490000e+00
      vertex   -7.378901e+01 -9.949597e+01 -5.490000e+00
    endloop
  endfacet
  facet normal 0.000000e+00 1.000000e+00 0.000000e+00
    outer loop
      vertex   -7.378901e+01 -9.949597e+01 -4.490000e+00
      vertex   -6.898881e+01 -9.949597e+01 -4.490000e+00
      vertex   -7.378901e+01 -9.949597e+01 -5.490000e+00
    endloop
  endfacet
  facet normal -0.000000e+00 1.000000e+00 0.000000e+00
    outer loop
      vertex   -7.378901e+01 -9.949597e+01 -5.490000e+00
      vertex   -6.898881e+01 -9.949597e+01 -4.490000e+00
      vertex   -6.898881e+01 -9.949597e+01 -5.490000e+00
    endloop
  endfacet
  facet normal -1.305262e-01 9.914449e-01 0.000000e+00
    outer loop
      vertex   -6.898881e+01 -9.949597e+01 -5.490000e+00
      vertex   -6.898881e+01 -9.949597e+01 -4.490000e+00
      vertex   -6.866528e+01 -9.945337e+01 -5.490000e+00
    endloop
  endfacet
  facet normal -1.305262e-01 9.914449e-01 0.000000e+00
    outer loop
      vertex   -6.866528e+01 -9.945337e+01 -5.490000e+00
      vertex   -6.898881e+01 -9.949597e+01 -4.490000e+00
      vertex   -6.866528e+01 -9.945337e+01 -4.490000e+00
    endloop
  endfacet
  facet normal -3.826834e-01 9.238795e-01 0.000000e+00
    outer loop
      vertex   -6.866528e+01 -9.945337e+01 -5.490000e+00
      vertex   -6.866528e+01 -9.945337e+01 -4.490000e+00
      vertex   -6.836381e+01 -9.932850e+01 -5.490000e+00
    endloop
  endfacet
  facet normal -3.826834e-01 9.238795e-01 0.000000e+00
    outer loop
      vertex   -6.836381e+01 -9.932850e+01 -5.490000e+00
      vertex   -6.866528e+01 -9.945337e+01 -4.490000e+00
      vertex   -6.836381e+01 -9.932850e+01 -4.490000e+00
    endloop
  endfacet
  facet normal -6.087614e-01 7.933533e-01 0.000000e+00
    outer loop
      vertex   -6.836381e+01 -9.932850e+01 -5.490000e+00
      vertex   -6.836381e+01 -9.932850e+01 -4.490000e+00
      vertex   -6.810492e+01 -9.912985e+01 -5.490000e+00
    endloop
  endfacet
  facet normal -6.087614e-01 7.933533e-01 0.000000e+00
    outer loop
      vertex   -6.810492e+01 -9.912985e+01 -5.490000e+00
      vertex   -6.836381e+01 -9.932850e+01 -4.490000e+00
      vertex   -6.810492e+01 -9.912985e+01 -4.490000e+00
    endloop
  endfacet
  facet normal -7.933533e-01 6.087614e-01 0.000000e+00
    outer loop
      vertex   -6.810492e+01 -9.912985e+01 -5.490000e+00
      vertex   -6.810492e+01 -9.912985e+01 -4.490000e+00
      vertex   -6.790627e+01 -9.887097e+01 -5.490000e+00
    endloop
  endfacet
  facet normal -7.933533e-01 6.087614e-01 0.000000e+00
    outer loop
      vertex   -6.790627e+01 -9.887097e+01 -5.490000e+00
      vertex   -6.810492e+01 -9.912985e+01 -4.490000e+00
      vertex   -6.790627e+01 -9.887097e+01 -4.490000e+00
    endloop
  endfacet
  facet normal -9.238795e-01 3.826834e-01 0.000000e+00
    outer loop
      vertex   -6.790627e+01 -9.887097e+01 -5.490000e+00
      vertex   -6.790627e+01 -9.887097e+01 -4.490000e+00
      vertex   -6.778140e+01 -9.856949e+01 -5.490000e+00
    endloop
  endfacet
  facet normal -9.238795e-01 3.826834e-01 0.000000e+00
    outer loop
      vertex   -6.778140e+01 -9.856949e+01 -5.490000e+00
      vertex   -6.790627e+01 -9.887097e+01 -4.490000e+00
      vertex   -6.778140e+01 -9.856949e+01 -4.490000e+00
    endloop
  endfacet
  facet normal -9.914449e-01 1.305262e-01 0.000000e+00
    outer loop
      vertex   -6.778140e+01 -9.856949e+01 -5.490000e+00
      vertex   -6.778140e+01 -9.856949e+01 -4.490000e+00
      vertex   -6.773881e+01 -9.824597e+01 -5.490000e+00
    endloop
  endfacet
  facet normal -9.914449e-01 1.305262e-01 0.000000e+00
    outer loop
      vertex   -6.773881e+01 -9.824597e+01 -5.490000e+00
      vertex   -6.778140e+01 -9.856949e+01 -4.490000e+00
      vertex   -6.773881e+01 -9.824597e+01 -4.490000e+00
    endloop
  endfacet
  facet normal 0.000000e+00 -0.000000e+00 1.000000e+00
    outer loop
      vertex   -6.866528e+01 -9.945337e+01 -5.490000e+00
      vertex   -6.773881e+01 -9.824597e+01 -5.490000e+00
      vertex   -6.898881e+01 -9.949597e+01 -5.490000e+00
    endloop
  endfacet
  facet normal 0.000000e+00 0.000000e+00 1.000000e+00
    outer loop
      vertex   -6.898881e+01 -9.949597e+01 -5.490000e+00
      vertex   -6.773881e+01 -9.824597e+01 -5.490000e+00
      vertex   -6.773881e+01 -9.424363e+01 -5.490000e+00
    endloop
  endfacet
  facet normal 0.000000e+00 0.000000e+00 1.000000e+00
    outer loop
      vertex   -6.898881e+01 -9.949597e+01 -5.490000e+00
      vertex   -6.773881e+01 -9.424363e+01 -5.490000e+00
      vertex   -6.898881e+01 -9.299363e+01 -5.490000e+00
    endloop
  endfacet
  facet normal 0.000000e+00 0.000000e+00 1.000000e+00
    outer loop
      vertex   -6.898881e+01 -9.299363e+01 -5.490000e+00
      vertex   -6.773881e+01 -9.424363e+01 -5.490000e+00
      vertex   -6.866528e+01 -9.303622e+01 -5.490000e+00
    endloop
  endfacet
  facet normal 0.000000e+00 0.000000e+00 1.000000e+00
    outer loop
      vertex   -6.866528e+01 -9.303622e+01 -5.490000e+00
      vertex   -6.773881e+01 -9.424363e+01 -5.490000e+00
      vertex   -6.836381e+01 -9.316110e+01 -5.490000e+00
    endloop
  endfacet
  facet normal 0.000000e+00 0.000000e+00 1.000000e+00
    outer loop
      vertex   -6.836381e+01 -9.316110e+01 -5.490000e+00
      vertex   -6.773881e+01 -9.424363e+01 -5.490000e+00
      vertex   -6.810492e+01 -9.335975e+01 -5.490000e+00
    endloop
  endfacet
  facet normal 0.000000e+00 0.000000e+00 1.000000e+00
    outer loop
      vertex   -6.810492e+01 -9.335975e+01 -5.490000e+00
      vertex   -6.773881e+01 -9.424363e+01 -5.490000e+00
      vertex   -6.790627e+01 -9.361863e+01 -5.490000e+00
    endloop
  endfacet
  facet normal 0.000000e+00 0.000000e+00 1.000000e+00
    outer loop
      vertex   -6.790627e+01 -9.361863e+01 -5.490000e+00
      vertex   -6.773881e+01 -9.424363e+01 -5.490000e+00
      vertex   -6.778140e+01 -9.392011e+01 -5.490000e+00
    endloop
  endfacet
  facet normal 0.000000e+00 0.000000e+00 1.000000e+00
    outer loop
      vertex   -6.866528e+01 -9.945337e+01 -5.490000e+00
      vertex   -6.836381e+01 -9.932850e+01 -5.490000e+00
      vertex   -6.773881e+01 -9.824597e+01 -5.490000e+00
    endloop
  endfacet
  facet normal 0.000000e+00 0.000000e+00 1.000000e+00
    outer loop
      vertex   -6.773881e+01 -9.824597e+01 -5.490000e+00
      vertex   -6.836381e+01 -9.932850e+01 -5.490000e+00
      vertex   -6.810492e+01 -9.912985e+01 -5.490000e+00
    endloop
  endfacet
  facet normal 0.000000e+00 0.000000e+00 1.000000e+00
    outer loop
      vertex   -6.773881e+01 -9.824597e+01 -5.490000e+00
      vertex   -6.810492e+01 -9.912985e+01 -5.490000e+00
      vertex   -6.790627e+01 -9.887097e+01 -5.490000e+00
    endloop
  endfacet
  facet normal 0.000000e+00 0.000000e+00 1.000000e+00
    outer loop
      vertex   -6.790627e+01 -9.887097e+01 -5.490000e+00
      vertex   -6.778140e+01 -9.856949e+01 -5.490000e+00
      vertex   -6.773881e+01 -9.824597e+01 -5.490000e+00
    endloop
  endfacet
  facet normal 3.700589e-16 -1.617527e-30 1.000000e+00
    outer loop
      vertex   -6.898881e+01 -9.299363e+01 -5.490000e+00
      vertex   -7.378901e+01 -9.299363e+01 -5.490000e+00
      vertex   -6.898881e+01 -9.949597e+01 -5.490000e+00
    endloop
  endfacet
  facet normal 3.700589e-16 0.000000e+00 1.000000e+00
    outer loop
      vertex   -6.898881e+01 -9.949597e+01 -5.490000e+00
      vertex   -7.378901e+01 -9.299363e+01 -5.490000e+00
      vertex   -7.378901e+01 -9.949597e+01 -5.490000e+00
    endloop
  endfacet
  facet normal -9.914449e-01 -1.305262e-01 -0.000000e+00
    outer loop
      vertex   3.215291e+01 -1.070471e+02 -4.490000e+00
      vertex   3.215291e+01 -1.070471e+02 -5.990000e+00
      vertex   3.219040e+01 -1.073318e+02 -4.490000e+00
    endloop
  endfacet
  facet normal -9.914449e-01 -1.305262e-01 -0.000000e+00
    outer loop
      vertex   3.219040e+01 -1.073318e+02 -4.490000e+00
      vertex   3.215291e+01 -1.070471e+02 -5.990000e+00
      vertex   3.219040e+01 -1.073318e+02 -5.990000e+00
    endloop
  endfacet
  facet normal -9.914449e-01 1.305262e-01 0.000000e+00
    outer loop
      vertex   3.219040e+01 -1.073318e+02 -4.490000e+00
      vertex   3.219040e+01 -1.073318e+02 -5.990000e+00
      vertex   3.215291e+01 -1.076165e+02 -4.490000e+00
    endloop
  endfacet
  facet normal -9.914449e-01 1.305262e-01 0.000000e+00
    outer loop
      vertex   3.215291e+01 -1.076165e+02 -4.490000e+00
      vertex   3.219040e+01 -1.073318e+02 -5.990000e+00
      vertex   3.215291e+01 -1.076165e+02 -5.990000e+00
    endloop
  endfacet
  facet normal -9.238795e-01 3.826834e-01 0.000000e+00
    outer loop
      vertex   3.215291e+01 -1.076165e+02 -4.490000e+00
      vertex   3.215291e+01 -1.076165e+02 -5.990000e+00
      vertex   3.204302e+01 -1.078818e+02 -4.490000e+00
    endloop
  endfacet
  facet normal -9.238795e-01 3.826834e-01 0.000000e+00
    outer loop
      vertex   3.204302e+01 -1.078818e+02 -4.490000e+00
      vertex   3.215291e+01 -1.076165e+02 -5.990000e+00
      vertex   3.204302e+01 -1.078818e+02 -5.990000e+00
    endloop
  endfacet
  facet normal -7.933533e-01 6.087614e-01 0.000000e+00
    outer loop
      vertex   3.204302e+01 -1.078818e+02 -4.490000e+00
      vertex   3.204302e+01 -1.078818e+02 -5.990000e+00
      vertex   3.186821e+01 -1.081096e+02 -4.490000e+00
    endloop
  endfacet
  facet normal -7.933533e-01 6.087614e-01 0.000000e+00
    outer loop
      vertex   3.186821e+01 -1.081096e+02 -4.490000e+00
      vertex   3.204302e+01 -1.078818e+02 -5.990000e+00
      vertex   3.186821e+01 -1.081096e+02 -5.990000e+00
    endloop
  endfacet
  facet normal -6.087614e-01 7.933533e-01 0.000000e+00
    outer loop
      vertex   3.186821e+01 -1.081096e+02 -4.490000e+00
      vertex   3.186821e+01 -1.081096e+02 -5.990000e+00
      vertex   3.164040e+01 -1.082844e+02 -4.490000e+00
    endloop
  endfacet
  facet normal -6.087614e-01 7.933533e-01 0.000000e+00
    outer loop
      vertex   3.164040e+01 -1.082844e+02 -4.490000e+00
      vertex   3.186821e+01 -1.081096e+02 -5.990000e+00
      vertex   3.164040e+01 -1.082844e+02 -5.990000e+00
    endloop
  endfacet
  facet normal -3.826834e-01 9.238795e-01 0.000000e+00
    outer loop
      vertex   3.164040e+01 -1.082844e+02 -4.490000e+00
      vertex   3.164040e+01 -1.082844e+02 -5.990000e+00
      vertex   3.137510e+01 -1.083943e+02 -4.490000e+00
    endloop
  endfacet
  facet normal -3.826834e-01 9.238795e-01 0.000000e+00
    outer loop
      vertex   3.137510e+01 -1.083943e+02 -4.490000e+00
      vertex   3.164040e+01 -1.082844e+02 -5.990000e+00
      vertex   3.137510e+01 -1.083943e+02 -5.990000e+00
    endloop
  endfacet
  facet normal -1.305262e-01 9.914449e-01 0.000000e+00
    outer loop
      vertex   3.137510e+01 -1.083943e+02 -4.490000e+00
      vertex   3.137510e+01 -1.083943e+02 -5.990000e+00
      vertex   3.109040e+01 -1.084318e+02 -4.490000e+00
    endloop
  endfacet
  facet normal -1.305262e-01 9.914449e-01 0.000000e+00
    outer loop
      vertex   3.109040e+01 -1.084318e+02 -4.490000e+00
      vertex   3.137510e+01 -1.083943e+02 -5.990000e+00
      vertex   3.109040e+01 -1.084318e+02 -5.990000e+00
    endloop
  endfacet
  facet normal 1.305262e-01 9.914449e-01 0.000000e+00
    outer loop
      vertex   3.109040e+01 -1.084318e+02 -4.490000e+00
      vertex   3.109040e+01 -1.084318e+02 -5.990000e+00
      vertex   3.080570e+01 -1.083943e+02 -4.490000e+00
    endloop
  endfacet
  facet normal 1.305262e-01 9.914449e-01 0.000000e+00
    outer loop
      vertex   3.080570e+01 -1.083943e+02 -4.490000e+00
      vertex   3.109040e+01 -1.084318e+02 -5.990000e+00
      vertex   3.080570e+01 -1.083943e+02 -5.990000e+00
    endloop
  endfacet
  facet normal 3.826834e-01 9.238795e-01 0.000000e+00
    outer loop
      vertex   3.080570e+01 -1.083943e+02 -4.490000e+00
      vertex   3.080570e+01 -1.083943e+02 -5.990000e+00
      vertex   3.054040e+01 -1.082844e+02 -4.490000e+00
    endloop
  endfacet
  facet normal 3.826834e-01 9.238795e-01 0.000000e+00
    outer loop
      vertex   3.054040e+01 -1.082844e+02 -4.490000e+00
      vertex   3.080570e+01 -1.083943e+02 -5.990000e+00
      vertex   3.054040e+01 -1.082844e+02 -5.990000e+00
    endloop
  endfacet
  facet normal 6.087614e-01 7.933533e-01 0.000000e+00
    outer loop
      vertex   3.054040e+01 -1.082844e+02 -4.490000e+00
      vertex   3.054040e+01 -1.082844e+02 -5.990000e+00
      vertex   3.031258e+01 -1.081096e+02 -4.490000e+00
    endloop
  endfacet
  facet normal 6.087614e-01 7.933533e-01 0.000000e+00
    outer loop
      vertex   3.031258e+01 -1.081096e+02 -4.490000e+00
      vertex   3.054040e+01 -1.082844e+02 -5.990000e+00
      vertex   3.031258e+01 -1.081096e+02 -5.990000e+00
    endloop
  endfacet
  facet normal 7.933533e-01 6.087614e-01 0.000000e+00
    outer loop
      vertex   3.031258e+01 -1.081096e+02 -4.490000e+00
      vertex   3.031258e+01 -1.081096e+02 -5.990000e+00
      vertex   3.013777e+01 -1.078818e+02 -4.490000e+00
    endloop
  endfacet
  facet normal 7.933533e-01 6.087614e-01 0.000000e+00
    outer loop
      vertex   3.013777e+01 -1.078818e+02 -4.490000e+00
      vertex   3.031258e+01 -1.081096e+02 -5.990000e+00
      vertex   3.013777e+01 -1.078818e+02 -5.990000e+00
    endloop
  endfacet
  facet normal 9.238795e-01 3.826834e-01 0.000000e+00
    outer loop
      vertex   3.013777e+01 -1.078818e+02 -4.490000e+00
      vertex   3.013777e+01 -1.078818e+02 -5.990000e+00
      vertex   3.002788e+01 -1.076165e+02 -4.490000e+00
    endloop
  endfacet
  facet normal 9.238795e-01 3.826834e-01 0.000000e+00
    outer loop
      vertex   3.002788e+01 -1.076165e+02 -4.490000e+00
      vertex   3.013777e+01 -1.078818e+02 -5.990000e+00
      vertex   3.002788e+01 -1.076165e+02 -5.990000e+00
    endloop
  endfacet
  facet normal 9.914449e-01 1.305262e-01 0.000000e+00
    outer loop
      vertex   3.002788e+01 -1.076165e+02 -4.490000e+00
      vertex   3.002788e+01 -1.076165e+02 -5.990000e+00
      vertex   2.999040e+01 -1.073318e+02 -4.490000e+00
    endloop
  endfacet
  facet normal 9.914449e-01 1.305262e-01 0.000000e+00
    outer loop
      vertex   2.999040e+01 -1.073318e+02 -4.490000e+00
      vertex   3.002788e+01 -1.076165e+02 -5.990000e+00
      vertex   2.999040e+01 -1.073318e+02 -5.990000e+00
    endloop
  endfacet
  facet normal 9.914449e-01 -1.305262e-01 0.000000e+00
    outer loop
      vertex   2.999040e+01 -1.073318e+02 -4.490000e+00
      vertex   2.999040e+01 -1.073318e+02 -5.990000e+00
      vertex   3.002788e+01 -1.070471e+02 -4.490000e+00
    endloop
  endfacet
  facet normal 9.914449e-01 -1.305262e-01 0.000000e+00
    outer loop
      vertex   3.002788e+01 -1.070471e+02 -4.490000e+00
      vertex   2.999040e+01 -1.073318e+02 -5.990000e+00
      vertex   3.002788e+01 -1.070471e+02 -5.990000e+00
    endloop
  endfacet
  facet normal 9.238795e-01 -3.826834e-01 0.000000e+00
    outer loop
      vertex   3.002788e+01 -1.070471e+02 -4.490000e+00
      vertex   3.002788e+01 -1.070471e+02 -5.990000e+00
      vertex   3.013777e+01 -1.067818e+02 -4.490000e+00
    endloop
  endfacet
  facet normal 9.238795e-01 -3.826834e-01 0.000000e+00
    outer loop
      vertex   3.013777e+01 -1.067818e+02 -4.490000e+00
      vertex   3.002788e+01 -1.070471e+02 -5.990000e+00
      vertex   3.013777e+01 -1.067818e+02 -5.990000e+00
    endloop
  endfacet
  facet normal 7.933533e-01 -6.087614e-01 0.000000e+00
    outer loop
      vertex   3.013777e+01 -1.067818e+02 -4.490000e+00
      vertex   3.013777e+01 -1.067818e+02 -5.990000e+00
      vertex   3.031258e+01 -1.065540e+02 -4.490000e+00
    endloop
  endfacet
  facet normal 7.933533e-01 -6.087614e-01 0.000000e+00
    outer loop
      vertex   3.031258e+01 -1.065540e+02 -4.490000e+00
      vertex   3.013777e+01 -1.067818e+02 -5.990000e+00
      vertex   3.031258e+01 -1.065540e+02 -5.990000e+00
    endloop
  endfacet
  facet normal 6.087614e-01 -7.933533e-01 0.000000e+00
    outer loop
      vertex   3.031258e+01 -1.065540e+02 -4.490000e+00
      vertex   3.031258e+01 -1.065540e+02 -5.990000e+00
      vertex   3.054040e+01 -1.063792e+02 -4.490000e+00
    endloop
  endfacet
  facet normal 6.087614e-01 -7.933533e-01 0.000000e+00
    outer loop
      vertex   3.054040e+01 -1.063792e+02 -4.490000e+00
      vertex   3.031258e+01 -1.065540e+02 -5.990000e+00
      vertex   3.054040e+01 -1.063792e+02 -5.990000e+00
    endloop
  endfacet
  facet normal 3.826834e-01 -9.238795e-01 0.000000e+00
    outer loop
      vertex   3.054040e+01 -1.063792e+02 -4.490000e+00
      vertex   3.054040e+01 -1.063792e+02 -5.990000e+00
      vertex   3.080570e+01 -1.062693e+02 -4.490000e+00
    endloop
  endfacet
  facet normal 3.826834e-01 -9.238795e-01 0.000000e+00
    outer loop
      vertex   3.080570e+01 -1.062693e+02 -4.490000e+00
      vertex   3.054040e+01 -1.063792e+02 -5.990000e+00
      vertex   3.080570e+01 -1.062693e+02 -5.990000e+00
    endloop
  endfacet
  facet normal 1.305262e-01 -9.914449e-01 0.000000e+00
    outer loop
      vertex   3.080570e+01 -1.062693e+02 -4.490000e+00
      vertex   3.080570e+01 -1.062693e+02 -5.990000e+00
      vertex   3.109040e+01 -1.062318e+02 -4.490000e+00
    endloop
  endfacet
  facet normal 1.305262e-01 -9.914449e-01 0.000000e+00
    outer loop
      vertex   3.109040e+01 -1.062318e+02 -4.490000e+00
      vertex   3.080570e+01 -1.062693e+02 -5.990000e+00
      vertex   3.109040e+01 -1.062318e+02 -5.990000e+00
    endloop
  endfacet
  facet normal -1.305262e-01 -9.914449e-01 -0.000000e+00
    outer loop
      vertex   3.109040e+01 -1.062318e+02 -4.490000e+00
      vertex   3.109040e+01 -1.062318e+02 -5.990000e+00
      vertex   3.137510e+01 -1.062693e+02 -4.490000e+00
    endloop
  endfacet
  facet normal -1.305262e-01 -9.914449e-01 -0.000000e+00
    outer loop
      vertex   3.137510e+01 -1.062693e+02 -4.490000e+00
      vertex   3.109040e+01 -1.062318e+02 -5.990000e+00
      vertex   3.137510e+01 -1.062693e+02 -5.990000e+00
    endloop
  endfacet
  facet normal -3.826834e-01 -9.238795e-01 -0.000000e+00
    outer loop
      vertex   3.137510e+01 -1.062693e+02 -4.490000e+00
      vertex   3.137510e+01 -1.062693e+02 -5.990000e+00
      vertex   3.164040e+01 -1.063792e+02 -4.490000e+00
    endloop
  endfacet
  facet normal -3.826834e-01 -9.238795e-01 -0.000000e+00
    outer loop
      vertex   3.164040e+01 -1.063792e+02 -4.490000e+00
      vertex   3.137510e+01 -1.062693e+02 -5.990000e+00
      vertex   3.164040e+01 -1.063792e+02 -5.990000e+00
    endloop
  endfacet
  facet normal -6.087614e-01 -7.933533e-01 -0.000000e+00
    outer loop
      vertex   3.164040e+01 -1.063792e+02 -4.490000e+00
      vertex   3.164040e+01 -1.063792e+02 -5.990000e+00
      vertex   3.186821e+01 -1.065540e+02 -4.490000e+00
    endloop
  endfacet
  facet normal -6.087614e-01 -7.933533e-01 -0.000000e+00
    outer loop
      vertex   3.186821e+01 -1.065540e+02 -4.490000e+00
      vertex   3.164040e+01 -1.063792e+02 -5.990000e+00
      vertex   3.186821e+01 -1.065540e+02 -5.990000e+00
    endloop
  endfacet
  facet normal -7.933533e-01 -6.087614e-01 -0.000000e+00
    outer loop
      vertex   3.186821e+01 -1.065540e+02 -4.490000e+00
      vertex   3.186821e+01 -1.065540e+02 -5.990000e+00
      vertex   3.204302e+01 -1.067818e+02 -4.490000e+00
    endloop
  endfacet
  facet normal -7.933533e-01 -6.087614e-01 -0.000000e+00
    outer loop
      vertex   3.204302e+01 -1.067818e+02 -4.490000e+00
      vertex   3.186821e+01 -1.065540e+02 -5.990000e+00
      vertex   3.204302e+01 -1.067818e+02 -5.990000e+00
    endloop
  endfacet
  facet normal -9.238795e-01 -3.826834e-01 -0.000000e+00
    outer loop
      vertex   3.204302e+01 -1.067818e+02 -4.490000e+00
      vertex   3.204302e+01 -1.067818e+02 -5.990000e+00
      vertex   3.215291e+01 -1.070471e+02 -4.490000e+00
    endloop
  endfacet
  facet normal -9.238795e-01 -3.826834e-01 -0.000000e+00
    outer loop
      vertex   3.215291e+01 -1.070471e+02 -4.490000e+00
      vertex   3.204302e+01 -1.067818e+02 -5.990000e+00
      vertex   3.215291e+01 -1.070471e+02 -5.990000e+00
    endloop
  endfacet
  facet normal -9.914449e-01 -1.305262e-01 -0.000000e+00
    outer loop
      vertex   -6.987968e+01 -6.696760e+01 -4.490000e+00
      vertex   -6.987968e+01 -6.696760e+01 -5.990000e+00
      vertex   -6.986265e+01 -6.709701e+01 -4.490000e+00
    endloop
  endfacet
  facet normal -9.914449e-01 -1.305262e-01 -0.000000e+00
    outer loop
      vertex   -6.986265e+01 -6.709701e+01 -4.490000e+00
      vertex   -6.987968e+01 -6.696760e+01 -5.990000e+00
      vertex   -6.986265e+01 -6.709701e+01 -5.990000e+00
    endloop
  endfacet
  facet normal -9.238795e-01 -3.826834e-01 -0.000000e+00
    outer loop
      vertex   -6.986265e+01 -6.709701e+01 -4.490000e+00
      vertex   -6.986265e+01 -6.709701e+01 -5.990000e+00
      vertex   -6.981270e+01 -6.721760e+01 -4.490000e+00
    endloop
  endfacet
  facet normal -9.238795e-01 -3.826834e-01 -0.000000e+00
    outer loop
      vertex   -6.981270e+01 -6.721760e+01 -4.490000e+00
      vertex   -6.986265e+01 -6.709701e+01 -5.990000e+00
      vertex   -6.981270e+01 -6.721760e+01 -5.990000e+00
    endloop
  endfacet
  facet normal -7.933533e-01 -6.087614e-01 -0.000000e+00
    outer loop
      vertex   -6.981270e+01 -6.721760e+01 -4.490000e+00
      vertex   -6.981270e+01 -6.721760e+01 -5.990000e+00
      vertex   -6.973324e+01 -6.732115e+01 -4.490000e+00
    endloop
  endfacet
  facet normal -7.933533e-01 -6.087614e-01 -0.000000e+00
    outer loop
      vertex   -6.973324e+01 -6.732115e+01 -4.490000e+00
      vertex   -6.981270e+01 -6.721760e+01 -5.990000e+00
      vertex   -6.973324e+01 -6.732115e+01 -5.990000e+00
    endloop
  endfacet
  facet normal -6.087614e-01 -7.933533e-01 -0.000000e+00
    outer loop
      vertex   -6.973324e+01 -6.732115e+01 -4.490000e+00
      vertex   -6.973324e+01 -6.732115e+01 -5.990000e+00
      vertex   -6.962968e+01 -6.740061e+01 -4.490000e+00
    endloop
  endfacet
  facet normal -6.087614e-01 -7.933533e-01 -0.000000e+00
    outer loop
      vertex   -6.962968e+01 -6.740061e+01 -4.490000e+00
      vertex   -6.973324e+01 -6.732115e+01 -5.990000e+00
      vertex   -6.962968e+01 -6.740061e+01 -5.990000e+00
    endloop
  endfacet
  facet normal -3.826834e-01 -9.238795e-01 -0.000000e+00
    outer loop
      vertex   -6.962968e+01 -6.740061e+01 -4.490000e+00
      vertex   -6.962968e+01 -6.740061e+01 -5.990000e+00
      vertex   -6.950909e+01 -6.745056e+01 -4.490000e+00
    endloop
  endfacet
  facet normal -3.826834e-01 -9.238795e-01 -0.000000e+00
    outer loop
      vertex   -6.950909e+01 -6.745056e+01 -4.490000e+00
      vertex   -6.962968e+01 -6.740061e+01 -5.990000e+00
      vertex   -6.950909e+01 -6.745056e+01 -5.990000e+00
    endloop
  endfacet
  facet normal -1.305262e-01 -9.914449e-01 -0.000000e+00
    outer loop
      vertex   -6.950909e+01 -6.745056e+01 -4.490000e+00
      vertex   -6.950909e+01 -6.745056e+01 -5.990000e+00
      vertex   -6.937968e+01 -6.746760e+01 -4.490000e+00
    endloop
  endfacet
  facet normal -1.305262e-01 -9.914449e-01 -0.000000e+00
    outer loop
      vertex   -6.937968e+01 -6.746760e+01 -4.490000e+00
      vertex   -6.950909e+01 -6.745056e+01 -5.990000e+00
      vertex   -6.937968e+01 -6.746760e+01 -5.990000e+00
    endloop
  endfacet
  facet normal 5.359761e-17 7.056259e-18 1.000000e+00
    outer loop
      vertex   -3.418823e+01 -1.479481e+02 -4.490000e+00
      vertex   -3.415075e+01 -1.482328e+02 -4.490000e+00
      vertex   -1.906400e+01 -1.369570e+02 -4.490000e+00
    endloop
  endfacet
  facet normal 6.529641e-17 -8.596435e-18 1.000000e+00
    outer loop
      vertex   -1.906400e+01 -1.369570e+02 -4.490000e+00
      vertex   -3.415075e+01 -1.482328e+02 -4.490000e+00
      vertex   -3.418823e+01 -1.485175e+02 -4.490000e+00
    endloop
  endfacet
  facet normal 6.801922e-17 -1.215860e-17 1.000000e+00
    outer loop
      vertex   -1.906400e+01 -1.369570e+02 -4.490000e+00
      vertex   -3.418823e+01 -1.485175e+02 -4.490000e+00
      vertex   -3.466548e+01 -1.511874e+02 -4.490000e+00
    endloop
  endfacet
  facet normal 0.000000e+00 0.000000e+00 1.000000e+00
    outer loop
      vertex   -3.466548e+01 -1.511874e+02 -4.490000e+00
      vertex   -3.418823e+01 -1.485175e+02 -4.490000e+00
      vertex   -3.429812e+01 -1.487828e+02 -4.490000e+00
    endloop
  endfacet
  facet normal 0.000000e+00 0.000000e+00 1.000000e+00
    outer loop
      vertex   -3.466548e+01 -1.511874e+02 -4.490000e+00
      vertex   -3.429812e+01 -1.487828e+02 -4.490000e+00
      vertex   -3.447293e+01 -1.490106e+02 -4.490000e+00
    endloop
  endfacet
  facet normal 0.000000e+00 0.000000e+00 1.000000e+00
    outer loop
      vertex   -3.447293e+01 -1.490106e+02 -4.490000e+00
      vertex   -3.470075e+01 -1.491854e+02 -4.490000e+00
      vertex   -3.466548e+01 -1.511874e+02 -4.490000e+00
    endloop
  endfacet
  facet normal 0.000000e+00 0.000000e+00 1.000000e+00
    outer loop
      vertex   -3.466548e+01 -1.511874e+02 -4.490000e+00
      vertex   -3.470075e+01 -1.491854e+02 -4.490000e+00
      vertex   -3.496605e+01 -1.492953e+02 -4.490000e+00
    endloop
  endfacet
  facet normal 0.000000e+00 0.000000e+00 1.000000e+00
    outer loop
      vertex   -3.466548e+01 -1.511874e+02 -4.490000e+00
      vertex   -3.496605e+01 -1.492953e+02 -4.490000e+00
      vertex   -3.525075e+01 -1.493328e+02 -4.490000e+00
    endloop
  endfacet
  facet normal 0.000000e+00 0.000000e+00 1.000000e+00
    outer loop
      vertex   -3.553545e+01 -1.492953e+02 -4.490000e+00
      vertex   -3.524957e+01 -1.512448e+02 -4.490000e+00
      vertex   -3.525075e+01 -1.493328e+02 -4.490000e+00
    endloop
  endfacet
  facet normal 0.000000e+00 0.000000e+00 1.000000e+00
    outer loop
      vertex   -3.525075e+01 -1.493328e+02 -4.490000e+00
      vertex   -3.524957e+01 -1.512448e+02 -4.490000e+00
      vertex   -3.505376e+01 -1.512384e+02 -4.490000e+00
    endloop
  endfacet
  facet normal 0.000000e+00 0.000000e+00 1.000000e+00
    outer loop
      vertex   -3.525075e+01 -1.493328e+02 -4.490000e+00
      vertex   -3.505376e+01 -1.512384e+02 -4.490000e+00
      vertex   -3.485879e+01 -1.512192e+02 -4.490000e+00
    endloop
  endfacet
  facet normal 0.000000e+00 0.000000e+00 1.000000e+00
    outer loop
      vertex   -3.553545e+01 -1.492953e+02 -4.490000e+00
      vertex   -3.580075e+01 -1.491854e+02 -4.490000e+00
      vertex   -3.524957e+01 -1.512448e+02 -4.490000e+00
    endloop
  endfacet
  facet normal 0.000000e+00 0.000000e+00 1.000000e+00
    outer loop
      vertex   -3.524957e+01 -1.512448e+02 -4.490000e+00
      vertex   -3.580075e+01 -1.491854e+02 -4.490000e+00
      vertex   -3.602857e+01 -1.490106e+02 -4.490000e+00
    endloop
  endfacet
  facet normal 0.000000e+00 0.000000e+00 1.000000e+00
    outer loop
      vertex   -3.524957e+01 -1.512448e+02 -4.490000e+00
      vertex   -3.602857e+01 -1.490106e+02 -4.490000e+00
      vertex   -3.620338e+01 -1.487828e+02 -4.490000e+00
    endloop
  endfacet
  facet normal 1.608743e-16 6.232479e-17 1.000000e+00
    outer loop
      vertex   -3.524957e+01 -1.512448e+02 -4.490000e+00
      vertex   -3.620338e+01 -1.487828e+02 -4.490000e+00
      vertex   -5.181241e+01 -1.512448e+02 -4.490000e+00
    endloop
  endfacet
  facet normal 1.602360e-16 6.637192e-17 1.000000e+00
    outer loop
      vertex   -5.181241e+01 -1.512448e+02 -4.490000e+00
      vertex   -3.620338e+01 -1.487828e+02 -4.490000e+00
      vertex   -3.631327e+01 -1.485175e+02 -4.490000e+00
    endloop
  endfacet
  facet normal 1.680226e-16 2.212060e-17 1.000000e+00
    outer loop
      vertex   -5.181241e+01 -1.512448e+02 -4.490000e+00
      vertex   -3.631327e+01 -1.485175e+02 -4.490000e+00
      vertex   -3.635075e+01 -1.482328e+02 -4.490000e+00
    endloop
  endfacet
  facet normal 1.768678e-16 -2.328509e-17 1.000000e+00
    outer loop
      vertex   -3.635075e+01 -1.482328e+02 -4.490000e+00
      vertex   -3.631327e+01 -1.479481e+02 -4.490000e+00
      vertex   -5.181241e+01 -1.512448e+02 -4.490000e+00
    endloop
  endfacet
  facet normal 1.905270e-16 -8.750298e-17 1.000000e+00
    outer loop
      vertex   -5.181241e+01 -1.512448e+02 -4.490000e+00
      vertex   -3.631327e+01 -1.479481e+02 -4.490000e+00
      vertex   -3.811440e+01 -1.417196e+02 -4.490000e+00
    endloop
  endfacet
  facet normal 1.268826e-16 4.022810e-18 1.000000e+00
    outer loop
      vertex   -5.181241e+01 -1.512448e+02 -4.490000e+00
      vertex   -3.811440e+01 -1.417196e+02 -4.490000e+00
      vertex   -5.211440e+01 -1.417196e+02 -4.490000e+00
    endloop
  endfacet
  facet normal 2.027309e-16 -8.397391e-17 1.000000e+00
    outer loop
      vertex   -3.631327e+01 -1.479481e+02 -4.490000e+00
      vertex   -3.620338e+01 -1.476828e+02 -4.490000e+00
      vertex   -3.811440e+01 -1.417196e+02 -4.490000e+00
    endloop
  endfacet
  facet normal 1.369217e-16 -1.050637e-16 1.000000e+00
    outer loop
      vertex   -3.811440e+01 -1.417196e+02 -4.490000e+00
      vertex   -3.620338e+01 -1.476828e+02 -4.490000e+00
      vertex   -3.602857e+01 -1.474550e+02 -4.490000e+00
    endloop
  endfacet
  facet normal 9.290231e-17 -1.210727e-16 1.000000e+00
    outer loop
      vertex   -3.811440e+01 -1.417196e+02 -4.490000e+00
      vertex   -3.602857e+01 -1.474550e+02 -4.490000e+00
      vertex   -3.580075e+01 -1.472802e+02 -4.490000e+00
    endloop
  endfacet
  facet normal 5.643496e-17 -1.362460e-16 1.000000e+00
    outer loop
      vertex   -3.580075e+01 -1.472802e+02 -4.490000e+00
      vertex   -3.553545e+01 -1.471703e+02 -4.490000e+00
      vertex   -3.811440e+01 -1.417196e+02 -4.490000e+00
    endloop
  endfacet
  facet normal 2.019456e-17 -1.533929e-16 1.000000e+00
    outer loop
      vertex   -3.811440e+01 -1.417196e+02 -4.490000e+00
      vertex   -3.553545e+01 -1.471703e+02 -4.490000e+00
      vertex   -3.525075e+01 -1.471328e+02 -4.490000e+00
    endloop
  endfacet
  facet normal -2.321807e-17 -1.763587e-16 1.000000e+00
    outer loop
      vertex   -3.811440e+01 -1.417196e+02 -4.490000e+00
      vertex   -3.525075e+01 -1.471328e+02 -4.490000e+00
      vertex   -3.496605e+01 -1.471703e+02 -4.490000e+00
    endloop
  endfacet
  facet normal -8.872220e-17 -2.141943e-16 1.000000e+00
    outer loop
      vertex   -3.496605e+01 -1.471703e+02 -4.490000e+00
      vertex   -3.470075e+01 -1.472802e+02 -4.490000e+00
      vertex   -3.811440e+01 -1.417196e+02 -4.490000e+00
    endloop
  endfacet
  facet normal 2.067798e-16 -3.278500e-17 1.000000e+00
    outer loop
      vertex   -3.811440e+01 -1.417196e+02 -4.490000e+00
      vertex   -3.470075e+01 -1.472802e+02 -4.490000e+00
      vertex   -3.306400e+01 -1.369570e+02 -4.490000e+00
    endloop
  endfacet
  facet normal 1.758630e-16 -0.000000e+00 1.000000e+00
    outer loop
      vertex   -3.811440e+01 -1.417196e+02 -4.490000e+00
      vertex   -3.306400e+01 -1.369570e+02 -4.490000e+00
      vertex   -3.811440e+01 -1.277196e+02 -4.490000e+00
    endloop
  endfacet
  facet normal 1.758630e-16 0.000000e+00 1.000000e+00
    outer loop
      vertex   -3.811440e+01 -1.277196e+02 -4.490000e+00
      vertex   -3.306400e+01 -1.369570e+02 -4.490000e+00
      vertex   -3.306400e+01 -1.229570e+02 -4.490000e+00
    endloop
  endfacet
  facet normal 1.146396e-16 6.492313e-17 1.000000e+00
    outer loop
      vertex   -3.811440e+01 -1.277196e+02 -4.490000e+00
      vertex   -3.306400e+01 -1.229570e+02 -4.490000e+00
      vertex   -4.058358e+01 -1.233596e+02 -4.490000e+00
    endloop
  endfacet
  facet normal 1.207944e-16 -5.003469e-17 1.000000e+00
    outer loop
      vertex   -4.058358e+01 -1.233596e+02 -4.490000e+00
      vertex   -3.306400e+01 -1.229570e+02 -4.490000e+00
      vertex   -4.047369e+01 -1.230943e+02 -4.490000e+00
    endloop
  endfacet
  facet normal 1.201604e-16 -1.581942e-17 1.000000e+00
    outer loop
      vertex   -4.047369e+01 -1.230943e+02 -4.490000e+00
      vertex   -3.306400e+01 -1.229570e+02 -4.490000e+00
      vertex   -4.043620e+01 -1.228096e+02 -4.490000e+00
    endloop
  endfacet
  facet normal 1.207947e-16 1.590292e-17 1.000000e+00
    outer loop
      vertex   -4.043620e+01 -1.228096e+02 -4.490000e+00
      vertex   -3.306400e+01 -1.229570e+02 -4.490000e+00
      vertex   -4.047369e+01 -1.225249e+02 -4.490000e+00
    endloop
  endfacet
  facet normal 1.228344e-16 5.087966e-17 1.000000e+00
    outer loop
      vertex   -4.047369e+01 -1.225249e+02 -4.490000e+00
      vertex   -3.306400e+01 -1.229570e+02 -4.490000e+00
      vertex   -4.058358e+01 -1.222596e+02 -4.490000e+00
    endloop
  endfacet
  facet normal 1.271653e-16 9.757740e-17 1.000000e+00
    outer loop
      vertex   -4.058358e+01 -1.222596e+02 -4.490000e+00
      vertex   -3.306400e+01 -1.229570e+02 -4.490000e+00
      vertex   -4.075839e+01 -1.220318e+02 -4.490000e+00
    endloop
  endfacet
  facet normal 1.043179e-16 -9.242862e-17 1.000000e+00
    outer loop
      vertex   -4.075839e+01 -1.220318e+02 -4.490000e+00
      vertex   -3.306400e+01 -1.229570e+02 -4.490000e+00
      vertex   -2.858921e+01 -1.179066e+02 -4.490000e+00
    endloop
  endfacet
  facet normal 6.344132e-17 2.815619e-17 1.000000e+00
    outer loop
      vertex   -4.075839e+01 -1.220318e+02 -4.490000e+00
      vertex   -2.858921e+01 -1.179066e+02 -4.490000e+00
      vertex   -4.258920e+01 -1.179066e+02 -4.490000e+00
    endloop
  endfacet
  facet normal -0.000000e+00 0.000000e+00 1.000000e+00
    outer loop
      vertex   -3.470075e+01 -1.472802e+02 -4.490000e+00
      vertex   -3.447293e+01 -1.474550e+02 -4.490000e+00
      vertex   -3.306400e+01 -1.369570e+02 -4.490000e+00
    endloop
  endfacet
  facet normal 6.344132e-17 -8.514404e-18 1.000000e+00
    outer loop
      vertex   -3.306400e+01 -1.369570e+02 -4.490000e+00
      vertex   -3.447293e+01 -1.474550e+02 -4.490000e+00
      vertex   -1.906400e+01 -1.369570e+02 -4.490000e+00
    endloop
  endfacet
  facet normal 3.785230e-17 2.904509e-17 1.000000e+00
    outer loop
      vertex   -1.906400e+01 -1.369570e+02 -4.490000e+00
      vertex   -3.447293e+01 -1.474550e+02 -4.490000e+00
      vertex   -3.429812e+01 -1.476828e+02 -4.490000e+00
    endloop
  endfacet
  facet normal 4.513814e-17 1.869683e-17 1.000000e+00
    outer loop
      vertex   -1.906400e+01 -1.369570e+02 -4.490000e+00
      vertex   -3.429812e+01 -1.476828e+02 -4.490000e+00
      vertex   -3.418823e+01 -1.479481e+02 -4.490000e+00
    endloop
  endfacet
  facet normal 9.514224e-17 1.252571e-17 1.000000e+00
    outer loop
      vertex   -1.549280e+01 -5.185218e+01 -4.490000e+00
      vertex   -1.545532e+01 -5.213688e+01 -4.490000e+00
      vertex   -6.514835e+00 -4.913819e+01 -4.490000e+00
    endloop
  endfacet
  facet normal 1.039328e-16 -1.368302e-17 1.000000e+00
    outer loop
      vertex   -6.514835e+00 -4.913819e+01 -4.490000e+00
      vertex   -1.545532e+01 -5.213688e+01 -4.490000e+00
      vertex   -1.549280e+01 -5.242158e+01 -4.490000e+00
    endloop
  endfacet
  facet normal 7.333826e-17 6.997332e-17 1.000000e+00
    outer loop
      vertex   -6.514835e+00 -4.913819e+01 -4.490000e+00
      vertex   -1.549280e+01 -5.242158e+01 -4.490000e+00
      vertex   -9.538806e+00 -5.866190e+01 -4.490000e+00
    endloop
  endfacet
  facet normal 0.000000e+00 0.000000e+00 1.000000e+00
    outer loop
      vertex   -9.538806e+00 -5.866190e+01 -4.490000e+00
      vertex   -1.549280e+01 -5.242158e+01 -4.490000e+00
      vertex   -1.560269e+01 -5.268688e+01 -4.490000e+00
    endloop
  endfacet
  facet normal 0.000000e+00 0.000000e+00 1.000000e+00
    outer loop
      vertex   -9.538806e+00 -5.866190e+01 -4.490000e+00
      vertex   -1.560269e+01 -5.268688e+01 -4.490000e+00
      vertex   -1.577750e+01 -5.291470e+01 -4.490000e+00
    endloop
  endfacet
  facet normal 0.000000e+00 0.000000e+00 1.000000e+00
    outer loop
      vertex   -1.577750e+01 -5.291470e+01 -4.490000e+00
      vertex   -1.600532e+01 -5.308951e+01 -4.490000e+00
      vertex   -9.538806e+00 -5.866190e+01 -4.490000e+00
    endloop
  endfacet
  facet normal 0.000000e+00 0.000000e+00 1.000000e+00
    outer loop
      vertex   -9.538806e+00 -5.866190e+01 -4.490000e+00
      vertex   -1.600532e+01 -5.308951e+01 -4.490000e+00
      vertex   -1.627062e+01 -5.319940e+01 -4.490000e+00
    endloop
  endfacet
  facet normal 0.000000e+00 0.000000e+00 1.000000e+00
    outer loop
      vertex   -9.538806e+00 -5.866190e+01 -4.490000e+00
      vertex   -1.627062e+01 -5.319940e+01 -4.490000e+00
      vertex   -1.655532e+01 -5.323688e+01 -4.490000e+00
    endloop
  endfacet
  facet normal 6.344132e-17 8.205262e-17 1.000000e+00
    outer loop
      vertex   -9.538806e+00 -5.866190e+01 -4.490000e+00
      vertex   -1.655532e+01 -5.323688e+01 -4.490000e+00
      vertex   -2.353881e+01 -5.866190e+01 -4.490000e+00
    endloop
  endfacet
  facet normal 1.843054e-17 1.399939e-16 1.000000e+00
    outer loop
      vertex   -2.353881e+01 -5.866190e+01 -4.490000e+00
      vertex   -1.655532e+01 -5.323688e+01 -4.490000e+00
      vertex   -1.684002e+01 -5.319940e+01 -4.490000e+00
    endloop
  endfacet
  facet normal 4.466256e-17 1.078249e-16 1.000000e+00
    outer loop
      vertex   -2.353881e+01 -5.866190e+01 -4.490000e+00
      vertex   -1.684002e+01 -5.319940e+01 -4.490000e+00
      vertex   -1.710532e+01 -5.308951e+01 -4.490000e+00
    endloop
  endfacet
  facet normal 6.485154e-17 8.451617e-17 1.000000e+00
    outer loop
      vertex   -1.710532e+01 -5.308951e+01 -4.490000e+00
      vertex   -1.733314e+01 -5.291470e+01 -4.490000e+00
      vertex   -2.353881e+01 -5.866190e+01 -4.490000e+00
    endloop
  endfacet
  facet normal 8.366688e-17 6.419986e-17 1.000000e+00
    outer loop
      vertex   -2.353881e+01 -5.866190e+01 -4.490000e+00
      vertex   -1.733314e+01 -5.291470e+01 -4.490000e+00
      vertex   -1.750795e+01 -5.268688e+01 -4.490000e+00
    endloop
  endfacet
  facet normal 1.044204e-16 4.325235e-17 1.000000e+00
    outer loop
      vertex   -2.353881e+01 -5.866190e+01 -4.490000e+00
      vertex   -1.750795e+01 -5.268688e+01 -4.490000e+00
      vertex   -1.761784e+01 -5.242158e+01 -4.490000e+00
    endloop
  endfacet
  facet normal 1.844384e-16 -3.267072e-17 1.000000e+00
    outer loop
      vertex   -2.353881e+01 -5.866190e+01 -4.490000e+00
      vertex   -1.761784e+01 -5.242158e+01 -4.490000e+00
      vertex   -2.666693e+01 -4.913557e+01 -4.490000e+00
    endloop
  endfacet
  facet normal 2.061580e-16 2.714121e-17 1.000000e+00
    outer loop
      vertex   -2.666693e+01 -4.913557e+01 -4.490000e+00
      vertex   -1.761784e+01 -5.242158e+01 -4.490000e+00
      vertex   -1.765532e+01 -5.213688e+01 -4.490000e+00
    endloop
  endfacet
  facet normal 1.888386e-16 -2.486108e-17 1.000000e+00
    outer loop
      vertex   -2.666693e+01 -4.913557e+01 -4.490000e+00
      vertex   -1.765532e+01 -5.213688e+01 -4.490000e+00
      vertex   -1.761784e+01 -5.185218e+01 -4.490000e+00
    endloop
  endfacet
  facet normal 1.745916e-16 -7.231822e-17 1.000000e+00
    outer loop
      vertex   -1.761784e+01 -5.185218e+01 -4.490000e+00
      vertex   -1.750795e+01 -5.158688e+01 -4.490000e+00
      vertex   -2.666693e+01 -4.913557e+01 -4.490000e+00
    endloop
  endfacet
  facet normal 1.609027e-16 -1.234650e-16 1.000000e+00
    outer loop
      vertex   -2.666693e+01 -4.913557e+01 -4.490000e+00
      vertex   -1.750795e+01 -5.158688e+01 -4.490000e+00
      vertex   -1.733314e+01 -5.135907e+01 -4.490000e+00
    endloop
  endfacet
  facet normal 1.452279e-16 -1.892647e-16 1.000000e+00
    outer loop
      vertex   -2.666693e+01 -4.913557e+01 -4.490000e+00
      vertex   -1.733314e+01 -5.135907e+01 -4.490000e+00
      vertex   -1.710532e+01 -5.118426e+01 -4.490000e+00
    endloop
  endfacet
  facet normal 1.224434e-16 -2.956045e-16 1.000000e+00
    outer loop
      vertex   -1.710532e+01 -5.118426e+01 -4.490000e+00
      vertex   -1.684002e+01 -5.107437e+01 -4.490000e+00
      vertex   -2.666693e+01 -4.913557e+01 -4.490000e+00
    endloop
  endfacet
  facet normal 7.234631e-17 -5.495248e-16 1.000000e+00
    outer loop
      vertex   -2.666693e+01 -4.913557e+01 -4.490000e+00
      vertex   -1.684002e+01 -5.107437e+01 -4.490000e+00
      vertex   -1.655532e+01 -5.103688e+01 -4.490000e+00
    endloop
  endfacet
  facet normal 1.321912e-16 -2.312562e-16 1.000000e+00
    outer loop
      vertex   -2.666693e+01 -4.913557e+01 -4.490000e+00
      vertex   -1.655532e+01 -5.103688e+01 -4.490000e+00
      vertex   -6.514835e+00 -4.913819e+01 -4.490000e+00
    endloop
  endfacet
  facet normal 3.630774e-17 2.757847e-16 1.000000e+00
    outer loop
      vertex   -6.514835e+00 -4.913819e+01 -4.490000e+00
      vertex   -1.655532e+01 -5.103688e+01 -4.490000e+00
      vertex   -1.627062e+01 -5.107437e+01 -4.490000e+00
    endloop
  endfacet
  facet normal 6.155028e-17 1.485955e-16 1.000000e+00
    outer loop
      vertex   -6.514835e+00 -4.913819e+01 -4.490000e+00
      vertex   -1.627062e+01 -5.107437e+01 -4.490000e+00
      vertex   -1.600532e+01 -5.118426e+01 -4.490000e+00
    endloop
  endfacet
  facet normal 7.305919e-17 9.521259e-17 1.000000e+00
    outer loop
      vertex   -1.600532e+01 -5.118426e+01 -4.490000e+00
      vertex   -1.577750e+01 -5.135907e+01 -4.490000e+00
      vertex   -6.514835e+00 -4.913819e+01 -4.490000e+00
    endloop
  endfacet
  facet normal 8.098789e-17 6.214419e-17 1.000000e+00
    outer loop
      vertex   -6.514835e+00 -4.913819e+01 -4.490000e+00
      vertex   -1.577750e+01 -5.135907e+01 -4.490000e+00
      vertex   -1.560269e+01 -5.158688e+01 -4.490000e+00
    endloop
  endfacet
  facet normal 8.791985e-17 3.641759e-17 1.000000e+00
    outer loop
      vertex   -6.514835e+00 -4.913819e+01 -4.490000e+00
      vertex   -1.560269e+01 -5.158688e+01 -4.490000e+00
      vertex   -1.549280e+01 -5.185218e+01 -4.490000e+00
    endloop
  endfacet
  facet normal 1.265860e-16 1.666536e-17 1.000000e+00
    outer loop
      vertex   -8.629528e+01 -1.681711e+02 -4.490000e+00
      vertex   -8.624076e+01 -1.685852e+02 -4.490000e+00
      vertex   -5.338317e+01 -1.516889e+02 -4.490000e+00
    endloop
  endfacet
  facet normal 1.449702e-16 -1.908569e-17 1.000000e+00
    outer loop
      vertex   -5.338317e+01 -1.516889e+02 -4.490000e+00
      vertex   -8.624076e+01 -1.685852e+02 -4.490000e+00
      vertex   -8.629528e+01 -1.689993e+02 -4.490000e+00
    endloop
  endfacet
  facet normal 1.381969e-16 -6.207689e-18 1.000000e+00
    outer loop
      vertex   -5.338317e+01 -1.516889e+02 -4.490000e+00
      vertex   -8.629528e+01 -1.689993e+02 -4.490000e+00
      vertex   -8.642998e+01 -1.719982e+02 -4.490000e+00
    endloop
  endfacet
  facet normal 0.000000e+00 -0.000000e+00 1.000000e+00
    outer loop
      vertex   -8.642998e+01 -1.719982e+02 -4.490000e+00
      vertex   -8.629528e+01 -1.689993e+02 -4.490000e+00
      vertex   -8.645512e+01 -1.693852e+02 -4.490000e+00
    endloop
  endfacet
  facet normal 0.000000e+00 0.000000e+00 1.000000e+00
    outer loop
      vertex   -8.642998e+01 -1.719982e+02 -4.490000e+00
      vertex   -8.645512e+01 -1.693852e+02 -4.490000e+00
      vertex   -8.670939e+01 -1.697166e+02 -4.490000e+00
    endloop
  endfacet
  facet normal 0.000000e+00 0.000000e+00 1.000000e+00
    outer loop
      vertex   -8.670939e+01 -1.697166e+02 -4.490000e+00
      vertex   -8.704076e+01 -1.699708e+02 -4.490000e+00
      vertex   -8.642998e+01 -1.719982e+02 -4.490000e+00
    endloop
  endfacet
  facet normal 0.000000e+00 0.000000e+00 1.000000e+00
    outer loop
      vertex   -8.642998e+01 -1.719982e+02 -4.490000e+00
      vertex   -8.704076e+01 -1.699708e+02 -4.490000e+00
      vertex   -8.742665e+01 -1.701307e+02 -4.490000e+00
    endloop
  endfacet
  facet normal 0.000000e+00 0.000000e+00 1.000000e+00
    outer loop
      vertex   -8.642998e+01 -1.719982e+02 -4.490000e+00
      vertex   -8.742665e+01 -1.701307e+02 -4.490000e+00
      vertex   -8.784076e+01 -1.701852e+02 -4.490000e+00
    endloop
  endfacet
  facet normal 0.000000e+00 0.000000e+00 1.000000e+00
    outer loop
      vertex   -8.825487e+01 -1.701307e+02 -4.490000e+00
      vertex   -8.925068e+01 -1.721695e+02 -4.490000e+00
      vertex   -8.784076e+01 -1.701852e+02 -4.490000e+00
    endloop
  endfacet
  facet normal 0.000000e+00 0.000000e+00 1.000000e+00
    outer loop
      vertex   -8.784076e+01 -1.701852e+02 -4.490000e+00
      vertex   -8.925068e+01 -1.721695e+02 -4.490000e+00
      vertex   -8.855125e+01 -1.723913e+02 -4.490000e+00
    endloop
  endfacet
  facet normal 0.000000e+00 0.000000e+00 1.000000e+00
    outer loop
      vertex   -8.784076e+01 -1.701852e+02 -4.490000e+00
      vertex   -8.855125e+01 -1.723913e+02 -4.490000e+00
      vertex   -8.781890e+01 -1.724368e+02 -4.490000e+00
    endloop
  endfacet
  facet normal 1.828326e-16 4.413970e-16 1.000000e+00
    outer loop
      vertex   -8.864076e+01 -1.699708e+02 -4.490000e+00
      vertex   -9.038783e+01 -1.712594e+02 -4.490000e+00
      vertex   -8.825487e+01 -1.701307e+02 -4.490000e+00
    endloop
  endfacet
  facet normal 8.648019e-16 -8.473602e-16 1.000000e+00
    outer loop
      vertex   -8.825487e+01 -1.701307e+02 -4.490000e+00
      vertex   -9.038783e+01 -1.712594e+02 -4.490000e+00
      vertex   -8.987533e+01 -1.717845e+02 -4.490000e+00
    endloop
  endfacet
  facet normal 0.000000e+00 0.000000e+00 1.000000e+00
    outer loop
      vertex   -8.825487e+01 -1.701307e+02 -4.490000e+00
      vertex   -8.987533e+01 -1.717845e+02 -4.490000e+00
      vertex   -8.925068e+01 -1.721695e+02 -4.490000e+00
    endloop
  endfacet
  facet normal 2.592217e-16 3.378242e-16 1.000000e+00
    outer loop
      vertex   -8.864076e+01 -1.699708e+02 -4.490000e+00
      vertex   -8.897213e+01 -1.697166e+02 -4.490000e+00
      vertex   -9.038783e+01 -1.712594e+02 -4.490000e+00
    endloop
  endfacet
  facet normal 3.416675e-16 2.621707e-16 1.000000e+00
    outer loop
      vertex   -9.038783e+01 -1.712594e+02 -4.490000e+00
      vertex   -8.897213e+01 -1.697166e+02 -4.490000e+00
      vertex   -8.922640e+01 -1.693852e+02 -4.490000e+00
    endloop
  endfacet
  facet normal 4.583572e-16 1.898578e-16 1.000000e+00
    outer loop
      vertex   -9.038783e+01 -1.712594e+02 -4.490000e+00
      vertex   -8.922640e+01 -1.693852e+02 -4.490000e+00
      vertex   -8.938624e+01 -1.689993e+02 -4.490000e+00
    endloop
  endfacet
  facet normal 6.836686e-16 9.000667e-17 1.000000e+00
    outer loop
      vertex   -8.938624e+01 -1.689993e+02 -4.490000e+00
      vertex   -8.944076e+01 -1.685852e+02 -4.490000e+00
      vertex   -9.038783e+01 -1.712594e+02 -4.490000e+00
    endloop
  endfacet
  facet normal 1.492708e-15 -1.965187e-16 1.000000e+00
    outer loop
      vertex   -9.038783e+01 -1.712594e+02 -4.490000e+00
      vertex   -8.944076e+01 -1.685852e+02 -4.490000e+00
      vertex   -8.938624e+01 -1.681711e+02 -4.490000e+00
    endloop
  endfacet
  facet normal 3.220783e-16 1.831394e-16 1.000000e+00
    outer loop
      vertex   -9.038783e+01 -1.712594e+02 -4.490000e+00
      vertex   -8.938624e+01 -1.681711e+02 -4.490000e+00
      vertex   -1.121858e+02 -1.426239e+02 -4.490000e+00
    endloop
  endfacet
  facet normal 1.158238e-16 -9.319818e-19 1.000000e+00
    outer loop
      vertex   -1.121858e+02 -1.426239e+02 -4.490000e+00
      vertex   -8.938624e+01 -1.681711e+02 -4.490000e+00
      vertex   -8.929616e+01 -1.569767e+02 -4.490000e+00
    endloop
  endfacet
  facet normal 1.269777e-16 1.685608e-17 1.000000e+00
    outer loop
      vertex   -1.121858e+02 -1.426239e+02 -4.490000e+00
      vertex   -8.929616e+01 -1.569767e+02 -4.490000e+00
      vertex   -9.777028e+01 -1.458326e+02 -4.490000e+00
    endloop
  endfacet
  facet normal 0.000000e+00 0.000000e+00 1.000000e+00
    outer loop
      vertex   -8.938624e+01 -1.681711e+02 -4.490000e+00
      vertex   -8.922640e+01 -1.677852e+02 -4.490000e+00
      vertex   -8.929616e+01 -1.569767e+02 -4.490000e+00
    endloop
  endfacet
  facet normal 0.000000e+00 0.000000e+00 1.000000e+00
    outer loop
      vertex   -8.929616e+01 -1.569767e+02 -4.490000e+00
      vertex   -8.922640e+01 -1.677852e+02 -4.490000e+00
      vertex   -8.897213e+01 -1.674538e+02 -4.490000e+00
    endloop
  endfacet
  facet normal 0.000000e+00 0.000000e+00 1.000000e+00
    outer loop
      vertex   -8.929616e+01 -1.569767e+02 -4.490000e+00
      vertex   -8.897213e+01 -1.674538e+02 -4.490000e+00
      vertex   -8.864076e+01 -1.671996e+02 -4.490000e+00
    endloop
  endfacet
  facet normal 0.000000e+00 -0.000000e+00 1.000000e+00
    outer loop
      vertex   -8.864076e+01 -1.671996e+02 -4.490000e+00
      vertex   -8.825487e+01 -1.670397e+02 -4.490000e+00
      vertex   -8.929616e+01 -1.569767e+02 -4.490000e+00
    endloop
  endfacet
  facet normal 0.000000e+00 0.000000e+00 1.000000e+00
    outer loop
      vertex   -8.929616e+01 -1.569767e+02 -4.490000e+00
      vertex   -8.825487e+01 -1.670397e+02 -4.490000e+00
      vertex   -8.784076e+01 -1.669852e+02 -4.490000e+00
    endloop
  endfacet
  facet normal 0.000000e+00 0.000000e+00 1.000000e+00
    outer loop
      vertex   -8.929616e+01 -1.569767e+02 -4.490000e+00
      vertex   -8.784076e+01 -1.669852e+02 -4.490000e+00
      vertex   -8.742665e+01 -1.670397e+02 -4.490000e+00
    endloop
  endfacet
  facet normal -0.000000e+00 -0.000000e+00 1.000000e+00
    outer loop
      vertex   -8.742665e+01 -1.670397e+02 -4.490000e+00
      vertex   -8.704076e+01 -1.671996e+02 -4.490000e+00
      vertex   -8.929616e+01 -1.569767e+02 -4.490000e+00
    endloop
  endfacet
  facet normal 0.000000e+00 0.000000e+00 1.000000e+00
    outer loop
      vertex   -8.929616e+01 -1.569767e+02 -4.490000e+00
      vertex   -8.704076e+01 -1.671996e+02 -4.490000e+00
      vertex   -8.670939e+01 -1.674538e+02 -4.490000e+00
    endloop
  endfacet
  facet normal 6.710191e-17 1.656725e-17 1.000000e+00
    outer loop
      vertex   -8.929616e+01 -1.569767e+02 -4.490000e+00
      vertex   -8.670939e+01 -1.674538e+02 -4.490000e+00
      vertex   -7.815213e+01 -1.485026e+02 -4.490000e+00
    endloop
  endfacet
  facet normal 3.845083e-17 2.950436e-17 1.000000e+00
    outer loop
      vertex   -7.815213e+01 -1.485026e+02 -4.490000e+00
      vertex   -8.670939e+01 -1.674538e+02 -4.490000e+00
      vertex   -8.645512e+01 -1.677852e+02 -4.490000e+00
    endloop
  endfacet
  facet normal 1.415203e-16 -1.487673e-17 1.000000e+00
    outer loop
      vertex   -7.815213e+01 -1.485026e+02 -4.490000e+00
      vertex   -8.645512e+01 -1.677852e+02 -4.490000e+00
      vertex   -5.338317e+01 -1.516889e+02 -4.490000e+00
    endloop
  endfacet
  facet normal 1.117508e-16 4.628869e-17 1.000000e+00
    outer loop
      vertex   -5.338317e+01 -1.516889e+02 -4.490000e+00
      vertex   -8.645512e+01 -1.677852e+02 -4.490000e+00
      vertex   -8.629528e+01 -1.681711e+02 -4.490000e+00
    endloop
  endfacet
  facet normal 0.000000e+00 0.000000e+00 1.000000e+00
    outer loop
      vertex   -8.662758e+01 -6.428655e+01 -4.490000e+00
      vertex   -8.657307e+01 -6.470066e+01 -4.490000e+00
      vertex   -8.138042e+01 -6.527069e+01 -4.490000e+00
    endloop
  endfacet
  facet normal 0.000000e+00 0.000000e+00 1.000000e+00
    outer loop
      vertex   -8.138042e+01 -6.527069e+01 -4.490000e+00
      vertex   -8.657307e+01 -6.470066e+01 -4.490000e+00
      vertex   -8.662758e+01 -6.511477e+01 -4.490000e+00
    endloop
  endfacet
  facet normal 0.000000e+00 0.000000e+00 1.000000e+00
    outer loop
      vertex   -8.138042e+01 -6.527069e+01 -4.490000e+00
      vertex   -8.662758e+01 -6.511477e+01 -4.490000e+00
      vertex   -8.288381e+01 -6.753575e+01 -4.490000e+00
    endloop
  endfacet
  facet normal 0.000000e+00 0.000000e+00 1.000000e+00
    outer loop
      vertex   -8.288381e+01 -6.753575e+01 -4.490000e+00
      vertex   -8.662758e+01 -6.511477e+01 -4.490000e+00
      vertex   -8.678742e+01 -6.550066e+01 -4.490000e+00
    endloop
  endfacet
  facet normal 0.000000e+00 0.000000e+00 1.000000e+00
    outer loop
      vertex   -8.288381e+01 -6.753575e+01 -4.490000e+00
      vertex   -8.678742e+01 -6.550066e+01 -4.490000e+00
      vertex   -8.336617e+01 -6.773555e+01 -4.490000e+00
    endloop
  endfacet
  facet normal 0.000000e+00 0.000000e+00 1.000000e+00
    outer loop
      vertex   -8.336617e+01 -6.773555e+01 -4.490000e+00
      vertex   -8.678742e+01 -6.550066e+01 -4.490000e+00
      vertex   -8.704169e+01 -6.583203e+01 -4.490000e+00
    endloop
  endfacet
  facet normal 0.000000e+00 0.000000e+00 1.000000e+00
    outer loop
      vertex   -8.336617e+01 -6.773555e+01 -4.490000e+00
      vertex   -8.704169e+01 -6.583203e+01 -4.490000e+00
      vertex   -8.378038e+01 -6.805338e+01 -4.490000e+00
    endloop
  endfacet
  facet normal 0.000000e+00 0.000000e+00 1.000000e+00
    outer loop
      vertex   -8.378038e+01 -6.805338e+01 -4.490000e+00
      vertex   -8.704169e+01 -6.583203e+01 -4.490000e+00
      vertex   -8.737307e+01 -6.608630e+01 -4.490000e+00
    endloop
  endfacet
  facet normal 0.000000e+00 0.000000e+00 1.000000e+00
    outer loop
      vertex   -8.378038e+01 -6.805338e+01 -4.490000e+00
      vertex   -8.737307e+01 -6.608630e+01 -4.490000e+00
      vertex   -8.409822e+01 -6.846760e+01 -4.490000e+00
    endloop
  endfacet
  facet normal 0.000000e+00 0.000000e+00 1.000000e+00
    outer loop
      vertex   -8.409822e+01 -6.846760e+01 -4.490000e+00
      vertex   -8.737307e+01 -6.608630e+01 -4.490000e+00
      vertex   -8.775895e+01 -6.624614e+01 -4.490000e+00
    endloop
  endfacet
  facet normal 0.000000e+00 0.000000e+00 1.000000e+00
    outer loop
      vertex   -8.409822e+01 -6.846760e+01 -4.490000e+00
      vertex   -8.775895e+01 -6.624614e+01 -4.490000e+00
      vertex   -8.429802e+01 -6.894996e+01 -4.490000e+00
    endloop
  endfacet
  facet normal 0.000000e+00 0.000000e+00 1.000000e+00
    outer loop
      vertex   -8.429802e+01 -6.894996e+01 -4.490000e+00
      vertex   -8.775895e+01 -6.624614e+01 -4.490000e+00
      vertex   -8.817307e+01 -6.630066e+01 -4.490000e+00
    endloop
  endfacet
  facet normal 0.000000e+00 0.000000e+00 1.000000e+00
    outer loop
      vertex   -8.429802e+01 -6.894996e+01 -4.490000e+00
      vertex   -8.817307e+01 -6.630066e+01 -4.490000e+00
      vertex   -8.436617e+01 -6.946760e+01 -4.490000e+00
    endloop
  endfacet
  facet normal 0.000000e+00 0.000000e+00 1.000000e+00
    outer loop
      vertex   -8.436617e+01 -6.946760e+01 -4.490000e+00
      vertex   -8.817307e+01 -6.630066e+01 -4.490000e+00
      vertex   -8.858718e+01 -6.624614e+01 -4.490000e+00
    endloop
  endfacet
  facet normal 0.000000e+00 0.000000e+00 1.000000e+00
    outer loop
      vertex   -8.436617e+01 -6.946760e+01 -4.490000e+00
      vertex   -8.858718e+01 -6.624614e+01 -4.490000e+00
      vertex   -8.897307e+01 -6.608630e+01 -4.490000e+00
    endloop
  endfacet
  facet normal 0.000000e+00 0.000000e+00 1.000000e+00
    outer loop
      vertex   -8.436617e+01 -6.946760e+01 -4.490000e+00
      vertex   -8.897307e+01 -6.608630e+01 -4.490000e+00
      vertex   -8.436617e+01 -8.999363e+01 -4.490000e+00
    endloop
  endfacet
  facet normal 0.000000e+00 0.000000e+00 1.000000e+00
    outer loop
      vertex   -8.436617e+01 -8.999363e+01 -4.490000e+00
      vertex   -8.897307e+01 -6.608630e+01 -4.490000e+00
      vertex   -8.930444e+01 -6.583203e+01 -4.490000e+00
    endloop
  endfacet
  facet normal 3.997414e-16 8.170114e-17 1.000000e+00
    outer loop
      vertex   -8.436617e+01 -8.999363e+01 -4.490000e+00
      vertex   -8.930444e+01 -6.583203e+01 -4.490000e+00
      vertex   -9.190681e+01 -6.397040e+01 -4.490000e+00
    endloop
  endfacet
  facet normal 7.566088e-16 5.805663e-16 1.000000e+00
    outer loop
      vertex   -9.190681e+01 -6.397040e+01 -4.490000e+00
      vertex   -8.930444e+01 -6.583203e+01 -4.490000e+00
      vertex   -8.955871e+01 -6.550066e+01 -4.490000e+00
    endloop
  endfacet
  facet normal 5.181154e-16 2.146104e-16 1.000000e+00
    outer loop
      vertex   -9.190681e+01 -6.397040e+01 -4.490000e+00
      vertex   -8.955871e+01 -6.550066e+01 -4.490000e+00
      vertex   -8.971855e+01 -6.511477e+01 -4.490000e+00
    endloop
  endfacet
  facet normal 4.358940e-16 5.738653e-17 1.000000e+00
    outer loop
      vertex   -8.971855e+01 -6.511477e+01 -4.490000e+00
      vertex   -8.977307e+01 -6.470066e+01 -4.490000e+00
      vertex   -9.190681e+01 -6.397040e+01 -4.490000e+00
    endloop
  endfacet
  facet normal 3.983073e-16 -5.243815e-17 1.000000e+00
    outer loop
      vertex   -9.190681e+01 -6.397040e+01 -4.490000e+00
      vertex   -8.977307e+01 -6.470066e+01 -4.490000e+00
      vertex   -8.971855e+01 -6.428655e+01 -4.490000e+00
    endloop
  endfacet
  facet normal 3.829654e-16 -1.586295e-16 1.000000e+00
    outer loop
      vertex   -9.190681e+01 -6.397040e+01 -4.490000e+00
      vertex   -8.971855e+01 -6.428655e+01 -4.490000e+00
      vertex   -8.955871e+01 -6.390066e+01 -4.490000e+00
    endloop
  endfacet
  facet normal 3.398921e-16 1.291564e-15 1.000000e+00
    outer loop
      vertex   -9.190681e+01 -6.397040e+01 -4.490000e+00
      vertex   -8.955871e+01 -6.390066e+01 -4.490000e+00
      vertex   -9.183213e+01 -6.330238e+01 -4.490000e+00
    endloop
  endfacet
  facet normal 0.000000e+00 0.000000e+00 1.000000e+00
    outer loop
      vertex   -9.183213e+01 -6.330238e+01 -4.490000e+00
      vertex   -8.955871e+01 -6.390066e+01 -4.490000e+00
      vertex   -8.930444e+01 -6.356929e+01 -4.490000e+00
    endloop
  endfacet
  facet normal -0.000000e+00 0.000000e+00 1.000000e+00
    outer loop
      vertex   -9.183213e+01 -6.330238e+01 -4.490000e+00
      vertex   -8.930444e+01 -6.356929e+01 -4.490000e+00
      vertex   -9.161058e+01 -6.266775e+01 -4.490000e+00
    endloop
  endfacet
  facet normal -0.000000e+00 0.000000e+00 1.000000e+00
    outer loop
      vertex   -9.161058e+01 -6.266775e+01 -4.490000e+00
      vertex   -8.930444e+01 -6.356929e+01 -4.490000e+00
      vertex   -9.125330e+01 -6.209838e+01 -4.490000e+00
    endloop
  endfacet
  facet normal 0.000000e+00 0.000000e+00 1.000000e+00
    outer loop
      vertex   -9.125330e+01 -6.209838e+01 -4.490000e+00
      vertex   -8.930444e+01 -6.356929e+01 -4.490000e+00
      vertex   -8.897307e+01 -6.331502e+01 -4.490000e+00
    endloop
  endfacet
  facet normal -0.000000e+00 0.000000e+00 1.000000e+00
    outer loop
      vertex   -9.125330e+01 -6.209838e+01 -4.490000e+00
      vertex   -8.897307e+01 -6.331502e+01 -4.490000e+00
      vertex   -9.077822e+01 -6.162285e+01 -4.490000e+00
    endloop
  endfacet
  facet normal 0.000000e+00 0.000000e+00 1.000000e+00
    outer loop
      vertex   -9.077822e+01 -6.162285e+01 -4.490000e+00
      vertex   -8.897307e+01 -6.331502e+01 -4.490000e+00
      vertex   -8.858718e+01 -6.315517e+01 -4.490000e+00
    endloop
  endfacet
  facet normal -0.000000e+00 0.000000e+00 1.000000e+00
    outer loop
      vertex   -9.077822e+01 -6.162285e+01 -4.490000e+00
      vertex   -8.858718e+01 -6.315517e+01 -4.490000e+00
      vertex   -9.020918e+01 -6.126504e+01 -4.490000e+00
    endloop
  endfacet
  facet normal -0.000000e+00 0.000000e+00 1.000000e+00
    outer loop
      vertex   -9.020918e+01 -6.126504e+01 -4.490000e+00
      vertex   -8.858718e+01 -6.315517e+01 -4.490000e+00
      vertex   -8.957476e+01 -6.104290e+01 -4.490000e+00
    endloop
  endfacet
  facet normal -0.000000e+00 0.000000e+00 1.000000e+00
    outer loop
      vertex   -8.957476e+01 -6.104290e+01 -4.490000e+00
      vertex   -8.858718e+01 -6.315517e+01 -4.490000e+00
      vertex   -8.890681e+01 -6.096760e+01 -4.490000e+00
    endloop
  endfacet
  facet normal 0.000000e+00 0.000000e+00 1.000000e+00
    outer loop
      vertex   -8.890681e+01 -6.096760e+01 -4.490000e+00
      vertex   -8.858718e+01 -6.315517e+01 -4.490000e+00
      vertex   -8.817307e+01 -6.310066e+01 -4.490000e+00
    endloop
  endfacet
  facet normal 0.000000e+00 0.000000e+00 1.000000e+00
    outer loop
      vertex   -8.890681e+01 -6.096760e+01 -4.490000e+00
      vertex   -8.817307e+01 -6.310066e+01 -4.490000e+00
      vertex   -8.775895e+01 -6.315517e+01 -4.490000e+00
    endloop
  endfacet
  facet normal -0.000000e+00 -0.000000e+00 1.000000e+00
    outer loop
      vertex   -8.775895e+01 -6.315517e+01 -4.490000e+00
      vertex   -8.737307e+01 -6.331502e+01 -4.490000e+00
      vertex   -8.890681e+01 -6.096760e+01 -4.490000e+00
    endloop
  endfacet
  facet normal 0.000000e+00 0.000000e+00 1.000000e+00
    outer loop
      vertex   -8.890681e+01 -6.096760e+01 -4.490000e+00
      vertex   -8.737307e+01 -6.331502e+01 -4.490000e+00
      vertex   -8.192661e+01 -6.096760e+01 -4.490000e+00
    endloop
  endfacet
  facet normal 0.000000e+00 0.000000e+00 1.000000e+00
    outer loop
      vertex   -8.192661e+01 -6.096760e+01 -4.490000e+00
      vertex   -8.737307e+01 -6.331502e+01 -4.490000e+00
      vertex   -8.704169e+01 -6.356929e+01 -4.490000e+00
    endloop
  endfacet
  facet normal 0.000000e+00 0.000000e+00 1.000000e+00
    outer loop
      vertex   -8.192661e+01 -6.096760e+01 -4.490000e+00
      vertex   -8.704169e+01 -6.356929e+01 -4.490000e+00
      vertex   -8.678742e+01 -6.390066e+01 -4.490000e+00
    endloop
  endfacet
  facet normal -0.000000e+00 -0.000000e+00 1.000000e+00
    outer loop
      vertex   -8.662758e+01 -6.428655e+01 -4.490000e+00
      vertex   -8.138042e+01 -6.527069e+01 -4.490000e+00
      vertex   -8.678742e+01 -6.390066e+01 -4.490000e+00
    endloop
  endfacet
  facet normal -0.000000e+00 0.000000e+00 1.000000e+00
    outer loop
      vertex   -8.678742e+01 -6.390066e+01 -4.490000e+00
      vertex   -8.138042e+01 -6.527069e+01 -4.490000e+00
      vertex   -8.138042e+01 -6.146760e+01 -4.490000e+00
    endloop
  endfacet
  facet normal 0.000000e+00 0.000000e+00 1.000000e+00
    outer loop
      vertex   -8.678742e+01 -6.390066e+01 -4.490000e+00
      vertex   -8.138042e+01 -6.146760e+01 -4.490000e+00
      vertex   -8.192661e+01 -6.096760e+01 -4.490000e+00
    endloop
  endfacet
  facet normal 0.000000e+00 0.000000e+00 1.000000e+00
    outer loop
      vertex   -8.192661e+01 -6.096760e+01 -4.490000e+00
      vertex   -8.138042e+01 -6.146760e+01 -4.490000e+00
      vertex   -8.139262e+01 -6.136581e+01 -4.490000e+00
    endloop
  endfacet
  facet normal 0.000000e+00 0.000000e+00 1.000000e+00
    outer loop
      vertex   -8.192661e+01 -6.096760e+01 -4.490000e+00
      vertex   -8.139262e+01 -6.136581e+01 -4.490000e+00
      vertex   -8.142554e+01 -6.126984e+01 -4.490000e+00
    endloop
  endfacet
  facet normal 4.658881e-16 6.133534e-17 1.000000e+00
    outer loop
      vertex   5.511528e+01 -1.296215e+02 -4.490000e+00
      vertex   5.516980e+01 -1.300356e+02 -4.490000e+00
      vertex   5.713759e+01 -1.305018e+02 -4.490000e+00
    endloop
  endfacet
  facet normal 4.377067e-16 -5.762518e-17 1.000000e+00
    outer loop
      vertex   5.713759e+01 -1.305018e+02 -4.490000e+00
      vertex   5.516980e+01 -1.300356e+02 -4.490000e+00
      vertex   5.511528e+01 -1.304497e+02 -4.490000e+00
    endloop
  endfacet
  facet normal 4.713437e-16 1.249176e-15 1.000000e+00
    outer loop
      vertex   5.713759e+01 -1.305018e+02 -4.490000e+00
      vertex   5.511528e+01 -1.304497e+02 -4.490000e+00
      vertex   5.705918e+01 -1.311832e+02 -4.490000e+00
    endloop
  endfacet
  facet normal 0.000000e+00 0.000000e+00 1.000000e+00
    outer loop
      vertex   5.705918e+01 -1.311832e+02 -4.490000e+00
      vertex   5.511528e+01 -1.304497e+02 -4.490000e+00
      vertex   5.495544e+01 -1.308356e+02 -4.490000e+00
    endloop
  endfacet
  facet normal 0.000000e+00 0.000000e+00 1.000000e+00
    outer loop
      vertex   5.705918e+01 -1.311832e+02 -4.490000e+00
      vertex   5.495544e+01 -1.308356e+02 -4.490000e+00
      vertex   5.682803e+01 -1.318290e+02 -4.490000e+00
    endloop
  endfacet
  facet normal 0.000000e+00 0.000000e+00 1.000000e+00
    outer loop
      vertex   5.682803e+01 -1.318290e+02 -4.490000e+00
      vertex   5.495544e+01 -1.308356e+02 -4.490000e+00
      vertex   5.470117e+01 -1.311670e+02 -4.490000e+00
    endloop
  endfacet
  facet normal -3.994243e-16 -1.283227e-15 1.000000e+00
    outer loop
      vertex   5.682803e+01 -1.318290e+02 -4.490000e+00
      vertex   5.470117e+01 -1.311670e+02 -4.490000e+00
      vertex   5.645624e+01 -1.324054e+02 -4.490000e+00
    endloop
  endfacet
  facet normal 2.636299e-16 -3.435692e-16 1.000000e+00
    outer loop
      vertex   5.645624e+01 -1.324054e+02 -4.490000e+00
      vertex   5.470117e+01 -1.311670e+02 -4.490000e+00
      vertex   5.436980e+01 -1.314213e+02 -4.490000e+00
    endloop
  endfacet
  facet normal 8.766843e-16 9.561096e-16 1.000000e+00
    outer loop
      vertex   5.645624e+01 -1.324054e+02 -4.490000e+00
      vertex   5.436980e+01 -1.314213e+02 -4.490000e+00
      vertex   5.596324e+01 -1.328823e+02 -4.490000e+00
    endloop
  endfacet
  facet normal 0.000000e+00 0.000000e+00 1.000000e+00
    outer loop
      vertex   5.596324e+01 -1.328823e+02 -4.490000e+00
      vertex   5.436980e+01 -1.314213e+02 -4.490000e+00
      vertex   5.537480e+01 -1.332348e+02 -4.490000e+00
    endloop
  endfacet
  facet normal 0.000000e+00 0.000000e+00 1.000000e+00
    outer loop
      vertex   5.537480e+01 -1.332348e+02 -4.490000e+00
      vertex   5.436980e+01 -1.314213e+02 -4.490000e+00
      vertex   5.398391e+01 -1.315811e+02 -4.490000e+00
    endloop
  endfacet
  facet normal 0.000000e+00 0.000000e+00 1.000000e+00
    outer loop
      vertex   5.537480e+01 -1.332348e+02 -4.490000e+00
      vertex   5.398391e+01 -1.315811e+02 -4.490000e+00
      vertex   5.472169e+01 -1.334444e+02 -4.490000e+00
    endloop
  endfacet
  facet normal 0.000000e+00 0.000000e+00 1.000000e+00
    outer loop
      vertex   5.472169e+01 -1.334444e+02 -4.490000e+00
      vertex   5.398391e+01 -1.315811e+02 -4.490000e+00
      vertex   5.356980e+01 -1.316356e+02 -4.490000e+00
    endloop
  endfacet
  facet normal 0.000000e+00 0.000000e+00 1.000000e+00
    outer loop
      vertex   5.472169e+01 -1.334444e+02 -4.490000e+00
      vertex   5.356980e+01 -1.316356e+02 -4.490000e+00
      vertex   5.315569e+01 -1.315811e+02 -4.490000e+00
    endloop
  endfacet
  facet normal 0.000000e+00 0.000000e+00 1.000000e+00
    outer loop
      vertex   5.315569e+01 -1.315811e+02 -4.490000e+00
      vertex   5.276980e+01 -1.314213e+02 -4.490000e+00
      vertex   5.472169e+01 -1.334444e+02 -4.490000e+00
    endloop
  endfacet
  facet normal 0.000000e+00 0.000000e+00 1.000000e+00
    outer loop
      vertex   5.472169e+01 -1.334444e+02 -4.490000e+00
      vertex   5.276980e+01 -1.314213e+02 -4.490000e+00
      vertex   5.243843e+01 -1.311670e+02 -4.490000e+00
    endloop
  endfacet
  facet normal 1.399393e-16 1.403001e-16 1.000000e+00
    outer loop
      vertex   5.472169e+01 -1.334444e+02 -4.490000e+00
      vertex   5.243843e+01 -1.311670e+02 -4.490000e+00
      vertex   3.361240e+01 -1.250505e+02 -4.490000e+00
    endloop
  endfacet
  facet normal 1.256914e-16 9.644641e-17 1.000000e+00
    outer loop
      vertex   3.361240e+01 -1.250505e+02 -4.490000e+00
      vertex   5.243843e+01 -1.311670e+02 -4.490000e+00
      vertex   5.218416e+01 -1.308356e+02 -4.490000e+00
    endloop
  endfacet
  facet normal 1.098178e-16 4.548803e-17 1.000000e+00
    outer loop
      vertex   3.361240e+01 -1.250505e+02 -4.490000e+00
      vertex   5.218416e+01 -1.308356e+02 -4.490000e+00
      vertex   5.202432e+01 -1.304497e+02 -4.490000e+00
    endloop
  endfacet
  facet normal 1.268826e-16 1.036807e-16 1.000000e+00
    outer loop
      vertex   3.361240e+01 -1.250505e+02 -4.490000e+00
      vertex   5.202432e+01 -1.304497e+02 -4.490000e+00
      vertex   4.761240e+01 -1.250505e+02 -4.490000e+00
    endloop
  endfacet
  facet normal 0.000000e+00 0.000000e+00 1.000000e+00
    outer loop
      vertex   4.761240e+01 -1.250505e+02 -4.490000e+00
      vertex   5.202432e+01 -1.304497e+02 -4.490000e+00
      vertex   5.196980e+01 -1.300356e+02 -4.490000e+00
    endloop
  endfacet
  facet normal 0.000000e+00 0.000000e+00 1.000000e+00
    outer loop
      vertex   4.761240e+01 -1.250505e+02 -4.490000e+00
      vertex   5.196980e+01 -1.300356e+02 -4.490000e+00
      vertex   5.202432e+01 -1.296215e+02 -4.490000e+00
    endloop
  endfacet
  facet normal 0.000000e+00 -0.000000e+00 1.000000e+00
    outer loop
      vertex   5.202432e+01 -1.296215e+02 -4.490000e+00
      vertex   5.218416e+01 -1.292356e+02 -4.490000e+00
      vertex   4.761240e+01 -1.250505e+02 -4.490000e+00
    endloop
  endfacet
  facet normal 0.000000e+00 0.000000e+00 1.000000e+00
    outer loop
      vertex   4.761240e+01 -1.250505e+02 -4.490000e+00
      vertex   5.218416e+01 -1.292356e+02 -4.490000e+00
      vertex   5.243843e+01 -1.289043e+02 -4.490000e+00
    endloop
  endfacet
  facet normal 0.000000e+00 0.000000e+00 1.000000e+00
    outer loop
      vertex   4.761240e+01 -1.250505e+02 -4.490000e+00
      vertex   5.243843e+01 -1.289043e+02 -4.490000e+00
      vertex   5.276980e+01 -1.286500e+02 -4.490000e+00
    endloop
  endfacet
  facet normal 0.000000e+00 -0.000000e+00 1.000000e+00
    outer loop
      vertex   5.276980e+01 -1.286500e+02 -4.490000e+00
      vertex   5.315569e+01 -1.284901e+02 -4.490000e+00
      vertex   4.761240e+01 -1.250505e+02 -4.490000e+00
    endloop
  endfacet
  facet normal 0.000000e+00 0.000000e+00 1.000000e+00
    outer loop
      vertex   4.761240e+01 -1.250505e+02 -4.490000e+00
      vertex   5.315569e+01 -1.284901e+02 -4.490000e+00
      vertex   5.356980e+01 -1.284356e+02 -4.490000e+00
    endloop
  endfacet
  facet normal 0.000000e+00 0.000000e+00 1.000000e+00
    outer loop
      vertex   4.761240e+01 -1.250505e+02 -4.490000e+00
      vertex   5.356980e+01 -1.284356e+02 -4.490000e+00
      vertex   5.398391e+01 -1.284901e+02 -4.490000e+00
    endloop
  endfacet
  facet normal -0.000000e+00 0.000000e+00 1.000000e+00
    outer loop
      vertex   4.761240e+01 -1.250505e+02 -4.490000e+00
      vertex   5.398391e+01 -1.284901e+02 -4.490000e+00
      vertex   4.761240e+01 -1.110505e+02 -4.490000e+00
    endloop
  endfacet
  facet normal 0.000000e+00 0.000000e+00 1.000000e+00
    outer loop
      vertex   4.761240e+01 -1.110505e+02 -4.490000e+00
      vertex   5.398391e+01 -1.284901e+02 -4.490000e+00
      vertex   5.436980e+01 -1.286500e+02 -4.490000e+00
    endloop
  endfacet
  facet normal 4.318291e-16 1.658029e-16 1.000000e+00
    outer loop
      vertex   4.761240e+01 -1.110505e+02 -4.490000e+00
      vertex   5.436980e+01 -1.286500e+02 -4.490000e+00
      vertex   5.713759e+01 -1.305018e+02 -4.490000e+00
    endloop
  endfacet
  facet normal 2.505637e-15 3.265409e-15 1.000000e+00
    outer loop
      vertex   5.713759e+01 -1.305018e+02 -4.490000e+00
      vertex   5.436980e+01 -1.286500e+02 -4.490000e+00
      vertex   5.470117e+01 -1.289043e+02 -4.490000e+00
    endloop
  endfacet
  facet normal 7.336747e-16 5.629684e-16 1.000000e+00
    outer loop
      vertex   5.713759e+01 -1.305018e+02 -4.490000e+00
      vertex   5.470117e+01 -1.289043e+02 -4.490000e+00
      vertex   5.495544e+01 -1.292356e+02 -4.490000e+00
    endloop
  endfacet
  facet normal 5.357933e-16 2.219329e-16 1.000000e+00
    outer loop
      vertex   5.495544e+01 -1.292356e+02 -4.490000e+00
      vertex   5.511528e+01 -1.296215e+02 -4.490000e+00
      vertex   5.713759e+01 -1.305018e+02 -4.490000e+00
    endloop
  endfacet
  facet normal -1.095209e-15 -2.288973e-15 1.000000e+00
    outer loop
      vertex   -1.072263e+02 -1.405322e+02 -4.490000e+00
      vertex   -1.071717e+02 -1.409463e+02 -4.490000e+00
      vertex   -9.777028e+01 -1.458326e+02 -4.490000e+00
    endloop
  endfacet
  facet normal 1.131771e-15 1.995786e-15 1.000000e+00
    outer loop
      vertex   -9.777028e+01 -1.458326e+02 -4.490000e+00
      vertex   -1.071717e+02 -1.409463e+02 -4.490000e+00
      vertex   -1.072263e+02 -1.413604e+02 -4.490000e+00
    endloop
  endfacet
  facet normal 1.570823e-16 -6.506563e-17 1.000000e+00
    outer loop
      vertex   -9.777028e+01 -1.458326e+02 -4.490000e+00
      vertex   -1.072263e+02 -1.413604e+02 -4.490000e+00
      vertex   -1.073861e+02 -1.417463e+02 -4.490000e+00
    endloop
  endfacet
  facet normal 1.393069e-16 -1.068939e-16 1.000000e+00
    outer loop
      vertex   -1.073861e+02 -1.417463e+02 -4.490000e+00
      vertex   -1.076404e+02 -1.420777e+02 -4.490000e+00
      vertex   -9.777028e+01 -1.458326e+02 -4.490000e+00
    endloop
  endfacet
  facet normal 1.203193e-16 -1.568032e-16 1.000000e+00
    outer loop
      vertex   -9.777028e+01 -1.458326e+02 -4.490000e+00
      vertex   -1.076404e+02 -1.420777e+02 -4.490000e+00
      vertex   -1.079717e+02 -1.423319e+02 -4.490000e+00
    endloop
  endfacet
  facet normal 9.523201e-17 -2.299104e-16 1.000000e+00
    outer loop
      vertex   -9.777028e+01 -1.458326e+02 -4.490000e+00
      vertex   -1.079717e+02 -1.423319e+02 -4.490000e+00
      vertex   -1.083576e+02 -1.424918e+02 -4.490000e+00
    endloop
  endfacet
  facet normal 4.939288e-17 -3.751762e-16 1.000000e+00
    outer loop
      vertex   -1.083576e+02 -1.424918e+02 -4.490000e+00
      vertex   -1.087717e+02 -1.425463e+02 -4.490000e+00
      vertex   -9.777028e+01 -1.458326e+02 -4.490000e+00
    endloop
  endfacet
  facet normal 1.142065e-17 -5.022926e-16 1.000000e+00
    outer loop
      vertex   -9.777028e+01 -1.458326e+02 -4.490000e+00
      vertex   -1.087717e+02 -1.425463e+02 -4.490000e+00
      vertex   -1.121858e+02 -1.426239e+02 -4.490000e+00
    endloop
  endfacet
  facet normal 0.000000e+00 0.000000e+00 1.000000e+00
    outer loop
      vertex   -1.087717e+02 -1.425463e+02 -4.490000e+00
      vertex   -1.091858e+02 -1.424918e+02 -4.490000e+00
      vertex   -1.121858e+02 -1.426239e+02 -4.490000e+00
    endloop
  endfacet
  facet normal 0.000000e+00 0.000000e+00 1.000000e+00
    outer loop
      vertex   -1.121858e+02 -1.426239e+02 -4.490000e+00
      vertex   -1.091858e+02 -1.424918e+02 -4.490000e+00
      vertex   -1.095717e+02 -1.423319e+02 -4.490000e+00
    endloop
  endfacet
  facet normal 0.000000e+00 0.000000e+00 1.000000e+00
    outer loop
      vertex   -1.121858e+02 -1.426239e+02 -4.490000e+00
      vertex   -1.095717e+02 -1.423319e+02 -4.490000e+00
      vertex   -1.099031e+02 -1.420777e+02 -4.490000e+00
    endloop
  endfacet
  facet normal 0.000000e+00 0.000000e+00 1.000000e+00
    outer loop
      vertex   -1.099031e+02 -1.420777e+02 -4.490000e+00
      vertex   -1.101574e+02 -1.417463e+02 -4.490000e+00
      vertex   -1.121858e+02 -1.426239e+02 -4.490000e+00
    endloop
  endfacet
  facet normal 5.293227e-16 -1.223376e-15 1.000000e+00
    outer loop
      vertex   -1.121858e+02 -1.426239e+02 -4.490000e+00
      vertex   -1.101574e+02 -1.417463e+02 -4.490000e+00
      vertex   -1.125303e+02 -1.420470e+02 -4.490000e+00
    endloop
  endfacet
  facet normal 3.556257e-16 1.473050e-16 1.000000e+00
    outer loop
      vertex   -1.125303e+02 -1.420470e+02 -4.490000e+00
      vertex   -1.101574e+02 -1.417463e+02 -4.490000e+00
      vertex   -1.103172e+02 -1.413604e+02 -4.490000e+00
    endloop
  endfacet
  facet normal 3.645997e-16 1.183791e-16 1.000000e+00
    outer loop
      vertex   -1.125303e+02 -1.420470e+02 -4.490000e+00
      vertex   -1.103172e+02 -1.413604e+02 -4.490000e+00
      vertex   -1.127378e+02 -1.414078e+02 -4.490000e+00
    endloop
  endfacet
  facet normal 3.659759e-16 4.818165e-17 1.000000e+00
    outer loop
      vertex   -1.127378e+02 -1.414078e+02 -4.490000e+00
      vertex   -1.103172e+02 -1.413604e+02 -4.490000e+00
      vertex   -1.103717e+02 -1.409463e+02 -4.490000e+00
    endloop
  endfacet
  facet normal 3.689183e-16 3.309846e-17 1.000000e+00
    outer loop
      vertex   -1.127378e+02 -1.414078e+02 -4.490000e+00
      vertex   -1.103717e+02 -1.409463e+02 -4.490000e+00
      vertex   -1.127979e+02 -1.407385e+02 -4.490000e+00
    endloop
  endfacet
  facet normal 3.620037e-16 -4.765869e-17 1.000000e+00
    outer loop
      vertex   -1.127979e+02 -1.407385e+02 -4.490000e+00
      vertex   -1.103717e+02 -1.409463e+02 -4.490000e+00
      vertex   -1.103172e+02 -1.405322e+02 -4.490000e+00
    endloop
  endfacet
  facet normal 3.621305e-16 -4.918250e-17 1.000000e+00
    outer loop
      vertex   -1.127979e+02 -1.407385e+02 -4.490000e+00
      vertex   -1.103172e+02 -1.405322e+02 -4.490000e+00
      vertex   -1.127075e+02 -1.400727e+02 -4.490000e+00
    endloop
  endfacet
  facet normal 3.441791e-16 -1.425636e-16 1.000000e+00
    outer loop
      vertex   -1.127075e+02 -1.400727e+02 -4.490000e+00
      vertex   -1.103172e+02 -1.405322e+02 -4.490000e+00
      vertex   -1.101574e+02 -1.401463e+02 -4.490000e+00
    endloop
  endfacet
  facet normal 3.445568e-16 -1.294777e-16 1.000000e+00
    outer loop
      vertex   -1.127075e+02 -1.400727e+02 -4.490000e+00
      vertex   -1.101574e+02 -1.401463e+02 -4.490000e+00
      vertex   -1.124711e+02 -1.394436e+02 -4.490000e+00
    endloop
  endfacet
  facet normal 3.197186e-16 -2.112660e-16 1.000000e+00
    outer loop
      vertex   -1.124711e+02 -1.394436e+02 -4.490000e+00
      vertex   -1.101574e+02 -1.401463e+02 -4.490000e+00
      vertex   -1.121006e+02 -1.388830e+02 -4.490000e+00
    endloop
  endfacet
  facet normal 3.049445e-16 -2.339921e-16 1.000000e+00
    outer loop
      vertex   -1.121006e+02 -1.388830e+02 -4.490000e+00
      vertex   -1.101574e+02 -1.401463e+02 -4.490000e+00
      vertex   -1.099031e+02 -1.398149e+02 -4.490000e+00
    endloop
  endfacet
  facet normal 8.418967e-16 1.032168e-15 1.000000e+00
    outer loop
      vertex   -1.121006e+02 -1.388830e+02 -4.490000e+00
      vertex   -1.099031e+02 -1.398149e+02 -4.490000e+00
      vertex   -1.116147e+02 -1.384189e+02 -4.490000e+00
    endloop
  endfacet
  facet normal 0.000000e+00 0.000000e+00 1.000000e+00
    outer loop
      vertex   -1.116147e+02 -1.384189e+02 -4.490000e+00
      vertex   -1.099031e+02 -1.398149e+02 -4.490000e+00
      vertex   -1.095717e+02 -1.395606e+02 -4.490000e+00
    endloop
  endfacet
  facet normal 0.000000e+00 0.000000e+00 1.000000e+00
    outer loop
      vertex   -1.116147e+02 -1.384189e+02 -4.490000e+00
      vertex   -1.095717e+02 -1.395606e+02 -4.490000e+00
      vertex   -1.091858e+02 -1.394008e+02 -4.490000e+00
    endloop
  endfacet
  facet normal 0.000000e+00 -0.000000e+00 1.000000e+00
    outer loop
      vertex   -1.091858e+02 -1.394008e+02 -4.490000e+00
      vertex   -1.087717e+02 -1.393463e+02 -4.490000e+00
      vertex   -1.116147e+02 -1.384189e+02 -4.490000e+00
    endloop
  endfacet
  facet normal 0.000000e+00 0.000000e+00 1.000000e+00
    outer loop
      vertex   -1.116147e+02 -1.384189e+02 -4.490000e+00
      vertex   -1.087717e+02 -1.393463e+02 -4.490000e+00
      vertex   -1.083576e+02 -1.394008e+02 -4.490000e+00
    endloop
  endfacet
  facet normal 2.714450e-17 9.003781e-17 1.000000e+00
    outer loop
      vertex   -1.116147e+02 -1.384189e+02 -4.490000e+00
      vertex   -1.083576e+02 -1.394008e+02 -4.490000e+00
      vertex   -9.303673e+01 -1.242907e+02 -4.490000e+00
    endloop
  endfacet
  facet normal 3.429269e-17 8.278989e-17 1.000000e+00
    outer loop
      vertex   -9.303673e+01 -1.242907e+02 -4.490000e+00
      vertex   -1.083576e+02 -1.394008e+02 -4.490000e+00
      vertex   -1.079717e+02 -1.395606e+02 -4.490000e+00
    endloop
  endfacet
  facet normal 2.467985e-16 -1.250550e-16 1.000000e+00
    outer loop
      vertex   -9.303673e+01 -1.242907e+02 -4.490000e+00
      vertex   -1.079717e+02 -1.395606e+02 -4.490000e+00
      vertex   -9.024216e+01 -1.258779e+02 -4.490000e+00
    endloop
  endfacet
  facet normal 7.492790e-17 9.764795e-17 1.000000e+00
    outer loop
      vertex   -9.024216e+01 -1.258779e+02 -4.490000e+00
      vertex   -1.079717e+02 -1.395606e+02 -4.490000e+00
      vertex   -8.991078e+01 -1.261321e+02 -4.490000e+00
    endloop
  endfacet
  facet normal 7.492790e-17 9.764795e-17 1.000000e+00
    outer loop
      vertex   -8.991078e+01 -1.261321e+02 -4.490000e+00
      vertex   -1.079717e+02 -1.395606e+02 -4.490000e+00
      vertex   -1.076404e+02 -1.398149e+02 -4.490000e+00
    endloop
  endfacet
  facet normal 1.226044e-16 3.587072e-17 1.000000e+00
    outer loop
      vertex   -8.991078e+01 -1.261321e+02 -4.490000e+00
      vertex   -1.076404e+02 -1.398149e+02 -4.490000e+00
      vertex   -8.662625e+01 -1.373585e+02 -4.490000e+00
    endloop
  endfacet
  facet normal 1.163605e-16 8.928654e-17 1.000000e+00
    outer loop
      vertex   -8.662625e+01 -1.373585e+02 -4.490000e+00
      vertex   -1.076404e+02 -1.398149e+02 -4.490000e+00
      vertex   -1.073861e+02 -1.401463e+02 -4.490000e+00
    endloop
  endfacet
  facet normal 1.215873e-16 5.036313e-17 1.000000e+00
    outer loop
      vertex   -8.662625e+01 -1.373585e+02 -4.490000e+00
      vertex   -1.073861e+02 -1.401463e+02 -4.490000e+00
      vertex   -1.072263e+02 -1.405322e+02 -4.490000e+00
    endloop
  endfacet
  facet normal 1.419602e-16 -8.187649e-17 1.000000e+00
    outer loop
      vertex   -8.662625e+01 -1.373585e+02 -4.490000e+00
      vertex   -1.072263e+02 -1.405322e+02 -4.490000e+00
      vertex   -9.777028e+01 -1.458326e+02 -4.490000e+00
    endloop
  endfacet
  facet normal 9.259105e-17 -1.218984e-17 1.000000e+00
    outer loop
      vertex   -8.756530e+01 -1.251606e+02 -4.490000e+00
      vertex   -7.894913e+01 -1.325764e+02 -4.490000e+00
      vertex   -8.751078e+01 -1.247465e+02 -4.490000e+00
    endloop
  endfacet
  facet normal 1.283574e-16 2.691890e-17 1.000000e+00
    outer loop
      vertex   -8.751078e+01 -1.247465e+02 -4.490000e+00
      vertex   -7.894913e+01 -1.325764e+02 -4.490000e+00
      vertex   -6.642005e+01 -1.263297e+02 -4.490000e+00
    endloop
  endfacet
  facet normal 1.275977e-16 1.679856e-17 1.000000e+00
    outer loop
      vertex   -8.751078e+01 -1.247465e+02 -4.490000e+00
      vertex   -6.642005e+01 -1.263297e+02 -4.490000e+00
      vertex   -8.756530e+01 -1.243324e+02 -4.490000e+00
    endloop
  endfacet
  facet normal 1.255341e-16 -5.049430e-18 1.000000e+00
    outer loop
      vertex   -8.756530e+01 -1.243324e+02 -4.490000e+00
      vertex   -6.642005e+01 -1.263297e+02 -4.490000e+00
      vertex   -8.009341e+01 -1.144700e+02 -4.490000e+00
    endloop
  endfacet
  facet normal 7.685181e-17 3.183306e-17 1.000000e+00
    outer loop
      vertex   -8.756530e+01 -1.243324e+02 -4.490000e+00
      vertex   -8.009341e+01 -1.144700e+02 -4.490000e+00
      vertex   -8.772514e+01 -1.239465e+02 -4.490000e+00
    endloop
  endfacet
  facet normal 5.959609e-17 4.572969e-17 1.000000e+00
    outer loop
      vertex   -8.772514e+01 -1.239465e+02 -4.490000e+00
      vertex   -8.009341e+01 -1.144700e+02 -4.490000e+00
      vertex   -8.797941e+01 -1.236151e+02 -4.490000e+00
    endloop
  endfacet
  facet normal 4.484809e-17 5.844717e-17 1.000000e+00
    outer loop
      vertex   -8.797941e+01 -1.236151e+02 -4.490000e+00
      vertex   -8.009341e+01 -1.144700e+02 -4.490000e+00
      vertex   -8.831078e+01 -1.233609e+02 -4.490000e+00
    endloop
  endfacet
  facet normal 8.925532e-17 1.740371e-17 1.000000e+00
    outer loop
      vertex   -8.831078e+01 -1.233609e+02 -4.490000e+00
      vertex   -8.009341e+01 -1.144700e+02 -4.490000e+00
      vertex   -8.959341e+01 -1.167829e+02 -4.490000e+00
    endloop
  endfacet
  facet normal 0.000000e+00 0.000000e+00 1.000000e+00
    outer loop
      vertex   -8.831078e+01 -1.233609e+02 -4.490000e+00
      vertex   -8.959341e+01 -1.167829e+02 -4.490000e+00
      vertex   -8.869667e+01 -1.232010e+02 -4.490000e+00
    endloop
  endfacet
  facet normal 0.000000e+00 0.000000e+00 1.000000e+00
    outer loop
      vertex   -8.869667e+01 -1.232010e+02 -4.490000e+00
      vertex   -8.959341e+01 -1.167829e+02 -4.490000e+00
      vertex   -8.911078e+01 -1.231465e+02 -4.490000e+00
    endloop
  endfacet
  facet normal 3.354920e-16 2.544405e-17 1.000000e+00
    outer loop
      vertex   -8.911078e+01 -1.231465e+02 -4.490000e+00
      vertex   -8.959341e+01 -1.167829e+02 -4.490000e+00
      vertex   -9.185271e+01 -1.219000e+02 -4.490000e+00
    endloop
  endfacet
  facet normal 7.274111e-17 -5.525236e-16 1.000000e+00
    outer loop
      vertex   -8.911078e+01 -1.231465e+02 -4.490000e+00
      vertex   -9.185271e+01 -1.219000e+02 -4.490000e+00
      vertex   -8.952490e+01 -1.232010e+02 -4.490000e+00
    endloop
  endfacet
  facet normal 1.624088e-16 -3.920894e-16 1.000000e+00
    outer loop
      vertex   -8.952490e+01 -1.232010e+02 -4.490000e+00
      vertex   -9.185271e+01 -1.219000e+02 -4.490000e+00
      vertex   -8.991078e+01 -1.233609e+02 -4.490000e+00
    endloop
  endfacet
  facet normal -4.766892e-16 -1.241638e-15 1.000000e+00
    outer loop
      vertex   -8.991078e+01 -1.233609e+02 -4.490000e+00
      vertex   -9.185271e+01 -1.219000e+02 -4.490000e+00
      vertex   -9.193134e+01 -1.225851e+02 -4.490000e+00
    endloop
  endfacet
  facet normal 0.000000e+00 0.000000e+00 1.000000e+00
    outer loop
      vertex   -8.991078e+01 -1.233609e+02 -4.490000e+00
      vertex   -9.193134e+01 -1.225851e+02 -4.490000e+00
      vertex   -9.024216e+01 -1.236151e+02 -4.490000e+00
    endloop
  endfacet
  facet normal 0.000000e+00 0.000000e+00 1.000000e+00
    outer loop
      vertex   -9.024216e+01 -1.236151e+02 -4.490000e+00
      vertex   -9.193134e+01 -1.225851e+02 -4.490000e+00
      vertex   -9.216434e+01 -1.232342e+02 -4.490000e+00
    endloop
  endfacet
  facet normal 0.000000e+00 0.000000e+00 1.000000e+00
    outer loop
      vertex   -9.024216e+01 -1.236151e+02 -4.490000e+00
      vertex   -9.216434e+01 -1.232342e+02 -4.490000e+00
      vertex   -9.049643e+01 -1.239465e+02 -4.490000e+00
    endloop
  endfacet
  facet normal 0.000000e+00 0.000000e+00 1.000000e+00
    outer loop
      vertex   -9.049643e+01 -1.239465e+02 -4.490000e+00
      vertex   -9.216434e+01 -1.232342e+02 -4.490000e+00
      vertex   -9.253942e+01 -1.238129e+02 -4.490000e+00
    endloop
  endfacet
  facet normal 0.000000e+00 0.000000e+00 1.000000e+00
    outer loop
      vertex   -9.049643e+01 -1.239465e+02 -4.490000e+00
      vertex   -9.253942e+01 -1.238129e+02 -4.490000e+00
      vertex   -9.065627e+01 -1.243324e+02 -4.490000e+00
    endloop
  endfacet
  facet normal 0.000000e+00 0.000000e+00 1.000000e+00
    outer loop
      vertex   -9.065627e+01 -1.243324e+02 -4.490000e+00
      vertex   -9.253942e+01 -1.238129e+02 -4.490000e+00
      vertex   -9.071078e+01 -1.247465e+02 -4.490000e+00
    endloop
  endfacet
  facet normal 6.197239e-16 1.213895e-15 1.000000e+00
    outer loop
      vertex   -9.071078e+01 -1.247465e+02 -4.490000e+00
      vertex   -9.253942e+01 -1.238129e+02 -4.490000e+00
      vertex   -9.303673e+01 -1.242907e+02 -4.490000e+00
    endloop
  endfacet
  facet normal 3.919685e-16 5.160363e-17 1.000000e+00
    outer loop
      vertex   -9.071078e+01 -1.247465e+02 -4.490000e+00
      vertex   -9.303673e+01 -1.242907e+02 -4.490000e+00
      vertex   -9.065627e+01 -1.251606e+02 -4.490000e+00
    endloop
  endfacet
  facet normal 4.396604e-16 1.821133e-16 1.000000e+00
    outer loop
      vertex   -9.065627e+01 -1.251606e+02 -4.490000e+00
      vertex   -9.303673e+01 -1.242907e+02 -4.490000e+00
      vertex   -9.049643e+01 -1.255465e+02 -4.490000e+00
    endloop
  endfacet
  facet normal 5.633097e-16 4.322427e-16 1.000000e+00
    outer loop
      vertex   -9.049643e+01 -1.255465e+02 -4.490000e+00
      vertex   -9.303673e+01 -1.242907e+02 -4.490000e+00
      vertex   -9.024216e+01 -1.258779e+02 -4.490000e+00
    endloop
  endfacet
  facet normal 7.599119e-17 -3.147658e-17 1.000000e+00
    outer loop
      vertex   -8.756530e+01 -1.251606e+02 -4.490000e+00
      vertex   -8.772514e+01 -1.255465e+02 -4.490000e+00
      vertex   -7.894913e+01 -1.325764e+02 -4.490000e+00
    endloop
  endfacet
  facet normal 6.267895e-17 -4.809525e-17 1.000000e+00
    outer loop
      vertex   -7.894913e+01 -1.325764e+02 -4.490000e+00
      vertex   -8.772514e+01 -1.255465e+02 -4.490000e+00
      vertex   -8.797941e+01 -1.258779e+02 -4.490000e+00
    endloop
  endfacet
  facet normal 5.000994e-17 -6.517422e-17 1.000000e+00
    outer loop
      vertex   -7.894913e+01 -1.325764e+02 -4.490000e+00
      vertex   -8.797941e+01 -1.258779e+02 -4.490000e+00
      vertex   -8.831078e+01 -1.261321e+02 -4.490000e+00
    endloop
  endfacet
  facet normal 3.564178e-17 -8.604687e-17 1.000000e+00
    outer loop
      vertex   -8.831078e+01 -1.261321e+02 -4.490000e+00
      vertex   -8.869667e+01 -1.262920e+02 -4.490000e+00
      vertex   -7.894913e+01 -1.325764e+02 -4.490000e+00
    endloop
  endfacet
  facet normal 1.036164e-16 1.938547e-17 1.000000e+00
    outer loop
      vertex   -7.894913e+01 -1.325764e+02 -4.490000e+00
      vertex   -8.869667e+01 -1.262920e+02 -4.490000e+00
      vertex   -8.662625e+01 -1.373585e+02 -4.490000e+00
    endloop
  endfacet
  facet normal 1.217889e-16 -9.788483e-18 1.000000e+00
    outer loop
      vertex   -7.894913e+01 -1.325764e+02 -4.490000e+00
      vertex   -8.662625e+01 -1.373585e+02 -4.490000e+00
      vertex   -7.951520e+01 -1.396196e+02 -4.490000e+00
    endloop
  endfacet
  facet normal 7.066020e-17 -1.705888e-16 1.000000e+00
    outer loop
      vertex   -7.951520e+01 -1.396196e+02 -4.490000e+00
      vertex   -8.662625e+01 -1.373585e+02 -4.490000e+00
      vertex   -7.978050e+01 -1.397295e+02 -4.490000e+00
    endloop
  endfacet
  facet normal 8.939336e-17 -1.164997e-16 1.000000e+00
    outer loop
      vertex   -7.978050e+01 -1.397295e+02 -4.490000e+00
      vertex   -8.662625e+01 -1.373585e+02 -4.490000e+00
      vertex   -8.000832e+01 -1.399043e+02 -4.490000e+00
    endloop
  endfacet
  facet normal 1.036217e-16 -7.951175e-17 1.000000e+00
    outer loop
      vertex   -8.000832e+01 -1.399043e+02 -4.490000e+00
      vertex   -8.662625e+01 -1.373585e+02 -4.490000e+00
      vertex   -8.018313e+01 -1.401321e+02 -4.490000e+00
    endloop
  endfacet
  facet normal 1.169892e-16 -4.845853e-17 1.000000e+00
    outer loop
      vertex   -8.018313e+01 -1.401321e+02 -4.490000e+00
      vertex   -8.662625e+01 -1.373585e+02 -4.490000e+00
      vertex   -8.029302e+01 -1.403974e+02 -4.490000e+00
    endloop
  endfacet
  facet normal 1.319083e-16 -1.736606e-17 1.000000e+00
    outer loop
      vertex   -8.029302e+01 -1.403974e+02 -4.490000e+00
      vertex   -8.662625e+01 -1.373585e+02 -4.490000e+00
      vertex   -8.033050e+01 -1.406821e+02 -4.490000e+00
    endloop
  endfacet
  facet normal 1.516132e-16 1.996026e-17 1.000000e+00
    outer loop
      vertex   -8.033050e+01 -1.406821e+02 -4.490000e+00
      vertex   -8.662625e+01 -1.373585e+02 -4.490000e+00
      vertex   -8.029302e+01 -1.409668e+02 -4.490000e+00
    endloop
  endfacet
  facet normal 1.835600e-16 7.603302e-17 1.000000e+00
    outer loop
      vertex   -8.029302e+01 -1.409668e+02 -4.490000e+00
      vertex   -8.662625e+01 -1.373585e+02 -4.490000e+00
      vertex   -8.018313e+01 -1.412321e+02 -4.490000e+00
    endloop
  endfacet
  facet normal 2.558989e-16 1.963581e-16 1.000000e+00
    outer loop
      vertex   -8.018313e+01 -1.412321e+02 -4.490000e+00
      vertex   -8.662625e+01 -1.373585e+02 -4.490000e+00
      vertex   -8.000832e+01 -1.414599e+02 -4.490000e+00
    endloop
  endfacet
  facet normal 1.604095e-16 4.227821e-17 1.000000e+00
    outer loop
      vertex   -8.000832e+01 -1.414599e+02 -4.490000e+00
      vertex   -8.662625e+01 -1.373585e+02 -4.490000e+00
      vertex   -7.815213e+01 -1.485026e+02 -4.490000e+00
    endloop
  endfacet
  facet normal 0.000000e+00 0.000000e+00 1.000000e+00
    outer loop
      vertex   -8.000832e+01 -1.414599e+02 -4.490000e+00
      vertex   -7.815213e+01 -1.485026e+02 -4.490000e+00
      vertex   -7.978050e+01 -1.416347e+02 -4.490000e+00
    endloop
  endfacet
  facet normal 0.000000e+00 0.000000e+00 1.000000e+00
    outer loop
      vertex   -7.978050e+01 -1.416347e+02 -4.490000e+00
      vertex   -7.815213e+01 -1.485026e+02 -4.490000e+00
      vertex   -7.951520e+01 -1.417446e+02 -4.490000e+00
    endloop
  endfacet
  facet normal 0.000000e+00 0.000000e+00 1.000000e+00
    outer loop
      vertex   -7.951520e+01 -1.417446e+02 -4.490000e+00
      vertex   -7.815213e+01 -1.485026e+02 -4.490000e+00
      vertex   -7.923050e+01 -1.417821e+02 -4.490000e+00
    endloop
  endfacet
  facet normal -0.000000e+00 0.000000e+00 1.000000e+00
    outer loop
      vertex   -7.923050e+01 -1.417821e+02 -4.490000e+00
      vertex   -7.815213e+01 -1.485026e+02 -4.490000e+00
      vertex   -7.894580e+01 -1.417446e+02 -4.490000e+00
    endloop
  endfacet
  facet normal 0.000000e+00 0.000000e+00 1.000000e+00
    outer loop
      vertex   -7.894580e+01 -1.417446e+02 -4.490000e+00
      vertex   -7.815213e+01 -1.485026e+02 -4.490000e+00
      vertex   -7.270236e+01 -1.451055e+02 -4.490000e+00
    endloop
  endfacet
  facet normal -0.000000e+00 0.000000e+00 1.000000e+00
    outer loop
      vertex   -7.894580e+01 -1.417446e+02 -4.490000e+00
      vertex   -7.270236e+01 -1.451055e+02 -4.490000e+00
      vertex   -7.868050e+01 -1.416347e+02 -4.490000e+00
    endloop
  endfacet
  facet normal -0.000000e+00 0.000000e+00 1.000000e+00
    outer loop
      vertex   -7.868050e+01 -1.416347e+02 -4.490000e+00
      vertex   -7.270236e+01 -1.451055e+02 -4.490000e+00
      vertex   -7.845269e+01 -1.414599e+02 -4.490000e+00
    endloop
  endfacet
  facet normal -0.000000e+00 0.000000e+00 1.000000e+00
    outer loop
      vertex   -7.845269e+01 -1.414599e+02 -4.490000e+00
      vertex   -7.270236e+01 -1.451055e+02 -4.490000e+00
      vertex   -7.827788e+01 -1.412321e+02 -4.490000e+00
    endloop
  endfacet
  facet normal -0.000000e+00 0.000000e+00 1.000000e+00
    outer loop
      vertex   -7.827788e+01 -1.412321e+02 -4.490000e+00
      vertex   -7.270236e+01 -1.451055e+02 -4.490000e+00
      vertex   -7.816799e+01 -1.409668e+02 -4.490000e+00
    endloop
  endfacet
  facet normal -0.000000e+00 0.000000e+00 1.000000e+00
    outer loop
      vertex   -7.816799e+01 -1.409668e+02 -4.490000e+00
      vertex   -7.270236e+01 -1.451055e+02 -4.490000e+00
      vertex   -7.813050e+01 -1.406821e+02 -4.490000e+00
    endloop
  endfacet
  facet normal -0.000000e+00 -0.000000e+00 1.000000e+00
    outer loop
      vertex   -7.813050e+01 -1.406821e+02 -4.490000e+00
      vertex   -7.270236e+01 -1.451055e+02 -4.490000e+00
      vertex   -7.816799e+01 -1.403974e+02 -4.490000e+00
    endloop
  endfacet
  facet normal -0.000000e+00 -0.000000e+00 1.000000e+00
    outer loop
      vertex   -7.816799e+01 -1.403974e+02 -4.490000e+00
      vertex   -7.270236e+01 -1.451055e+02 -4.490000e+00
      vertex   -7.827788e+01 -1.401321e+02 -4.490000e+00
    endloop
  endfacet
  facet normal -0.000000e+00 -0.000000e+00 1.000000e+00
    outer loop
      vertex   -7.827788e+01 -1.401321e+02 -4.490000e+00
      vertex   -7.270236e+01 -1.451055e+02 -4.490000e+00
      vertex   -7.894913e+01 -1.325764e+02 -4.490000e+00
    endloop
  endfacet
  facet normal 0.000000e+00 0.000000e+00 1.000000e+00
    outer loop
      vertex   -7.827788e+01 -1.401321e+02 -4.490000e+00
      vertex   -7.894913e+01 -1.325764e+02 -4.490000e+00
      vertex   -7.845269e+01 -1.399043e+02 -4.490000e+00
    endloop
  endfacet
  facet normal 0.000000e+00 0.000000e+00 1.000000e+00
    outer loop
      vertex   -7.845269e+01 -1.399043e+02 -4.490000e+00
      vertex   -7.894913e+01 -1.325764e+02 -4.490000e+00
      vertex   -7.868050e+01 -1.397295e+02 -4.490000e+00
    endloop
  endfacet
  facet normal 0.000000e+00 0.000000e+00 1.000000e+00
    outer loop
      vertex   -7.868050e+01 -1.397295e+02 -4.490000e+00
      vertex   -7.894913e+01 -1.325764e+02 -4.490000e+00
      vertex   -7.894580e+01 -1.396196e+02 -4.490000e+00
    endloop
  endfacet
  facet normal 0.000000e+00 0.000000e+00 1.000000e+00
    outer loop
      vertex   -7.894580e+01 -1.396196e+02 -4.490000e+00
      vertex   -7.894913e+01 -1.325764e+02 -4.490000e+00
      vertex   -7.923050e+01 -1.395821e+02 -4.490000e+00
    endloop
  endfacet
  facet normal 0.000000e+00 -0.000000e+00 1.000000e+00
    outer loop
      vertex   -7.923050e+01 -1.395821e+02 -4.490000e+00
      vertex   -7.894913e+01 -1.325764e+02 -4.490000e+00
      vertex   -7.951520e+01 -1.396196e+02 -4.490000e+00
    endloop
  endfacet
  facet normal 0.000000e+00 0.000000e+00 1.000000e+00
    outer loop
      vertex   -8.869667e+01 -1.262920e+02 -4.490000e+00
      vertex   -8.911078e+01 -1.263465e+02 -4.490000e+00
      vertex   -8.662625e+01 -1.373585e+02 -4.490000e+00
    endloop
  endfacet
  facet normal 0.000000e+00 0.000000e+00 1.000000e+00
    outer loop
      vertex   -8.662625e+01 -1.373585e+02 -4.490000e+00
      vertex   -8.911078e+01 -1.263465e+02 -4.490000e+00
      vertex   -8.952490e+01 -1.262920e+02 -4.490000e+00
    endloop
  endfacet
  facet normal 0.000000e+00 0.000000e+00 1.000000e+00
    outer loop
      vertex   -8.662625e+01 -1.373585e+02 -4.490000e+00
      vertex   -8.952490e+01 -1.262920e+02 -4.490000e+00
      vertex   -8.991078e+01 -1.261321e+02 -4.490000e+00
    endloop
  endfacet
  facet normal 4.476903e-16 5.893954e-17 1.000000e+00
    outer loop
      vertex   5.515359e+01 -6.730069e+01 -4.490000e+00
      vertex   5.520811e+01 -6.771480e+01 -4.490000e+00
      vertex   5.713759e+01 -6.730139e+01 -4.490000e+00
    endloop
  endfacet
  facet normal 4.736801e-16 -6.236117e-17 1.000000e+00
    outer loop
      vertex   5.713759e+01 -6.730139e+01 -4.490000e+00
      vertex   5.520811e+01 -6.771480e+01 -4.490000e+00
      vertex   5.515359e+01 -6.812891e+01 -4.490000e+00
    endloop
  endfacet
  facet normal 5.411649e-16 -2.241578e-16 1.000000e+00
    outer loop
      vertex   5.713759e+01 -6.730139e+01 -4.490000e+00
      vertex   5.515359e+01 -6.812891e+01 -4.490000e+00
      vertex   5.499375e+01 -6.851480e+01 -4.490000e+00
    endloop
  endfacet
  facet normal 7.323595e-16 -5.619592e-16 1.000000e+00
    outer loop
      vertex   5.499375e+01 -6.851480e+01 -4.490000e+00
      vertex   5.473948e+01 -6.884617e+01 -4.490000e+00
      vertex   5.713759e+01 -6.730139e+01 -4.490000e+00
    endloop
  endfacet
  facet normal 2.307455e-15 -3.007134e-15 1.000000e+00
    outer loop
      vertex   5.713759e+01 -6.730139e+01 -4.490000e+00
      vertex   5.473948e+01 -6.884617e+01 -4.490000e+00
      vertex   5.440811e+01 -6.910044e+01 -4.490000e+00
    endloop
  endfacet
  facet normal 4.344155e-16 -1.653942e-16 1.000000e+00
    outer loop
      vertex   5.713759e+01 -6.730139e+01 -4.490000e+00
      vertex   5.440811e+01 -6.910044e+01 -4.490000e+00
      vertex   4.761240e+01 -8.694970e+01 -4.490000e+00
    endloop
  endfacet
  facet normal 0.000000e+00 0.000000e+00 1.000000e+00
    outer loop
      vertex   4.761240e+01 -8.694970e+01 -4.490000e+00
      vertex   5.440811e+01 -6.910044e+01 -4.490000e+00
      vertex   5.402222e+01 -6.926028e+01 -4.490000e+00
    endloop
  endfacet
  facet normal 0.000000e+00 0.000000e+00 1.000000e+00
    outer loop
      vertex   4.761240e+01 -8.694970e+01 -4.490000e+00
      vertex   5.402222e+01 -6.926028e+01 -4.490000e+00
      vertex   4.761240e+01 -7.294970e+01 -4.490000e+00
    endloop
  endfacet
  facet normal 0.000000e+00 0.000000e+00 1.000000e+00
    outer loop
      vertex   4.761240e+01 -7.294970e+01 -4.490000e+00
      vertex   5.402222e+01 -6.926028e+01 -4.490000e+00
      vertex   5.360811e+01 -6.931480e+01 -4.490000e+00
    endloop
  endfacet
  facet normal 0.000000e+00 0.000000e+00 1.000000e+00
    outer loop
      vertex   4.761240e+01 -7.294970e+01 -4.490000e+00
      vertex   5.360811e+01 -6.931480e+01 -4.490000e+00
      vertex   5.319400e+01 -6.926028e+01 -4.490000e+00
    endloop
  endfacet
  facet normal 0.000000e+00 0.000000e+00 1.000000e+00
    outer loop
      vertex   5.319400e+01 -6.926028e+01 -4.490000e+00
      vertex   5.280811e+01 -6.910044e+01 -4.490000e+00
      vertex   4.761240e+01 -7.294970e+01 -4.490000e+00
    endloop
  endfacet
  facet normal 0.000000e+00 0.000000e+00 1.000000e+00
    outer loop
      vertex   4.761240e+01 -7.294970e+01 -4.490000e+00
      vertex   5.280811e+01 -6.910044e+01 -4.490000e+00
      vertex   5.247674e+01 -6.884617e+01 -4.490000e+00
    endloop
  endfacet
  facet normal 0.000000e+00 0.000000e+00 1.000000e+00
    outer loop
      vertex   4.761240e+01 -7.294970e+01 -4.490000e+00
      vertex   5.247674e+01 -6.884617e+01 -4.490000e+00
      vertex   5.222247e+01 -6.851480e+01 -4.490000e+00
    endloop
  endfacet
  facet normal 0.000000e+00 0.000000e+00 1.000000e+00
    outer loop
      vertex   5.222247e+01 -6.851480e+01 -4.490000e+00
      vertex   5.206263e+01 -6.812891e+01 -4.490000e+00
      vertex   4.761240e+01 -7.294970e+01 -4.490000e+00
    endloop
  endfacet
  facet normal 0.000000e+00 0.000000e+00 1.000000e+00
    outer loop
      vertex   4.761240e+01 -7.294970e+01 -4.490000e+00
      vertex   5.206263e+01 -6.812891e+01 -4.490000e+00
      vertex   5.200811e+01 -6.771480e+01 -4.490000e+00
    endloop
  endfacet
  facet normal 0.000000e+00 0.000000e+00 1.000000e+00
    outer loop
      vertex   4.761240e+01 -7.294970e+01 -4.490000e+00
      vertex   5.200811e+01 -6.771480e+01 -4.490000e+00
      vertex   5.206263e+01 -6.730069e+01 -4.490000e+00
    endloop
  endfacet
  facet normal 1.268826e-16 -9.995690e-17 1.000000e+00
    outer loop
      vertex   4.761240e+01 -7.294970e+01 -4.490000e+00
      vertex   5.206263e+01 -6.730069e+01 -4.490000e+00
      vertex   3.361240e+01 -7.294970e+01 -4.490000e+00
    endloop
  endfacet
  facet normal 1.102619e-16 -4.567199e-17 1.000000e+00
    outer loop
      vertex   3.361240e+01 -7.294970e+01 -4.490000e+00
      vertex   5.206263e+01 -6.730069e+01 -4.490000e+00
      vertex   5.222247e+01 -6.691480e+01 -4.490000e+00
    endloop
  endfacet
  facet normal 5.655525e-17 1.199457e-16 1.000000e+00
    outer loop
      vertex   3.361240e+01 -7.294970e+01 -4.490000e+00
      vertex   5.222247e+01 -6.691480e+01 -4.490000e+00
      vertex   2.856200e+01 -7.056840e+01 -4.490000e+00
    endloop
  endfacet
  facet normal 8.516851e-17 -6.535209e-17 1.000000e+00
    outer loop
      vertex   2.856200e+01 -7.056840e+01 -4.490000e+00
      vertex   5.222247e+01 -6.691480e+01 -4.490000e+00
      vertex   5.247674e+01 -6.658343e+01 -4.490000e+00
    endloop
  endfacet
  facet normal 9.075298e-17 -9.886589e-17 1.000000e+00
    outer loop
      vertex   2.856200e+01 -7.056840e+01 -4.490000e+00
      vertex   5.247674e+01 -6.658343e+01 -4.490000e+00
      vertex   5.486520e+01 -6.439096e+01 -4.490000e+00
    endloop
  endfacet
  facet normal 0.000000e+00 0.000000e+00 1.000000e+00
    outer loop
      vertex   5.486520e+01 -6.439096e+01 -4.490000e+00
      vertex   5.247674e+01 -6.658343e+01 -4.490000e+00
      vertex   5.280811e+01 -6.632916e+01 -4.490000e+00
    endloop
  endfacet
  facet normal 0.000000e+00 0.000000e+00 1.000000e+00
    outer loop
      vertex   5.486520e+01 -6.439096e+01 -4.490000e+00
      vertex   5.280811e+01 -6.632916e+01 -4.490000e+00
      vertex   5.319400e+01 -6.616932e+01 -4.490000e+00
    endloop
  endfacet
  facet normal 0.000000e+00 0.000000e+00 1.000000e+00
    outer loop
      vertex   5.319400e+01 -6.616932e+01 -4.490000e+00
      vertex   5.360811e+01 -6.611480e+01 -4.490000e+00
      vertex   5.486520e+01 -6.439096e+01 -4.490000e+00
    endloop
  endfacet
  facet normal 0.000000e+00 0.000000e+00 1.000000e+00
    outer loop
      vertex   5.486520e+01 -6.439096e+01 -4.490000e+00
      vertex   5.360811e+01 -6.611480e+01 -4.490000e+00
      vertex   5.402222e+01 -6.616932e+01 -4.490000e+00
    endloop
  endfacet
  facet normal 0.000000e+00 0.000000e+00 1.000000e+00
    outer loop
      vertex   5.486520e+01 -6.439096e+01 -4.490000e+00
      vertex   5.402222e+01 -6.616932e+01 -4.490000e+00
      vertex   5.548540e+01 -6.462120e+01 -4.490000e+00
    endloop
  endfacet
  facet normal 0.000000e+00 0.000000e+00 1.000000e+00
    outer loop
      vertex   5.548540e+01 -6.462120e+01 -4.490000e+00
      vertex   5.402222e+01 -6.616932e+01 -4.490000e+00
      vertex   5.440811e+01 -6.632916e+01 -4.490000e+00
    endloop
  endfacet
  facet normal 1.135642e-15 -7.163075e-16 1.000000e+00
    outer loop
      vertex   5.548540e+01 -6.462120e+01 -4.490000e+00
      vertex   5.440811e+01 -6.632916e+01 -4.490000e+00
      vertex   5.604006e+01 -6.498178e+01 -4.490000e+00
    endloop
  endfacet
  facet normal 3.013458e-16 2.941963e-16 1.000000e+00
    outer loop
      vertex   5.604006e+01 -6.498178e+01 -4.490000e+00
      vertex   5.440811e+01 -6.632916e+01 -4.490000e+00
      vertex   5.650221e+01 -6.545515e+01 -4.490000e+00
    endloop
  endfacet
  facet normal 2.747116e-16 3.580112e-16 1.000000e+00
    outer loop
      vertex   5.650221e+01 -6.545515e+01 -4.490000e+00
      vertex   5.440811e+01 -6.632916e+01 -4.490000e+00
      vertex   5.473948e+01 -6.658343e+01 -4.490000e+00
    endloop
  endfacet
  facet normal 3.613048e-16 2.227247e-16 1.000000e+00
    outer loop
      vertex   5.650221e+01 -6.545515e+01 -4.490000e+00
      vertex   5.473948e+01 -6.658343e+01 -4.490000e+00
      vertex   5.684937e+01 -6.601831e+01 -4.490000e+00
    endloop
  endfacet
  facet normal 3.491928e-16 2.679451e-16 1.000000e+00
    outer loop
      vertex   5.684937e+01 -6.601831e+01 -4.490000e+00
      vertex   5.473948e+01 -6.658343e+01 -4.490000e+00
      vertex   5.499375e+01 -6.691480e+01 -4.490000e+00
    endloop
  endfacet
  facet normal -1.777542e-16 1.358657e-15 1.000000e+00
    outer loop
      vertex   5.684937e+01 -6.601831e+01 -4.490000e+00
      vertex   5.499375e+01 -6.691480e+01 -4.490000e+00
      vertex   5.706465e+01 -6.664386e+01 -4.490000e+00
    endloop
  endfacet
  facet normal 0.000000e+00 0.000000e+00 1.000000e+00
    outer loop
      vertex   5.706465e+01 -6.664386e+01 -4.490000e+00
      vertex   5.499375e+01 -6.691480e+01 -4.490000e+00
      vertex   5.515359e+01 -6.730069e+01 -4.490000e+00
    endloop
  endfacet
  facet normal 4.472105e-16 -1.301174e-15 1.000000e+00
    outer loop
      vertex   5.706465e+01 -6.664386e+01 -4.490000e+00
      vertex   5.515359e+01 -6.730069e+01 -4.490000e+00
      vertex   5.713759e+01 -6.730139e+01 -4.490000e+00
    endloop
  endfacet
  facet normal 7.908171e-17 0.000000e+00 1.000000e+00
    outer loop
      vertex   -8.063921e+01 -9.424363e+01 -4.490000e+00
      vertex   -9.187035e+01 -1.030073e+02 -4.490000e+00
      vertex   -8.063921e+01 -9.824597e+01 -4.490000e+00
    endloop
  endfacet
  facet normal 2.793616e-16 -4.724254e-16 1.000000e+00
    outer loop
      vertex   -8.063921e+01 -9.824597e+01 -4.490000e+00
      vertex   -9.187035e+01 -1.030073e+02 -4.490000e+00
      vertex   -8.959341e+01 -1.035409e+02 -4.490000e+00
    endloop
  endfacet
  facet normal 1.506152e-15 -2.547038e-15 1.000000e+00
    outer loop
      vertex   -8.063921e+01 -9.824597e+01 -4.490000e+00
      vertex   -8.959341e+01 -1.035409e+02 -4.490000e+00
      vertex   -8.059661e+01 -9.856949e+01 -4.490000e+00
    endloop
  endfacet
  facet normal 8.033440e-17 3.327560e-17 1.000000e+00
    outer loop
      vertex   -8.059661e+01 -9.856949e+01 -4.490000e+00
      vertex   -8.959341e+01 -1.035409e+02 -4.490000e+00
      vertex   -8.047174e+01 -9.887097e+01 -4.490000e+00
    endloop
  endfacet
  facet normal 6.990761e-17 5.364200e-17 1.000000e+00
    outer loop
      vertex   -8.047174e+01 -9.887097e+01 -4.490000e+00
      vertex   -8.959341e+01 -1.035409e+02 -4.490000e+00
      vertex   -8.027309e+01 -9.912985e+01 -4.490000e+00
    endloop
  endfacet
  facet normal 5.894114e-17 7.681359e-17 1.000000e+00
    outer loop
      vertex   -8.027309e+01 -9.912985e+01 -4.490000e+00
      vertex   -8.959341e+01 -1.035409e+02 -4.490000e+00
      vertex   -8.001421e+01 -9.932850e+01 -4.490000e+00
    endloop
  endfacet
  facet normal 9.321701e-17 -1.131412e-18 1.000000e+00
    outer loop
      vertex   -8.001421e+01 -9.932850e+01 -4.490000e+00
      vertex   -8.959341e+01 -1.035409e+02 -4.490000e+00
      vertex   -8.009341e+01 -1.058538e+02 -4.490000e+00
    endloop
  endfacet
  facet normal 0.000000e+00 0.000000e+00 1.000000e+00
    outer loop
      vertex   -8.001421e+01 -9.932850e+01 -4.490000e+00
      vertex   -8.009341e+01 -1.058538e+02 -4.490000e+00
      vertex   -7.971273e+01 -9.945337e+01 -4.490000e+00
    endloop
  endfacet
  facet normal 0.000000e+00 0.000000e+00 1.000000e+00
    outer loop
      vertex   -7.971273e+01 -9.945337e+01 -4.490000e+00
      vertex   -8.009341e+01 -1.058538e+02 -4.490000e+00
      vertex   -7.938921e+01 -9.949597e+01 -4.490000e+00
    endloop
  endfacet
  facet normal -0.000000e+00 0.000000e+00 1.000000e+00
    outer loop
      vertex   -7.938921e+01 -9.949597e+01 -4.490000e+00
      vertex   -8.009341e+01 -1.058538e+02 -4.490000e+00
      vertex   -7.458901e+01 -9.949597e+01 -4.490000e+00
    endloop
  endfacet
  facet normal -0.000000e+00 0.000000e+00 1.000000e+00
    outer loop
      vertex   -7.458901e+01 -9.949597e+01 -4.490000e+00
      vertex   -8.009341e+01 -1.058538e+02 -4.490000e+00
      vertex   -7.378901e+01 -9.949597e+01 -4.490000e+00
    endloop
  endfacet
  facet normal 0.000000e+00 0.000000e+00 1.000000e+00
    outer loop
      vertex   -7.458901e+01 -9.949597e+01 -4.490000e+00
      vertex   -7.378901e+01 -9.949597e+01 -4.490000e+00
      vertex   -7.458901e+01 -9.299363e+01 -4.490000e+00
    endloop
  endfacet
  facet normal -0.000000e+00 0.000000e+00 1.000000e+00
    outer loop
      vertex   -7.458901e+01 -9.299363e+01 -4.490000e+00
      vertex   -7.378901e+01 -9.949597e+01 -4.490000e+00
      vertex   -7.378901e+01 -9.299363e+01 -4.490000e+00
    endloop
  endfacet
  facet normal -0.000000e+00 1.776357e-15 1.000000e+00
    outer loop
      vertex   -7.458901e+01 -9.299363e+01 -4.490000e+00
      vertex   -7.378901e+01 -9.299363e+01 -4.490000e+00
      vertex   -6.735745e+01 -9.199363e+01 -4.490000e+00
    endloop
  endfacet
  facet normal 3.700589e-16 -6.036964e-16 1.000000e+00
    outer loop
      vertex   -6.735745e+01 -9.199363e+01 -4.490000e+00
      vertex   -7.378901e+01 -9.299363e+01 -4.490000e+00
      vertex   -6.898881e+01 -9.299363e+01 -4.490000e+00
    endloop
  endfacet
  facet normal 0.000000e+00 0.000000e+00 1.000000e+00
    outer loop
      vertex   -6.735745e+01 -9.199363e+01 -4.490000e+00
      vertex   -6.898881e+01 -9.299363e+01 -4.490000e+00
      vertex   -6.866528e+01 -9.303622e+01 -4.490000e+00
    endloop
  endfacet
  facet normal 2.495921e-15 2.416732e-15 1.000000e+00
    outer loop
      vertex   -8.059661e+01 -9.392011e+01 -4.490000e+00
      vertex   -8.288381e+01 -9.192548e+01 -4.490000e+00
      vertex   -8.063921e+01 -9.424363e+01 -4.490000e+00
    endloop
  endfacet
  facet normal 0.000000e+00 0.000000e+00 1.000000e+00
    outer loop
      vertex   -8.063921e+01 -9.424363e+01 -4.490000e+00
      vertex   -8.288381e+01 -9.192548e+01 -4.490000e+00
      vertex   -8.336617e+01 -9.172568e+01 -4.490000e+00
    endloop
  endfacet
  facet normal 4.286104e-17 4.641889e-17 1.000000e+00
    outer loop
      vertex   -8.063921e+01 -9.424363e+01 -4.490000e+00
      vertex   -8.336617e+01 -9.172568e+01 -4.490000e+00
      vertex   -9.187035e+01 -1.030073e+02 -4.490000e+00
    endloop
  endfacet
  facet normal 3.827254e-17 4.987775e-17 1.000000e+00
    outer loop
      vertex   -9.187035e+01 -1.030073e+02 -4.490000e+00
      vertex   -8.336617e+01 -9.172568e+01 -4.490000e+00
      vertex   -8.378038e+01 -9.140784e+01 -4.490000e+00
    endloop
  endfacet
  facet normal 5.227486e-17 4.011191e-17 1.000000e+00
    outer loop
      vertex   -9.187035e+01 -1.030073e+02 -4.490000e+00
      vertex   -8.378038e+01 -9.140784e+01 -4.490000e+00
      vertex   -8.409822e+01 -9.099363e+01 -4.490000e+00
    endloop
  endfacet
  facet normal -6.904648e-17 -5.244601e-16 1.000000e+00
    outer loop
      vertex   -8.288381e+01 -9.192548e+01 -4.490000e+00
      vertex   -8.059661e+01 -9.392011e+01 -4.490000e+00
      vertex   -8.236617e+01 -9.199363e+01 -4.490000e+00
    endloop
  endfacet
  facet normal 3.459276e-16 -1.432879e-16 1.000000e+00
    outer loop
      vertex   -8.236617e+01 -9.199363e+01 -4.490000e+00
      vertex   -8.059661e+01 -9.392011e+01 -4.490000e+00
      vertex   -8.047174e+01 -9.361863e+01 -4.490000e+00
    endloop
  endfacet
  facet normal 2.827391e-16 -2.169533e-16 1.000000e+00
    outer loop
      vertex   -8.236617e+01 -9.199363e+01 -4.490000e+00
      vertex   -8.047174e+01 -9.361863e+01 -4.490000e+00
      vertex   -8.027309e+01 -9.335975e+01 -4.490000e+00
    endloop
  endfacet
  facet normal 2.292999e-16 -2.988295e-16 1.000000e+00
    outer loop
      vertex   -8.027309e+01 -9.335975e+01 -4.490000e+00
      vertex   -8.001421e+01 -9.316110e+01 -4.490000e+00
      vertex   -8.236617e+01 -9.199363e+01 -4.490000e+00
    endloop
  endfacet
  facet normal 1.717787e-16 -4.147106e-16 1.000000e+00
    outer loop
      vertex   -8.236617e+01 -9.199363e+01 -4.490000e+00
      vertex   -8.001421e+01 -9.316110e+01 -4.490000e+00
      vertex   -7.971273e+01 -9.303622e+01 -4.490000e+00
    endloop
  endfacet
  facet normal 8.400665e-17 -6.380939e-16 1.000000e+00
    outer loop
      vertex   -8.236617e+01 -9.199363e+01 -4.490000e+00
      vertex   -7.971273e+01 -9.303622e+01 -4.490000e+00
      vertex   -7.938921e+01 -9.299363e+01 -4.490000e+00
    endloop
  endfacet
  facet normal 0.000000e+00 -8.881784e-16 1.000000e+00
    outer loop
      vertex   -7.938921e+01 -9.299363e+01 -4.490000e+00
      vertex   -7.458901e+01 -9.299363e+01 -4.490000e+00
      vertex   -8.236617e+01 -9.199363e+01 -4.490000e+00
    endloop
  endfacet
  facet normal 1.775326e-16 4.925209e-16 1.000000e+00
    outer loop
      vertex   -8.236617e+01 -9.199363e+01 -4.490000e+00
      vertex   -7.458901e+01 -9.299363e+01 -4.490000e+00
      vertex   -6.735745e+01 -9.199363e+01 -4.490000e+00
    endloop
  endfacet
  facet normal 1.456221e-16 -0.000000e+00 1.000000e+00
    outer loop
      vertex   -6.773881e+01 -9.824597e+01 -4.490000e+00
      vertex   -6.163960e+01 -8.961880e+01 -4.490000e+00
      vertex   -6.773881e+01 -9.424363e+01 -4.490000e+00
    endloop
  endfacet
  facet normal 2.801077e-16 -1.773588e-16 1.000000e+00
    outer loop
      vertex   -6.773881e+01 -9.424363e+01 -4.490000e+00
      vertex   -6.163960e+01 -8.961880e+01 -4.490000e+00
      vertex   -6.594324e+01 -9.140784e+01 -4.490000e+00
    endloop
  endfacet
  facet normal 0.000000e+00 0.000000e+00 1.000000e+00
    outer loop
      vertex   -6.773881e+01 -9.424363e+01 -4.490000e+00
      vertex   -6.594324e+01 -9.140784e+01 -4.490000e+00
      vertex   -6.635745e+01 -9.172568e+01 -4.490000e+00
    endloop
  endfacet
  facet normal 1.456221e-16 0.000000e+00 1.000000e+00
    outer loop
      vertex   -6.163960e+01 -8.961880e+01 -4.490000e+00
      vertex   -6.773881e+01 -9.824597e+01 -4.490000e+00
      vertex   -6.163960e+01 -1.036188e+02 -4.490000e+00
    endloop
  endfacet
  facet normal 1.304888e-16 -1.717918e-17 1.000000e+00
    outer loop
      vertex   -6.163960e+01 -1.036188e+02 -4.490000e+00
      vertex   -6.773881e+01 -9.824597e+01 -4.490000e+00
      vertex   -6.778140e+01 -9.856949e+01 -4.490000e+00
    endloop
  endfacet
  facet normal 1.078765e-16 -4.468393e-17 1.000000e+00
    outer loop
      vertex   -6.163960e+01 -1.036188e+02 -4.490000e+00
      vertex   -6.778140e+01 -9.856949e+01 -4.490000e+00
      vertex   -6.790627e+01 -9.887097e+01 -4.490000e+00
    endloop
  endfacet
  facet normal 8.962620e-17 -6.877260e-17 1.000000e+00
    outer loop
      vertex   -6.790627e+01 -9.887097e+01 -4.490000e+00
      vertex   -6.810492e+01 -9.912985e+01 -4.490000e+00
      vertex   -6.163960e+01 -1.036188e+02 -4.490000e+00
    endloop
  endfacet
  facet normal 7.211917e-17 -9.398753e-17 1.000000e+00
    outer loop
      vertex   -6.163960e+01 -1.036188e+02 -4.490000e+00
      vertex   -6.810492e+01 -9.912985e+01 -4.490000e+00
      vertex   -6.836381e+01 -9.932850e+01 -4.490000e+00
    endloop
  endfacet
  facet normal 5.199529e-17 -1.255277e-16 1.000000e+00
    outer loop
      vertex   -6.163960e+01 -1.036188e+02 -4.490000e+00
      vertex   -6.836381e+01 -9.932850e+01 -4.490000e+00
      vertex   -6.866528e+01 -9.945337e+01 -4.490000e+00
    endloop
  endfacet
  facet normal 2.297099e-17 -1.744820e-16 1.000000e+00
    outer loop
      vertex   -6.866528e+01 -9.945337e+01 -4.490000e+00
      vertex   -6.898881e+01 -9.949597e+01 -4.490000e+00
      vertex   -6.163960e+01 -1.036188e+02 -4.490000e+00
    endloop
  endfacet
  facet normal 1.402106e-16 3.450471e-17 1.000000e+00
    outer loop
      vertex   -6.163960e+01 -1.036188e+02 -4.490000e+00
      vertex   -6.898881e+01 -9.949597e+01 -4.490000e+00
      vertex   -8.009341e+01 -1.058538e+02 -4.490000e+00
    endloop
  endfacet
  facet normal 1.443895e-16 0.000000e+00 1.000000e+00
    outer loop
      vertex   -6.163960e+01 -1.036188e+02 -4.490000e+00
      vertex   -8.009341e+01 -1.058538e+02 -4.490000e+00
      vertex   -6.163960e+01 -1.086692e+02 -4.490000e+00
    endloop
  endfacet
  facet normal 1.443895e-16 0.000000e+00 1.000000e+00
    outer loop
      vertex   -6.163960e+01 -1.086692e+02 -4.490000e+00
      vertex   -8.009341e+01 -1.058538e+02 -4.490000e+00
      vertex   -8.009341e+01 -1.144700e+02 -4.490000e+00
    endloop
  endfacet
  facet normal 1.443895e-16 0.000000e+00 1.000000e+00
    outer loop
      vertex   -6.163960e+01 -1.086692e+02 -4.490000e+00
      vertex   -8.009341e+01 -1.144700e+02 -4.490000e+00
      vertex   -6.163960e+01 -1.226692e+02 -4.490000e+00
    endloop
  endfacet
  facet normal 1.595928e-16 3.421792e-17 1.000000e+00
    outer loop
      vertex   -6.163960e+01 -1.226692e+02 -4.490000e+00
      vertex   -8.009341e+01 -1.144700e+02 -4.490000e+00
      vertex   -6.642005e+01 -1.263297e+02 -4.490000e+00
    endloop
  endfacet
  facet normal 1.311104e-16 7.141496e-17 1.000000e+00
    outer loop
      vertex   -6.163960e+01 -1.226692e+02 -4.490000e+00
      vertex   -6.642005e+01 -1.263297e+02 -4.490000e+00
      vertex   -5.211440e+01 -1.277196e+02 -4.490000e+00
    endloop
  endfacet
  facet normal 1.232549e-16 -9.436739e-18 1.000000e+00
    outer loop
      vertex   -5.211440e+01 -1.277196e+02 -4.490000e+00
      vertex   -6.642005e+01 -1.263297e+02 -4.490000e+00
      vertex   -6.017328e+01 -1.388588e+02 -4.490000e+00
    endloop
  endfacet
  facet normal 1.102112e-16 0.000000e+00 1.000000e+00
    outer loop
      vertex   -5.211440e+01 -1.277196e+02 -4.490000e+00
      vertex   -6.017328e+01 -1.388588e+02 -4.490000e+00
      vertex   -5.211440e+01 -1.417196e+02 -4.490000e+00
    endloop
  endfacet
  facet normal 1.054472e-16 -1.342004e-17 1.000000e+00
    outer loop
      vertex   -5.211440e+01 -1.417196e+02 -4.490000e+00
      vertex   -6.017328e+01 -1.388588e+02 -4.490000e+00
      vertex   -5.338317e+01 -1.516889e+02 -4.490000e+00
    endloop
  endfacet
  facet normal 0.000000e+00 0.000000e+00 1.000000e+00
    outer loop
      vertex   -5.211440e+01 -1.417196e+02 -4.490000e+00
      vertex   -5.338317e+01 -1.516889e+02 -4.490000e+00
      vertex   -5.288990e+01 -1.514450e+02 -4.490000e+00
    endloop
  endfacet
  facet normal 3.700589e-16 -3.669496e-16 1.000000e+00
    outer loop
      vertex   -6.898881e+01 -9.949597e+01 -4.490000e+00
      vertex   -7.378901e+01 -9.949597e+01 -4.490000e+00
      vertex   -8.009341e+01 -1.058538e+02 -4.490000e+00
    endloop
  endfacet
  facet normal -0.000000e+00 0.000000e+00 1.000000e+00
    outer loop
      vertex   -6.866528e+01 -9.303622e+01 -4.490000e+00
      vertex   -6.836381e+01 -9.316110e+01 -4.490000e+00
      vertex   -6.735745e+01 -9.199363e+01 -4.490000e+00
    endloop
  endfacet
  facet normal 0.000000e+00 0.000000e+00 1.000000e+00
    outer loop
      vertex   -6.735745e+01 -9.199363e+01 -4.490000e+00
      vertex   -6.836381e+01 -9.316110e+01 -4.490000e+00
      vertex   -6.810492e+01 -9.335975e+01 -4.490000e+00
    endloop
  endfacet
  facet normal -0.000000e+00 0.000000e+00 1.000000e+00
    outer loop
      vertex   -6.735745e+01 -9.199363e+01 -4.490000e+00
      vertex   -6.810492e+01 -9.335975e+01 -4.490000e+00
      vertex   -6.683982e+01 -9.192548e+01 -4.490000e+00
    endloop
  endfacet
  facet normal 0.000000e+00 0.000000e+00 1.000000e+00
    outer loop
      vertex   -6.683982e+01 -9.192548e+01 -4.490000e+00
      vertex   -6.810492e+01 -9.335975e+01 -4.490000e+00
      vertex   -6.790627e+01 -9.361863e+01 -4.490000e+00
    endloop
  endfacet
  facet normal 0.000000e+00 0.000000e+00 1.000000e+00
    outer loop
      vertex   -6.683982e+01 -9.192548e+01 -4.490000e+00
      vertex   -6.790627e+01 -9.361863e+01 -4.490000e+00
      vertex   -6.778140e+01 -9.392011e+01 -4.490000e+00
    endloop
  endfacet
  facet normal -0.000000e+00 0.000000e+00 1.000000e+00
    outer loop
      vertex   -6.683982e+01 -9.192548e+01 -4.490000e+00
      vertex   -6.778140e+01 -9.392011e+01 -4.490000e+00
      vertex   -6.635745e+01 -9.172568e+01 -4.490000e+00
    endloop
  endfacet
  facet normal 0.000000e+00 0.000000e+00 1.000000e+00
    outer loop
      vertex   -6.635745e+01 -9.172568e+01 -4.490000e+00
      vertex   -6.778140e+01 -9.392011e+01 -4.490000e+00
      vertex   -6.773881e+01 -9.424363e+01 -4.490000e+00
    endloop
  endfacet
  facet normal -0.000000e+00 0.000000e+00 1.000000e+00
    outer loop
      vertex   3.215291e+01 -1.070471e+02 -4.490000e+00
      vertex   3.219040e+01 -1.073318e+02 -4.490000e+00
      vertex   3.361240e+01 -1.060001e+02 -4.490000e+00
    endloop
  endfacet
  facet normal 0.000000e+00 0.000000e+00 1.000000e+00
    outer loop
      vertex   3.361240e+01 -1.060001e+02 -4.490000e+00
      vertex   3.219040e+01 -1.073318e+02 -4.490000e+00
      vertex   3.215291e+01 -1.076165e+02 -4.490000e+00
    endloop
  endfacet
  facet normal 0.000000e+00 0.000000e+00 1.000000e+00
    outer loop
      vertex   3.361240e+01 -1.060001e+02 -4.490000e+00
      vertex   3.215291e+01 -1.076165e+02 -4.490000e+00
      vertex   3.361240e+01 -1.110505e+02 -4.490000e+00
    endloop
  endfacet
  facet normal 0.000000e+00 0.000000e+00 1.000000e+00
    outer loop
      vertex   3.361240e+01 -1.110505e+02 -4.490000e+00
      vertex   3.215291e+01 -1.076165e+02 -4.490000e+00
      vertex   3.204302e+01 -1.078818e+02 -4.490000e+00
    endloop
  endfacet
  facet normal 0.000000e+00 0.000000e+00 1.000000e+00
    outer loop
      vertex   3.361240e+01 -1.110505e+02 -4.490000e+00
      vertex   3.204302e+01 -1.078818e+02 -4.490000e+00
      vertex   3.186821e+01 -1.081096e+02 -4.490000e+00
    endloop
  endfacet
  facet normal 0.000000e+00 0.000000e+00 1.000000e+00
    outer loop
      vertex   3.186821e+01 -1.081096e+02 -4.490000e+00
      vertex   3.164040e+01 -1.082844e+02 -4.490000e+00
      vertex   3.361240e+01 -1.110505e+02 -4.490000e+00
    endloop
  endfacet
  facet normal 0.000000e+00 0.000000e+00 1.000000e+00
    outer loop
      vertex   3.361240e+01 -1.110505e+02 -4.490000e+00
      vertex   3.164040e+01 -1.082844e+02 -4.490000e+00
      vertex   3.137510e+01 -1.083943e+02 -4.490000e+00
    endloop
  endfacet
  facet normal 0.000000e+00 0.000000e+00 1.000000e+00
    outer loop
      vertex   3.361240e+01 -1.110505e+02 -4.490000e+00
      vertex   3.137510e+01 -1.083943e+02 -4.490000e+00
      vertex   3.109040e+01 -1.084318e+02 -4.490000e+00
    endloop
  endfacet
  facet normal 0.000000e+00 0.000000e+00 1.000000e+00
    outer loop
      vertex   3.109040e+01 -1.084318e+02 -4.490000e+00
      vertex   3.080570e+01 -1.083943e+02 -4.490000e+00
      vertex   3.361240e+01 -1.110505e+02 -4.490000e+00
    endloop
  endfacet
  facet normal 0.000000e+00 0.000000e+00 1.000000e+00
    outer loop
      vertex   3.361240e+01 -1.110505e+02 -4.490000e+00
      vertex   3.080570e+01 -1.083943e+02 -4.490000e+00
      vertex   2.856200e+01 -1.086692e+02 -4.490000e+00
    endloop
  endfacet
  facet normal 0.000000e+00 0.000000e+00 1.000000e+00
    outer loop
      vertex   3.361240e+01 -1.110505e+02 -4.490000e+00
      vertex   2.856200e+01 -1.086692e+02 -4.490000e+00
      vertex   2.856200e+01 -1.226692e+02 -4.490000e+00
    endloop
  endfacet
  facet normal 0.000000e+00 0.000000e+00 1.000000e+00
    outer loop
      vertex   3.080570e+01 -1.083943e+02 -4.490000e+00
      vertex   3.054040e+01 -1.082844e+02 -4.490000e+00
      vertex   2.856200e+01 -1.086692e+02 -4.490000e+00
    endloop
  endfacet
  facet normal 0.000000e+00 0.000000e+00 1.000000e+00
    outer loop
      vertex   2.856200e+01 -1.086692e+02 -4.490000e+00
      vertex   3.054040e+01 -1.082844e+02 -4.490000e+00
      vertex   3.031258e+01 -1.081096e+02 -4.490000e+00
    endloop
  endfacet
  facet normal 0.000000e+00 0.000000e+00 1.000000e+00
    outer loop
      vertex   2.856200e+01 -1.086692e+02 -4.490000e+00
      vertex   3.031258e+01 -1.081096e+02 -4.490000e+00
      vertex   3.013777e+01 -1.078818e+02 -4.490000e+00
    endloop
  endfacet
  facet normal 0.000000e+00 0.000000e+00 1.000000e+00
    outer loop
      vertex   3.013777e+01 -1.078818e+02 -4.490000e+00
      vertex   3.002788e+01 -1.076165e+02 -4.490000e+00
      vertex   2.856200e+01 -1.086692e+02 -4.490000e+00
    endloop
  endfacet
  facet normal 0.000000e+00 0.000000e+00 1.000000e+00
    outer loop
      vertex   2.856200e+01 -1.086692e+02 -4.490000e+00
      vertex   3.002788e+01 -1.076165e+02 -4.490000e+00
      vertex   2.999040e+01 -1.073318e+02 -4.490000e+00
    endloop
  endfacet
  facet normal 0.000000e+00 0.000000e+00 1.000000e+00
    outer loop
      vertex   2.856200e+01 -1.086692e+02 -4.490000e+00
      vertex   2.999040e+01 -1.073318e+02 -4.490000e+00
      vertex   3.002788e+01 -1.070471e+02 -4.490000e+00
    endloop
  endfacet
  facet normal 0.000000e+00 0.000000e+00 1.000000e+00
    outer loop
      vertex   2.856200e+01 -1.086692e+02 -4.490000e+00
      vertex   3.002788e+01 -1.070471e+02 -4.490000e+00
      vertex   2.856200e+01 -1.036188e+02 -4.490000e+00
    endloop
  endfacet
  facet normal 0.000000e+00 0.000000e+00 1.000000e+00
    outer loop
      vertex   2.856200e+01 -1.036188e+02 -4.490000e+00
      vertex   3.002788e+01 -1.070471e+02 -4.490000e+00
      vertex   3.013777e+01 -1.067818e+02 -4.490000e+00
    endloop
  endfacet
  facet normal 0.000000e+00 0.000000e+00 1.000000e+00
    outer loop
      vertex   2.856200e+01 -1.036188e+02 -4.490000e+00
      vertex   3.013777e+01 -1.067818e+02 -4.490000e+00
      vertex   3.031258e+01 -1.065540e+02 -4.490000e+00
    endloop
  endfacet
  facet normal 0.000000e+00 -0.000000e+00 1.000000e+00
    outer loop
      vertex   3.031258e+01 -1.065540e+02 -4.490000e+00
      vertex   3.054040e+01 -1.063792e+02 -4.490000e+00
      vertex   2.856200e+01 -1.036188e+02 -4.490000e+00
    endloop
  endfacet
  facet normal 0.000000e+00 0.000000e+00 1.000000e+00
    outer loop
      vertex   2.856200e+01 -1.036188e+02 -4.490000e+00
      vertex   3.054040e+01 -1.063792e+02 -4.490000e+00
      vertex   3.080570e+01 -1.062693e+02 -4.490000e+00
    endloop
  endfacet
  facet normal 0.000000e+00 0.000000e+00 1.000000e+00
    outer loop
      vertex   2.856200e+01 -1.036188e+02 -4.490000e+00
      vertex   3.080570e+01 -1.062693e+02 -4.490000e+00
      vertex   3.109040e+01 -1.062318e+02 -4.490000e+00
    endloop
  endfacet
  facet normal -0.000000e+00 -0.000000e+00 1.000000e+00
    outer loop
      vertex   3.109040e+01 -1.062318e+02 -4.490000e+00
      vertex   3.137510e+01 -1.062693e+02 -4.490000e+00
      vertex   2.856200e+01 -1.036188e+02 -4.490000e+00
    endloop
  endfacet
  facet normal 0.000000e+00 0.000000e+00 1.000000e+00
    outer loop
      vertex   2.856200e+01 -1.036188e+02 -4.490000e+00
      vertex   3.137510e+01 -1.062693e+02 -4.490000e+00
      vertex   3.361240e+01 -1.060001e+02 -4.490000e+00
    endloop
  endfacet
  facet normal -0.000000e+00 0.000000e+00 1.000000e+00
    outer loop
      vertex   2.856200e+01 -1.036188e+02 -4.490000e+00
      vertex   3.361240e+01 -1.060001e+02 -4.490000e+00
      vertex   3.361240e+01 -9.200010e+01 -4.490000e+00
    endloop
  endfacet
  facet normal -0.000000e+00 0.000000e+00 1.000000e+00
    outer loop
      vertex   3.137510e+01 -1.062693e+02 -4.490000e+00
      vertex   3.164040e+01 -1.063792e+02 -4.490000e+00
      vertex   3.361240e+01 -1.060001e+02 -4.490000e+00
    endloop
  endfacet
  facet normal 0.000000e+00 0.000000e+00 1.000000e+00
    outer loop
      vertex   3.361240e+01 -1.060001e+02 -4.490000e+00
      vertex   3.164040e+01 -1.063792e+02 -4.490000e+00
      vertex   3.186821e+01 -1.065540e+02 -4.490000e+00
    endloop
  endfacet
  facet normal 0.000000e+00 0.000000e+00 1.000000e+00
    outer loop
      vertex   3.361240e+01 -1.060001e+02 -4.490000e+00
      vertex   3.186821e+01 -1.065540e+02 -4.490000e+00
      vertex   3.204302e+01 -1.067818e+02 -4.490000e+00
    endloop
  endfacet
  facet normal -0.000000e+00 0.000000e+00 1.000000e+00
    outer loop
      vertex   3.204302e+01 -1.067818e+02 -4.490000e+00
      vertex   3.215291e+01 -1.070471e+02 -4.490000e+00
      vertex   3.361240e+01 -1.060001e+02 -4.490000e+00
    endloop
  endfacet
  facet normal 6.344132e-17 -1.291282e-16 1.000000e+00
    outer loop
      vertex   -2.353880e+01 -1.107627e+02 -4.490000e+00
      vertex   -7.961433e+00 -1.168660e+02 -4.490000e+00
      vertex   -9.538806e+00 -1.107627e+02 -4.490000e+00
    endloop
  endfacet
  facet normal 1.418680e-16 -1.088591e-16 1.000000e+00
    outer loop
      vertex   -9.538806e+00 -1.107627e+02 -4.490000e+00
      vertex   -7.961433e+00 -1.168660e+02 -4.490000e+00
      vertex   -7.786622e+00 -1.166382e+02 -4.490000e+00
    endloop
  endfacet
  facet normal 9.439408e-17 -1.230168e-16 1.000000e+00
    outer loop
      vertex   -9.538806e+00 -1.107627e+02 -4.490000e+00
      vertex   -7.786622e+00 -1.166382e+02 -4.490000e+00
      vertex   -7.558805e+00 -1.164634e+02 -4.490000e+00
    endloop
  endfacet
  facet normal 1.758629e-16 0.000000e+00 1.000000e+00
    outer loop
      vertex   -2.353880e+01 -9.676270e+01 -4.490000e+00
      vertex   -2.858921e+01 -1.039066e+02 -4.490000e+00
      vertex   -2.353880e+01 -1.107627e+02 -4.490000e+00
    endloop
  endfacet
  facet normal 1.758629e-16 0.000000e+00 1.000000e+00
    outer loop
      vertex   -2.353880e+01 -1.107627e+02 -4.490000e+00
      vertex   -2.858921e+01 -1.039066e+02 -4.490000e+00
      vertex   -2.858921e+01 -1.179066e+02 -4.490000e+00
    endloop
  endfacet
  facet normal 1.280604e-16 3.379417e-17 1.000000e+00
    outer loop
      vertex   -2.353880e+01 -1.107627e+02 -4.490000e+00
      vertex   -2.858921e+01 -1.179066e+02 -4.490000e+00
      vertex   -1.401360e+01 -1.205757e+02 -4.490000e+00
    endloop
  endfacet
  facet normal 1.369750e-16 8.247584e-17 1.000000e+00
    outer loop
      vertex   -1.401360e+01 -1.205757e+02 -4.490000e+00
      vertex   -2.858921e+01 -1.179066e+02 -4.490000e+00
      vertex   -1.906400e+01 -1.229570e+02 -4.490000e+00
    endloop
  endfacet
  facet normal 1.758630e-16 0.000000e+00 1.000000e+00
    outer loop
      vertex   -1.401360e+01 -1.205757e+02 -4.490000e+00
      vertex   -1.906400e+01 -1.229570e+02 -4.490000e+00
      vertex   -1.401360e+01 -1.345757e+02 -4.490000e+00
    endloop
  endfacet
  facet normal 1.758630e-16 0.000000e+00 1.000000e+00
    outer loop
      vertex   -1.401360e+01 -1.345757e+02 -4.490000e+00
      vertex   -1.906400e+01 -1.229570e+02 -4.490000e+00
      vertex   -1.906400e+01 -1.369570e+02 -4.490000e+00
    endloop
  endfacet
  facet normal 6.344132e-17 2.384304e-16 1.000000e+00
    outer loop
      vertex   -1.401360e+01 -1.345757e+02 -4.490000e+00
      vertex   -1.906400e+01 -1.369570e+02 -4.490000e+00
      vertex   -1.360399e-02 -1.345757e+02 -4.490000e+00
    endloop
  endfacet
  facet normal 9.901235e-17 -4.613788e-17 1.000000e+00
    outer loop
      vertex   -1.360399e-02 -1.345757e+02 -4.490000e+00
      vertex   -1.906400e+01 -1.369570e+02 -4.490000e+00
      vertex   -3.466548e+01 -1.511874e+02 -4.490000e+00
    endloop
  endfacet
  facet normal 1.321988e-16 -1.153647e-16 1.000000e+00
    outer loop
      vertex   -1.360399e-02 -1.345757e+02 -4.490000e+00
      vertex   -3.466548e+01 -1.511874e+02 -4.490000e+00
      vertex   5.472169e+01 -1.334444e+02 -4.490000e+00
    endloop
  endfacet
  facet normal 6.344132e-17 -2.512327e-23 1.000000e+00
    outer loop
      vertex   -9.538806e+00 -9.676270e+01 -4.490000e+00
      vertex   -2.353880e+01 -9.171230e+01 -4.490000e+00
      vertex   -2.353880e+01 -9.676270e+01 -4.490000e+00
    endloop
  endfacet
  facet normal 1.758629e-16 -6.964313e-23 1.000000e+00
    outer loop
      vertex   -2.353880e+01 -9.676270e+01 -4.490000e+00
      vertex   -2.353880e+01 -9.171230e+01 -4.490000e+00
      vertex   -2.858921e+01 -9.885620e+01 -4.490000e+00
    endloop
  endfacet
  facet normal 1.758629e-16 0.000000e+00 1.000000e+00
    outer loop
      vertex   -2.353880e+01 -9.676270e+01 -4.490000e+00
      vertex   -2.858921e+01 -9.885620e+01 -4.490000e+00
      vertex   -2.858921e+01 -1.039066e+02 -4.490000e+00
    endloop
  endfacet
  facet normal 6.344132e-17 -0.000000e+00 1.000000e+00
    outer loop
      vertex   -2.858921e+01 -1.039066e+02 -4.490000e+00
      vertex   -2.858921e+01 -9.885620e+01 -4.490000e+00
      vertex   -4.258920e+01 -9.885620e+01 -4.490000e+00
    endloop
  endfacet
  facet normal 6.344132e-17 2.677674e-31 1.000000e+00
    outer loop
      vertex   -2.858921e+01 -1.039066e+02 -4.490000e+00
      vertex   -4.258920e+01 -9.885620e+01 -4.490000e+00
      vertex   -4.258920e+01 -1.039066e+02 -4.490000e+00
    endloop
  endfacet
  facet normal 3.517259e-16 1.484533e-30 1.000000e+00
    outer loop
      vertex   -4.258920e+01 -1.039066e+02 -4.490000e+00
      vertex   -4.258920e+01 -9.885620e+01 -4.490000e+00
      vertex   -4.763960e+01 -1.036188e+02 -4.490000e+00
    endloop
  endfacet
  facet normal 3.517259e-16 0.000000e+00 1.000000e+00
    outer loop
      vertex   -4.258920e+01 -1.039066e+02 -4.490000e+00
      vertex   -4.763960e+01 -1.036188e+02 -4.490000e+00
      vertex   -4.763960e+01 -1.086692e+02 -4.490000e+00
    endloop
  endfacet
  facet normal 6.344132e-17 -0.000000e+00 1.000000e+00
    outer loop
      vertex   -4.763960e+01 -1.086692e+02 -4.490000e+00
      vertex   -4.763960e+01 -1.036188e+02 -4.490000e+00
      vertex   -6.163960e+01 -1.036188e+02 -4.490000e+00
    endloop
  endfacet
  facet normal 6.344132e-17 0.000000e+00 1.000000e+00
    outer loop
      vertex   -4.763960e+01 -1.086692e+02 -4.490000e+00
      vertex   -6.163960e+01 -1.036188e+02 -4.490000e+00
      vertex   -6.163960e+01 -1.086692e+02 -4.490000e+00
    endloop
  endfacet
  facet normal 1.758629e-16 -0.000000e+00 1.000000e+00
    outer loop
      vertex   -9.538806e+00 -1.107627e+02 -4.490000e+00
      vertex   -4.488404e+00 -1.015253e+02 -4.490000e+00
      vertex   -9.538806e+00 -9.676270e+01 -4.490000e+00
    endloop
  endfacet
  facet normal 1.758630e-16 6.964322e-23 1.000000e+00
    outer loop
      vertex   -9.538806e+00 -9.676270e+01 -4.490000e+00
      vertex   -4.488404e+00 -1.015253e+02 -4.490000e+00
      vertex   -4.488406e+00 -9.647490e+01 -4.490000e+00
    endloop
  endfacet
  facet normal 1.758630e-16 -0.000000e+00 1.000000e+00
    outer loop
      vertex   -9.538806e+00 -9.676270e+01 -4.490000e+00
      vertex   -4.488406e+00 -9.647490e+01 -4.490000e+00
      vertex   -9.538806e+00 -9.171230e+01 -4.490000e+00
    endloop
  endfacet
  facet normal 1.758630e-16 0.000000e+00 1.000000e+00
    outer loop
      vertex   -9.538806e+00 -9.171230e+01 -4.490000e+00
      vertex   -4.488406e+00 -9.647490e+01 -4.490000e+00
      vertex   -4.488406e+00 -8.247490e+01 -4.490000e+00
    endloop
  endfacet
  facet normal 1.758630e-16 -0.000000e+00 1.000000e+00
    outer loop
      vertex   -9.538806e+00 -9.171230e+01 -4.490000e+00
      vertex   -4.488406e+00 -8.247490e+01 -4.490000e+00
      vertex   -9.538806e+00 -7.771230e+01 -4.490000e+00
    endloop
  endfacet
  facet normal 1.758629e-16 -6.964318e-23 1.000000e+00
    outer loop
      vertex   -9.538806e+00 -7.771230e+01 -4.490000e+00
      vertex   -4.488406e+00 -8.247490e+01 -4.490000e+00
      vertex   -4.488404e+00 -7.742450e+01 -4.490000e+00
    endloop
  endfacet
  facet normal 1.561683e-16 3.456029e-16 1.000000e+00
    outer loop
      vertex   -9.538806e+00 -7.771230e+01 -4.490000e+00
      vertex   -4.488404e+00 -7.742450e+01 -4.490000e+00
      vertex   -7.008805e+00 -7.628560e+01 -4.490000e+00
    endloop
  endfacet
  facet normal -0.000000e+00 0.000000e+00 1.000000e+00
    outer loop
      vertex   -7.008805e+00 -7.628560e+01 -4.490000e+00
      vertex   -4.488404e+00 -7.742450e+01 -4.490000e+00
      vertex   -6.724104e+00 -7.624812e+01 -4.490000e+00
    endloop
  endfacet
  facet normal -0.000000e+00 0.000000e+00 1.000000e+00
    outer loop
      vertex   -6.724104e+00 -7.624812e+01 -4.490000e+00
      vertex   -4.488404e+00 -7.742450e+01 -4.490000e+00
      vertex   -6.458805e+00 -7.613823e+01 -4.490000e+00
    endloop
  endfacet
  facet normal -0.000000e+00 0.000000e+00 1.000000e+00
    outer loop
      vertex   -6.458805e+00 -7.613823e+01 -4.490000e+00
      vertex   -4.488404e+00 -7.742450e+01 -4.490000e+00
      vertex   -6.230988e+00 -7.596342e+01 -4.490000e+00
    endloop
  endfacet
  facet normal -0.000000e+00 0.000000e+00 1.000000e+00
    outer loop
      vertex   -6.230988e+00 -7.596342e+01 -4.490000e+00
      vertex   -4.488404e+00 -7.742450e+01 -4.490000e+00
      vertex   -6.056177e+00 -7.573560e+01 -4.490000e+00
    endloop
  endfacet
  facet normal -0.000000e+00 0.000000e+00 1.000000e+00
    outer loop
      vertex   -6.056177e+00 -7.573560e+01 -4.490000e+00
      vertex   -4.488404e+00 -7.742450e+01 -4.490000e+00
      vertex   -5.946287e+00 -7.547030e+01 -4.490000e+00
    endloop
  endfacet
  facet normal -0.000000e+00 0.000000e+00 1.000000e+00
    outer loop
      vertex   -5.946287e+00 -7.547030e+01 -4.490000e+00
      vertex   -4.488404e+00 -7.742450e+01 -4.490000e+00
      vertex   -5.908805e+00 -7.518560e+01 -4.490000e+00
    endloop
  endfacet
  facet normal -0.000000e+00 -0.000000e+00 1.000000e+00
    outer loop
      vertex   -5.908805e+00 -7.518560e+01 -4.490000e+00
      vertex   -4.488404e+00 -7.742450e+01 -4.490000e+00
      vertex   -5.946287e+00 -7.490090e+01 -4.490000e+00
    endloop
  endfacet
  facet normal -0.000000e+00 -0.000000e+00 1.000000e+00
    outer loop
      vertex   -5.946287e+00 -7.490090e+01 -4.490000e+00
      vertex   -4.488404e+00 -7.742450e+01 -4.490000e+00
      vertex   -6.056177e+00 -7.463560e+01 -4.490000e+00
    endloop
  endfacet
  facet normal -0.000000e+00 0.000000e+00 1.000000e+00
    outer loop
      vertex   -6.056177e+00 -7.463560e+01 -4.490000e+00
      vertex   -4.488404e+00 -7.742450e+01 -4.490000e+00
      vertex   -4.488404e+00 -6.342450e+01 -4.490000e+00
    endloop
  endfacet
  facet normal 0.000000e+00 -0.000000e+00 1.000000e+00
    outer loop
      vertex   -6.056177e+00 -7.463560e+01 -4.490000e+00
      vertex   -4.488404e+00 -6.342450e+01 -4.490000e+00
      vertex   -6.230988e+00 -7.440778e+01 -4.490000e+00
    endloop
  endfacet
  facet normal 0.000000e+00 -0.000000e+00 1.000000e+00
    outer loop
      vertex   -6.230988e+00 -7.440778e+01 -4.490000e+00
      vertex   -4.488404e+00 -6.342450e+01 -4.490000e+00
      vertex   -6.458805e+00 -7.423297e+01 -4.490000e+00
    endloop
  endfacet
  facet normal 0.000000e+00 -0.000000e+00 1.000000e+00
    outer loop
      vertex   -6.458805e+00 -7.423297e+01 -4.490000e+00
      vertex   -4.488404e+00 -6.342450e+01 -4.490000e+00
      vertex   -6.724104e+00 -7.412308e+01 -4.490000e+00
    endloop
  endfacet
  facet normal 2.846682e-16 -5.948758e-17 1.000000e+00
    outer loop
      vertex   -6.724104e+00 -7.412308e+01 -4.490000e+00
      vertex   -4.488404e+00 -6.342450e+01 -4.490000e+00
      vertex   -9.538806e+00 -7.266190e+01 -4.490000e+00
    endloop
  endfacet
  facet normal -1.072152e-16 -8.143801e-16 1.000000e+00
    outer loop
      vertex   -6.724104e+00 -7.412308e+01 -4.490000e+00
      vertex   -9.538806e+00 -7.266190e+01 -4.490000e+00
      vertex   -7.008805e+00 -7.408560e+01 -4.490000e+00
    endloop
  endfacet
  facet normal 6.655975e-17 -5.055715e-16 1.000000e+00
    outer loop
      vertex   -7.008805e+00 -7.408560e+01 -4.490000e+00
      vertex   -9.538806e+00 -7.266190e+01 -4.490000e+00
      vertex   -7.293506e+00 -7.412308e+01 -4.490000e+00
    endloop
  endfacet
  facet normal 1.538530e-16 -3.714339e-16 1.000000e+00
    outer loop
      vertex   -7.293506e+00 -7.412308e+01 -4.490000e+00
      vertex   -9.538806e+00 -7.266190e+01 -4.490000e+00
      vertex   -7.558805e+00 -7.423297e+01 -4.490000e+00
    endloop
  endfacet
  facet normal 2.205306e-16 -2.874010e-16 1.000000e+00
    outer loop
      vertex   -7.558805e+00 -7.423297e+01 -4.490000e+00
      vertex   -9.538806e+00 -7.266190e+01 -4.490000e+00
      vertex   -7.786622e+00 -7.440778e+01 -4.490000e+00
    endloop
  endfacet
  facet normal 2.872647e-16 -2.204260e-16 1.000000e+00
    outer loop
      vertex   -7.786622e+00 -7.440778e+01 -4.490000e+00
      vertex   -9.538806e+00 -7.266190e+01 -4.490000e+00
      vertex   -7.961433e+00 -7.463560e+01 -4.490000e+00
    endloop
  endfacet
  facet normal 3.708614e-16 -1.536158e-16 1.000000e+00
    outer loop
      vertex   -7.961433e+00 -7.463560e+01 -4.490000e+00
      vertex   -9.538806e+00 -7.266190e+01 -4.490000e+00
      vertex   -8.071323e+00 -7.490090e+01 -4.490000e+00
    endloop
  endfacet
  facet normal 5.040018e-16 -6.635310e-17 1.000000e+00
    outer loop
      vertex   -8.071323e+00 -7.490090e+01 -4.490000e+00
      vertex   -9.538806e+00 -7.266190e+01 -4.490000e+00
      vertex   -8.108805e+00 -7.518560e+01 -4.490000e+00
    endloop
  endfacet
  facet normal 6.211034e-16 0.000000e+00 1.000000e+00
    outer loop
      vertex   -8.108805e+00 -7.518560e+01 -4.490000e+00
      vertex   -9.538806e+00 -7.266190e+01 -4.490000e+00
      vertex   -9.538806e+00 -7.771230e+01 -4.490000e+00
    endloop
  endfacet
  facet normal 5.038888e-16 6.633822e-17 1.000000e+00
    outer loop
      vertex   -8.108805e+00 -7.518560e+01 -4.490000e+00
      vertex   -9.538806e+00 -7.771230e+01 -4.490000e+00
      vertex   -8.071323e+00 -7.547030e+01 -4.490000e+00
    endloop
  endfacet
  facet normal 3.706690e-16 1.535361e-16 1.000000e+00
    outer loop
      vertex   -8.071323e+00 -7.547030e+01 -4.490000e+00
      vertex   -9.538806e+00 -7.771230e+01 -4.490000e+00
      vertex   -7.961433e+00 -7.573560e+01 -4.490000e+00
    endloop
  endfacet
  facet normal 2.870509e-16 2.202619e-16 1.000000e+00
    outer loop
      vertex   -7.961433e+00 -7.573560e+01 -4.490000e+00
      vertex   -9.538806e+00 -7.771230e+01 -4.490000e+00
      vertex   -7.786622e+00 -7.596342e+01 -4.490000e+00
    endloop
  endfacet
  facet normal 2.203165e-16 2.871221e-16 1.000000e+00
    outer loop
      vertex   -7.786622e+00 -7.596342e+01 -4.490000e+00
      vertex   -9.538806e+00 -7.771230e+01 -4.490000e+00
      vertex   -7.558805e+00 -7.613823e+01 -4.490000e+00
    endloop
  endfacet
  facet normal 1.536600e-16 3.709682e-16 1.000000e+00
    outer loop
      vertex   -7.558805e+00 -7.613823e+01 -4.490000e+00
      vertex   -9.538806e+00 -7.771230e+01 -4.490000e+00
      vertex   -7.293506e+00 -7.624812e+01 -4.490000e+00
    endloop
  endfacet
  facet normal 6.644621e-17 5.047091e-16 1.000000e+00
    outer loop
      vertex   -7.293506e+00 -7.624812e+01 -4.490000e+00
      vertex   -9.538806e+00 -7.771230e+01 -4.490000e+00
      vertex   -7.008805e+00 -7.628560e+01 -4.490000e+00
    endloop
  endfacet
  facet normal 6.344132e-17 -5.621081e-17 1.000000e+00
    outer loop
      vertex   -3.306400e+01 -1.229570e+02 -4.490000e+00
      vertex   -1.906400e+01 -1.229570e+02 -4.490000e+00
      vertex   -2.858921e+01 -1.179066e+02 -4.490000e+00
    endloop
  endfacet
  facet normal 0.000000e+00 0.000000e+00 1.000000e+00
    outer loop
      vertex   3.361240e+01 -1.110505e+02 -4.490000e+00
      vertex   2.856200e+01 -1.226692e+02 -4.490000e+00
      vertex   3.361240e+01 -1.250505e+02 -4.490000e+00
    endloop
  endfacet
  facet normal 1.903239e-16 4.036504e-16 1.000000e+00
    outer loop
      vertex   3.361240e+01 -1.250505e+02 -4.490000e+00
      vertex   2.856200e+01 -1.226692e+02 -4.490000e+00
      vertex   1.456199e+01 -1.226692e+02 -4.490000e+00
    endloop
  endfacet
  facet normal 1.455664e-16 4.559007e-17 1.000000e+00
    outer loop
      vertex   3.361240e+01 -1.250505e+02 -4.490000e+00
      vertex   1.456199e+01 -1.226692e+02 -4.490000e+00
      vertex   -1.360399e-02 -1.345757e+02 -4.490000e+00
    endloop
  endfacet
  facet normal 1.828080e-16 -0.000000e+00 1.000000e+00
    outer loop
      vertex   -1.360399e-02 -1.345757e+02 -4.490000e+00
      vertex   1.456199e+01 -1.226692e+02 -4.490000e+00
      vertex   -1.360399e-02 -1.205757e+02 -4.490000e+00
    endloop
  endfacet
  facet normal 1.835929e-16 5.464548e-18 1.000000e+00
    outer loop
      vertex   -1.360399e-02 -1.205757e+02 -4.490000e+00
      vertex   1.456199e+01 -1.226692e+02 -4.490000e+00
      vertex   9.511596e+00 -1.155253e+02 -4.490000e+00
    endloop
  endfacet
  facet normal 1.268826e-16 1.124216e-16 1.000000e+00
    outer loop
      vertex   -1.360399e-02 -1.205757e+02 -4.490000e+00
      vertex   9.511596e+00 -1.155253e+02 -4.490000e+00
      vertex   -4.488404e+00 -1.155253e+02 -4.490000e+00
    endloop
  endfacet
  facet normal 1.758631e-16 -0.000000e+00 1.000000e+00
    outer loop
      vertex   1.456199e+01 -1.226692e+02 -4.490000e+00
      vertex   1.456199e+01 -1.086692e+02 -4.490000e+00
      vertex   9.511596e+00 -1.155253e+02 -4.490000e+00
    endloop
  endfacet
  facet normal 1.758631e-16 -0.000000e+00 1.000000e+00
    outer loop
      vertex   9.511596e+00 -1.155253e+02 -4.490000e+00
      vertex   1.456199e+01 -1.086692e+02 -4.490000e+00
      vertex   9.511596e+00 -1.015253e+02 -4.490000e+00
    endloop
  endfacet
  facet normal 1.758630e-16 -6.964325e-23 1.000000e+00
    outer loop
      vertex   9.511596e+00 -1.015253e+02 -4.490000e+00
      vertex   1.456199e+01 -1.086692e+02 -4.490000e+00
      vertex   1.456199e+01 -1.036188e+02 -4.490000e+00
    endloop
  endfacet
  facet normal 1.758631e-16 6.185563e-31 1.000000e+00
    outer loop
      vertex   9.511596e+00 -1.015253e+02 -4.490000e+00
      vertex   1.456199e+01 -1.036188e+02 -4.490000e+00
      vertex   9.511596e+00 -9.647490e+01 -4.490000e+00
    endloop
  endfacet
  facet normal 1.758631e-16 0.000000e+00 1.000000e+00
    outer loop
      vertex   9.511596e+00 -9.647490e+01 -4.490000e+00
      vertex   1.456199e+01 -1.036188e+02 -4.490000e+00
      vertex   1.456199e+01 -8.961880e+01 -4.490000e+00
    endloop
  endfacet
  facet normal 1.758631e-16 -0.000000e+00 1.000000e+00
    outer loop
      vertex   9.511596e+00 -9.647490e+01 -4.490000e+00
      vertex   1.456199e+01 -8.961880e+01 -4.490000e+00
      vertex   9.511596e+00 -8.247490e+01 -4.490000e+00
    endloop
  endfacet
  facet normal 1.758630e-16 -6.964316e-23 1.000000e+00
    outer loop
      vertex   9.511596e+00 -8.247490e+01 -4.490000e+00
      vertex   1.456199e+01 -8.961880e+01 -4.490000e+00
      vertex   1.456200e+01 -8.456840e+01 -4.490000e+00
    endloop
  endfacet
  facet normal 1.758630e-16 -0.000000e+00 1.000000e+00
    outer loop
      vertex   9.511596e+00 -8.247490e+01 -4.490000e+00
      vertex   1.456200e+01 -8.456840e+01 -4.490000e+00
      vertex   9.511596e+00 -7.742450e+01 -4.490000e+00
    endloop
  endfacet
  facet normal 1.758630e-16 0.000000e+00 1.000000e+00
    outer loop
      vertex   9.511596e+00 -7.742450e+01 -4.490000e+00
      vertex   1.456200e+01 -8.456840e+01 -4.490000e+00
      vertex   1.456200e+01 -7.056840e+01 -4.490000e+00
    endloop
  endfacet
  facet normal 1.758630e-16 -0.000000e+00 1.000000e+00
    outer loop
      vertex   9.511596e+00 -7.742450e+01 -4.490000e+00
      vertex   1.456200e+01 -7.056840e+01 -4.490000e+00
      vertex   9.511596e+00 -6.342450e+01 -4.490000e+00
    endloop
  endfacet
  facet normal 1.903239e-16 1.022322e-17 1.000000e+00
    outer loop
      vertex   9.511596e+00 -6.342450e+01 -4.490000e+00
      vertex   1.456200e+01 -7.056840e+01 -4.490000e+00
      vertex   2.856200e+01 -7.056840e+01 -4.490000e+00
    endloop
  endfacet
  facet normal 1.133439e-16 -1.950569e-16 1.000000e+00
    outer loop
      vertex   9.511596e+00 -6.342450e+01 -4.490000e+00
      vertex   2.856200e+01 -7.056840e+01 -4.490000e+00
      vertex   5.486520e+01 -6.439096e+01 -4.490000e+00
    endloop
  endfacet
  facet normal 1.903239e-16 -7.536987e-23 1.000000e+00
    outer loop
      vertex   1.456199e+01 -1.086692e+02 -4.490000e+00
      vertex   2.856200e+01 -1.086692e+02 -4.490000e+00
      vertex   1.456199e+01 -1.036188e+02 -4.490000e+00
    endloop
  endfacet
  facet normal 1.903239e-16 0.000000e+00 1.000000e+00
    outer loop
      vertex   1.456199e+01 -1.036188e+02 -4.490000e+00
      vertex   2.856200e+01 -1.086692e+02 -4.490000e+00
      vertex   2.856200e+01 -1.036188e+02 -4.490000e+00
    endloop
  endfacet
  facet normal 1.903239e-16 -7.536982e-23 1.000000e+00
    outer loop
      vertex   1.456199e+01 -8.961880e+01 -4.490000e+00
      vertex   2.856200e+01 -8.961880e+01 -4.490000e+00
      vertex   1.456200e+01 -8.456840e+01 -4.490000e+00
    endloop
  endfacet
  facet normal 1.903239e-16 0.000000e+00 1.000000e+00
    outer loop
      vertex   1.456200e+01 -8.456840e+01 -4.490000e+00
      vertex   2.856200e+01 -8.961880e+01 -4.490000e+00
      vertex   2.856200e+01 -8.456840e+01 -4.490000e+00
    endloop
  endfacet
  facet normal 0.000000e+00 0.000000e+00 1.000000e+00
    outer loop
      vertex   2.856200e+01 -8.456840e+01 -4.490000e+00
      vertex   2.856200e+01 -8.961880e+01 -4.490000e+00
      vertex   3.002788e+01 -8.799750e+01 -4.490000e+00
    endloop
  endfacet
  facet normal 0.000000e+00 0.000000e+00 1.000000e+00
    outer loop
      vertex   2.856200e+01 -8.456840e+01 -4.490000e+00
      vertex   3.002788e+01 -8.799750e+01 -4.490000e+00
      vertex   3.013777e+01 -8.773220e+01 -4.490000e+00
    endloop
  endfacet
  facet normal 0.000000e+00 0.000000e+00 1.000000e+00
    outer loop
      vertex   2.856200e+01 -1.036188e+02 -4.490000e+00
      vertex   3.361240e+01 -9.200010e+01 -4.490000e+00
      vertex   2.856200e+01 -8.961880e+01 -4.490000e+00
    endloop
  endfacet
  facet normal -0.000000e+00 0.000000e+00 1.000000e+00
    outer loop
      vertex   2.856200e+01 -8.961880e+01 -4.490000e+00
      vertex   3.361240e+01 -9.200010e+01 -4.490000e+00
      vertex   3.080570e+01 -8.934472e+01 -4.490000e+00
    endloop
  endfacet
  facet normal 0.000000e+00 0.000000e+00 1.000000e+00
    outer loop
      vertex   2.856200e+01 -8.961880e+01 -4.490000e+00
      vertex   3.080570e+01 -8.934472e+01 -4.490000e+00
      vertex   3.054040e+01 -8.923483e+01 -4.490000e+00
    endloop
  endfacet
  facet normal 1.268826e-16 1.222334e-16 1.000000e+00
    outer loop
      vertex   -3.811440e+01 -1.277196e+02 -4.490000e+00
      vertex   -4.182091e+01 -1.238721e+02 -4.490000e+00
      vertex   -5.211440e+01 -1.277196e+02 -4.490000e+00
    endloop
  endfacet
  facet normal 9.071310e-17 2.190008e-16 1.000000e+00
    outer loop
      vertex   -5.211440e+01 -1.277196e+02 -4.490000e+00
      vertex   -4.182091e+01 -1.238721e+02 -4.490000e+00
      vertex   -4.208620e+01 -1.237622e+02 -4.490000e+00
    endloop
  endfacet
  facet normal 2.723700e-16 -2.413276e-16 1.000000e+00
    outer loop
      vertex   -5.211440e+01 -1.277196e+02 -4.490000e+00
      vertex   -4.208620e+01 -1.237622e+02 -4.490000e+00
      vertex   -4.763960e+01 -1.226692e+02 -4.490000e+00
    endloop
  endfacet
  facet normal 4.302211e-16 5.606750e-16 1.000000e+00
    outer loop
      vertex   -4.763960e+01 -1.226692e+02 -4.490000e+00
      vertex   -4.208620e+01 -1.237622e+02 -4.490000e+00
      vertex   -4.231402e+01 -1.235874e+02 -4.490000e+00
    endloop
  endfacet
  facet normal 3.844088e-16 2.949672e-16 1.000000e+00
    outer loop
      vertex   -4.763960e+01 -1.226692e+02 -4.490000e+00
      vertex   -4.231402e+01 -1.235874e+02 -4.490000e+00
      vertex   -4.248883e+01 -1.233596e+02 -4.490000e+00
    endloop
  endfacet
  facet normal 9.324513e-17 -2.623737e-31 1.000000e+00
    outer loop
      vertex   5.713759e+01 -6.730139e+01 -4.490000e+00
      vertex   4.761240e+01 -8.694970e+01 -4.490000e+00
      vertex   4.761240e+01 -9.200010e+01 -4.490000e+00
    endloop
  endfacet
  facet normal 1.268826e-16 -3.570231e-31 1.000000e+00
    outer loop
      vertex   4.761240e+01 -9.200010e+01 -4.490000e+00
      vertex   4.761240e+01 -8.694970e+01 -4.490000e+00
      vertex   3.361240e+01 -8.694970e+01 -4.490000e+00
    endloop
  endfacet
  facet normal 1.268826e-16 0.000000e+00 1.000000e+00
    outer loop
      vertex   4.761240e+01 -9.200010e+01 -4.490000e+00
      vertex   3.361240e+01 -8.694970e+01 -4.490000e+00
      vertex   3.361240e+01 -9.200010e+01 -4.490000e+00
    endloop
  endfacet
  facet normal 0.000000e+00 -0.000000e+00 1.000000e+00
    outer loop
      vertex   3.361240e+01 -9.200010e+01 -4.490000e+00
      vertex   3.361240e+01 -8.694970e+01 -4.490000e+00
      vertex   3.215291e+01 -8.856690e+01 -4.490000e+00
    endloop
  endfacet
  facet normal 0.000000e+00 0.000000e+00 1.000000e+00
    outer loop
      vertex   3.361240e+01 -9.200010e+01 -4.490000e+00
      vertex   3.215291e+01 -8.856690e+01 -4.490000e+00
      vertex   3.204302e+01 -8.883220e+01 -4.490000e+00
    endloop
  endfacet
  facet normal 0.000000e+00 0.000000e+00 1.000000e+00
    outer loop
      vertex   3.361240e+01 -7.294970e+01 -4.490000e+00
      vertex   2.856200e+01 -8.456840e+01 -4.490000e+00
      vertex   3.361240e+01 -8.694970e+01 -4.490000e+00
    endloop
  endfacet
  facet normal 0.000000e+00 0.000000e+00 1.000000e+00
    outer loop
      vertex   3.361240e+01 -8.694970e+01 -4.490000e+00
      vertex   2.856200e+01 -8.456840e+01 -4.490000e+00
      vertex   3.137510e+01 -8.721968e+01 -4.490000e+00
    endloop
  endfacet
  facet normal 0.000000e+00 0.000000e+00 1.000000e+00
    outer loop
      vertex   3.361240e+01 -8.694970e+01 -4.490000e+00
      vertex   3.137510e+01 -8.721968e+01 -4.490000e+00
      vertex   3.164040e+01 -8.732957e+01 -4.490000e+00
    endloop
  endfacet
  facet normal 8.964503e-15 5.059179e-15 1.000000e+00
    outer loop
      vertex   -4.405169e+01 -8.261590e+01 -4.490000e+00
      vertex   -4.258920e+01 -8.485620e+01 -4.490000e+00
      vertex   -4.401420e+01 -8.233120e+01 -4.490000e+00
    endloop
  endfacet
  facet normal -0.000000e+00 0.000000e+00 1.000000e+00
    outer loop
      vertex   -4.401420e+01 -8.233120e+01 -4.490000e+00
      vertex   -4.258920e+01 -8.485620e+01 -4.490000e+00
      vertex   -4.258921e+01 -7.980580e+01 -4.490000e+00
    endloop
  endfacet
  facet normal 8.965668e-15 -5.059025e-15 1.000000e+00
    outer loop
      vertex   -4.401420e+01 -8.233120e+01 -4.490000e+00
      vertex   -4.258921e+01 -7.980580e+01 -4.490000e+00
      vertex   -4.405169e+01 -8.204650e+01 -4.490000e+00
    endloop
  endfacet
  facet normal 7.430562e-16 3.077840e-16 1.000000e+00
    outer loop
      vertex   -4.405169e+01 -8.204650e+01 -4.490000e+00
      vertex   -4.258921e+01 -7.980580e+01 -4.490000e+00
      vertex   -4.416158e+01 -8.178120e+01 -4.490000e+00
    endloop
  endfacet
  facet normal 5.752172e-16 4.413797e-16 1.000000e+00
    outer loop
      vertex   -4.416158e+01 -8.178120e+01 -4.490000e+00
      vertex   -4.258921e+01 -7.980580e+01 -4.490000e+00
      vertex   -4.433639e+01 -8.155338e+01 -4.490000e+00
    endloop
  endfacet
  facet normal 4.413663e-16 5.751998e-16 1.000000e+00
    outer loop
      vertex   -4.433639e+01 -8.155338e+01 -4.490000e+00
      vertex   -4.258921e+01 -7.980580e+01 -4.490000e+00
      vertex   -4.456420e+01 -8.137857e+01 -4.490000e+00
    endloop
  endfacet
  facet normal 3.077536e-16 7.429830e-16 1.000000e+00
    outer loop
      vertex   -4.456420e+01 -8.137857e+01 -4.490000e+00
      vertex   -4.258921e+01 -7.980580e+01 -4.490000e+00
      vertex   -4.482950e+01 -8.126868e+01 -4.490000e+00
    endloop
  endfacet
  facet normal 1.330406e-16 1.010543e-15 1.000000e+00
    outer loop
      vertex   -4.482950e+01 -8.126868e+01 -4.490000e+00
      vertex   -4.258921e+01 -7.980580e+01 -4.490000e+00
      vertex   -4.511420e+01 -8.123120e+01 -4.490000e+00
    endloop
  endfacet
  facet normal -2.139674e-16 1.625244e-15 1.000000e+00
    outer loop
      vertex   -4.511420e+01 -8.123120e+01 -4.490000e+00
      vertex   -4.258921e+01 -7.980580e+01 -4.490000e+00
      vertex   -4.539891e+01 -8.126868e+01 -4.490000e+00
    endloop
  endfacet
  facet normal 5.700695e-16 1.193757e-16 1.000000e+00
    outer loop
      vertex   -4.539891e+01 -8.126868e+01 -4.490000e+00
      vertex   -4.258921e+01 -7.980580e+01 -4.490000e+00
      vertex   -4.763960e+01 -7.056840e+01 -4.490000e+00
    endloop
  endfacet
  facet normal 0.000000e+00 0.000000e+00 1.000000e+00
    outer loop
      vertex   -4.539891e+01 -8.126868e+01 -4.490000e+00
      vertex   -4.763960e+01 -7.056840e+01 -4.490000e+00
      vertex   -4.566420e+01 -8.137857e+01 -4.490000e+00
    endloop
  endfacet
  facet normal 0.000000e+00 0.000000e+00 1.000000e+00
    outer loop
      vertex   -4.566420e+01 -8.137857e+01 -4.490000e+00
      vertex   -4.763960e+01 -7.056840e+01 -4.490000e+00
      vertex   -4.589202e+01 -8.155338e+01 -4.490000e+00
    endloop
  endfacet
  facet normal 0.000000e+00 0.000000e+00 1.000000e+00
    outer loop
      vertex   -4.589202e+01 -8.155338e+01 -4.490000e+00
      vertex   -4.763960e+01 -7.056840e+01 -4.490000e+00
      vertex   -4.606683e+01 -8.178120e+01 -4.490000e+00
    endloop
  endfacet
  facet normal 0.000000e+00 0.000000e+00 1.000000e+00
    outer loop
      vertex   -4.606683e+01 -8.178120e+01 -4.490000e+00
      vertex   -4.763960e+01 -7.056840e+01 -4.490000e+00
      vertex   -4.763960e+01 -8.456840e+01 -4.490000e+00
    endloop
  endfacet
  facet normal 0.000000e+00 0.000000e+00 1.000000e+00
    outer loop
      vertex   -4.606683e+01 -8.178120e+01 -4.490000e+00
      vertex   -4.763960e+01 -8.456840e+01 -4.490000e+00
      vertex   -4.617672e+01 -8.204650e+01 -4.490000e+00
    endloop
  endfacet
  facet normal 0.000000e+00 0.000000e+00 1.000000e+00
    outer loop
      vertex   -4.617672e+01 -8.204650e+01 -4.490000e+00
      vertex   -4.763960e+01 -8.456840e+01 -4.490000e+00
      vertex   -4.621420e+01 -8.233120e+01 -4.490000e+00
    endloop
  endfacet
  facet normal 0.000000e+00 0.000000e+00 1.000000e+00
    outer loop
      vertex   -4.621420e+01 -8.233120e+01 -4.490000e+00
      vertex   -4.763960e+01 -8.456840e+01 -4.490000e+00
      vertex   -4.617672e+01 -8.261590e+01 -4.490000e+00
    endloop
  endfacet
  facet normal 0.000000e+00 0.000000e+00 1.000000e+00
    outer loop
      vertex   -4.617672e+01 -8.261590e+01 -4.490000e+00
      vertex   -4.763960e+01 -8.456840e+01 -4.490000e+00
      vertex   -4.606683e+01 -8.288120e+01 -4.490000e+00
    endloop
  endfacet
  facet normal 0.000000e+00 0.000000e+00 1.000000e+00
    outer loop
      vertex   -4.606683e+01 -8.288120e+01 -4.490000e+00
      vertex   -4.763960e+01 -8.456840e+01 -4.490000e+00
      vertex   -4.589202e+01 -8.310902e+01 -4.490000e+00
    endloop
  endfacet
  facet normal 0.000000e+00 0.000000e+00 1.000000e+00
    outer loop
      vertex   -4.589202e+01 -8.310902e+01 -4.490000e+00
      vertex   -4.763960e+01 -8.456840e+01 -4.490000e+00
      vertex   -4.566420e+01 -8.328383e+01 -4.490000e+00
    endloop
  endfacet
  facet normal 0.000000e+00 0.000000e+00 1.000000e+00
    outer loop
      vertex   -4.566420e+01 -8.328383e+01 -4.490000e+00
      vertex   -4.763960e+01 -8.456840e+01 -4.490000e+00
      vertex   -4.539891e+01 -8.339372e+01 -4.490000e+00
    endloop
  endfacet
  facet normal 0.000000e+00 0.000000e+00 1.000000e+00
    outer loop
      vertex   -4.539891e+01 -8.339372e+01 -4.490000e+00
      vertex   -4.763960e+01 -8.456840e+01 -4.490000e+00
      vertex   -4.511420e+01 -8.343120e+01 -4.490000e+00
    endloop
  endfacet
  facet normal 3.122152e-16 -6.933425e-16 1.000000e+00
    outer loop
      vertex   -4.511420e+01 -8.343120e+01 -4.490000e+00
      vertex   -4.763960e+01 -8.456840e+01 -4.490000e+00
      vertex   -4.258920e+01 -8.485620e+01 -4.490000e+00
    endloop
  endfacet
  facet normal 1.330709e-16 -1.010774e-15 1.000000e+00
    outer loop
      vertex   -4.511420e+01 -8.343120e+01 -4.490000e+00
      vertex   -4.258920e+01 -8.485620e+01 -4.490000e+00
      vertex   -4.482950e+01 -8.339372e+01 -4.490000e+00
    endloop
  endfacet
  facet normal 3.078052e-16 -7.431074e-16 1.000000e+00
    outer loop
      vertex   -4.482950e+01 -8.339372e+01 -4.490000e+00
      vertex   -4.258920e+01 -8.485620e+01 -4.490000e+00
      vertex   -4.456420e+01 -8.328383e+01 -4.490000e+00
    endloop
  endfacet
  facet normal 4.414234e-16 -5.752742e-16 1.000000e+00
    outer loop
      vertex   -4.456420e+01 -8.328383e+01 -4.490000e+00
      vertex   -4.258920e+01 -8.485620e+01 -4.490000e+00
      vertex   -4.433639e+01 -8.310902e+01 -4.490000e+00
    endloop
  endfacet
  facet normal 5.752742e-16 -4.414234e-16 1.000000e+00
    outer loop
      vertex   -4.433639e+01 -8.310902e+01 -4.490000e+00
      vertex   -4.258920e+01 -8.485620e+01 -4.490000e+00
      vertex   -4.416158e+01 -8.288120e+01 -4.490000e+00
    endloop
  endfacet
  facet normal 7.431072e-16 -3.078051e-16 1.000000e+00
    outer loop
      vertex   -4.416158e+01 -8.288120e+01 -4.490000e+00
      vertex   -4.258920e+01 -8.485620e+01 -4.490000e+00
      vertex   -4.405169e+01 -8.261590e+01 -4.490000e+00
    endloop
  endfacet
  facet normal 1.268826e-16 0.000000e+00 1.000000e+00
    outer loop
      vertex   3.361240e+01 -1.060001e+02 -4.490000e+00
      vertex   4.761240e+01 -1.110505e+02 -4.490000e+00
      vertex   4.761240e+01 -1.060001e+02 -4.490000e+00
    endloop
  endfacet
  facet normal 9.324513e-17 0.000000e+00 1.000000e+00
    outer loop
      vertex   4.761240e+01 -1.060001e+02 -4.490000e+00
      vertex   4.761240e+01 -1.110505e+02 -4.490000e+00
      vertex   5.713759e+01 -1.305018e+02 -4.490000e+00
    endloop
  endfacet
  facet normal 9.324513e-17 9.464950e-32 1.000000e+00
    outer loop
      vertex   4.761240e+01 -1.060001e+02 -4.490000e+00
      vertex   5.713759e+01 -1.305018e+02 -4.490000e+00
      vertex   4.761240e+01 -9.200010e+01 -4.490000e+00
    endloop
  endfacet
  facet normal 9.324513e-17 0.000000e+00 1.000000e+00
    outer loop
      vertex   4.761240e+01 -9.200010e+01 -4.490000e+00
      vertex   5.713759e+01 -1.305018e+02 -4.490000e+00
      vertex   5.713759e+01 -6.730139e+01 -4.490000e+00
    endloop
  endfacet
  facet normal 6.344132e-17 2.154608e-16 1.000000e+00
    outer loop
      vertex   -1.360399e-02 -1.205757e+02 -4.490000e+00
      vertex   -7.008805e+00 -1.185160e+02 -4.490000e+00
      vertex   -1.401360e+01 -1.205757e+02 -4.490000e+00
    endloop
  endfacet
  facet normal 3.921355e-17 2.978565e-16 1.000000e+00
    outer loop
      vertex   -1.401360e+01 -1.205757e+02 -4.490000e+00
      vertex   -7.008805e+00 -1.185160e+02 -4.490000e+00
      vertex   -7.293506e+00 -1.184785e+02 -4.490000e+00
    endloop
  endfacet
  facet normal 7.537703e-17 1.819762e-16 1.000000e+00
    outer loop
      vertex   -1.401360e+01 -1.205757e+02 -4.490000e+00
      vertex   -7.293506e+00 -1.184785e+02 -4.490000e+00
      vertex   -7.558805e+00 -1.183686e+02 -4.490000e+00
    endloop
  endfacet
  facet normal 6.344133e-17 0.000000e+00 1.000000e+00
    outer loop
      vertex   -9.538806e+00 -9.171230e+01 -4.490000e+00
      vertex   -2.353880e+01 -9.171230e+01 -4.490000e+00
      vertex   -9.538806e+00 -9.676270e+01 -4.490000e+00
    endloop
  endfacet
  facet normal 1.758628e-16 -0.000000e+00 1.000000e+00
    outer loop
      vertex   -2.858921e+01 -9.885620e+01 -4.490000e+00
      vertex   -2.353880e+01 -9.171230e+01 -4.490000e+00
      vertex   -2.858921e+01 -8.485620e+01 -4.490000e+00
    endloop
  endfacet
  facet normal 1.758628e-16 0.000000e+00 1.000000e+00
    outer loop
      vertex   -2.858921e+01 -8.485620e+01 -4.490000e+00
      vertex   -2.353880e+01 -9.171230e+01 -4.490000e+00
      vertex   -2.353880e+01 -7.771230e+01 -4.490000e+00
    endloop
  endfacet
  facet normal 1.758628e-16 -0.000000e+00 1.000000e+00
    outer loop
      vertex   -2.858921e+01 -8.485620e+01 -4.490000e+00
      vertex   -2.353880e+01 -7.771230e+01 -4.490000e+00
      vertex   -2.858921e+01 -7.980580e+01 -4.490000e+00
    endloop
  endfacet
  facet normal 1.758628e-16 1.392862e-22 1.000000e+00
    outer loop
      vertex   -2.858921e+01 -7.980580e+01 -4.490000e+00
      vertex   -2.353880e+01 -7.771230e+01 -4.490000e+00
      vertex   -2.353881e+01 -7.266190e+01 -4.490000e+00
    endloop
  endfacet
  facet normal 1.758630e-16 -0.000000e+00 1.000000e+00
    outer loop
      vertex   -2.858921e+01 -7.980580e+01 -4.490000e+00
      vertex   -2.353881e+01 -7.266190e+01 -4.490000e+00
      vertex   -2.858921e+01 -6.580580e+01 -4.490000e+00
    endloop
  endfacet
  facet normal 1.758630e-16 0.000000e+00 1.000000e+00
    outer loop
      vertex   -2.858921e+01 -6.580580e+01 -4.490000e+00
      vertex   -2.353881e+01 -7.266190e+01 -4.490000e+00
      vertex   -2.353881e+01 -5.866190e+01 -4.490000e+00
    endloop
  endfacet
  facet normal 6.344132e-17 7.947682e-17 1.000000e+00
    outer loop
      vertex   -2.858921e+01 -6.580580e+01 -4.490000e+00
      vertex   -2.353881e+01 -5.866190e+01 -4.490000e+00
      vertex   -4.258921e+01 -6.580580e+01 -4.490000e+00
    endloop
  endfacet
  facet normal 1.109135e-16 -4.711577e-17 1.000000e+00
    outer loop
      vertex   -4.258921e+01 -6.580580e+01 -4.490000e+00
      vertex   -2.353881e+01 -5.866190e+01 -4.490000e+00
      vertex   -2.755726e+01 -4.927061e+01 -4.490000e+00
    endloop
  endfacet
  facet normal 1.430090e-16 -7.629337e-17 1.000000e+00
    outer loop
      vertex   -4.258921e+01 -6.580580e+01 -4.490000e+00
      vertex   -2.755726e+01 -4.927061e+01 -4.490000e+00
      vertex   -6.477864e+01 -6.083256e+01 -4.490000e+00
    endloop
  endfacet
  facet normal 6.344132e-17 5.024655e-23 1.000000e+00
    outer loop
      vertex   -2.353881e+01 -7.266190e+01 -4.490000e+00
      vertex   -2.353880e+01 -7.771230e+01 -4.490000e+00
      vertex   -9.538806e+00 -7.266190e+01 -4.490000e+00
    endloop
  endfacet
  facet normal 6.344133e-17 0.000000e+00 1.000000e+00
    outer loop
      vertex   -9.538806e+00 -7.266190e+01 -4.490000e+00
      vertex   -2.353880e+01 -7.771230e+01 -4.490000e+00
      vertex   -9.538806e+00 -7.771230e+01 -4.490000e+00
    endloop
  endfacet
  facet normal 1.268826e-16 -3.570234e-31 1.000000e+00
    outer loop
      vertex   3.361240e+01 -1.110505e+02 -4.490000e+00
      vertex   4.761240e+01 -1.110505e+02 -4.490000e+00
      vertex   3.361240e+01 -1.060001e+02 -4.490000e+00
    endloop
  endfacet
  facet normal 3.517259e-16 0.000000e+00 1.000000e+00
    outer loop
      vertex   -4.258920e+01 -8.485620e+01 -4.490000e+00
      vertex   -4.763960e+01 -8.456840e+01 -4.490000e+00
      vertex   -4.763960e+01 -8.961880e+01 -4.490000e+00
    endloop
  endfacet
  facet normal 6.344132e-17 -0.000000e+00 1.000000e+00
    outer loop
      vertex   -4.763960e+01 -8.961880e+01 -4.490000e+00
      vertex   -4.763960e+01 -8.456840e+01 -4.490000e+00
      vertex   -6.163960e+01 -8.456840e+01 -4.490000e+00
    endloop
  endfacet
  facet normal 6.344132e-17 1.338837e-30 1.000000e+00
    outer loop
      vertex   -4.763960e+01 -8.961880e+01 -4.490000e+00
      vertex   -6.163960e+01 -8.456840e+01 -4.490000e+00
      vertex   -6.163960e+01 -8.961880e+01 -4.490000e+00
    endloop
  endfacet
  facet normal 2.388958e-16 5.041551e-30 1.000000e+00
    outer loop
      vertex   -6.163960e+01 -8.961880e+01 -4.490000e+00
      vertex   -6.163960e+01 -8.456840e+01 -4.490000e+00
      vertex   -6.535745e+01 -8.999363e+01 -4.490000e+00
    endloop
  endfacet
  facet normal 2.421093e-16 -3.187430e-17 1.000000e+00
    outer loop
      vertex   -6.163960e+01 -8.961880e+01 -4.490000e+00
      vertex   -6.535745e+01 -8.999363e+01 -4.490000e+00
      vertex   -6.542560e+01 -9.051127e+01 -4.490000e+00
    endloop
  endfacet
  facet normal 2.388958e-16 -0.000000e+00 1.000000e+00
    outer loop
      vertex   -6.535745e+01 -8.999363e+01 -4.490000e+00
      vertex   -6.163960e+01 -8.456840e+01 -4.490000e+00
      vertex   -6.535745e+01 -6.946760e+01 -4.490000e+00
    endloop
  endfacet
  facet normal 2.388958e-16 0.000000e+00 1.000000e+00
    outer loop
      vertex   -6.535745e+01 -6.946760e+01 -4.490000e+00
      vertex   -6.163960e+01 -8.456840e+01 -4.490000e+00
      vertex   -6.163960e+01 -7.056840e+01 -4.490000e+00
    endloop
  endfacet
  facet normal 2.485858e-16 3.272694e-17 1.000000e+00
    outer loop
      vertex   -6.535745e+01 -6.946760e+01 -4.490000e+00
      vertex   -6.163960e+01 -7.056840e+01 -4.490000e+00
      vertex   -6.542560e+01 -6.894996e+01 -4.490000e+00
    endloop
  endfacet
  facet normal 2.850730e-16 1.180811e-16 1.000000e+00
    outer loop
      vertex   -6.542560e+01 -6.894996e+01 -4.490000e+00
      vertex   -6.163960e+01 -7.056840e+01 -4.490000e+00
      vertex   -6.562540e+01 -6.846760e+01 -4.490000e+00
    endloop
  endfacet
  facet normal 3.741594e-16 2.871026e-16 1.000000e+00
    outer loop
      vertex   -6.562540e+01 -6.846760e+01 -4.490000e+00
      vertex   -6.163960e+01 -7.056840e+01 -4.490000e+00
      vertex   -6.594324e+01 -6.805338e+01 -4.490000e+00
    endloop
  endfacet
  facet normal 1.886023e-16 -3.041842e-17 1.000000e+00
    outer loop
      vertex   -6.594324e+01 -6.805338e+01 -4.490000e+00
      vertex   -6.163960e+01 -7.056840e+01 -4.490000e+00
      vertex   -6.477864e+01 -6.083256e+01 -4.490000e+00
    endloop
  endfacet
  facet normal 0.000000e+00 -0.000000e+00 1.000000e+00
    outer loop
      vertex   -6.594324e+01 -6.805338e+01 -4.490000e+00
      vertex   -6.477864e+01 -6.083256e+01 -4.490000e+00
      vertex   -6.635745e+01 -6.773555e+01 -4.490000e+00
    endloop
  endfacet
  facet normal 0.000000e+00 -0.000000e+00 1.000000e+00
    outer loop
      vertex   -6.635745e+01 -6.773555e+01 -4.490000e+00
      vertex   -6.477864e+01 -6.083256e+01 -4.490000e+00
      vertex   -6.831479e+01 -6.527069e+01 -4.490000e+00
    endloop
  endfacet
  facet normal 0.000000e+00 0.000000e+00 1.000000e+00
    outer loop
      vertex   -6.635745e+01 -6.773555e+01 -4.490000e+00
      vertex   -6.831479e+01 -6.527069e+01 -4.490000e+00
      vertex   -6.683982e+01 -6.753575e+01 -4.490000e+00
    endloop
  endfacet
  facet normal 0.000000e+00 0.000000e+00 1.000000e+00
    outer loop
      vertex   -6.683982e+01 -6.753575e+01 -4.490000e+00
      vertex   -6.831479e+01 -6.527069e+01 -4.490000e+00
      vertex   -6.735745e+01 -6.746760e+01 -4.490000e+00
    endloop
  endfacet
  facet normal 0.000000e+00 0.000000e+00 1.000000e+00
    outer loop
      vertex   -6.735745e+01 -6.746760e+01 -4.490000e+00
      vertex   -6.831479e+01 -6.527069e+01 -4.490000e+00
      vertex   -6.987968e+01 -6.696760e+01 -4.490000e+00
    endloop
  endfacet
  facet normal 0.000000e+00 0.000000e+00 1.000000e+00
    outer loop
      vertex   -6.735745e+01 -6.746760e+01 -4.490000e+00
      vertex   -6.987968e+01 -6.696760e+01 -4.490000e+00
      vertex   -6.937968e+01 -6.746760e+01 -4.490000e+00
    endloop
  endfacet
  facet normal 0.000000e+00 0.000000e+00 1.000000e+00
    outer loop
      vertex   -6.937968e+01 -6.746760e+01 -4.490000e+00
      vertex   -6.987968e+01 -6.696760e+01 -4.490000e+00
      vertex   -6.986265e+01 -6.709701e+01 -4.490000e+00
    endloop
  endfacet
  facet normal 0.000000e+00 0.000000e+00 1.000000e+00
    outer loop
      vertex   -6.937968e+01 -6.746760e+01 -4.490000e+00
      vertex   -6.986265e+01 -6.709701e+01 -4.490000e+00
      vertex   -6.981270e+01 -6.721760e+01 -4.490000e+00
    endloop
  endfacet
  facet normal 6.344132e-17 -7.077294e-17 1.000000e+00
    outer loop
      vertex   -6.163960e+01 -7.056840e+01 -4.490000e+00
      vertex   -4.763960e+01 -7.056840e+01 -4.490000e+00
      vertex   -6.477864e+01 -6.083256e+01 -4.490000e+00
    endloop
  endfacet
  facet normal 1.969047e-16 1.641770e-16 1.000000e+00
    outer loop
      vertex   -6.477864e+01 -6.083256e+01 -4.490000e+00
      vertex   -4.763960e+01 -7.056840e+01 -4.490000e+00
      vertex   -4.258921e+01 -6.580580e+01 -4.490000e+00
    endloop
  endfacet
  facet normal 1.758629e-16 -0.000000e+00 1.000000e+00
    outer loop
      vertex   -9.538806e+00 -7.266190e+01 -4.490000e+00
      vertex   -4.488404e+00 -6.342450e+01 -4.490000e+00
      vertex   -9.538806e+00 -5.866190e+01 -4.490000e+00
    endloop
  endfacet
  facet normal 1.924733e-16 1.761419e-17 1.000000e+00
    outer loop
      vertex   -9.538806e+00 -5.866190e+01 -4.490000e+00
      vertex   -4.488404e+00 -6.342450e+01 -4.490000e+00
      vertex   -5.787618e+00 -4.922776e+01 -4.490000e+00
    endloop
  endfacet
  facet normal 1.105460e-17 8.974964e-17 1.000000e+00
    outer loop
      vertex   -9.538806e+00 -5.866190e+01 -4.490000e+00
      vertex   -5.787618e+00 -4.922776e+01 -4.490000e+00
      vertex   -6.514835e+00 -4.913819e+01 -4.490000e+00
    endloop
  endfacet
  facet normal 0.000000e+00 0.000000e+00 1.000000e+00
    outer loop
      vertex   -6.514835e+00 -4.913819e+01 -4.490000e+00
      vertex   -5.787618e+00 -4.922776e+01 -4.490000e+00
      vertex   -6.027314e+00 -4.917813e+01 -4.490000e+00
    endloop
  endfacet
  facet normal 0.000000e+00 0.000000e+00 1.000000e+00
    outer loop
      vertex   -6.514835e+00 -4.913819e+01 -4.490000e+00
      vertex   -6.027314e+00 -4.917813e+01 -4.490000e+00
      vertex   -6.270259e+00 -4.914821e+01 -4.490000e+00
    endloop
  endfacet
  facet normal 0.000000e+00 0.000000e+00 1.000000e+00
    outer loop
      vertex   -4.058358e+01 -1.233596e+02 -4.490000e+00
      vertex   -4.075839e+01 -1.235874e+02 -4.490000e+00
      vertex   -3.811440e+01 -1.277196e+02 -4.490000e+00
    endloop
  endfacet
  facet normal 0.000000e+00 0.000000e+00 1.000000e+00
    outer loop
      vertex   -3.811440e+01 -1.277196e+02 -4.490000e+00
      vertex   -4.075839e+01 -1.235874e+02 -4.490000e+00
      vertex   -4.098620e+01 -1.237622e+02 -4.490000e+00
    endloop
  endfacet
  facet normal 0.000000e+00 0.000000e+00 1.000000e+00
    outer loop
      vertex   -3.811440e+01 -1.277196e+02 -4.490000e+00
      vertex   -4.098620e+01 -1.237622e+02 -4.490000e+00
      vertex   -4.125150e+01 -1.238721e+02 -4.490000e+00
    endloop
  endfacet
  facet normal 0.000000e+00 0.000000e+00 1.000000e+00
    outer loop
      vertex   -4.125150e+01 -1.238721e+02 -4.490000e+00
      vertex   -4.153620e+01 -1.239096e+02 -4.490000e+00
      vertex   -3.811440e+01 -1.277196e+02 -4.490000e+00
    endloop
  endfacet
  facet normal 0.000000e+00 0.000000e+00 1.000000e+00
    outer loop
      vertex   -3.811440e+01 -1.277196e+02 -4.490000e+00
      vertex   -4.153620e+01 -1.239096e+02 -4.490000e+00
      vertex   -4.182091e+01 -1.238721e+02 -4.490000e+00
    endloop
  endfacet
  facet normal 3.651449e-16 1.512480e-16 1.000000e+00
    outer loop
      vertex   -4.248883e+01 -1.233596e+02 -4.490000e+00
      vertex   -4.259872e+01 -1.230943e+02 -4.490000e+00
      vertex   -4.763960e+01 -1.226692e+02 -4.490000e+00
    endloop
  endfacet
  facet normal 3.563464e-16 4.691389e-17 1.000000e+00
    outer loop
      vertex   -4.763960e+01 -1.226692e+02 -4.490000e+00
      vertex   -4.259872e+01 -1.230943e+02 -4.490000e+00
      vertex   -4.263620e+01 -1.228096e+02 -4.490000e+00
    endloop
  endfacet
  facet normal 3.537232e-16 -4.656854e-17 1.000000e+00
    outer loop
      vertex   -4.763960e+01 -1.226692e+02 -4.490000e+00
      vertex   -4.263620e+01 -1.228096e+02 -4.490000e+00
      vertex   -4.259872e+01 -1.225249e+02 -4.490000e+00
    endloop
  endfacet
  facet normal 3.566187e-16 -1.477163e-16 1.000000e+00
    outer loop
      vertex   -4.259872e+01 -1.225249e+02 -4.490000e+00
      vertex   -4.248883e+01 -1.222596e+02 -4.490000e+00
      vertex   -4.763960e+01 -1.226692e+02 -4.490000e+00
    endloop
  endfacet
  facet normal 3.672834e-16 -2.818265e-16 1.000000e+00
    outer loop
      vertex   -4.763960e+01 -1.226692e+02 -4.490000e+00
      vertex   -4.248883e+01 -1.222596e+02 -4.490000e+00
      vertex   -4.231402e+01 -1.220318e+02 -4.490000e+00
    endloop
  endfacet
  facet normal 3.309096e-16 2.207423e-17 1.000000e+00
    outer loop
      vertex   -4.763960e+01 -1.226692e+02 -4.490000e+00
      vertex   -4.231402e+01 -1.220318e+02 -4.490000e+00
      vertex   -4.258920e+01 -1.179066e+02 -4.490000e+00
    endloop
  endfacet
  facet normal 0.000000e+00 0.000000e+00 1.000000e+00
    outer loop
      vertex   -4.258920e+01 -1.179066e+02 -4.490000e+00
      vertex   -4.231402e+01 -1.220318e+02 -4.490000e+00
      vertex   -4.208620e+01 -1.218570e+02 -4.490000e+00
    endloop
  endfacet
  facet normal 0.000000e+00 0.000000e+00 1.000000e+00
    outer loop
      vertex   -4.258920e+01 -1.179066e+02 -4.490000e+00
      vertex   -4.208620e+01 -1.218570e+02 -4.490000e+00
      vertex   -4.182091e+01 -1.217471e+02 -4.490000e+00
    endloop
  endfacet
  facet normal 0.000000e+00 -0.000000e+00 1.000000e+00
    outer loop
      vertex   -4.182091e+01 -1.217471e+02 -4.490000e+00
      vertex   -4.153620e+01 -1.217096e+02 -4.490000e+00
      vertex   -4.258920e+01 -1.179066e+02 -4.490000e+00
    endloop
  endfacet
  facet normal 0.000000e+00 0.000000e+00 1.000000e+00
    outer loop
      vertex   -4.258920e+01 -1.179066e+02 -4.490000e+00
      vertex   -4.153620e+01 -1.217096e+02 -4.490000e+00
      vertex   -4.125150e+01 -1.217471e+02 -4.490000e+00
    endloop
  endfacet
  facet normal 0.000000e+00 0.000000e+00 1.000000e+00
    outer loop
      vertex   -4.258920e+01 -1.179066e+02 -4.490000e+00
      vertex   -4.125150e+01 -1.217471e+02 -4.490000e+00
      vertex   -4.098620e+01 -1.218570e+02 -4.490000e+00
    endloop
  endfacet
  facet normal -0.000000e+00 -0.000000e+00 1.000000e+00
    outer loop
      vertex   -4.098620e+01 -1.218570e+02 -4.490000e+00
      vertex   -4.075839e+01 -1.220318e+02 -4.490000e+00
      vertex   -4.258920e+01 -1.179066e+02 -4.490000e+00
    endloop
  endfacet
  facet normal 1.268826e-16 0.000000e+00 1.000000e+00
    outer loop
      vertex   9.511596e+00 -7.742450e+01 -4.490000e+00
      vertex   -4.488404e+00 -7.742450e+01 -4.490000e+00
      vertex   9.511596e+00 -8.247490e+01 -4.490000e+00
    endloop
  endfacet
  facet normal 1.268826e-16 -5.024657e-23 1.000000e+00
    outer loop
      vertex   9.511596e+00 -8.247490e+01 -4.490000e+00
      vertex   -4.488404e+00 -7.742450e+01 -4.490000e+00
      vertex   -4.488406e+00 -8.247490e+01 -4.490000e+00
    endloop
  endfacet
  facet normal 1.268826e-16 1.161166e-17 1.000000e+00
    outer loop
      vertex   -4.488404e+00 -6.342450e+01 -4.490000e+00
      vertex   9.511596e+00 -6.342450e+01 -4.490000e+00
      vertex   -5.787618e+00 -4.922776e+01 -4.490000e+00
    endloop
  endfacet
  facet normal 1.175332e-16 1.536201e-18 1.000000e+00
    outer loop
      vertex   -5.787618e+00 -4.922776e+01 -4.490000e+00
      vertex   9.511596e+00 -6.342450e+01 -4.490000e+00
      vertex   5.486520e+01 -6.439096e+01 -4.490000e+00
    endloop
  endfacet
  facet normal 1.268826e-16 4.462793e-31 1.000000e+00
    outer loop
      vertex   9.511596e+00 -1.015253e+02 -4.490000e+00
      vertex   9.511596e+00 -9.647490e+01 -4.490000e+00
      vertex   -4.488404e+00 -1.015253e+02 -4.490000e+00
    endloop
  endfacet
  facet normal 1.268826e-16 5.024658e-23 1.000000e+00
    outer loop
      vertex   -4.488404e+00 -1.015253e+02 -4.490000e+00
      vertex   9.511596e+00 -9.647490e+01 -4.490000e+00
      vertex   -4.488406e+00 -9.647490e+01 -4.490000e+00
    endloop
  endfacet
  facet normal 3.517259e-16 0.000000e+00 1.000000e+00
    outer loop
      vertex   -4.258920e+01 -8.485620e+01 -4.490000e+00
      vertex   -4.763960e+01 -8.961880e+01 -4.490000e+00
      vertex   -4.258920e+01 -9.885620e+01 -4.490000e+00
    endloop
  endfacet
  facet normal 3.517259e-16 0.000000e+00 1.000000e+00
    outer loop
      vertex   -4.258920e+01 -9.885620e+01 -4.490000e+00
      vertex   -4.763960e+01 -8.961880e+01 -4.490000e+00
      vertex   -4.763960e+01 -1.036188e+02 -4.490000e+00
    endloop
  endfacet
  facet normal 6.344132e-17 -5.621082e-17 1.000000e+00
    outer loop
      vertex   -4.763960e+01 -1.226692e+02 -4.490000e+00
      vertex   -6.163960e+01 -1.226692e+02 -4.490000e+00
      vertex   -5.211440e+01 -1.277196e+02 -4.490000e+00
    endloop
  endfacet
  facet normal 3.517259e-16 0.000000e+00 1.000000e+00
    outer loop
      vertex   -4.258920e+01 -1.039066e+02 -4.490000e+00
      vertex   -4.763960e+01 -1.086692e+02 -4.490000e+00
      vertex   -4.258920e+01 -1.179066e+02 -4.490000e+00
    endloop
  endfacet
  facet normal 3.517259e-16 0.000000e+00 1.000000e+00
    outer loop
      vertex   -4.258920e+01 -1.179066e+02 -4.490000e+00
      vertex   -4.763960e+01 -1.086692e+02 -4.490000e+00
      vertex   -4.763960e+01 -1.226692e+02 -4.490000e+00
    endloop
  endfacet
  facet normal -0.000000e+00 0.000000e+00 1.000000e+00
    outer loop
      vertex   -5.946287e+00 -1.177007e+02 -4.490000e+00
      vertex   -1.360399e-02 -1.205757e+02 -4.490000e+00
      vertex   -5.908805e+00 -1.174160e+02 -4.490000e+00
    endloop
  endfacet
  facet normal -0.000000e+00 0.000000e+00 1.000000e+00
    outer loop
      vertex   -5.908805e+00 -1.174160e+02 -4.490000e+00
      vertex   -1.360399e-02 -1.205757e+02 -4.490000e+00
      vertex   -4.488404e+00 -1.155253e+02 -4.490000e+00
    endloop
  endfacet
  facet normal 0.000000e+00 -0.000000e+00 1.000000e+00
    outer loop
      vertex   -5.908805e+00 -1.174160e+02 -4.490000e+00
      vertex   -4.488404e+00 -1.155253e+02 -4.490000e+00
      vertex   -5.946287e+00 -1.171313e+02 -4.490000e+00
    endloop
  endfacet
  facet normal 0.000000e+00 -0.000000e+00 1.000000e+00
    outer loop
      vertex   -5.946287e+00 -1.171313e+02 -4.490000e+00
      vertex   -4.488404e+00 -1.155253e+02 -4.490000e+00
      vertex   -6.056177e+00 -1.168660e+02 -4.490000e+00
    endloop
  endfacet
  facet normal 0.000000e+00 -0.000000e+00 1.000000e+00
    outer loop
      vertex   -6.056177e+00 -1.168660e+02 -4.490000e+00
      vertex   -4.488404e+00 -1.155253e+02 -4.490000e+00
      vertex   -6.230988e+00 -1.166382e+02 -4.490000e+00
    endloop
  endfacet
  facet normal 0.000000e+00 -0.000000e+00 1.000000e+00
    outer loop
      vertex   -6.230988e+00 -1.166382e+02 -4.490000e+00
      vertex   -4.488404e+00 -1.155253e+02 -4.490000e+00
      vertex   -6.458805e+00 -1.164634e+02 -4.490000e+00
    endloop
  endfacet
  facet normal 0.000000e+00 -0.000000e+00 1.000000e+00
    outer loop
      vertex   -6.458805e+00 -1.164634e+02 -4.490000e+00
      vertex   -4.488404e+00 -1.155253e+02 -4.490000e+00
      vertex   -6.724104e+00 -1.163535e+02 -4.490000e+00
    endloop
  endfacet
  facet normal 0.000000e+00 -0.000000e+00 1.000000e+00
    outer loop
      vertex   -6.724104e+00 -1.163535e+02 -4.490000e+00
      vertex   -4.488404e+00 -1.155253e+02 -4.490000e+00
      vertex   -7.008805e+00 -1.163160e+02 -4.490000e+00
    endloop
  endfacet
  facet normal 4.390087e-17 -1.399365e-16 1.000000e+00
    outer loop
      vertex   -7.008805e+00 -1.163160e+02 -4.490000e+00
      vertex   -4.488404e+00 -1.155253e+02 -4.490000e+00
      vertex   -9.538806e+00 -1.107627e+02 -4.490000e+00
    endloop
  endfacet
  facet normal 1.986466e-17 -1.508870e-16 1.000000e+00
    outer loop
      vertex   -7.008805e+00 -1.163160e+02 -4.490000e+00
      vertex   -9.538806e+00 -1.107627e+02 -4.490000e+00
      vertex   -7.293506e+00 -1.163535e+02 -4.490000e+00
    endloop
  endfacet
  facet normal 5.641865e-17 -1.362067e-16 1.000000e+00
    outer loop
      vertex   -7.293506e+00 -1.163535e+02 -4.490000e+00
      vertex   -9.538806e+00 -1.107627e+02 -4.490000e+00
      vertex   -7.558805e+00 -1.164634e+02 -4.490000e+00
    endloop
  endfacet
  facet normal 0.000000e+00 0.000000e+00 1.000000e+00
    outer loop
      vertex   -5.946287e+00 -1.177007e+02 -4.490000e+00
      vertex   -6.056177e+00 -1.179660e+02 -4.490000e+00
      vertex   -1.360399e-02 -1.205757e+02 -4.490000e+00
    endloop
  endfacet
  facet normal 0.000000e+00 0.000000e+00 1.000000e+00
    outer loop
      vertex   -1.360399e-02 -1.205757e+02 -4.490000e+00
      vertex   -6.056177e+00 -1.179660e+02 -4.490000e+00
      vertex   -6.230988e+00 -1.181938e+02 -4.490000e+00
    endloop
  endfacet
  facet normal 0.000000e+00 0.000000e+00 1.000000e+00
    outer loop
      vertex   -1.360399e-02 -1.205757e+02 -4.490000e+00
      vertex   -6.230988e+00 -1.181938e+02 -4.490000e+00
      vertex   -6.458805e+00 -1.183686e+02 -4.490000e+00
    endloop
  endfacet
  facet normal 0.000000e+00 0.000000e+00 1.000000e+00
    outer loop
      vertex   -6.458805e+00 -1.183686e+02 -4.490000e+00
      vertex   -6.724104e+00 -1.184785e+02 -4.490000e+00
      vertex   -1.360399e-02 -1.205757e+02 -4.490000e+00
    endloop
  endfacet
  facet normal 0.000000e+00 0.000000e+00 1.000000e+00
    outer loop
      vertex   -1.360399e-02 -1.205757e+02 -4.490000e+00
      vertex   -6.724104e+00 -1.184785e+02 -4.490000e+00
      vertex   -7.008805e+00 -1.185160e+02 -4.490000e+00
    endloop
  endfacet
  facet normal 9.518462e-17 1.240470e-16 1.000000e+00
    outer loop
      vertex   -7.558805e+00 -1.183686e+02 -4.490000e+00
      vertex   -7.786622e+00 -1.181938e+02 -4.490000e+00
      vertex   -1.401360e+01 -1.205757e+02 -4.490000e+00
    endloop
  endfacet
  facet normal 1.102688e-16 8.461224e-17 1.000000e+00
    outer loop
      vertex   -1.401360e+01 -1.205757e+02 -4.490000e+00
      vertex   -7.786622e+00 -1.181938e+02 -4.490000e+00
      vertex   -7.961433e+00 -1.179660e+02 -4.490000e+00
    endloop
  endfacet
  facet normal 1.245143e-16 5.157551e-17 1.000000e+00
    outer loop
      vertex   -1.401360e+01 -1.205757e+02 -4.490000e+00
      vertex   -7.961433e+00 -1.179660e+02 -4.490000e+00
      vertex   -8.071323e+00 -1.177007e+02 -4.490000e+00
    endloop
  endfacet
  facet normal 1.405172e-16 1.849944e-17 1.000000e+00
    outer loop
      vertex   -8.071323e+00 -1.177007e+02 -4.490000e+00
      vertex   -8.108805e+00 -1.174160e+02 -4.490000e+00
      vertex   -1.401360e+01 -1.205757e+02 -4.490000e+00
    endloop
  endfacet
  facet normal 1.618160e-16 -2.130348e-17 1.000000e+00
    outer loop
      vertex   -1.401360e+01 -1.205757e+02 -4.490000e+00
      vertex   -8.108805e+00 -1.174160e+02 -4.490000e+00
      vertex   -8.071323e+00 -1.171313e+02 -4.490000e+00
    endloop
  endfacet
  facet normal 1.966927e-16 -8.147280e-17 1.000000e+00
    outer loop
      vertex   -1.401360e+01 -1.205757e+02 -4.490000e+00
      vertex   -8.071323e+00 -1.171313e+02 -4.490000e+00
      vertex   -7.961433e+00 -1.168660e+02 -4.490000e+00
    endloop
  endfacet
  facet normal 6.344132e-17 -0.000000e+00 1.000000e+00
    outer loop
      vertex   -2.858921e+01 -8.485620e+01 -4.490000e+00
      vertex   -2.858921e+01 -7.980580e+01 -4.490000e+00
      vertex   -4.258920e+01 -8.485620e+01 -4.490000e+00
    endloop
  endfacet
  facet normal 6.344132e-17 2.512328e-23 1.000000e+00
    outer loop
      vertex   -4.258920e+01 -8.485620e+01 -4.490000e+00
      vertex   -2.858921e+01 -7.980580e+01 -4.490000e+00
      vertex   -4.258921e+01 -7.980580e+01 -4.490000e+00
    endloop
  endfacet
  facet normal 3.517260e-16 -0.000000e+00 1.000000e+00
    outer loop
      vertex   -4.258921e+01 -7.980580e+01 -4.490000e+00
      vertex   -4.258921e+01 -6.580580e+01 -4.490000e+00
      vertex   -4.763960e+01 -7.056840e+01 -4.490000e+00
    endloop
  endfacet
  facet normal 0.000000e+00 0.000000e+00 1.000000e+00
    outer loop
      vertex   2.856200e+01 -7.056840e+01 -4.490000e+00
      vertex   2.856200e+01 -8.456840e+01 -4.490000e+00
      vertex   3.361240e+01 -7.294970e+01 -4.490000e+00
    endloop
  endfacet
  facet normal -0.000000e+00 0.000000e+00 1.000000e+00
    outer loop
      vertex   3.215291e+01 -8.799750e+01 -4.490000e+00
      vertex   3.219040e+01 -8.828220e+01 -4.490000e+00
      vertex   3.361240e+01 -8.694970e+01 -4.490000e+00
    endloop
  endfacet
  facet normal 0.000000e+00 0.000000e+00 1.000000e+00
    outer loop
      vertex   3.361240e+01 -8.694970e+01 -4.490000e+00
      vertex   3.219040e+01 -8.828220e+01 -4.490000e+00
      vertex   3.215291e+01 -8.856690e+01 -4.490000e+00
    endloop
  endfacet
  facet normal 0.000000e+00 0.000000e+00 1.000000e+00
    outer loop
      vertex   3.204302e+01 -8.883220e+01 -4.490000e+00
      vertex   3.186821e+01 -8.906002e+01 -4.490000e+00
      vertex   3.361240e+01 -9.200010e+01 -4.490000e+00
    endloop
  endfacet
  facet normal 0.000000e+00 0.000000e+00 1.000000e+00
    outer loop
      vertex   3.361240e+01 -9.200010e+01 -4.490000e+00
      vertex   3.186821e+01 -8.906002e+01 -4.490000e+00
      vertex   3.164040e+01 -8.923483e+01 -4.490000e+00
    endloop
  endfacet
  facet normal 0.000000e+00 0.000000e+00 1.000000e+00
    outer loop
      vertex   3.361240e+01 -9.200010e+01 -4.490000e+00
      vertex   3.164040e+01 -8.923483e+01 -4.490000e+00
      vertex   3.137510e+01 -8.934472e+01 -4.490000e+00
    endloop
  endfacet
  facet normal 0.000000e+00 0.000000e+00 1.000000e+00
    outer loop
      vertex   3.137510e+01 -8.934472e+01 -4.490000e+00
      vertex   3.109040e+01 -8.938220e+01 -4.490000e+00
      vertex   3.361240e+01 -9.200010e+01 -4.490000e+00
    endloop
  endfacet
  facet normal 0.000000e+00 0.000000e+00 1.000000e+00
    outer loop
      vertex   3.361240e+01 -9.200010e+01 -4.490000e+00
      vertex   3.109040e+01 -8.938220e+01 -4.490000e+00
      vertex   3.080570e+01 -8.934472e+01 -4.490000e+00
    endloop
  endfacet
  facet normal 0.000000e+00 0.000000e+00 1.000000e+00
    outer loop
      vertex   3.054040e+01 -8.923483e+01 -4.490000e+00
      vertex   3.031258e+01 -8.906002e+01 -4.490000e+00
      vertex   2.856200e+01 -8.961880e+01 -4.490000e+00
    endloop
  endfacet
  facet normal 0.000000e+00 0.000000e+00 1.000000e+00
    outer loop
      vertex   2.856200e+01 -8.961880e+01 -4.490000e+00
      vertex   3.031258e+01 -8.906002e+01 -4.490000e+00
      vertex   3.013777e+01 -8.883220e+01 -4.490000e+00
    endloop
  endfacet
  facet normal 0.000000e+00 0.000000e+00 1.000000e+00
    outer loop
      vertex   2.856200e+01 -8.961880e+01 -4.490000e+00
      vertex   3.013777e+01 -8.883220e+01 -4.490000e+00
      vertex   3.002788e+01 -8.856690e+01 -4.490000e+00
    endloop
  endfacet
  facet normal 0.000000e+00 0.000000e+00 1.000000e+00
    outer loop
      vertex   3.002788e+01 -8.856690e+01 -4.490000e+00
      vertex   2.999040e+01 -8.828220e+01 -4.490000e+00
      vertex   2.856200e+01 -8.961880e+01 -4.490000e+00
    endloop
  endfacet
  facet normal 0.000000e+00 0.000000e+00 1.000000e+00
    outer loop
      vertex   2.856200e+01 -8.961880e+01 -4.490000e+00
      vertex   2.999040e+01 -8.828220e+01 -4.490000e+00
      vertex   3.002788e+01 -8.799750e+01 -4.490000e+00
    endloop
  endfacet
  facet normal 0.000000e+00 -0.000000e+00 1.000000e+00
    outer loop
      vertex   3.013777e+01 -8.773220e+01 -4.490000e+00
      vertex   3.031258e+01 -8.750438e+01 -4.490000e+00
      vertex   2.856200e+01 -8.456840e+01 -4.490000e+00
    endloop
  endfacet
  facet normal 0.000000e+00 0.000000e+00 1.000000e+00
    outer loop
      vertex   2.856200e+01 -8.456840e+01 -4.490000e+00
      vertex   3.031258e+01 -8.750438e+01 -4.490000e+00
      vertex   3.054040e+01 -8.732957e+01 -4.490000e+00
    endloop
  endfacet
  facet normal 0.000000e+00 0.000000e+00 1.000000e+00
    outer loop
      vertex   2.856200e+01 -8.456840e+01 -4.490000e+00
      vertex   3.054040e+01 -8.732957e+01 -4.490000e+00
      vertex   3.080570e+01 -8.721968e+01 -4.490000e+00
    endloop
  endfacet
  facet normal 0.000000e+00 -0.000000e+00 1.000000e+00
    outer loop
      vertex   3.080570e+01 -8.721968e+01 -4.490000e+00
      vertex   3.109040e+01 -8.718220e+01 -4.490000e+00
      vertex   2.856200e+01 -8.456840e+01 -4.490000e+00
    endloop
  endfacet
  facet normal 0.000000e+00 0.000000e+00 1.000000e+00
    outer loop
      vertex   2.856200e+01 -8.456840e+01 -4.490000e+00
      vertex   3.109040e+01 -8.718220e+01 -4.490000e+00
      vertex   3.137510e+01 -8.721968e+01 -4.490000e+00
    endloop
  endfacet
  facet normal -0.000000e+00 0.000000e+00 1.000000e+00
    outer loop
      vertex   3.164040e+01 -8.732957e+01 -4.490000e+00
      vertex   3.186821e+01 -8.750438e+01 -4.490000e+00
      vertex   3.361240e+01 -8.694970e+01 -4.490000e+00
    endloop
  endfacet
  facet normal 0.000000e+00 0.000000e+00 1.000000e+00
    outer loop
      vertex   3.361240e+01 -8.694970e+01 -4.490000e+00
      vertex   3.186821e+01 -8.750438e+01 -4.490000e+00
      vertex   3.204302e+01 -8.773220e+01 -4.490000e+00
    endloop
  endfacet
  facet normal 0.000000e+00 0.000000e+00 1.000000e+00
    outer loop
      vertex   3.361240e+01 -8.694970e+01 -4.490000e+00
      vertex   3.204302e+01 -8.773220e+01 -4.490000e+00
      vertex   3.215291e+01 -8.799750e+01 -4.490000e+00
    endloop
  endfacet
  facet normal 1.758629e-16 -0.000000e+00 1.000000e+00
    outer loop
      vertex   -4.488404e+00 -1.155253e+02 -4.490000e+00
      vertex   -4.488404e+00 -1.015253e+02 -4.490000e+00
      vertex   -9.538806e+00 -1.107627e+02 -4.490000e+00
    endloop
  endfacet
  facet normal 1.955769e-16 3.427944e-17 1.000000e+00
    outer loop
      vertex   -6.017328e+01 -1.388588e+02 -4.490000e+00
      vertex   -7.270236e+01 -1.451055e+02 -4.490000e+00
      vertex   -5.338317e+01 -1.516889e+02 -4.490000e+00
    endloop
  endfacet
  facet normal 1.188966e-16 -1.907428e-16 1.000000e+00
    outer loop
      vertex   -5.338317e+01 -1.516889e+02 -4.490000e+00
      vertex   -7.270236e+01 -1.451055e+02 -4.490000e+00
      vertex   -7.815213e+01 -1.485026e+02 -4.490000e+00
    endloop
  endfacet
  facet normal 0.000000e+00 0.000000e+00 1.000000e+00
    outer loop
      vertex   -6.981270e+01 -6.721760e+01 -4.490000e+00
      vertex   -6.973324e+01 -6.732115e+01 -4.490000e+00
      vertex   -6.937968e+01 -6.746760e+01 -4.490000e+00
    endloop
  endfacet
  facet normal 0.000000e+00 0.000000e+00 1.000000e+00
    outer loop
      vertex   -6.937968e+01 -6.746760e+01 -4.490000e+00
      vertex   -6.973324e+01 -6.732115e+01 -4.490000e+00
      vertex   -6.962968e+01 -6.740061e+01 -4.490000e+00
    endloop
  endfacet
  facet normal 0.000000e+00 0.000000e+00 1.000000e+00
    outer loop
      vertex   -6.937968e+01 -6.746760e+01 -4.490000e+00
      vertex   -6.962968e+01 -6.740061e+01 -4.490000e+00
      vertex   -6.950909e+01 -6.745056e+01 -4.490000e+00
    endloop
  endfacet
  facet normal 2.599807e-16 -1.076875e-16 1.000000e+00
    outer loop
      vertex   -6.542560e+01 -9.051127e+01 -4.490000e+00
      vertex   -6.562540e+01 -9.099363e+01 -4.490000e+00
      vertex   -6.163960e+01 -8.961880e+01 -4.490000e+00
    endloop
  endfacet
  facet normal 3.030444e-16 -2.325341e-16 1.000000e+00
    outer loop
      vertex   -6.163960e+01 -8.961880e+01 -4.490000e+00
      vertex   -6.562540e+01 -9.099363e+01 -4.490000e+00
      vertex   -6.594324e+01 -9.140784e+01 -4.490000e+00
    endloop
  endfacet
  facet normal 6.967002e-17 2.885827e-17 1.000000e+00
    outer loop
      vertex   -8.409822e+01 -9.099363e+01 -4.490000e+00
      vertex   -8.429802e+01 -9.051127e+01 -4.490000e+00
      vertex   -9.187035e+01 -1.030073e+02 -4.490000e+00
    endloop
  endfacet
  facet normal 9.635817e-17 1.268579e-17 1.000000e+00
    outer loop
      vertex   -9.187035e+01 -1.030073e+02 -4.490000e+00
      vertex   -8.429802e+01 -9.051127e+01 -4.490000e+00
      vertex   -8.436617e+01 -8.999363e+01 -4.490000e+00
    endloop
  endfacet
  facet normal 1.181664e-16 1.103453e-19 1.000000e+00
    outer loop
      vertex   -9.187035e+01 -1.030073e+02 -4.490000e+00
      vertex   -8.436617e+01 -8.999363e+01 -4.490000e+00
      vertex   -9.190681e+01 -6.397040e+01 -4.490000e+00
    endloop
  endfacet
  facet normal 0.000000e+00 0.000000e+00 1.000000e+00
    outer loop
      vertex   -8.288381e+01 -6.753575e+01 -4.490000e+00
      vertex   -8.236617e+01 -6.746760e+01 -4.490000e+00
      vertex   -8.138042e+01 -6.527069e+01 -4.490000e+00
    endloop
  endfacet
  facet normal 4.331212e-16 -1.943416e-16 1.000000e+00
    outer loop
      vertex   -8.138042e+01 -6.527069e+01 -4.490000e+00
      vertex   -8.236617e+01 -6.746760e+01 -4.490000e+00
      vertex   -8.031552e+01 -6.746760e+01 -4.490000e+00
    endloop
  endfacet
  facet normal 2.722971e-16 -2.722971e-16 1.000000e+00
    outer loop
      vertex   -8.138042e+01 -6.527069e+01 -4.490000e+00
      vertex   -8.031552e+01 -6.746760e+01 -4.490000e+00
      vertex   -7.981552e+01 -6.696760e+01 -4.490000e+00
    endloop
  endfacet
  facet normal 0.000000e+00 0.000000e+00 1.000000e+00
    outer loop
      vertex   -7.981552e+01 -6.696760e+01 -4.490000e+00
      vertex   -8.031552e+01 -6.746760e+01 -4.490000e+00
      vertex   -7.983256e+01 -6.709701e+01 -4.490000e+00
    endloop
  endfacet
  facet normal 0.000000e+00 0.000000e+00 1.000000e+00
    outer loop
      vertex   -7.983256e+01 -6.709701e+01 -4.490000e+00
      vertex   -8.031552e+01 -6.746760e+01 -4.490000e+00
      vertex   -7.988251e+01 -6.721760e+01 -4.490000e+00
    endloop
  endfacet
  facet normal 0.000000e+00 0.000000e+00 1.000000e+00
    outer loop
      vertex   -7.988251e+01 -6.721760e+01 -4.490000e+00
      vertex   -8.031552e+01 -6.746760e+01 -4.490000e+00
      vertex   -7.996197e+01 -6.732115e+01 -4.490000e+00
    endloop
  endfacet
  facet normal 0.000000e+00 0.000000e+00 1.000000e+00
    outer loop
      vertex   -7.996197e+01 -6.732115e+01 -4.490000e+00
      vertex   -8.031552e+01 -6.746760e+01 -4.490000e+00
      vertex   -8.006552e+01 -6.740061e+01 -4.490000e+00
    endloop
  endfacet
  facet normal 0.000000e+00 0.000000e+00 1.000000e+00
    outer loop
      vertex   -8.006552e+01 -6.740061e+01 -4.490000e+00
      vertex   -8.031552e+01 -6.746760e+01 -4.490000e+00
      vertex   -8.018611e+01 -6.745056e+01 -4.490000e+00
    endloop
  endfacet
  facet normal 0.000000e+00 -0.000000e+00 1.000000e+00
    outer loop
      vertex   -7.884556e+01 -6.696760e+01 -4.490000e+00
      vertex   -7.884556e+01 -6.527069e+01 -4.490000e+00
      vertex   -7.981552e+01 -6.696760e+01 -4.490000e+00
    endloop
  endfacet
  facet normal 3.503868e-16 -2.002824e-16 1.000000e+00
    outer loop
      vertex   -7.981552e+01 -6.696760e+01 -4.490000e+00
      vertex   -7.884556e+01 -6.527069e+01 -4.490000e+00
      vertex   -8.138042e+01 -6.527069e+01 -4.490000e+00
    endloop
  endfacet
  facet normal 0.000000e+00 0.000000e+00 1.000000e+00
    outer loop
      vertex   -8.142554e+01 -6.126984e+01 -4.490000e+00
      vertex   -8.148012e+01 -6.118188e+01 -4.490000e+00
      vertex   -8.192661e+01 -6.096760e+01 -4.490000e+00
    endloop
  endfacet
  facet normal 0.000000e+00 0.000000e+00 1.000000e+00
    outer loop
      vertex   -8.192661e+01 -6.096760e+01 -4.490000e+00
      vertex   -8.148012e+01 -6.118188e+01 -4.490000e+00
      vertex   -8.154893e+01 -6.110777e+01 -4.490000e+00
    endloop
  endfacet
  facet normal 0.000000e+00 0.000000e+00 1.000000e+00
    outer loop
      vertex   -8.192661e+01 -6.096760e+01 -4.490000e+00
      vertex   -8.154893e+01 -6.110777e+01 -4.490000e+00
      vertex   -8.163334e+01 -6.104742e+01 -4.490000e+00
    endloop
  endfacet
  facet normal 0.000000e+00 0.000000e+00 1.000000e+00
    outer loop
      vertex   -8.172481e+01 -6.100357e+01 -4.490000e+00
      vertex   -8.182472e+01 -6.097715e+01 -4.490000e+00
      vertex   -8.163334e+01 -6.104742e+01 -4.490000e+00
    endloop
  endfacet
  facet normal 0.000000e+00 0.000000e+00 1.000000e+00
    outer loop
      vertex   -8.163334e+01 -6.104742e+01 -4.490000e+00
      vertex   -8.182472e+01 -6.097715e+01 -4.490000e+00
      vertex   -8.192661e+01 -6.096760e+01 -4.490000e+00
    endloop
  endfacet
  facet normal 4.998521e-16 4.684380e-16 1.000000e+00
    outer loop
      vertex   -8.959341e+01 -1.035409e+02 -4.490000e+00
      vertex   -9.187035e+01 -1.030073e+02 -4.490000e+00
      vertex   -9.137029e+01 -1.035409e+02 -4.490000e+00
    endloop
  endfacet
  facet normal 6.481054e-12 6.073741e-12 1.000000e+00
    outer loop
      vertex   -9.137029e+01 -1.035409e+02 -4.490000e+00
      vertex   -9.187035e+01 -1.030073e+02 -4.490000e+00
      vertex   -9.186108e+01 -1.031084e+02 -4.490000e+00
    endloop
  endfacet
  facet normal 9.315409e-10 1.055918e-09 1.000000e+00
    outer loop
      vertex   -9.137029e+01 -1.035409e+02 -4.490000e+00
      vertex   -9.186108e+01 -1.031084e+02 -4.490000e+00
      vertex   -9.183375e+01 -1.032063e+02 -4.490000e+00
    endloop
  endfacet
  facet normal 2.723041e-10 1.428975e-10 1.000000e+00
    outer loop
      vertex   -9.183375e+01 -1.032063e+02 -4.490000e+00
      vertex   -9.178912e+01 -1.032974e+02 -4.490000e+00
      vertex   -9.137029e+01 -1.035409e+02 -4.490000e+00
    endloop
  endfacet
  facet normal -2.965193e-10 -8.355237e-10 1.000000e+00
    outer loop
      vertex   -9.137029e+01 -1.035409e+02 -4.490000e+00
      vertex   -9.178912e+01 -1.032974e+02 -4.490000e+00
      vertex   -9.172846e+01 -1.033785e+02 -4.490000e+00
    endloop
  endfacet
  facet normal -2.255933e-12 -1.866506e-10 1.000000e+00
    outer loop
      vertex   -9.137029e+01 -1.035409e+02 -4.490000e+00
      vertex   -9.172846e+01 -1.033785e+02 -4.490000e+00
      vertex   -9.165332e+01 -1.034464e+02 -4.490000e+00
    endloop
  endfacet
  facet normal -1.006343e-10 -4.812543e-10 1.000000e+00
    outer loop
      vertex   -9.165332e+01 -1.034464e+02 -4.490000e+00
      vertex   -9.156635e+01 -1.034978e+02 -4.490000e+00
      vertex   -9.137029e+01 -1.035409e+02 -4.490000e+00
    endloop
  endfacet
  facet normal -2.656374e-12 -3.599385e-11 1.000000e+00
    outer loop
      vertex   -9.137029e+01 -1.035409e+02 -4.490000e+00
      vertex   -9.156635e+01 -1.034978e+02 -4.490000e+00
      vertex   -9.147058e+01 -1.035299e+02 -4.490000e+00
    endloop
  endfacet
  facet normal 9.349247e-17 0.000000e+00 1.000000e+00
    outer loop
      vertex   -8.959341e+01 -1.035409e+02 -4.490000e+00
      vertex   -8.959341e+01 -1.058538e+02 -4.490000e+00
      vertex   -8.009341e+01 -1.058538e+02 -4.490000e+00
    endloop
  endfacet
  facet normal 9.349247e-17 0.000000e+00 1.000000e+00
    outer loop
      vertex   -8.009341e+01 -1.144700e+02 -4.490000e+00
      vertex   -8.959341e+01 -1.144700e+02 -4.490000e+00
      vertex   -8.959341e+01 -1.167829e+02 -4.490000e+00
    endloop
  endfacet
  facet normal 3.922903e-16 3.663259e-19 1.000000e+00
    outer loop
      vertex   -9.185271e+01 -1.219000e+02 -4.490000e+00
      vertex   -8.959341e+01 -1.167829e+02 -4.490000e+00
      vertex   -9.185699e+01 -1.173174e+02 -4.490000e+00
    endloop
  endfacet
  facet normal 5.036021e-16 -4.710039e-16 1.000000e+00
    outer loop
      vertex   -9.185699e+01 -1.173174e+02 -4.490000e+00
      vertex   -8.959341e+01 -1.167829e+02 -4.490000e+00
      vertex   -9.135706e+01 -1.167829e+02 -4.490000e+00
    endloop
  endfacet
  facet normal -3.757846e-10 3.514601e-10 1.000000e+00
    outer loop
      vertex   -9.185699e+01 -1.173174e+02 -4.490000e+00
      vertex   -9.135706e+01 -1.167829e+02 -4.490000e+00
      vertex   -9.184790e+01 -1.172162e+02 -4.490000e+00
    endloop
  endfacet
  facet normal -5.470619e-10 5.454779e-10 1.000000e+00
    outer loop
      vertex   -9.184790e+01 -1.172162e+02 -4.490000e+00
      vertex   -9.135706e+01 -1.167829e+02 -4.490000e+00
      vertex   -9.182073e+01 -1.171183e+02 -4.490000e+00
    endloop
  endfacet
  facet normal -5.431130e-10 5.400193e-10 1.000000e+00
    outer loop
      vertex   -9.182073e+01 -1.171183e+02 -4.490000e+00
      vertex   -9.135706e+01 -1.167829e+02 -4.490000e+00
      vertex   -9.177620e+01 -1.170270e+02 -4.490000e+00
    endloop
  endfacet
  facet normal -9.167366e-10 1.181516e-09 1.000000e+00
    outer loop
      vertex   -9.177620e+01 -1.170270e+02 -4.490000e+00
      vertex   -9.135706e+01 -1.167829e+02 -4.490000e+00
      vertex   -9.171557e+01 -1.169458e+02 -4.490000e+00
    endloop
  endfacet
  facet normal -1.874553e-10 -4.239386e-10 1.000000e+00
    outer loop
      vertex   -9.171557e+01 -1.169458e+02 -4.490000e+00
      vertex   -9.135706e+01 -1.167829e+02 -4.490000e+00
      vertex   -9.164041e+01 -1.168777e+02 -4.490000e+00
    endloop
  endfacet
  facet normal 5.759423e-10 -2.706388e-09 1.000000e+00
    outer loop
      vertex   -9.164041e+01 -1.168777e+02 -4.490000e+00
      vertex   -9.135706e+01 -1.167829e+02 -4.490000e+00
      vertex   -9.155338e+01 -1.168262e+02 -4.490000e+00
    endloop
  endfacet
  facet normal 2.068209e-11 -1.869558e-10 1.000000e+00
    outer loop
      vertex   -9.155338e+01 -1.168262e+02 -4.490000e+00
      vertex   -9.135706e+01 -1.167829e+02 -4.490000e+00
      vertex   -9.145749e+01 -1.167939e+02 -4.490000e+00
    endloop
  endfacet
  facet normal 0.000000e+00 -0.000000e+00 1.000000e+00
    outer loop
      vertex   -8.781890e+01 -1.724368e+02 -4.490000e+00
      vertex   -8.709742e+01 -1.723030e+02 -4.490000e+00
      vertex   -8.784076e+01 -1.701852e+02 -4.490000e+00
    endloop
  endfacet
  facet normal 0.000000e+00 0.000000e+00 1.000000e+00
    outer loop
      vertex   -8.784076e+01 -1.701852e+02 -4.490000e+00
      vertex   -8.709742e+01 -1.723030e+02 -4.490000e+00
      vertex   -8.642998e+01 -1.719982e+02 -4.490000e+00
    endloop
  endfacet
  facet normal 0.000000e+00 0.000000e+00 1.000000e+00
    outer loop
      vertex   -5.288990e+01 -1.514450e+02 -4.490000e+00
      vertex   -5.236037e+01 -1.512953e+02 -4.490000e+00
      vertex   -5.211440e+01 -1.417196e+02 -4.490000e+00
    endloop
  endfacet
  facet normal 0.000000e+00 0.000000e+00 1.000000e+00
    outer loop
      vertex   -5.211440e+01 -1.417196e+02 -4.490000e+00
      vertex   -5.236037e+01 -1.512953e+02 -4.490000e+00
      vertex   -5.181241e+01 -1.512448e+02 -4.490000e+00
    endloop
  endfacet
  facet normal 0.000000e+00 -0.000000e+00 1.000000e+00
    outer loop
      vertex   -3.485879e+01 -1.512192e+02 -4.490000e+00
      vertex   -3.466548e+01 -1.511874e+02 -4.490000e+00
      vertex   -3.525075e+01 -1.493328e+02 -4.490000e+00
    endloop
  endfacet
  facet normal -0.000000e+00 0.000000e+00 1.000000e+00
    outer loop
      vertex   -2.696773e+01 -4.915065e+01 -4.490000e+00
      vertex   -2.726551e+01 -4.919581e+01 -4.490000e+00
      vertex   -2.666693e+01 -4.913557e+01 -4.490000e+00
    endloop
  endfacet
  facet normal 0.000000e+00 0.000000e+00 1.000000e+00
    outer loop
      vertex   -2.666693e+01 -4.913557e+01 -4.490000e+00
      vertex   -2.726551e+01 -4.919581e+01 -4.490000e+00
      vertex   -2.755726e+01 -4.927061e+01 -4.490000e+00
    endloop
  endfacet
  facet normal 1.347004e-17 -8.881096e-17 1.000000e+00
    outer loop
      vertex   -2.666693e+01 -4.913557e+01 -4.490000e+00
      vertex   -2.755726e+01 -4.927061e+01 -4.490000e+00
      vertex   -2.353881e+01 -5.866190e+01 -4.490000e+00
    endloop
  endfacet
  facet normal 0.000000e+00 0.000000e+00 1.000000e+00
    outer loop
      vertex   -6.477864e+01 -6.083256e+01 -4.490000e+00
      vertex   -6.507026e+01 -6.090733e+01 -4.490000e+00
      vertex   -6.831479e+01 -6.527069e+01 -4.490000e+00
    endloop
  endfacet
  facet normal 0.000000e+00 0.000000e+00 1.000000e+00
    outer loop
      vertex   -6.831479e+01 -6.527069e+01 -4.490000e+00
      vertex   -6.507026e+01 -6.090733e+01 -4.490000e+00
      vertex   -6.536790e+01 -6.095249e+01 -4.490000e+00
    endloop
  endfacet
  facet normal 0.000000e+00 0.000000e+00 1.000000e+00
    outer loop
      vertex   -6.831479e+01 -6.527069e+01 -4.490000e+00
      vertex   -6.536790e+01 -6.095249e+01 -4.490000e+00
      vertex   -6.566858e+01 -6.096760e+01 -4.490000e+00
    endloop
  endfacet
  facet normal 0.000000e+00 0.000000e+00 1.000000e+00
    outer loop
      vertex   -6.831479e+01 -6.527069e+01 -4.490000e+00
      vertex   -6.566858e+01 -6.096760e+01 -4.490000e+00
      vertex   -6.831479e+01 -6.146760e+01 -4.490000e+00
    endloop
  endfacet
  facet normal 0.000000e+00 0.000000e+00 1.000000e+00
    outer loop
      vertex   -6.831479e+01 -6.146760e+01 -4.490000e+00
      vertex   -6.566858e+01 -6.096760e+01 -4.490000e+00
      vertex   -6.776859e+01 -6.096760e+01 -4.490000e+00
    endloop
  endfacet
  facet normal 0.000000e+00 0.000000e+00 1.000000e+00
    outer loop
      vertex   -6.831479e+01 -6.146760e+01 -4.490000e+00
      vertex   -6.776859e+01 -6.096760e+01 -4.490000e+00
      vertex   -6.830259e+01 -6.136581e+01 -4.490000e+00
    endloop
  endfacet
  facet normal 0.000000e+00 0.000000e+00 1.000000e+00
    outer loop
      vertex   -6.830259e+01 -6.136581e+01 -4.490000e+00
      vertex   -6.776859e+01 -6.096760e+01 -4.490000e+00
      vertex   -6.826967e+01 -6.126984e+01 -4.490000e+00
    endloop
  endfacet
  facet normal 0.000000e+00 0.000000e+00 1.000000e+00
    outer loop
      vertex   -6.826967e+01 -6.126984e+01 -4.490000e+00
      vertex   -6.776859e+01 -6.096760e+01 -4.490000e+00
      vertex   -6.821508e+01 -6.118188e+01 -4.490000e+00
    endloop
  endfacet
  facet normal 0.000000e+00 0.000000e+00 1.000000e+00
    outer loop
      vertex   -6.821508e+01 -6.118188e+01 -4.490000e+00
      vertex   -6.776859e+01 -6.096760e+01 -4.490000e+00
      vertex   -6.814627e+01 -6.110777e+01 -4.490000e+00
    endloop
  endfacet
  facet normal 0.000000e+00 0.000000e+00 1.000000e+00
    outer loop
      vertex   -6.814627e+01 -6.110777e+01 -4.490000e+00
      vertex   -6.776859e+01 -6.096760e+01 -4.490000e+00
      vertex   -6.806187e+01 -6.104742e+01 -4.490000e+00
    endloop
  endfacet
  facet normal 0.000000e+00 0.000000e+00 1.000000e+00
    outer loop
      vertex   -6.806187e+01 -6.104742e+01 -4.490000e+00
      vertex   -6.776859e+01 -6.096760e+01 -4.490000e+00
      vertex   -6.787049e+01 -6.097715e+01 -4.490000e+00
    endloop
  endfacet
  facet normal 0.000000e+00 0.000000e+00 1.000000e+00
    outer loop
      vertex   -6.806187e+01 -6.104742e+01 -4.490000e+00
      vertex   -6.787049e+01 -6.097715e+01 -4.490000e+00
      vertex   -6.797039e+01 -6.100357e+01 -4.490000e+00
    endloop
  endfacet
  facet normal 0.000000e+00 0.000000e+00 1.000000e+00
    outer loop
      vertex   -6.831479e+01 -6.527069e+01 -4.490000e+00
      vertex   -7.084964e+01 -6.527069e+01 -4.490000e+00
      vertex   -6.987968e+01 -6.696760e+01 -4.490000e+00
    endloop
  endfacet
  facet normal 0.000000e+00 0.000000e+00 1.000000e+00
    outer loop
      vertex   -6.987968e+01 -6.696760e+01 -4.490000e+00
      vertex   -7.084964e+01 -6.527069e+01 -4.490000e+00
      vertex   -7.084964e+01 -6.696760e+01 -4.490000e+00
    endloop
  endfacet
  facet normal 1.275581e-16 1.091633e-16 1.000000e+00
    outer loop
      vertex   5.472169e+01 -1.334444e+02 -4.490000e+00
      vertex   3.361240e+01 -1.250505e+02 -4.490000e+00
      vertex   -1.360399e-02 -1.345757e+02 -4.490000e+00
    endloop
  endfacet
  facet normal 1.267933e-16 3.256426e-17 1.000000e+00
    outer loop
      vertex   -7.961433e+00 -1.168660e+02 -4.490000e+00
      vertex   -2.353880e+01 -1.107627e+02 -4.490000e+00
      vertex   -1.401360e+01 -1.205757e+02 -4.490000e+00
    endloop
  endfacet
  facet normal 9.914449e-01 -1.305262e-01 0.000000e+00
    outer loop
      vertex   -7.981552e+01 -6.696760e+01 -5.990000e+00
      vertex   -7.981552e+01 -6.696760e+01 -4.490000e+00
      vertex   -7.983256e+01 -6.709701e+01 -5.990000e+00
    endloop
  endfacet
  facet normal 9.914449e-01 -1.305262e-01 0.000000e+00
    outer loop
      vertex   -7.983256e+01 -6.709701e+01 -5.990000e+00
      vertex   -7.981552e+01 -6.696760e+01 -4.490000e+00
      vertex   -7.983256e+01 -6.709701e+01 -4.490000e+00
    endloop
  endfacet
  facet normal 9.238795e-01 -3.826834e-01 0.000000e+00
    outer loop
      vertex   -7.983256e+01 -6.709701e+01 -5.990000e+00
      vertex   -7.983256e+01 -6.709701e+01 -4.490000e+00
      vertex   -7.988251e+01 -6.721760e+01 -5.990000e+00
    endloop
  endfacet
  facet normal 9.238795e-01 -3.826834e-01 0.000000e+00
    outer loop
      vertex   -7.988251e+01 -6.721760e+01 -5.990000e+00
      vertex   -7.983256e+01 -6.709701e+01 -4.490000e+00
      vertex   -7.988251e+01 -6.721760e+01 -4.490000e+00
    endloop
  endfacet
  facet normal 7.933533e-01 -6.087614e-01 0.000000e+00
    outer loop
      vertex   -7.988251e+01 -6.721760e+01 -5.990000e+00
      vertex   -7.988251e+01 -6.721760e+01 -4.490000e+00
      vertex   -7.996197e+01 -6.732115e+01 -5.990000e+00
    endloop
  endfacet
  facet normal 7.933533e-01 -6.087614e-01 0.000000e+00
    outer loop
      vertex   -7.996197e+01 -6.732115e+01 -5.990000e+00
      vertex   -7.988251e+01 -6.721760e+01 -4.490000e+00
      vertex   -7.996197e+01 -6.732115e+01 -4.490000e+00
    endloop
  endfacet
  facet normal 6.087614e-01 -7.933533e-01 0.000000e+00
    outer loop
      vertex   -7.996197e+01 -6.732115e+01 -5.990000e+00
      vertex   -7.996197e+01 -6.732115e+01 -4.490000e+00
      vertex   -8.006552e+01 -6.740061e+01 -5.990000e+00
    endloop
  endfacet
  facet normal 6.087614e-01 -7.933533e-01 0.000000e+00
    outer loop
      vertex   -8.006552e+01 -6.740061e+01 -5.990000e+00
      vertex   -7.996197e+01 -6.732115e+01 -4.490000e+00
      vertex   -8.006552e+01 -6.740061e+01 -4.490000e+00
    endloop
  endfacet
  facet normal 3.826834e-01 -9.238795e-01 0.000000e+00
    outer loop
      vertex   -8.006552e+01 -6.740061e+01 -5.990000e+00
      vertex   -8.006552e+01 -6.740061e+01 -4.490000e+00
      vertex   -8.018611e+01 -6.745056e+01 -5.990000e+00
    endloop
  endfacet
  facet normal 3.826834e-01 -9.238795e-01 0.000000e+00
    outer loop
      vertex   -8.018611e+01 -6.745056e+01 -5.990000e+00
      vertex   -8.006552e+01 -6.740061e+01 -4.490000e+00
      vertex   -8.018611e+01 -6.745056e+01 -4.490000e+00
    endloop
  endfacet
  facet normal 1.305262e-01 -9.914449e-01 0.000000e+00
    outer loop
      vertex   -8.018611e+01 -6.745056e+01 -5.990000e+00
      vertex   -8.018611e+01 -6.745056e+01 -4.490000e+00
      vertex   -8.031552e+01 -6.746760e+01 -5.990000e+00
    endloop
  endfacet
  facet normal 1.305262e-01 -9.914449e-01 0.000000e+00
    outer loop
      vertex   -8.031552e+01 -6.746760e+01 -5.990000e+00
      vertex   -8.018611e+01 -6.745056e+01 -4.490000e+00
      vertex   -8.031552e+01 -6.746760e+01 -4.490000e+00
    endloop
  endfacet
  facet normal -0.000000e+00 -1.000000e+00 -0.000000e+00
    outer loop
      vertex   -8.031552e+01 -6.746760e+01 -4.490000e+00
      vertex   -8.236617e+01 -6.746760e+01 -4.490000e+00
      vertex   -8.031552e+01 -6.746760e+01 -5.990000e+00
    endloop
  endfacet
  facet normal 0.000000e+00 -1.000000e+00 0.000000e+00
    outer loop
      vertex   -8.031552e+01 -6.746760e+01 -5.990000e+00
      vertex   -8.236617e+01 -6.746760e+01 -4.490000e+00
      vertex   -8.236617e+01 -6.746760e+01 -5.990000e+00
    endloop
  endfacet
  facet normal 0.000000e+00 -1.000000e+00 0.000000e+00
    outer loop
      vertex   -7.084964e+01 -6.696760e+01 -4.490000e+00
      vertex   -7.053641e+01 -6.696760e+01 -4.693558e+00
      vertex   -6.987968e+01 -6.696760e+01 -4.490000e+00
    endloop
  endfacet
  facet normal 0.000000e+00 -1.000000e+00 0.000000e+00
    outer loop
      vertex   -6.987968e+01 -6.696760e+01 -4.490000e+00
      vertex   -7.053641e+01 -6.696760e+01 -4.693558e+00
      vertex   -7.027256e+01 -6.696760e+01 -4.958009e+00
    endloop
  endfacet
  facet normal 0.000000e+00 -1.000000e+00 0.000000e+00
    outer loop
      vertex   -6.987968e+01 -6.696760e+01 -4.490000e+00
      vertex   -7.027256e+01 -6.696760e+01 -4.958009e+00
      vertex   -7.006971e+01 -6.696760e+01 -5.271704e+00
    endloop
  endfacet
  facet normal 0.000000e+00 -1.000000e+00 0.000000e+00
    outer loop
      vertex   -7.006971e+01 -6.696760e+01 -5.271704e+00
      vertex   -6.993680e+01 -6.696760e+01 -5.620827e+00
      vertex   -6.987968e+01 -6.696760e+01 -4.490000e+00
    endloop
  endfacet
  facet normal 0.000000e+00 -1.000000e+00 -0.000000e+00
    outer loop
      vertex   -6.987968e+01 -6.696760e+01 -4.490000e+00
      vertex   -6.993680e+01 -6.696760e+01 -5.620827e+00
      vertex   -6.987968e+01 -6.696760e+01 -5.990000e+00
    endloop
  endfacet
  facet normal -0.000000e+00 -1.000000e+00 0.000000e+00
    outer loop
      vertex   -7.884556e+01 -6.696760e+01 -4.490000e+00
      vertex   -7.981552e+01 -6.696760e+01 -4.490000e+00
      vertex   -7.915880e+01 -6.696760e+01 -4.693558e+00
    endloop
  endfacet
  facet normal -0.000000e+00 -1.000000e+00 0.000000e+00
    outer loop
      vertex   -7.915880e+01 -6.696760e+01 -4.693558e+00
      vertex   -7.981552e+01 -6.696760e+01 -4.490000e+00
      vertex   -7.942265e+01 -6.696760e+01 -4.958009e+00
    endloop
  endfacet
  facet normal -0.000000e+00 -1.000000e+00 0.000000e+00
    outer loop
      vertex   -7.942265e+01 -6.696760e+01 -4.958009e+00
      vertex   -7.981552e+01 -6.696760e+01 -4.490000e+00
      vertex   -7.962550e+01 -6.696760e+01 -5.271704e+00
    endloop
  endfacet
  facet normal -0.000000e+00 -1.000000e+00 0.000000e+00
    outer loop
      vertex   -7.962550e+01 -6.696760e+01 -5.271704e+00
      vertex   -7.981552e+01 -6.696760e+01 -4.490000e+00
      vertex   -7.975840e+01 -6.696760e+01 -5.620827e+00
    endloop
  endfacet
  facet normal -0.000000e+00 -1.000000e+00 0.000000e+00
    outer loop
      vertex   -7.975840e+01 -6.696760e+01 -5.620827e+00
      vertex   -7.981552e+01 -6.696760e+01 -4.490000e+00
      vertex   -7.981552e+01 -6.696760e+01 -5.990000e+00
    endloop
  endfacet
  facet normal 5.449066e-01 0.000000e+00 -8.384968e-01
    outer loop
      vertex   -7.884556e+01 -6.527069e+01 -4.490000e+00
      vertex   -7.884556e+01 -6.696760e+01 -4.490000e+00
      vertex   -7.915880e+01 -6.527069e+01 -4.693558e+00
    endloop
  endfacet
  facet normal 5.449066e-01 0.000000e+00 -8.384968e-01
    outer loop
      vertex   -7.915880e+01 -6.527069e+01 -4.693558e+00
      vertex   -7.884556e+01 -6.696760e+01 -4.490000e+00
      vertex   -7.915880e+01 -6.696760e+01 -4.693558e+00
    endloop
  endfacet
  facet normal 7.079089e-01 0.000000e+00 -7.063038e-01
    outer loop
      vertex   -7.915880e+01 -6.527069e+01 -4.693558e+00
      vertex   -7.915880e+01 -6.696760e+01 -4.693558e+00
      vertex   -7.942265e+01 -6.696760e+01 -4.958009e+00
    endloop
  endfacet
  facet normal 7.079089e-01 0.000000e+00 -7.063038e-01
    outer loop
      vertex   -7.915880e+01 -6.527069e+01 -4.693558e+00
      vertex   -7.942265e+01 -6.696760e+01 -4.958009e+00
      vertex   -7.942265e+01 -6.527069e+01 -4.958009e+00
    endloop
  endfacet
  facet normal 8.397315e-01 0.000000e+00 -5.430018e-01
    outer loop
      vertex   -7.942265e+01 -6.527069e+01 -4.958009e+00
      vertex   -7.942265e+01 -6.696760e+01 -4.958009e+00
      vertex   -7.962550e+01 -6.696760e+01 -5.271704e+00
    endloop
  endfacet
  facet normal 8.397315e-01 0.000000e+00 -5.430018e-01
    outer loop
      vertex   -7.942265e+01 -6.527069e+01 -4.958009e+00
      vertex   -7.962550e+01 -6.696760e+01 -5.271704e+00
      vertex   -7.962550e+01 -6.527069e+01 -5.271704e+00
    endloop
  endfacet
  facet normal 9.345684e-01 0.000000e+00 -3.557835e-01
    outer loop
      vertex   -7.962550e+01 -6.527069e+01 -5.271704e+00
      vertex   -7.962550e+01 -6.696760e+01 -5.271704e+00
      vertex   -7.975840e+01 -6.696760e+01 -5.620827e+00
    endloop
  endfacet
  facet normal 9.345684e-01 0.000000e+00 -3.557835e-01
    outer loop
      vertex   -7.962550e+01 -6.527069e+01 -5.271704e+00
      vertex   -7.975840e+01 -6.696760e+01 -5.620827e+00
      vertex   -7.975840e+01 -6.527069e+01 -5.620827e+00
    endloop
  endfacet
  facet normal 9.882425e-01 0.000000e+00 -1.528948e-01
    outer loop
      vertex   -7.975840e+01 -6.527069e+01 -5.620827e+00
      vertex   -7.975840e+01 -6.696760e+01 -5.620827e+00
      vertex   -7.981552e+01 -6.527069e+01 -5.990000e+00
    endloop
  endfacet
  facet normal 9.882425e-01 0.000000e+00 -1.528948e-01
    outer loop
      vertex   -7.981552e+01 -6.527069e+01 -5.990000e+00
      vertex   -7.975840e+01 -6.696760e+01 -5.620827e+00
      vertex   -7.981552e+01 -6.696760e+01 -5.990000e+00
    endloop
  endfacet
  facet normal -9.882425e-01 -0.000000e+00 -1.528948e-01
    outer loop
      vertex   -6.987968e+01 -6.527069e+01 -5.990000e+00
      vertex   -6.987968e+01 -6.696760e+01 -5.990000e+00
      vertex   -6.993680e+01 -6.527069e+01 -5.620827e+00
    endloop
  endfacet
  facet normal -9.882425e-01 -0.000000e+00 -1.528948e-01
    outer loop
      vertex   -6.993680e+01 -6.527069e+01 -5.620827e+00
      vertex   -6.987968e+01 -6.696760e+01 -5.990000e+00
      vertex   -6.993680e+01 -6.696760e+01 -5.620827e+00
    endloop
  endfacet
  facet normal -9.345684e-01 -0.000000e+00 -3.557835e-01
    outer loop
      vertex   -6.993680e+01 -6.527069e+01 -5.620827e+00
      vertex   -6.993680e+01 -6.696760e+01 -5.620827e+00
      vertex   -7.006971e+01 -6.696760e+01 -5.271704e+00
    endloop
  endfacet
  facet normal -9.345684e-01 0.000000e+00 -3.557835e-01
    outer loop
      vertex   -6.993680e+01 -6.527069e+01 -5.620827e+00
      vertex   -7.006971e+01 -6.696760e+01 -5.271704e+00
      vertex   -7.006971e+01 -6.527069e+01 -5.271704e+00
    endloop
  endfacet
  facet normal -8.397315e-01 -0.000000e+00 -5.430018e-01
    outer loop
      vertex   -7.006971e+01 -6.527069e+01 -5.271704e+00
      vertex   -7.006971e+01 -6.696760e+01 -5.271704e+00
      vertex   -7.027256e+01 -6.696760e+01 -4.958009e+00
    endloop
  endfacet
  facet normal -8.397315e-01 0.000000e+00 -5.430018e-01
    outer loop
      vertex   -7.006971e+01 -6.527069e+01 -5.271704e+00
      vertex   -7.027256e+01 -6.696760e+01 -4.958009e+00
      vertex   -7.027256e+01 -6.527069e+01 -4.958009e+00
    endloop
  endfacet
  facet normal -7.079089e-01 -0.000000e+00 -7.063038e-01
    outer loop
      vertex   -7.027256e+01 -6.527069e+01 -4.958009e+00
      vertex   -7.027256e+01 -6.696760e+01 -4.958009e+00
      vertex   -7.053641e+01 -6.696760e+01 -4.693558e+00
    endloop
  endfacet
  facet normal -7.079089e-01 0.000000e+00 -7.063038e-01
    outer loop
      vertex   -7.027256e+01 -6.527069e+01 -4.958009e+00
      vertex   -7.053641e+01 -6.696760e+01 -4.693558e+00
      vertex   -7.053641e+01 -6.527069e+01 -4.693558e+00
    endloop
  endfacet
  facet normal -5.449066e-01 -0.000000e+00 -8.384968e-01
    outer loop
      vertex   -7.053641e+01 -6.527069e+01 -4.693558e+00
      vertex   -7.053641e+01 -6.696760e+01 -4.693558e+00
      vertex   -7.084964e+01 -6.527069e+01 -4.490000e+00
    endloop
  endfacet
  facet normal -5.449066e-01 -0.000000e+00 -8.384968e-01
    outer loop
      vertex   -7.084964e+01 -6.527069e+01 -4.490000e+00
      vertex   -7.053641e+01 -6.696760e+01 -4.693558e+00
      vertex   -7.084964e+01 -6.696760e+01 -4.490000e+00
    endloop
  endfacet
  facet normal 9.903154e-01 1.034561e-01 -9.258687e-02
    outer loop
      vertex   -8.173660e+01 -6.146760e+01 -5.990000e+00
      vertex   -8.174678e+01 -6.137015e+01 -5.990000e+00
      vertex   -8.168845e+01 -6.146760e+01 -5.474973e+00
    endloop
  endfacet
  facet normal 9.927684e-01 -2.560379e-02 -1.172829e-01
    outer loop
      vertex   -8.168845e+01 -6.146760e+01 -5.474973e+00
      vertex   -8.174678e+01 -6.137015e+01 -5.990000e+00
      vertex   -8.165526e+01 -6.133819e+01 -5.222315e+00
    endloop
  endfacet
  facet normal 9.537643e-01 1.975892e-01 -2.264779e-01
    outer loop
      vertex   -8.168845e+01 -6.146760e+01 -5.474973e+00
      vertex   -8.165526e+01 -6.133819e+01 -5.222315e+00
      vertex   -8.156894e+01 -6.146760e+01 -4.971694e+00
    endloop
  endfacet
  facet normal 9.405873e-01 -2.795368e-02 -3.383994e-01
    outer loop
      vertex   -8.156894e+01 -6.146760e+01 -4.971694e+00
      vertex   -8.165526e+01 -6.133819e+01 -5.222315e+00
      vertex   -8.139262e+01 -6.136581e+01 -4.490000e+00
    endloop
  endfacet
  facet normal 9.254701e-01 1.109325e-01 -3.622141e-01
    outer loop
      vertex   -8.156894e+01 -6.146760e+01 -4.971694e+00
      vertex   -8.139262e+01 -6.136581e+01 -4.490000e+00
      vertex   -8.138042e+01 -6.146760e+01 -4.490000e+00
    endloop
  endfacet
  facet normal 9.510649e-01 2.825157e-01 -1.251413e-01
    outer loop
      vertex   -8.174678e+01 -6.137015e+01 -5.990000e+00
      vertex   -8.177468e+01 -6.127624e+01 -5.990000e+00
      vertex   -8.165526e+01 -6.133819e+01 -5.222315e+00
    endloop
  endfacet
  facet normal 9.178851e-01 3.806968e-01 -1.120574e-01
    outer loop
      vertex   -8.165526e+01 -6.133819e+01 -5.222315e+00
      vertex   -8.177468e+01 -6.127624e+01 -5.990000e+00
      vertex   -8.170388e+01 -6.121760e+01 -5.210843e+00
    endloop
  endfacet
  facet normal 8.747239e-01 3.811154e-01 -2.993479e-01
    outer loop
      vertex   -8.165526e+01 -6.133819e+01 -5.222315e+00
      vertex   -8.170388e+01 -6.121760e+01 -5.210843e+00
      vertex   -8.139262e+01 -6.136581e+01 -4.490000e+00
    endloop
  endfacet
  facet normal 8.950754e-01 3.070412e-01 -3.233661e-01
    outer loop
      vertex   -8.139262e+01 -6.136581e+01 -4.490000e+00
      vertex   -8.170388e+01 -6.121760e+01 -5.210843e+00
      vertex   -8.142554e+01 -6.126984e+01 -4.490000e+00
    endloop
  endfacet
  facet normal 7.548875e-01 6.073744e-01 -2.474695e-01
    outer loop
      vertex   -8.142554e+01 -6.126984e+01 -4.490000e+00
      vertex   -8.170388e+01 -6.121760e+01 -5.210843e+00
      vertex   -8.178121e+01 -6.111404e+01 -5.192592e+00
    endloop
  endfacet
  facet normal 8.108418e-01 5.031852e-01 -2.988985e-01
    outer loop
      vertex   -8.142554e+01 -6.126984e+01 -4.490000e+00
      vertex   -8.178121e+01 -6.111404e+01 -5.192592e+00
      vertex   -8.148012e+01 -6.118188e+01 -4.490000e+00
    endloop
  endfacet
  facet normal 5.840956e-01 7.928685e-01 -1.737578e-01
    outer loop
      vertex   -8.148012e+01 -6.118188e+01 -4.490000e+00
      vertex   -8.178121e+01 -6.111404e+01 -5.192592e+00
      vertex   -8.188200e+01 -6.103458e+01 -5.168807e+00
    endloop
  endfacet
  facet normal 7.045396e-01 6.541462e-01 -2.751666e-01
    outer loop
      vertex   -8.148012e+01 -6.118188e+01 -4.490000e+00
      vertex   -8.188200e+01 -6.103458e+01 -5.168807e+00
      vertex   -8.154893e+01 -6.110777e+01 -4.490000e+00
    endloop
  endfacet
  facet normal 5.705914e-01 7.980071e-01 -1.939332e-01
    outer loop
      vertex   -8.154893e+01 -6.110777e+01 -4.490000e+00
      vertex   -8.188200e+01 -6.103458e+01 -5.168807e+00
      vertex   -8.163334e+01 -6.104742e+01 -4.490000e+00
    endloop
  endfacet
  facet normal 3.655445e-01 9.234808e-01 -1.164490e-01
    outer loop
      vertex   -8.163334e+01 -6.104742e+01 -4.490000e+00
      vertex   -8.188200e+01 -6.103458e+01 -5.168807e+00
      vertex   -8.199937e+01 -6.098463e+01 -5.141109e+00
    endloop
  endfacet
  facet normal 4.271021e-01 8.909597e-01 -1.541898e-01
    outer loop
      vertex   -8.163334e+01 -6.104742e+01 -4.490000e+00
      vertex   -8.199937e+01 -6.098463e+01 -5.141109e+00
      vertex   -8.172481e+01 -6.100357e+01 -4.490000e+00
    endloop
  endfacet
  facet normal 2.548256e-01 9.637192e-01 -7.943002e-02
    outer loop
      vertex   -8.172481e+01 -6.100357e+01 -4.490000e+00
      vertex   -8.199937e+01 -6.098463e+01 -5.141109e+00
      vertex   -8.182472e+01 -6.097715e+01 -4.490000e+00
    endloop
  endfacet
  facet normal 1.106278e-01 9.930122e-01 -4.108773e-02
    outer loop
      vertex   -8.182472e+01 -6.097715e+01 -4.490000e+00
      vertex   -8.199937e+01 -6.098463e+01 -5.141109e+00
      vertex   -8.209100e+01 -6.096760e+01 -4.976082e+00
    endloop
  endfacet
  facet normal 9.329869e-02 9.951381e-01 -3.155271e-02
    outer loop
      vertex   -8.182472e+01 -6.097715e+01 -4.490000e+00
      vertex   -8.209100e+01 -6.096760e+01 -4.976082e+00
      vertex   -8.192661e+01 -6.096760e+01 -4.490000e+00
    endloop
  endfacet
  facet normal 8.732313e-01 4.735450e-01 -1.149879e-01
    outer loop
      vertex   -8.177468e+01 -6.127624e+01 -5.990000e+00
      vertex   -8.182139e+01 -6.119011e+01 -5.990000e+00
      vertex   -8.170388e+01 -6.121760e+01 -5.210843e+00
    endloop
  endfacet
  facet normal 7.890747e-01 6.064933e-01 -9.760624e-02
    outer loop
      vertex   -8.170388e+01 -6.121760e+01 -5.210843e+00
      vertex   -8.182139e+01 -6.119011e+01 -5.990000e+00
      vertex   -8.178121e+01 -6.111404e+01 -5.192592e+00
    endloop
  endfacet
  facet normal 7.728206e-01 6.268971e-01 -9.873380e-02
    outer loop
      vertex   -8.182139e+01 -6.119011e+01 -5.990000e+00
      vertex   -8.188310e+01 -6.111403e+01 -5.990000e+00
      vertex   -8.178121e+01 -6.111404e+01 -5.192592e+00
    endloop
  endfacet
  facet normal 6.059403e-01 7.917351e-01 -7.740713e-02
    outer loop
      vertex   -8.178121e+01 -6.111404e+01 -5.192592e+00
      vertex   -8.188310e+01 -6.111403e+01 -5.990000e+00
      vertex   -8.188200e+01 -6.103458e+01 -5.168807e+00
    endloop
  endfacet
  facet normal 6.278966e-01 7.745988e-01 -7.577888e-02
    outer loop
      vertex   -8.188310e+01 -6.111403e+01 -5.990000e+00
      vertex   -8.195922e+01 -6.105233e+01 -5.990000e+00
      vertex   -8.188200e+01 -6.103458e+01 -5.168807e+00
    endloop
  endfacet
  facet normal 4.754831e-01 8.774178e-01 -6.366931e-02
    outer loop
      vertex   -8.188200e+01 -6.103458e+01 -5.168807e+00
      vertex   -8.195922e+01 -6.105233e+01 -5.990000e+00
      vertex   -8.204535e+01 -6.100565e+01 -5.990000e+00
    endloop
  endfacet
  facet normal 3.825067e-01 9.229248e-01 -4.357103e-02
    outer loop
      vertex   -8.188200e+01 -6.103458e+01 -5.168807e+00
      vertex   -8.204535e+01 -6.100565e+01 -5.990000e+00
      vertex   -8.199937e+01 -6.098463e+01 -5.141109e+00
    endloop
  endfacet
  facet normal 2.843531e-01 9.579211e-01 -3.912034e-02
    outer loop
      vertex   -8.199937e+01 -6.098463e+01 -5.141109e+00
      vertex   -8.204535e+01 -6.100565e+01 -5.990000e+00
      vertex   -8.213928e+01 -6.097777e+01 -5.990000e+00
    endloop
  endfacet
  facet normal 1.017402e-01 9.947727e-01 -8.724756e-03
    outer loop
      vertex   -8.199937e+01 -6.098463e+01 -5.141109e+00
      vertex   -8.213928e+01 -6.097777e+01 -5.990000e+00
      vertex   -8.219489e+01 -6.096760e+01 -5.478582e+00
    endloop
  endfacet
  facet normal 1.038304e-01 9.945588e-01 -8.493220e-03
    outer loop
      vertex   -8.219489e+01 -6.096760e+01 -5.478582e+00
      vertex   -8.213928e+01 -6.097777e+01 -5.990000e+00
      vertex   -8.223672e+01 -6.096760e+01 -5.990000e+00
    endloop
  endfacet
  facet normal 1.342024e-01 9.905655e-01 -2.774480e-02
    outer loop
      vertex   -8.219489e+01 -6.096760e+01 -5.478582e+00
      vertex   -8.209100e+01 -6.096760e+01 -4.976082e+00
      vertex   -8.199937e+01 -6.098463e+01 -5.141109e+00
    endloop
  endfacet
  facet normal 9.956580e-01 0.000000e+00 -9.308637e-02
    outer loop
      vertex   -8.173660e+01 -6.527069e+01 -5.990000e+00
      vertex   -8.173660e+01 -6.146760e+01 -5.990000e+00
      vertex   -8.168845e+01 -6.527069e+01 -5.474973e+00
    endloop
  endfacet
  facet normal 9.956580e-01 2.173947e-17 -9.308637e-02
    outer loop
      vertex   -8.168845e+01 -6.527069e+01 -5.474973e+00
      vertex   -8.173660e+01 -6.146760e+01 -5.990000e+00
      vertex   -8.168845e+01 -6.146760e+01 -5.474973e+00
    endloop
  endfacet
  facet normal 9.729460e-01 5.395558e-17 -2.310327e-01
    outer loop
      vertex   -8.168845e+01 -6.527069e+01 -5.474973e+00
      vertex   -8.168845e+01 -6.146760e+01 -5.474973e+00
      vertex   -8.156894e+01 -6.146760e+01 -4.971694e+00
    endloop
  endfacet
  facet normal 9.312177e-01 0.000000e+00 -3.644635e-01
    outer loop
      vertex   -8.138042e+01 -6.146760e+01 -4.490000e+00
      vertex   -8.138042e+01 -6.527069e+01 -4.490000e+00
      vertex   -8.156894e+01 -6.146760e+01 -4.971694e+00
    endloop
  endfacet
  facet normal 9.312177e-01 0.000000e+00 -3.644635e-01
    outer loop
      vertex   -8.156894e+01 -6.146760e+01 -4.971694e+00
      vertex   -8.138042e+01 -6.527069e+01 -4.490000e+00
      vertex   -8.156894e+01 -6.527069e+01 -4.971694e+00
    endloop
  endfacet
  facet normal 9.729460e-01 0.000000e+00 -2.310327e-01
    outer loop
      vertex   -8.156894e+01 -6.146760e+01 -4.971694e+00
      vertex   -8.156894e+01 -6.527069e+01 -4.971694e+00
      vertex   -8.168845e+01 -6.527069e+01 -5.474973e+00
    endloop
  endfacet
  facet normal -9.254701e-01 1.109325e-01 -3.622141e-01
    outer loop
      vertex   -6.831479e+01 -6.146760e+01 -4.490000e+00
      vertex   -6.830259e+01 -6.136581e+01 -4.490000e+00
      vertex   -6.812626e+01 -6.146760e+01 -4.971694e+00
    endloop
  endfacet
  facet normal -8.737070e-01 2.997111e-01 -3.831572e-01
    outer loop
      vertex   -6.812626e+01 -6.146760e+01 -4.971694e+00
      vertex   -6.830259e+01 -6.136581e+01 -4.490000e+00
      vertex   -6.826967e+01 -6.126984e+01 -4.490000e+00
    endloop
  endfacet
  facet normal -9.517679e-01 4.797284e-02 -3.030453e-01
    outer loop
      vertex   -6.812626e+01 -6.146760e+01 -4.971694e+00
      vertex   -6.826967e+01 -6.126984e+01 -4.490000e+00
      vertex   -6.803994e+01 -6.133819e+01 -5.222315e+00
    endloop
  endfacet
  facet normal -8.102522e-01 5.028193e-01 -3.011049e-01
    outer loop
      vertex   -6.803994e+01 -6.133819e+01 -5.222315e+00
      vertex   -6.826967e+01 -6.126984e+01 -4.490000e+00
      vertex   -6.821508e+01 -6.118188e+01 -4.490000e+00
    endloop
  endfacet
  facet normal -8.773370e-01 3.813967e-01 -2.912325e-01
    outer loop
      vertex   -6.803994e+01 -6.133819e+01 -5.222315e+00
      vertex   -6.821508e+01 -6.118188e+01 -4.490000e+00
      vertex   -6.799133e+01 -6.121760e+01 -5.210843e+00
    endloop
  endfacet
  facet normal -7.090426e-01 6.583271e-01 -2.527133e-01
    outer loop
      vertex   -6.799133e+01 -6.121760e+01 -5.210843e+00
      vertex   -6.821508e+01 -6.118188e+01 -4.490000e+00
      vertex   -6.814627e+01 -6.110777e+01 -4.490000e+00
    endloop
  endfacet
  facet normal -7.528565e-01 6.070651e-01 -2.543208e-01
    outer loop
      vertex   -6.799133e+01 -6.121760e+01 -5.210843e+00
      vertex   -6.814627e+01 -6.110777e+01 -4.490000e+00
      vertex   -6.791399e+01 -6.111404e+01 -5.192592e+00
    endloop
  endfacet
  facet normal -5.703875e-01 7.977219e-01 -1.956986e-01
    outer loop
      vertex   -6.791399e+01 -6.111404e+01 -5.192592e+00
      vertex   -6.814627e+01 -6.110777e+01 -4.490000e+00
      vertex   -6.806187e+01 -6.104742e+01 -4.490000e+00
    endloop
  endfacet
  facet normal -4.256922e-01 8.880186e-01 -1.738075e-01
    outer loop
      vertex   -6.791399e+01 -6.111404e+01 -5.192592e+00
      vertex   -6.806187e+01 -6.104742e+01 -4.490000e+00
      vertex   -6.797039e+01 -6.100357e+01 -4.490000e+00
    endloop
  endfacet
  facet normal -5.846479e-01 7.929279e-01 -1.716160e-01
    outer loop
      vertex   -6.791399e+01 -6.111404e+01 -5.192592e+00
      vertex   -6.797039e+01 -6.100357e+01 -4.490000e+00
      vertex   -6.781321e+01 -6.103458e+01 -5.168807e+00
    endloop
  endfacet
  facet normal -2.542784e-01 9.616495e-01 -1.028236e-01
    outer loop
      vertex   -6.781321e+01 -6.103458e+01 -5.168807e+00
      vertex   -6.797039e+01 -6.100357e+01 -4.490000e+00
      vertex   -6.787049e+01 -6.097715e+01 -4.490000e+00
    endloop
  endfacet
  facet normal -3.673426e-01 9.236588e-01 -1.091506e-01
    outer loop
      vertex   -6.781321e+01 -6.103458e+01 -5.168807e+00
      vertex   -6.787049e+01 -6.097715e+01 -4.490000e+00
      vertex   -6.769584e+01 -6.098463e+01 -5.141109e+00
    endloop
  endfacet
  facet normal -1.106278e-01 9.930122e-01 -4.108773e-02
    outer loop
      vertex   -6.769584e+01 -6.098463e+01 -5.141109e+00
      vertex   -6.787049e+01 -6.097715e+01 -4.490000e+00
      vertex   -6.760420e+01 -6.096760e+01 -4.976082e+00
    endloop
  endfacet
  facet normal -1.342024e-01 9.905655e-01 -2.774480e-02
    outer loop
      vertex   -6.769584e+01 -6.098463e+01 -5.141109e+00
      vertex   -6.760420e+01 -6.096760e+01 -4.976082e+00
      vertex   -6.750032e+01 -6.096760e+01 -5.478582e+00
    endloop
  endfacet
  facet normal -9.329869e-02 9.951381e-01 -3.155271e-02
    outer loop
      vertex   -6.787049e+01 -6.097715e+01 -4.490000e+00
      vertex   -6.776859e+01 -6.096760e+01 -4.490000e+00
      vertex   -6.760420e+01 -6.096760e+01 -4.976082e+00
    endloop
  endfacet
  facet normal -1.038304e-01 9.945588e-01 -8.493220e-03
    outer loop
      vertex   -6.745848e+01 -6.096760e+01 -5.990000e+00
      vertex   -6.755593e+01 -6.097777e+01 -5.990000e+00
      vertex   -6.750032e+01 -6.096760e+01 -5.478582e+00
    endloop
  endfacet
  facet normal -1.017402e-01 9.947727e-01 -8.724756e-03
    outer loop
      vertex   -6.750032e+01 -6.096760e+01 -5.478582e+00
      vertex   -6.755593e+01 -6.097777e+01 -5.990000e+00
      vertex   -6.769584e+01 -6.098463e+01 -5.141109e+00
    endloop
  endfacet
  facet normal -2.843531e-01 9.579211e-01 -3.912034e-02
    outer loop
      vertex   -6.755593e+01 -6.097777e+01 -5.990000e+00
      vertex   -6.764985e+01 -6.100565e+01 -5.990000e+00
      vertex   -6.769584e+01 -6.098463e+01 -5.141109e+00
    endloop
  endfacet
  facet normal -4.759114e-01 8.782083e-01 -4.752381e-02
    outer loop
      vertex   -6.769584e+01 -6.098463e+01 -5.141109e+00
      vertex   -6.764985e+01 -6.100565e+01 -5.990000e+00
      vertex   -6.773599e+01 -6.105233e+01 -5.990000e+00
    endloop
  endfacet
  facet normal -3.798429e-01 9.233744e-01 -5.566938e-02
    outer loop
      vertex   -6.769584e+01 -6.098463e+01 -5.141109e+00
      vertex   -6.773599e+01 -6.105233e+01 -5.990000e+00
      vertex   -6.781321e+01 -6.103458e+01 -5.168807e+00
    endloop
  endfacet
  facet normal -6.278966e-01 7.745988e-01 -7.577888e-02
    outer loop
      vertex   -6.781321e+01 -6.103458e+01 -5.168807e+00
      vertex   -6.773599e+01 -6.105233e+01 -5.990000e+00
      vertex   -6.781210e+01 -6.111403e+01 -5.990000e+00
    endloop
  endfacet
  facet normal -6.059403e-01 7.917351e-01 -7.740713e-02
    outer loop
      vertex   -6.781321e+01 -6.103458e+01 -5.168807e+00
      vertex   -6.781210e+01 -6.111403e+01 -5.990000e+00
      vertex   -6.791399e+01 -6.111404e+01 -5.192592e+00
    endloop
  endfacet
  facet normal -7.728206e-01 6.268971e-01 -9.873380e-02
    outer loop
      vertex   -6.791399e+01 -6.111404e+01 -5.192592e+00
      vertex   -6.781210e+01 -6.111403e+01 -5.990000e+00
      vertex   -6.787382e+01 -6.119011e+01 -5.990000e+00
    endloop
  endfacet
  facet normal -8.755423e-01 4.747982e-01 -8.939933e-02
    outer loop
      vertex   -6.791399e+01 -6.111404e+01 -5.192592e+00
      vertex   -6.787382e+01 -6.119011e+01 -5.990000e+00
      vertex   -6.792053e+01 -6.127624e+01 -5.990000e+00
    endloop
  endfacet
  facet normal -7.857053e-01 6.074145e-01 -1.171102e-01
    outer loop
      vertex   -6.791399e+01 -6.111404e+01 -5.192592e+00
      vertex   -6.792053e+01 -6.127624e+01 -5.990000e+00
      vertex   -6.799133e+01 -6.121760e+01 -5.210843e+00
    endloop
  endfacet
  facet normal -9.530038e-01 2.830917e-01 -1.079025e-01
    outer loop
      vertex   -6.799133e+01 -6.121760e+01 -5.210843e+00
      vertex   -6.792053e+01 -6.127624e+01 -5.990000e+00
      vertex   -6.794842e+01 -6.137015e+01 -5.990000e+00
    endloop
  endfacet
  facet normal -9.160034e-01 3.811762e-01 -1.250698e-01
    outer loop
      vertex   -6.799133e+01 -6.121760e+01 -5.210843e+00
      vertex   -6.794842e+01 -6.137015e+01 -5.990000e+00
      vertex   -6.803994e+01 -6.133819e+01 -5.222315e+00
    endloop
  endfacet
  facet normal -9.927684e-01 -2.560379e-02 -1.172829e-01
    outer loop
      vertex   -6.803994e+01 -6.133819e+01 -5.222315e+00
      vertex   -6.794842e+01 -6.137015e+01 -5.990000e+00
      vertex   -6.800675e+01 -6.146760e+01 -5.474973e+00
    endloop
  endfacet
  facet normal -9.537643e-01 1.975892e-01 -2.264779e-01
    outer loop
      vertex   -6.803994e+01 -6.133819e+01 -5.222315e+00
      vertex   -6.800675e+01 -6.146760e+01 -5.474973e+00
      vertex   -6.812626e+01 -6.146760e+01 -4.971694e+00
    endloop
  endfacet
  facet normal -9.903154e-01 1.034561e-01 -9.258687e-02
    outer loop
      vertex   -6.794842e+01 -6.137015e+01 -5.990000e+00
      vertex   -6.795860e+01 -6.146760e+01 -5.990000e+00
      vertex   -6.800675e+01 -6.146760e+01 -5.474973e+00
    endloop
  endfacet
  facet normal 3.969715e-15 1.000000e+00 3.247186e-16
    outer loop
      vertex   -6.745848e+01 -6.096760e+01 -5.990000e+00
      vertex   -6.750032e+01 -6.096760e+01 -5.478582e+00
      vertex   -6.566858e+01 -6.096760e+01 -5.990000e+00
    endloop
  endfacet
  facet normal 3.879054e-15 1.000000e+00 -0.000000e+00
    outer loop
      vertex   -6.566858e+01 -6.096760e+01 -5.990000e+00
      vertex   -6.750032e+01 -6.096760e+01 -5.478582e+00
      vertex   -6.566858e+01 -6.096760e+01 -4.490000e+00
    endloop
  endfacet
  facet normal 3.489690e-15 1.000000e+00 7.214530e-16
    outer loop
      vertex   -6.566858e+01 -6.096760e+01 -4.490000e+00
      vertex   -6.750032e+01 -6.096760e+01 -5.478582e+00
      vertex   -6.760420e+01 -6.096760e+01 -4.976082e+00
    endloop
  endfacet
  facet normal 3.383511e-15 1.000000e+00 1.144270e-15
    outer loop
      vertex   -6.566858e+01 -6.096760e+01 -4.490000e+00
      vertex   -6.760420e+01 -6.096760e+01 -4.976082e+00
      vertex   -6.776859e+01 -6.096760e+01 -4.490000e+00
    endloop
  endfacet
  facet normal 5.685347e-13 5.997842e-13 1.000000e+00
    outer loop
      vertex   -9.141785e+01 -1.156742e+02 -5.990000e+00
      vertex   -9.147543e+01 -1.156907e+02 -5.990000e+00
      vertex   -9.135824e+01 -1.156685e+02 -5.990000e+00
    endloop
  endfacet
  facet normal -9.310485e-11 4.953957e-10 1.000000e+00
    outer loop
      vertex   -9.135824e+01 -1.156685e+02 -5.990000e+00
      vertex   -9.147543e+01 -1.156907e+02 -5.990000e+00
      vertex   -9.152986e+01 -1.157168e+02 -5.990000e+00
    endloop
  endfacet
  facet normal -1.918034e-01 6.825068e-01 7.052631e-01
    outer loop
      vertex   -9.135824e+01 -1.156685e+02 -5.990000e+00
      vertex   -9.152986e+01 -1.157168e+02 -5.990000e+00
      vertex   -9.148199e+01 -1.160983e+02 -5.607725e+00
    endloop
  endfacet
  facet normal -4.157765e-01 6.171208e-01 6.680507e-01
    outer loop
      vertex   -9.148199e+01 -1.160983e+02 -5.607725e+00
      vertex   -9.152986e+01 -1.157168e+02 -5.990000e+00
      vertex   -9.157998e+01 -1.157505e+02 -5.990000e+00
    endloop
  endfacet
  facet normal -3.420217e-01 6.497639e-01 6.788432e-01
    outer loop
      vertex   -9.148199e+01 -1.160983e+02 -5.607725e+00
      vertex   -9.157998e+01 -1.157505e+02 -5.990000e+00
      vertex   -9.157537e+01 -1.161235e+02 -5.630632e+00
    endloop
  endfacet
  facet normal -5.584916e-01 5.719244e-01 6.008241e-01
    outer loop
      vertex   -9.157537e+01 -1.161235e+02 -5.630632e+00
      vertex   -9.157998e+01 -1.157505e+02 -5.990000e+00
      vertex   -9.166683e+01 -1.158353e+02 -5.990000e+00
    endloop
  endfacet
  facet normal -5.221293e-01 5.955358e-01 6.105065e-01
    outer loop
      vertex   -9.157537e+01 -1.161235e+02 -5.630632e+00
      vertex   -9.166683e+01 -1.158353e+02 -5.990000e+00
      vertex   -9.166008e+01 -1.161620e+02 -5.665585e+00
    endloop
  endfacet
  facet normal -7.085699e-01 4.898199e-01 5.079421e-01
    outer loop
      vertex   -9.166008e+01 -1.161620e+02 -5.665585e+00
      vertex   -9.166683e+01 -1.158353e+02 -5.990000e+00
      vertex   -9.173632e+01 -1.159359e+02 -5.990000e+00
    endloop
  endfacet
  facet normal -6.806610e-01 5.162436e-01 5.198011e-01
    outer loop
      vertex   -9.166008e+01 -1.161620e+02 -5.665585e+00
      vertex   -9.173632e+01 -1.159359e+02 -5.990000e+00
      vertex   -9.173287e+01 -1.162121e+02 -5.711168e+00
    endloop
  endfacet
  facet normal -8.237375e-01 3.976769e-01 4.041158e-01
    outer loop
      vertex   -9.173287e+01 -1.162121e+02 -5.711168e+00
      vertex   -9.173632e+01 -1.159359e+02 -5.990000e+00
      vertex   -9.178943e+01 -1.160459e+02 -5.990000e+00
    endloop
  endfacet
  facet normal -8.114593e-01 4.147016e-01 4.117722e-01
    outer loop
      vertex   -9.173287e+01 -1.162121e+02 -5.711168e+00
      vertex   -9.178943e+01 -1.160459e+02 -5.990000e+00
      vertex   -9.179092e+01 -1.162717e+02 -5.765483e+00
    endloop
  endfacet
  facet normal -8.960862e-01 3.159015e-01 3.118265e-01
    outer loop
      vertex   -9.179092e+01 -1.162717e+02 -5.765483e+00
      vertex   -9.178943e+01 -1.160459e+02 -5.990000e+00
      vertex   -9.181873e+01 -1.163133e+02 -5.803312e+00
    endloop
  endfacet
  facet normal -8.953678e-01 3.571555e-01 2.660009e-01
    outer loop
      vertex   -9.179092e+01 -1.162717e+02 -5.765483e+00
      vertex   -9.181873e+01 -1.163133e+02 -5.803312e+00
      vertex   -9.179047e+01 -1.167421e+02 -5.132447e+00
    endloop
  endfacet
  facet normal -8.953533e-01 3.571804e-01 2.660162e-01
    outer loop
      vertex   -9.179047e+01 -1.167421e+02 -5.132447e+00
      vertex   -9.181873e+01 -1.163133e+02 -5.803312e+00
      vertex   -9.181828e+01 -1.167903e+02 -5.161277e+00
    endloop
  endfacet
  facet normal -8.956919e-01 3.987704e-01 1.967694e-01
    outer loop
      vertex   -9.179047e+01 -1.167421e+02 -5.132447e+00
      vertex   -9.181828e+01 -1.167903e+02 -5.161277e+00
      vertex   -9.177620e+01 -1.170270e+02 -4.490000e+00
    endloop
  endfacet
  facet normal -9.560371e-01 2.525731e-01 1.489965e-01
    outer loop
      vertex   -9.177620e+01 -1.170270e+02 -4.490000e+00
      vertex   -9.181828e+01 -1.167903e+02 -5.161277e+00
      vertex   -9.184743e+01 -1.168719e+02 -5.210055e+00
    endloop
  endfacet
  facet normal -8.840784e-01 4.311370e-01 1.803504e-01
    outer loop
      vertex   -9.177620e+01 -1.170270e+02 -4.490000e+00
      vertex   -9.184743e+01 -1.168719e+02 -5.210055e+00
      vertex   -9.182073e+01 -1.171183e+02 -4.490000e+00
    endloop
  endfacet
  facet normal -9.558671e-01 2.652914e-01 1.262479e-01
    outer loop
      vertex   -9.182073e+01 -1.171183e+02 -4.490000e+00
      vertex   -9.184743e+01 -1.168719e+02 -5.210055e+00
      vertex   -9.184790e+01 -1.172162e+02 -4.490000e+00
    endloop
  endfacet
  facet normal -9.964997e-01 7.566439e-02 3.554256e-02
    outer loop
      vertex   -9.184790e+01 -1.172162e+02 -4.490000e+00
      vertex   -9.184743e+01 -1.168719e+02 -5.210055e+00
      vertex   -9.185721e+01 -1.170846e+02 -5.031203e+00
    endloop
  endfacet
  facet normal -9.952358e-01 8.941596e-02 3.886433e-02
    outer loop
      vertex   -9.184790e+01 -1.172162e+02 -4.490000e+00
      vertex   -9.185721e+01 -1.170846e+02 -5.031203e+00
      vertex   -9.185699e+01 -1.173174e+02 -4.490000e+00
    endloop
  endfacet
  facet normal -9.124361e-01 2.967293e-01 2.818016e-01
    outer loop
      vertex   -9.178943e+01 -1.160459e+02 -5.990000e+00
      vertex   -9.182730e+01 -1.161623e+02 -5.990000e+00
      vertex   -9.181873e+01 -1.163133e+02 -5.803312e+00
    endloop
  endfacet
  facet normal -9.558757e-01 2.054388e-01 2.099917e-01
    outer loop
      vertex   -9.181873e+01 -1.163133e+02 -5.803312e+00
      vertex   -9.182730e+01 -1.161623e+02 -5.990000e+00
      vertex   -9.184789e+01 -1.163835e+02 -5.867316e+00
    endloop
  endfacet
  facet normal -9.556148e-01 2.361649e-01 1.761432e-01
    outer loop
      vertex   -9.181873e+01 -1.163133e+02 -5.803312e+00
      vertex   -9.184789e+01 -1.163835e+02 -5.867316e+00
      vertex   -9.181828e+01 -1.167903e+02 -5.161277e+00
    endloop
  endfacet
  facet normal -9.556086e-01 2.361827e-01 1.761532e-01
    outer loop
      vertex   -9.181828e+01 -1.167903e+02 -5.161277e+00
      vertex   -9.184789e+01 -1.163835e+02 -5.867316e+00
      vertex   -9.184743e+01 -1.168719e+02 -5.210055e+00
    endloop
  endfacet
  facet normal -9.904390e-01 1.247944e-01 5.879518e-02
    outer loop
      vertex   -9.182730e+01 -1.161623e+02 -5.990000e+00
      vertex   -9.185784e+01 -1.164047e+02 -5.990000e+00
      vertex   -9.184789e+01 -1.163835e+02 -5.867316e+00
    endloop
  endfacet
  facet normal -9.945173e-01 8.047380e-02 6.677839e-02
    outer loop
      vertex   -9.184789e+01 -1.163835e+02 -5.867316e+00
      vertex   -9.185784e+01 -1.164047e+02 -5.990000e+00
      vertex   -9.185749e+01 -1.167784e+02 -5.534504e+00
    endloop
  endfacet
  facet normal -9.965364e-01 6.641586e-02 5.004180e-02
    outer loop
      vertex   -9.184789e+01 -1.163835e+02 -5.867316e+00
      vertex   -9.185749e+01 -1.167784e+02 -5.534504e+00
      vertex   -9.184743e+01 -1.168719e+02 -5.210055e+00
    endloop
  endfacet
  facet normal -9.938359e-01 9.445486e-02 5.803918e-02
    outer loop
      vertex   -9.184743e+01 -1.168719e+02 -5.210055e+00
      vertex   -9.185749e+01 -1.167784e+02 -5.534504e+00
      vertex   -9.185721e+01 -1.170846e+02 -5.031203e+00
    endloop
  endfacet
  facet normal -7.711953e-01 5.754005e-01 2.723455e-01
    outer loop
      vertex   -9.177620e+01 -1.170270e+02 -4.490000e+00
      vertex   -9.171557e+01 -1.169458e+02 -4.490000e+00
      vertex   -9.179047e+01 -1.167421e+02 -5.132447e+00
    endloop
  endfacet
  facet normal -8.109348e-01 5.238790e-01 2.606444e-01
    outer loop
      vertex   -9.179047e+01 -1.167421e+02 -5.132447e+00
      vertex   -9.171557e+01 -1.169458e+02 -4.490000e+00
      vertex   -9.173243e+01 -1.166728e+02 -5.091054e+00
    endloop
  endfacet
  facet normal -8.103367e-01 4.700722e-01 3.498378e-01
    outer loop
      vertex   -9.179047e+01 -1.167421e+02 -5.132447e+00
      vertex   -9.173243e+01 -1.166728e+02 -5.091054e+00
      vertex   -9.179092e+01 -1.162717e+02 -5.765483e+00
    endloop
  endfacet
  facet normal -8.103628e-01 4.700399e-01 3.498208e-01
    outer loop
      vertex   -9.179092e+01 -1.162717e+02 -5.765483e+00
      vertex   -9.173243e+01 -1.166728e+02 -5.091054e+00
      vertex   -9.173287e+01 -1.162121e+02 -5.711168e+00
    endloop
  endfacet
  facet normal -6.325957e-01 6.983449e-01 3.348689e-01
    outer loop
      vertex   -9.171557e+01 -1.169458e+02 -4.490000e+00
      vertex   -9.164041e+01 -1.168777e+02 -4.490000e+00
      vertex   -9.173243e+01 -1.166728e+02 -5.091054e+00
    endloop
  endfacet
  facet normal -6.801322e-01 6.557967e-01 3.276446e-01
    outer loop
      vertex   -9.173243e+01 -1.166728e+02 -5.091054e+00
      vertex   -9.164041e+01 -1.168777e+02 -4.490000e+00
      vertex   -9.165963e+01 -1.166147e+02 -5.056317e+00
    endloop
  endfacet
  facet normal -6.792971e-01 5.888313e-01 4.379876e-01
    outer loop
      vertex   -9.173243e+01 -1.166728e+02 -5.091054e+00
      vertex   -9.165963e+01 -1.166147e+02 -5.056317e+00
      vertex   -9.173287e+01 -1.162121e+02 -5.711168e+00
    endloop
  endfacet
  facet normal -6.793398e-01 5.887951e-01 4.379701e-01
    outer loop
      vertex   -9.173287e+01 -1.162121e+02 -5.711168e+00
      vertex   -9.165963e+01 -1.166147e+02 -5.056317e+00
      vertex   -9.166008e+01 -1.161620e+02 -5.665585e+00
    endloop
  endfacet
  facet normal -4.700681e-01 7.943115e-01 3.848444e-01
    outer loop
      vertex   -9.164041e+01 -1.168777e+02 -4.490000e+00
      vertex   -9.155338e+01 -1.168262e+02 -4.490000e+00
      vertex   -9.165963e+01 -1.166147e+02 -5.056317e+00
    endloop
  endfacet
  facet normal -5.218267e-01 7.624178e-01 3.826434e-01
    outer loop
      vertex   -9.165963e+01 -1.166147e+02 -5.056317e+00
      vertex   -9.155338e+01 -1.168262e+02 -4.490000e+00
      vertex   -9.157492e+01 -1.165701e+02 -5.029681e+00
    endloop
  endfacet
  facet normal -5.208976e-01 6.850098e-01 5.093400e-01
    outer loop
      vertex   -9.165963e+01 -1.166147e+02 -5.056317e+00
      vertex   -9.157492e+01 -1.165701e+02 -5.029681e+00
      vertex   -9.166008e+01 -1.161620e+02 -5.665585e+00
    endloop
  endfacet
  facet normal -5.209591e-01 6.849740e-01 5.093253e-01
    outer loop
      vertex   -9.166008e+01 -1.161620e+02 -5.665585e+00
      vertex   -9.157492e+01 -1.165701e+02 -5.029681e+00
      vertex   -9.157537e+01 -1.161235e+02 -5.630632e+00
    endloop
  endfacet
  facet normal -2.895748e-01 8.601941e-01 4.197769e-01
    outer loop
      vertex   -9.155338e+01 -1.168262e+02 -4.490000e+00
      vertex   -9.145749e+01 -1.167939e+02 -4.490000e+00
      vertex   -9.157492e+01 -1.165701e+02 -5.029681e+00
    endloop
  endfacet
  facet normal -3.420156e-01 8.393377e-01 4.225371e-01
    outer loop
      vertex   -9.157492e+01 -1.165701e+02 -5.029681e+00
      vertex   -9.145749e+01 -1.167939e+02 -4.490000e+00
      vertex   -9.148153e+01 -1.165408e+02 -5.012228e+00
    endloop
  endfacet
  facet normal -3.412267e-01 7.543908e-01 5.607663e-01
    outer loop
      vertex   -9.157492e+01 -1.165701e+02 -5.029681e+00
      vertex   -9.148153e+01 -1.165408e+02 -5.012228e+00
      vertex   -9.157537e+01 -1.161235e+02 -5.630632e+00
    endloop
  endfacet
  facet normal -3.413077e-01 7.543603e-01 5.607580e-01
    outer loop
      vertex   -9.157537e+01 -1.161235e+02 -5.630632e+00
      vertex   -9.148153e+01 -1.165408e+02 -5.012228e+00
      vertex   -9.148199e+01 -1.160983e+02 -5.607725e+00
    endloop
  endfacet
  facet normal -9.777725e-02 8.937950e-01 4.376872e-01
    outer loop
      vertex   -9.145749e+01 -1.167939e+02 -4.490000e+00
      vertex   -9.135706e+01 -1.167829e+02 -4.490000e+00
      vertex   -9.148153e+01 -1.165408e+02 -5.012228e+00
    endloop
  endfacet
  facet normal -1.584846e-01 8.808186e-01 4.461403e-01
    outer loop
      vertex   -9.148153e+01 -1.165408e+02 -5.012228e+00
      vertex   -9.135706e+01 -1.167829e+02 -4.490000e+00
      vertex   -9.135736e+01 -1.164988e+02 -5.051094e+00
    endloop
  endfacet
  facet normal -8.470375e-02 7.998050e-01 5.942535e-01
    outer loop
      vertex   -9.148153e+01 -1.165408e+02 -5.012228e+00
      vertex   -9.135736e+01 -1.164988e+02 -5.051094e+00
      vertex   -9.135776e+01 -1.161237e+02 -5.555956e+00
    endloop
  endfacet
  facet normal -8.438395e-02 7.997921e-01 5.943164e-01
    outer loop
      vertex   -9.148153e+01 -1.165408e+02 -5.012228e+00
      vertex   -9.135776e+01 -1.161237e+02 -5.555956e+00
      vertex   -9.148199e+01 -1.160983e+02 -5.607725e+00
    endloop
  endfacet
  facet normal -1.587047e-01 6.812866e-01 7.146057e-01
    outer loop
      vertex   -9.148199e+01 -1.160983e+02 -5.607725e+00
      vertex   -9.135776e+01 -1.161237e+02 -5.555956e+00
      vertex   -9.135824e+01 -1.156685e+02 -5.990000e+00
    endloop
  endfacet
  facet normal 7.284195e-16 6.901213e-01 7.236937e-01
    outer loop
      vertex   -9.135824e+01 -1.156685e+02 -5.990000e+00
      vertex   -9.135776e+01 -1.161237e+02 -5.555956e+00
      vertex   -8.959341e+01 -1.156685e+02 -5.990000e+00
    endloop
  endfacet
  facet normal 1.450726e-15 6.901213e-01 7.236937e-01
    outer loop
      vertex   -8.959341e+01 -1.156685e+02 -5.990000e+00
      vertex   -9.135776e+01 -1.161237e+02 -5.555956e+00
      vertex   -8.959341e+01 -1.161237e+02 -5.555956e+00
    endloop
  endfacet
  facet normal 1.200824e-15 8.027218e-01 5.963537e-01
    outer loop
      vertex   -8.959341e+01 -1.161237e+02 -5.555956e+00
      vertex   -9.135776e+01 -1.161237e+02 -5.555956e+00
      vertex   -9.135736e+01 -1.164988e+02 -5.051094e+00
    endloop
  endfacet
  facet normal 1.200871e-15 8.027218e-01 5.963537e-01
    outer loop
      vertex   -8.959341e+01 -1.161237e+02 -5.555956e+00
      vertex   -9.135736e+01 -1.164988e+02 -5.051094e+00
      vertex   -8.959341e+01 -1.164988e+02 -5.051094e+00
    endloop
  endfacet
  facet normal 9.099191e-16 8.921281e-01 4.517825e-01
    outer loop
      vertex   -8.959341e+01 -1.164988e+02 -5.051094e+00
      vertex   -9.135736e+01 -1.164988e+02 -5.051094e+00
      vertex   -9.135706e+01 -1.167829e+02 -4.490000e+00
    endloop
  endfacet
  facet normal 2.252018e-16 8.921281e-01 4.517825e-01
    outer loop
      vertex   -8.959341e+01 -1.164988e+02 -5.051094e+00
      vertex   -9.135706e+01 -1.167829e+02 -4.490000e+00
      vertex   -8.959341e+01 -1.167829e+02 -4.490000e+00
    endloop
  endfacet
  facet normal -1.586249e-01 -8.808671e-01 4.459947e-01
    outer loop
      vertex   -9.136999e+01 -1.038250e+02 -5.051094e+00
      vertex   -9.137029e+01 -1.035409e+02 -4.490000e+00
      vertex   -9.149410e+01 -1.037828e+02 -5.011835e+00
    endloop
  endfacet
  facet normal -9.763947e-02 -8.938748e-01 4.375551e-01
    outer loop
      vertex   -9.149410e+01 -1.037828e+02 -5.011835e+00
      vertex   -9.137029e+01 -1.035409e+02 -4.490000e+00
      vertex   -9.147058e+01 -1.035299e+02 -4.490000e+00
    endloop
  endfacet
  facet normal -2.879059e-01 -8.566483e-01 4.280933e-01
    outer loop
      vertex   -9.149410e+01 -1.037828e+02 -5.011835e+00
      vertex   -9.147058e+01 -1.035299e+02 -4.490000e+00
      vertex   -9.156635e+01 -1.034978e+02 -4.490000e+00
    endloop
  endfacet
  facet normal -3.413914e-01 -8.439547e-01 4.137540e-01
    outer loop
      vertex   -9.149410e+01 -1.037828e+02 -5.011835e+00
      vertex   -9.156635e+01 -1.034978e+02 -4.490000e+00
      vertex   -9.158740e+01 -1.037536e+02 -5.029326e+00
    endloop
  endfacet
  facet normal -4.675043e-01 -7.914477e-01 3.937642e-01
    outer loop
      vertex   -9.158740e+01 -1.037536e+02 -5.029326e+00
      vertex   -9.156635e+01 -1.034978e+02 -4.490000e+00
      vertex   -9.165332e+01 -1.034464e+02 -4.490000e+00
    endloop
  endfacet
  facet normal -5.209460e-01 -7.674948e-01 3.735867e-01
    outer loop
      vertex   -9.158740e+01 -1.037536e+02 -5.029326e+00
      vertex   -9.165332e+01 -1.034464e+02 -4.490000e+00
      vertex   -9.167206e+01 -1.037092e+02 -5.055973e+00
    endloop
  endfacet
  facet normal -6.295564e-01 -6.965341e-01 3.442368e-01
    outer loop
      vertex   -9.167206e+01 -1.037092e+02 -5.055973e+00
      vertex   -9.165332e+01 -1.034464e+02 -4.490000e+00
      vertex   -9.172846e+01 -1.033785e+02 -4.490000e+00
    endloop
  endfacet
  facet normal -6.791176e-01 -6.612440e-01 3.186780e-01
    outer loop
      vertex   -9.167206e+01 -1.037092e+02 -5.055973e+00
      vertex   -9.172846e+01 -1.033785e+02 -4.490000e+00
      vertex   -9.174483e+01 -1.036512e+02 -5.090697e+00
    endloop
  endfacet
  facet normal -7.682015e-01 -5.748167e-01 2.818727e-01
    outer loop
      vertex   -9.174483e+01 -1.036512e+02 -5.090697e+00
      vertex   -9.172846e+01 -1.033785e+02 -4.490000e+00
      vertex   -9.178912e+01 -1.032974e+02 -4.490000e+00
    endloop
  endfacet
  facet normal -8.099437e-01 -5.295459e-01 2.521356e-01
    outer loop
      vertex   -9.174483e+01 -1.036512e+02 -5.090697e+00
      vertex   -9.178912e+01 -1.032974e+02 -4.490000e+00
      vertex   -9.180290e+01 -1.035820e+02 -5.132055e+00
    endloop
  endfacet
  facet normal -8.781686e-01 -4.300401e-01 2.094882e-01
    outer loop
      vertex   -9.180290e+01 -1.035820e+02 -5.132055e+00
      vertex   -9.178912e+01 -1.032974e+02 -4.490000e+00
      vertex   -9.183375e+01 -1.032063e+02 -4.490000e+00
    endloop
  endfacet
  facet normal -8.949946e-01 -4.024015e-01 1.925038e-01
    outer loop
      vertex   -9.180290e+01 -1.035820e+02 -5.132055e+00
      vertex   -9.183375e+01 -1.032063e+02 -4.490000e+00
      vertex   -9.183074e+01 -1.035339e+02 -5.160858e+00
    endloop
  endfacet
  facet normal -9.552607e-01 -2.674332e-01 1.263192e-01
    outer loop
      vertex   -9.183074e+01 -1.035339e+02 -5.160858e+00
      vertex   -9.183375e+01 -1.032063e+02 -4.490000e+00
      vertex   -9.185999e+01 -1.034524e+02 -5.209578e+00
    endloop
  endfacet
  facet normal -9.552582e-01 -2.377546e-01 1.759388e-01
    outer loop
      vertex   -9.183074e+01 -1.035339e+02 -5.160858e+00
      vertex   -9.185999e+01 -1.034524e+02 -5.209578e+00
      vertex   -9.183029e+01 -1.040109e+02 -5.802978e+00
    endloop
  endfacet
  facet normal -9.552519e-01 -2.377694e-01 1.759530e-01
    outer loop
      vertex   -9.183029e+01 -1.040109e+02 -5.802978e+00
      vertex   -9.185999e+01 -1.034524e+02 -5.209578e+00
      vertex   -9.185953e+01 -1.039407e+02 -5.866919e+00
    endloop
  endfacet
  facet normal -9.556125e-01 -2.092475e-01 2.074131e-01
    outer loop
      vertex   -9.183029e+01 -1.040109e+02 -5.802978e+00
      vertex   -9.185953e+01 -1.039407e+02 -5.866919e+00
      vertex   -9.183406e+01 -1.041790e+02 -5.990000e+00
    endloop
  endfacet
  facet normal -9.626998e-01 -1.980784e-01 1.843207e-01
    outer loop
      vertex   -9.183406e+01 -1.041790e+02 -5.990000e+00
      vertex   -9.185953e+01 -1.039407e+02 -5.866919e+00
      vertex   -9.186049e+01 -1.040506e+02 -5.990000e+00
    endloop
  endfacet
  facet normal -9.837381e-01 -1.301155e-01 1.238118e-01
    outer loop
      vertex   -9.186049e+01 -1.040506e+02 -5.990000e+00
      vertex   -9.185953e+01 -1.039407e+02 -5.866919e+00
      vertex   -9.186985e+01 -1.035464e+02 -5.534504e+00
    endloop
  endfacet
  facet normal -9.960780e-01 -6.877908e-02 5.565974e-02
    outer loop
      vertex   -9.186049e+01 -1.040506e+02 -5.990000e+00
      vertex   -9.186985e+01 -1.035464e+02 -5.534504e+00
      vertex   -9.186950e+01 -1.039200e+02 -5.990000e+00
    endloop
  endfacet
  facet normal -9.554142e-01 -2.669584e-01 1.261623e-01
    outer loop
      vertex   -9.183375e+01 -1.032063e+02 -4.490000e+00
      vertex   -9.186108e+01 -1.031084e+02 -4.490000e+00
      vertex   -9.185999e+01 -1.034524e+02 -5.209578e+00
    endloop
  endfacet
  facet normal -9.963617e-01 -7.747208e-02 3.551735e-02
    outer loop
      vertex   -9.185999e+01 -1.034524e+02 -5.209578e+00
      vertex   -9.186108e+01 -1.031084e+02 -4.490000e+00
      vertex   -9.187014e+01 -1.032401e+02 -5.031203e+00
    endloop
  endfacet
  facet normal -9.936703e-01 -9.621608e-02 5.798153e-02
    outer loop
      vertex   -9.185999e+01 -1.034524e+02 -5.209578e+00
      vertex   -9.187014e+01 -1.032401e+02 -5.031203e+00
      vertex   -9.186985e+01 -1.035464e+02 -5.534504e+00
    endloop
  endfacet
  facet normal -9.950732e-01 -9.121822e-02 3.884011e-02
    outer loop
      vertex   -9.186108e+01 -1.031084e+02 -4.490000e+00
      vertex   -9.187035e+01 -1.030073e+02 -4.490000e+00
      vertex   -9.187014e+01 -1.032401e+02 -5.031203e+00
    endloop
  endfacet
  facet normal -8.988295e-01 -3.167598e-01 3.029335e-01
    outer loop
      vertex   -9.183406e+01 -1.041790e+02 -5.990000e+00
      vertex   -9.179084e+01 -1.043016e+02 -5.990000e+00
      vertex   -9.183029e+01 -1.040109e+02 -5.802978e+00
    endloop
  endfacet
  facet normal -8.957269e-01 -3.200147e-01 3.086486e-01
    outer loop
      vertex   -9.183029e+01 -1.040109e+02 -5.802978e+00
      vertex   -9.179084e+01 -1.043016e+02 -5.990000e+00
      vertex   -9.180245e+01 -1.040523e+02 -5.765177e+00
    endloop
  endfacet
  facet normal -8.948819e-01 -3.585735e-01 2.657283e-01
    outer loop
      vertex   -9.183029e+01 -1.040109e+02 -5.802978e+00
      vertex   -9.180245e+01 -1.040523e+02 -5.765177e+00
      vertex   -9.183074e+01 -1.035339e+02 -5.160858e+00
    endloop
  endfacet
  facet normal -8.948964e-01 -3.585516e-01 2.657088e-01
    outer loop
      vertex   -9.183074e+01 -1.035339e+02 -5.160858e+00
      vertex   -9.180245e+01 -1.040523e+02 -5.765177e+00
      vertex   -9.180290e+01 -1.035820e+02 -5.132055e+00
    endloop
  endfacet
  facet normal -8.018337e-01 -4.203201e-01 4.247277e-01
    outer loop
      vertex   -9.179084e+01 -1.043016e+02 -5.990000e+00
      vertex   -9.173280e+01 -1.044124e+02 -5.990000e+00
      vertex   -9.180245e+01 -1.040523e+02 -5.765177e+00
    endloop
  endfacet
  facet normal -8.109683e-01 -4.146396e-01 4.128006e-01
    outer loop
      vertex   -9.180245e+01 -1.040523e+02 -5.765177e+00
      vertex   -9.173280e+01 -1.044124e+02 -5.990000e+00
      vertex   -9.174438e+01 -1.041119e+02 -5.710899e+00
    endloop
  endfacet
  facet normal -8.098084e-01 -4.712460e-01 3.494818e-01
    outer loop
      vertex   -9.180245e+01 -1.040523e+02 -5.765177e+00
      vertex   -9.174438e+01 -1.041119e+02 -5.710899e+00
      vertex   -9.180290e+01 -1.035820e+02 -5.132055e+00
    endloop
  endfacet
  facet normal -8.098345e-01 -4.712205e-01 3.494558e-01
    outer loop
      vertex   -9.180290e+01 -1.035820e+02 -5.132055e+00
      vertex   -9.174438e+01 -1.041119e+02 -5.710899e+00
      vertex   -9.174483e+01 -1.036512e+02 -5.090697e+00
    endloop
  endfacet
  facet normal -6.800640e-01 -5.128219e-01 5.239529e-01
    outer loop
      vertex   -9.174438e+01 -1.041119e+02 -5.710899e+00
      vertex   -9.173280e+01 -1.044124e+02 -5.990000e+00
      vertex   -9.167161e+01 -1.041618e+02 -5.665329e+00
    endloop
  endfacet
  facet normal -6.821190e-01 -5.110724e-01 5.229901e-01
    outer loop
      vertex   -9.167161e+01 -1.041618e+02 -5.665329e+00
      vertex   -9.173280e+01 -1.044124e+02 -5.990000e+00
      vertex   -9.166217e+01 -1.045066e+02 -5.990000e+00
    endloop
  endfacet
  facet normal -5.216425e-01 -5.923655e-01 6.139970e-01
    outer loop
      vertex   -9.167161e+01 -1.041618e+02 -5.665329e+00
      vertex   -9.166217e+01 -1.045066e+02 -5.990000e+00
      vertex   -9.158695e+01 -1.042001e+02 -5.630361e+00
    endloop
  endfacet
  facet normal -5.320248e-01 -5.862470e-01 6.109534e-01
    outer loop
      vertex   -9.158695e+01 -1.042001e+02 -5.630361e+00
      vertex   -9.166217e+01 -1.045066e+02 -5.990000e+00
      vertex   -9.157844e+01 -1.045826e+02 -5.990000e+00
    endloop
  endfacet
  facet normal -3.417559e-01 -6.477632e-01 6.808860e-01
    outer loop
      vertex   -9.158695e+01 -1.042001e+02 -5.630361e+00
      vertex   -9.157844e+01 -1.045826e+02 -5.990000e+00
      vertex   -9.149364e+01 -1.042252e+02 -5.607410e+00
    endloop
  endfacet
  facet normal -3.458266e-01 -6.461936e-01 6.803219e-01
    outer loop
      vertex   -9.149364e+01 -1.042252e+02 -5.607410e+00
      vertex   -9.157844e+01 -1.045826e+02 -5.990000e+00
      vertex   -9.147931e+01 -1.046357e+02 -5.990000e+00
    endloop
  endfacet
  facet normal -1.206834e-01 -6.790994e-01 7.240577e-01
    outer loop
      vertex   -9.149364e+01 -1.042252e+02 -5.607410e+00
      vertex   -9.147931e+01 -1.046357e+02 -5.990000e+00
      vertex   -9.136911e+01 -1.046553e+02 -5.990000e+00
    endloop
  endfacet
  facet normal -2.183139e-12 -9.835876e-12 1.000000e+00
    outer loop
      vertex   -9.136911e+01 -1.046553e+02 -5.990000e+00
      vertex   -9.147931e+01 -1.046357e+02 -5.990000e+00
      vertex   -9.142500e+01 -1.046503e+02 -5.990000e+00
    endloop
  endfacet
  facet normal 3.482803e-12 5.536736e-12 1.000000e+00
    outer loop
      vertex   -9.157844e+01 -1.045826e+02 -5.990000e+00
      vertex   -9.153068e+01 -1.046127e+02 -5.990000e+00
      vertex   -9.147931e+01 -1.046357e+02 -5.990000e+00
    endloop
  endfacet
  facet normal -1.584052e-01 -6.814959e-01 7.144726e-01
    outer loop
      vertex   -9.136911e+01 -1.046553e+02 -5.990000e+00
      vertex   -9.136959e+01 -1.042001e+02 -5.555956e+00
      vertex   -9.149364e+01 -1.042252e+02 -5.607410e+00
    endloop
  endfacet
  facet normal -8.454773e-02 -7.998794e-01 5.941755e-01
    outer loop
      vertex   -9.149364e+01 -1.042252e+02 -5.607410e+00
      vertex   -9.136959e+01 -1.042001e+02 -5.555956e+00
      vertex   -9.136999e+01 -1.038250e+02 -5.051094e+00
    endloop
  endfacet
  facet normal -8.422827e-02 -7.999358e-01 5.941451e-01
    outer loop
      vertex   -9.149364e+01 -1.042252e+02 -5.607410e+00
      vertex   -9.136999e+01 -1.038250e+02 -5.051094e+00
      vertex   -9.149410e+01 -1.037828e+02 -5.011835e+00
    endloop
  endfacet
  facet normal -9.964198e-01 -6.819891e-02 4.996559e-02
    outer loop
      vertex   -9.185999e+01 -1.034524e+02 -5.209578e+00
      vertex   -9.186985e+01 -1.035464e+02 -5.534504e+00
      vertex   -9.185953e+01 -1.039407e+02 -5.866919e+00
    endloop
  endfacet
  facet normal -6.787740e-01 -5.897328e-01 4.375855e-01
    outer loop
      vertex   -9.174438e+01 -1.041119e+02 -5.710899e+00
      vertex   -9.167161e+01 -1.041618e+02 -5.665329e+00
      vertex   -9.174483e+01 -1.036512e+02 -5.090697e+00
    endloop
  endfacet
  facet normal -6.788167e-01 -5.897056e-01 4.375559e-01
    outer loop
      vertex   -9.174483e+01 -1.036512e+02 -5.090697e+00
      vertex   -9.167161e+01 -1.041618e+02 -5.665329e+00
      vertex   -9.167206e+01 -1.037092e+02 -5.055973e+00
    endloop
  endfacet
  facet normal -3.410015e-01 -7.547679e-01 5.603958e-01
    outer loop
      vertex   -9.149364e+01 -1.042252e+02 -5.607410e+00
      vertex   -9.149410e+01 -1.037828e+02 -5.011835e+00
      vertex   -9.158740e+01 -1.037536e+02 -5.029326e+00
    endloop
  endfacet
  facet normal -5.204532e-01 -6.856448e-01 5.089398e-01
    outer loop
      vertex   -9.167161e+01 -1.041618e+02 -5.665329e+00
      vertex   -9.158695e+01 -1.042001e+02 -5.630361e+00
      vertex   -9.167206e+01 -1.037092e+02 -5.055973e+00
    endloop
  endfacet
  facet normal -5.205147e-01 -6.856203e-01 5.089098e-01
    outer loop
      vertex   -9.167206e+01 -1.037092e+02 -5.055973e+00
      vertex   -9.158695e+01 -1.042001e+02 -5.630361e+00
      vertex   -9.158740e+01 -1.037536e+02 -5.029326e+00
    endloop
  endfacet
  facet normal -3.409204e-01 -7.547846e-01 5.604225e-01
    outer loop
      vertex   -9.158695e+01 -1.042001e+02 -5.630361e+00
      vertex   -9.149364e+01 -1.042252e+02 -5.607410e+00
      vertex   -9.158740e+01 -1.037536e+02 -5.029326e+00
    endloop
  endfacet
  facet normal 2.258244e-16 -8.921281e-01 4.517825e-01
    outer loop
      vertex   -9.137029e+01 -1.035409e+02 -4.490000e+00
      vertex   -9.136999e+01 -1.038250e+02 -5.051094e+00
      vertex   -8.959341e+01 -1.035409e+02 -4.490000e+00
    endloop
  endfacet
  facet normal -2.235628e-16 -8.921281e-01 4.517825e-01
    outer loop
      vertex   -8.959341e+01 -1.035409e+02 -4.490000e+00
      vertex   -9.136999e+01 -1.038250e+02 -5.051094e+00
      vertex   -8.959341e+01 -1.038250e+02 -5.051094e+00
    endloop
  endfacet
  facet normal -2.981392e-16 -8.027218e-01 5.963537e-01
    outer loop
      vertex   -8.959341e+01 -1.038250e+02 -5.051094e+00
      vertex   -9.136999e+01 -1.038250e+02 -5.051094e+00
      vertex   -9.136959e+01 -1.042001e+02 -5.555956e+00
    endloop
  endfacet
  facet normal -2.981504e-16 -8.027218e-01 5.963537e-01
    outer loop
      vertex   -8.959341e+01 -1.038250e+02 -5.051094e+00
      vertex   -9.136959e+01 -1.042001e+02 -5.555956e+00
      vertex   -8.959341e+01 -1.042001e+02 -5.555956e+00
    endloop
  endfacet
  facet normal -3.618821e-16 -6.901213e-01 7.236937e-01
    outer loop
      vertex   -8.959341e+01 -1.042001e+02 -5.555956e+00
      vertex   -9.136959e+01 -1.042001e+02 -5.555956e+00
      vertex   -9.136911e+01 -1.046553e+02 -5.990000e+00
    endloop
  endfacet
  facet normal 7.207260e-16 -6.901213e-01 7.236937e-01
    outer loop
      vertex   -8.959341e+01 -1.042001e+02 -5.555956e+00
      vertex   -9.136911e+01 -1.046553e+02 -5.990000e+00
      vertex   -8.959341e+01 -1.046553e+02 -5.990000e+00
    endloop
  endfacet
  facet normal -1.000000e+00 0.000000e+00 -0.000000e+00
    outer loop
      vertex   -8.959341e+01 -1.058538e+02 -4.490000e+00
      vertex   -8.959341e+01 -1.035409e+02 -4.490000e+00
      vertex   -8.959341e+01 -1.061932e+02 -4.705634e+00
    endloop
  endfacet
  facet normal -1.000000e+00 0.000000e+00 0.000000e+00
    outer loop
      vertex   -8.959341e+01 -1.061932e+02 -4.705634e+00
      vertex   -8.959341e+01 -1.035409e+02 -4.490000e+00
      vertex   -8.959341e+01 -1.038250e+02 -5.051094e+00
    endloop
  endfacet
  facet normal -1.000000e+00 0.000000e+00 -0.000000e+00
    outer loop
      vertex   -8.959341e+01 -1.061932e+02 -4.705634e+00
      vertex   -8.959341e+01 -1.038250e+02 -5.051094e+00
      vertex   -8.959341e+01 -1.065724e+02 -4.839579e+00
    endloop
  endfacet
  facet normal -1.000000e+00 0.000000e+00 -0.000000e+00
    outer loop
      vertex   -8.959341e+01 -1.065724e+02 -4.839579e+00
      vertex   -8.959341e+01 -1.038250e+02 -5.051094e+00
      vertex   -8.959341e+01 -1.069719e+02 -4.885000e+00
    endloop
  endfacet
  facet normal -1.000000e+00 0.000000e+00 0.000000e+00
    outer loop
      vertex   -8.959341e+01 -1.069719e+02 -4.885000e+00
      vertex   -8.959341e+01 -1.038250e+02 -5.051094e+00
      vertex   -8.959341e+01 -1.042001e+02 -5.555956e+00
    endloop
  endfacet
  facet normal -1.000000e+00 0.000000e+00 -0.000000e+00
    outer loop
      vertex   -8.959341e+01 -1.069719e+02 -4.885000e+00
      vertex   -8.959341e+01 -1.042001e+02 -5.555956e+00
      vertex   -8.959341e+01 -1.161237e+02 -5.555956e+00
    endloop
  endfacet
  facet normal -1.000000e+00 0.000000e+00 0.000000e+00
    outer loop
      vertex   -8.959341e+01 -1.161237e+02 -5.555956e+00
      vertex   -8.959341e+01 -1.042001e+02 -5.555956e+00
      vertex   -8.959341e+01 -1.156685e+02 -5.990000e+00
    endloop
  endfacet
  facet normal -1.000000e+00 0.000000e+00 0.000000e+00
    outer loop
      vertex   -8.959341e+01 -1.156685e+02 -5.990000e+00
      vertex   -8.959341e+01 -1.042001e+02 -5.555956e+00
      vertex   -8.959341e+01 -1.046553e+02 -5.990000e+00
    endloop
  endfacet
  facet normal -1.000000e+00 -0.000000e+00 0.000000e+00
    outer loop
      vertex   -8.959341e+01 -1.069719e+02 -4.885000e+00
      vertex   -8.959341e+01 -1.161237e+02 -5.555956e+00
      vertex   -8.959341e+01 -1.133519e+02 -4.885000e+00
    endloop
  endfacet
  facet normal -1.000000e+00 0.000000e+00 0.000000e+00
    outer loop
      vertex   -8.959341e+01 -1.133519e+02 -4.885000e+00
      vertex   -8.959341e+01 -1.161237e+02 -5.555956e+00
      vertex   -8.959341e+01 -1.164988e+02 -5.051094e+00
    endloop
  endfacet
  facet normal -1.000000e+00 -0.000000e+00 0.000000e+00
    outer loop
      vertex   -8.959341e+01 -1.133519e+02 -4.885000e+00
      vertex   -8.959341e+01 -1.164988e+02 -5.051094e+00
      vertex   -8.959341e+01 -1.137514e+02 -4.839579e+00
    endloop
  endfacet
  facet normal -1.000000e+00 -0.000000e+00 0.000000e+00
    outer loop
      vertex   -8.959341e+01 -1.137514e+02 -4.839579e+00
      vertex   -8.959341e+01 -1.164988e+02 -5.051094e+00
      vertex   -8.959341e+01 -1.141306e+02 -4.705634e+00
    endloop
  endfacet
  facet normal -1.000000e+00 -0.000000e+00 0.000000e+00
    outer loop
      vertex   -8.959341e+01 -1.141306e+02 -4.705634e+00
      vertex   -8.959341e+01 -1.164988e+02 -5.051094e+00
      vertex   -8.959341e+01 -1.167829e+02 -4.490000e+00
    endloop
  endfacet
  facet normal -1.000000e+00 0.000000e+00 0.000000e+00
    outer loop
      vertex   -8.959341e+01 -1.141306e+02 -4.705634e+00
      vertex   -8.959341e+01 -1.167829e+02 -4.490000e+00
      vertex   -8.959341e+01 -1.144700e+02 -4.490000e+00
    endloop
  endfacet
  facet normal 7.891353e-17 -5.362440e-01 8.440630e-01
    outer loop
      vertex   -8.009341e+01 -1.058538e+02 -4.490000e+00
      vertex   -8.959341e+01 -1.058538e+02 -4.490000e+00
      vertex   -8.009341e+01 -1.061932e+02 -4.705634e+00
    endloop
  endfacet
  facet normal 7.891353e-17 -5.362440e-01 8.440630e-01
    outer loop
      vertex   -8.009341e+01 -1.061932e+02 -4.705634e+00
      vertex   -8.959341e+01 -1.058538e+02 -4.490000e+00
      vertex   -8.959341e+01 -1.061932e+02 -4.705634e+00
    endloop
  endfacet
  facet normal 8.815328e-17 -3.330992e-01 9.428918e-01
    outer loop
      vertex   -8.009341e+01 -1.061932e+02 -4.705634e+00
      vertex   -8.959341e+01 -1.061932e+02 -4.705634e+00
      vertex   -8.009341e+01 -1.065724e+02 -4.839579e+00
    endloop
  endfacet
  facet normal 8.815328e-17 -3.330992e-01 9.428918e-01
    outer loop
      vertex   -8.009341e+01 -1.065724e+02 -4.839579e+00
      vertex   -8.959341e+01 -1.061932e+02 -4.705634e+00
      vertex   -8.959341e+01 -1.065724e+02 -4.839579e+00
    endloop
  endfacet
  facet normal 9.289413e-17 -1.129546e-01 9.936002e-01
    outer loop
      vertex   -8.009341e+01 -1.065724e+02 -4.839579e+00
      vertex   -8.959341e+01 -1.065724e+02 -4.839579e+00
      vertex   -8.009341e+01 -1.069719e+02 -4.885000e+00
    endloop
  endfacet
  facet normal 9.289413e-17 -1.129546e-01 9.936002e-01
    outer loop
      vertex   -8.009341e+01 -1.069719e+02 -4.885000e+00
      vertex   -8.959341e+01 -1.065724e+02 -4.839579e+00
      vertex   -8.959341e+01 -1.069719e+02 -4.885000e+00
    endloop
  endfacet
  facet normal 9.349247e-17 0.000000e+00 1.000000e+00
    outer loop
      vertex   -8.959341e+01 -1.069719e+02 -4.885000e+00
      vertex   -8.959341e+01 -1.133519e+02 -4.885000e+00
      vertex   -8.009341e+01 -1.069719e+02 -4.885000e+00
    endloop
  endfacet
  facet normal 9.349247e-17 0.000000e+00 1.000000e+00
    outer loop
      vertex   -8.009341e+01 -1.069719e+02 -4.885000e+00
      vertex   -8.959341e+01 -1.133519e+02 -4.885000e+00
      vertex   -8.009341e+01 -1.133519e+02 -4.885000e+00
    endloop
  endfacet
  facet normal 9.289413e-17 1.129546e-01 9.936002e-01
    outer loop
      vertex   -8.009341e+01 -1.133519e+02 -4.885000e+00
      vertex   -8.959341e+01 -1.133519e+02 -4.885000e+00
      vertex   -8.009341e+01 -1.137514e+02 -4.839579e+00
    endloop
  endfacet
  facet normal 9.289413e-17 1.129546e-01 9.936002e-01
    outer loop
      vertex   -8.009341e+01 -1.137514e+02 -4.839579e+00
      vertex   -8.959341e+01 -1.133519e+02 -4.885000e+00
      vertex   -8.959341e+01 -1.137514e+02 -4.839579e+00
    endloop
  endfacet
  facet normal 8.815328e-17 3.330992e-01 9.428918e-01
    outer loop
      vertex   -8.009341e+01 -1.137514e+02 -4.839579e+00
      vertex   -8.959341e+01 -1.137514e+02 -4.839579e+00
      vertex   -8.009341e+01 -1.141306e+02 -4.705634e+00
    endloop
  endfacet
  facet normal 1.763066e-16 3.330992e-01 9.428918e-01
    outer loop
      vertex   -8.009341e+01 -1.141306e+02 -4.705634e+00
      vertex   -8.959341e+01 -1.137514e+02 -4.839579e+00
      vertex   -8.959341e+01 -1.141306e+02 -4.705634e+00
    endloop
  endfacet
  facet normal 1.578271e-16 5.362440e-01 8.440630e-01
    outer loop
      vertex   -8.009341e+01 -1.141306e+02 -4.705634e+00
      vertex   -8.959341e+01 -1.141306e+02 -4.705634e+00
      vertex   -8.009341e+01 -1.144700e+02 -4.490000e+00
    endloop
  endfacet
  facet normal 7.891353e-17 5.362440e-01 8.440630e-01
    outer loop
      vertex   -8.009341e+01 -1.144700e+02 -4.490000e+00
      vertex   -8.959341e+01 -1.141306e+02 -4.705634e+00
      vertex   -8.959341e+01 -1.144700e+02 -4.490000e+00
    endloop
  endfacet
  facet normal -9.999996e-01 -9.338129e-04 2.286693e-14
    outer loop
      vertex   -9.185699e+01 -1.173174e+02 -4.490000e+00
      vertex   -9.185721e+01 -1.170846e+02 -5.031203e+00
      vertex   -9.185271e+01 -1.219000e+02 -4.490000e+00
    endloop
  endfacet
  facet normal -9.999996e-01 -9.338129e-04 -0.000000e+00
    outer loop
      vertex   -9.185271e+01 -1.219000e+02 -4.490000e+00
      vertex   -9.185721e+01 -1.170846e+02 -5.031203e+00
      vertex   -9.185271e+01 -1.219000e+02 -5.990000e+00
    endloop
  endfacet
  facet normal -9.999996e-01 -9.338129e-04 3.383630e-15
    outer loop
      vertex   -9.185271e+01 -1.219000e+02 -5.990000e+00
      vertex   -9.185721e+01 -1.170846e+02 -5.031203e+00
      vertex   -9.185749e+01 -1.167784e+02 -5.534504e+00
    endloop
  endfacet
  facet normal -9.999996e-01 -9.338129e-04 -2.309614e-14
    outer loop
      vertex   -9.185271e+01 -1.219000e+02 -5.990000e+00
      vertex   -9.185749e+01 -1.167784e+02 -5.534504e+00
      vertex   -9.185784e+01 -1.164047e+02 -5.990000e+00
    endloop
  endfacet
  facet normal -1.000000e+00 0.000000e+00 0.000000e+00
    outer loop
      vertex   -8.009341e+01 -1.144700e+02 -4.490000e+00
      vertex   -8.009341e+01 -1.058538e+02 -4.490000e+00
      vertex   -8.009341e+01 -1.141306e+02 -4.705634e+00
    endloop
  endfacet
  facet normal -1.000000e+00 0.000000e+00 0.000000e+00
    outer loop
      vertex   -8.009341e+01 -1.141306e+02 -4.705634e+00
      vertex   -8.009341e+01 -1.058538e+02 -4.490000e+00
      vertex   -8.009341e+01 -1.061932e+02 -4.705634e+00
    endloop
  endfacet
  facet normal -1.000000e+00 0.000000e+00 0.000000e+00
    outer loop
      vertex   -8.009341e+01 -1.141306e+02 -4.705634e+00
      vertex   -8.009341e+01 -1.061932e+02 -4.705634e+00
      vertex   -8.009341e+01 -1.137514e+02 -4.839579e+00
    endloop
  endfacet
  facet normal -1.000000e+00 0.000000e+00 0.000000e+00
    outer loop
      vertex   -8.009341e+01 -1.137514e+02 -4.839579e+00
      vertex   -8.009341e+01 -1.061932e+02 -4.705634e+00
      vertex   -8.009341e+01 -1.065724e+02 -4.839579e+00
    endloop
  endfacet
  facet normal -1.000000e+00 0.000000e+00 0.000000e+00
    outer loop
      vertex   -8.009341e+01 -1.137514e+02 -4.839579e+00
      vertex   -8.009341e+01 -1.065724e+02 -4.839579e+00
      vertex   -8.009341e+01 -1.133519e+02 -4.885000e+00
    endloop
  endfacet
  facet normal -1.000000e+00 0.000000e+00 0.000000e+00
    outer loop
      vertex   -8.009341e+01 -1.133519e+02 -4.885000e+00
      vertex   -8.009341e+01 -1.065724e+02 -4.839579e+00
      vertex   -8.009341e+01 -1.069719e+02 -4.885000e+00
    endloop
  endfacet
  facet normal -2.446126e-29 1.000000e+00 -6.981217e-14
    outer loop
      vertex   -7.884556e+01 -6.527069e+01 -4.490000e+00
      vertex   -7.915880e+01 -6.527069e+01 -4.693558e+00
      vertex   -8.138042e+01 -6.527069e+01 -4.490000e+00
    endloop
  endfacet
  facet normal 5.860836e-15 1.000000e+00 -5.847547e-15
    outer loop
      vertex   -8.138042e+01 -6.527069e+01 -4.490000e+00
      vertex   -7.915880e+01 -6.527069e+01 -4.693558e+00
      vertex   -7.942265e+01 -6.527069e+01 -4.958009e+00
    endloop
  endfacet
  facet normal 1.885778e-16 1.000000e+00 -2.957564e-14
    outer loop
      vertex   -8.138042e+01 -6.527069e+01 -4.490000e+00
      vertex   -7.942265e+01 -6.527069e+01 -4.958009e+00
      vertex   -8.156894e+01 -6.527069e+01 -4.971694e+00
    endloop
  endfacet
  facet normal -0.000000e+00 1.000000e+00 0.000000e+00
    outer loop
      vertex   -8.156894e+01 -6.527069e+01 -4.971694e+00
      vertex   -7.942265e+01 -6.527069e+01 -4.958009e+00
      vertex   -7.962550e+01 -6.527069e+01 -5.271704e+00
    endloop
  endfacet
  facet normal 0.000000e+00 1.000000e+00 0.000000e+00
    outer loop
      vertex   -8.156894e+01 -6.527069e+01 -4.971694e+00
      vertex   -7.962550e+01 -6.527069e+01 -5.271704e+00
      vertex   -8.168845e+01 -6.527069e+01 -5.474973e+00
    endloop
  endfacet
  facet normal -0.000000e+00 1.000000e+00 0.000000e+00
    outer loop
      vertex   -8.168845e+01 -6.527069e+01 -5.474973e+00
      vertex   -7.962550e+01 -6.527069e+01 -5.271704e+00
      vertex   -7.975840e+01 -6.527069e+01 -5.620827e+00
    endloop
  endfacet
  facet normal 2.070534e-15 1.000000e+00 2.739886e-14
    outer loop
      vertex   -8.168845e+01 -6.527069e+01 -5.474973e+00
      vertex   -7.975840e+01 -6.527069e+01 -5.620827e+00
      vertex   -8.173660e+01 -6.527069e+01 -5.990000e+00
    endloop
  endfacet
  facet normal 1.779690e-29 1.000000e+00 3.849370e-14
    outer loop
      vertex   -8.173660e+01 -6.527069e+01 -5.990000e+00
      vertex   -7.975840e+01 -6.527069e+01 -5.620827e+00
      vertex   -7.981552e+01 -6.527069e+01 -5.990000e+00
    endloop
  endfacet
  facet normal 0.000000e+00 1.000000e+00 -6.981217e-14
    outer loop
      vertex   -7.084964e+01 -6.527069e+01 -4.490000e+00
      vertex   -6.831479e+01 -6.527069e+01 -4.490000e+00
      vertex   -7.053641e+01 -6.527069e+01 -4.693558e+00
    endloop
  endfacet
  facet normal -5.860836e-15 1.000000e+00 -5.847547e-15
    outer loop
      vertex   -7.053641e+01 -6.527069e+01 -4.693558e+00
      vertex   -6.831479e+01 -6.527069e+01 -4.490000e+00
      vertex   -7.027256e+01 -6.527069e+01 -4.958009e+00
    endloop
  endfacet
  facet normal -1.885778e-16 1.000000e+00 -2.957564e-14
    outer loop
      vertex   -7.027256e+01 -6.527069e+01 -4.958009e+00
      vertex   -6.831479e+01 -6.527069e+01 -4.490000e+00
      vertex   -6.812626e+01 -6.527069e+01 -4.971694e+00
    endloop
  endfacet
  facet normal 0.000000e+00 1.000000e+00 0.000000e+00
    outer loop
      vertex   -7.027256e+01 -6.527069e+01 -4.958009e+00
      vertex   -6.812626e+01 -6.527069e+01 -4.971694e+00
      vertex   -7.006971e+01 -6.527069e+01 -5.271704e+00
    endloop
  endfacet
  facet normal -0.000000e+00 1.000000e+00 0.000000e+00
    outer loop
      vertex   -7.006971e+01 -6.527069e+01 -5.271704e+00
      vertex   -6.812626e+01 -6.527069e+01 -4.971694e+00
      vertex   -6.800675e+01 -6.527069e+01 -5.474973e+00
    endloop
  endfacet
  facet normal 0.000000e+00 1.000000e+00 0.000000e+00
    outer loop
      vertex   -7.006971e+01 -6.527069e+01 -5.271704e+00
      vertex   -6.800675e+01 -6.527069e+01 -5.474973e+00
      vertex   -6.993680e+01 -6.527069e+01 -5.620827e+00
    endloop
  endfacet
  facet normal -2.070534e-15 1.000000e+00 2.739886e-14
    outer loop
      vertex   -6.993680e+01 -6.527069e+01 -5.620827e+00
      vertex   -6.800675e+01 -6.527069e+01 -5.474973e+00
      vertex   -6.795860e+01 -6.527069e+01 -5.990000e+00
    endloop
  endfacet
  facet normal 0.000000e+00 1.000000e+00 3.849370e-14
    outer loop
      vertex   -6.993680e+01 -6.527069e+01 -5.620827e+00
      vertex   -6.795860e+01 -6.527069e+01 -5.990000e+00
      vertex   -6.987968e+01 -6.527069e+01 -5.990000e+00
    endloop
  endfacet
  facet normal -9.312177e-01 0.000000e+00 -3.644635e-01
    outer loop
      vertex   -6.831479e+01 -6.527069e+01 -4.490000e+00
      vertex   -6.831479e+01 -6.146760e+01 -4.490000e+00
      vertex   -6.812626e+01 -6.527069e+01 -4.971694e+00
    endloop
  endfacet
  facet normal -9.312177e-01 0.000000e+00 -3.644635e-01
    outer loop
      vertex   -6.812626e+01 -6.527069e+01 -4.971694e+00
      vertex   -6.831479e+01 -6.146760e+01 -4.490000e+00
      vertex   -6.812626e+01 -6.146760e+01 -4.971694e+00
    endloop
  endfacet
  facet normal -9.729460e-01 0.000000e+00 -2.310327e-01
    outer loop
      vertex   -6.812626e+01 -6.527069e+01 -4.971694e+00
      vertex   -6.812626e+01 -6.146760e+01 -4.971694e+00
      vertex   -6.800675e+01 -6.146760e+01 -5.474973e+00
    endloop
  endfacet
  facet normal -9.956580e-01 -0.000000e+00 -9.308637e-02
    outer loop
      vertex   -6.795860e+01 -6.146760e+01 -5.990000e+00
      vertex   -6.795860e+01 -6.527069e+01 -5.990000e+00
      vertex   -6.800675e+01 -6.146760e+01 -5.474973e+00
    endloop
  endfacet
  facet normal -9.956580e-01 -0.000000e+00 -9.308637e-02
    outer loop
      vertex   -6.800675e+01 -6.146760e+01 -5.474973e+00
      vertex   -6.795860e+01 -6.527069e+01 -5.990000e+00
      vertex   -6.800675e+01 -6.527069e+01 -5.474973e+00
    endloop
  endfacet
  facet normal -9.729460e-01 -0.000000e+00 -2.310327e-01
    outer loop
      vertex   -6.800675e+01 -6.146760e+01 -5.474973e+00
      vertex   -6.800675e+01 -6.527069e+01 -5.474973e+00
      vertex   -6.812626e+01 -6.527069e+01 -4.971694e+00
    endloop
  endfacet
  facet normal -1.305928e-16 1.719287e-17 -1.000000e+00
    outer loop
      vertex   -3.418823e+01 -1.485175e+02 -5.990000e+00
      vertex   -3.415075e+01 -1.482328e+02 -5.990000e+00
      vertex   -1.906400e+01 -1.369570e+02 -5.990000e+00
    endloop
  endfacet
  facet normal -1.071952e-16 -1.411252e-17 -1.000000e+00
    outer loop
      vertex   -1.906400e+01 -1.369570e+02 -5.990000e+00
      vertex   -3.415075e+01 -1.482328e+02 -5.990000e+00
      vertex   -3.418823e+01 -1.479481e+02 -5.990000e+00
    endloop
  endfacet
  facet normal -9.027629e-17 -3.739366e-17 -1.000000e+00
    outer loop
      vertex   -1.906400e+01 -1.369570e+02 -5.990000e+00
      vertex   -3.418823e+01 -1.479481e+02 -5.990000e+00
      vertex   -3.429812e+01 -1.476828e+02 -5.990000e+00
    endloop
  endfacet
  facet normal -7.570459e-17 -5.809018e-17 -1.000000e+00
    outer loop
      vertex   -3.429812e+01 -1.476828e+02 -5.990000e+00
      vertex   -3.447293e+01 -1.474550e+02 -5.990000e+00
      vertex   -1.906400e+01 -1.369570e+02 -5.990000e+00
    endloop
  endfacet
  facet normal -6.344132e-17 -7.609019e-17 -1.000000e+00
    outer loop
      vertex   -1.906400e+01 -1.369570e+02 -5.990000e+00
      vertex   -3.447293e+01 -1.474550e+02 -5.990000e+00
      vertex   -3.306400e+01 -1.369570e+02 -5.990000e+00
    endloop
  endfacet
  facet normal -5.885805e-17 -7.670530e-17 -1.000000e+00
    outer loop
      vertex   -3.306400e+01 -1.369570e+02 -5.990000e+00
      vertex   -3.447293e+01 -1.474550e+02 -5.990000e+00
      vertex   -3.470075e+01 -1.472802e+02 -5.990000e+00
    endloop
  endfacet
  facet normal -1.113819e-16 -6.837762e-17 -1.000000e+00
    outer loop
      vertex   -3.306400e+01 -1.369570e+02 -5.990000e+00
      vertex   -3.470075e+01 -1.472802e+02 -5.990000e+00
      vertex   -3.811440e+01 -1.417196e+02 -5.990000e+00
    endloop
  endfacet
  facet normal 0.000000e+00 0.000000e+00 -1.000000e+00
    outer loop
      vertex   -3.811440e+01 -1.417196e+02 -5.990000e+00
      vertex   -3.470075e+01 -1.472802e+02 -5.990000e+00
      vertex   -3.496605e+01 -1.471703e+02 -5.990000e+00
    endloop
  endfacet
  facet normal 0.000000e+00 0.000000e+00 -1.000000e+00
    outer loop
      vertex   -3.811440e+01 -1.417196e+02 -5.990000e+00
      vertex   -3.496605e+01 -1.471703e+02 -5.990000e+00
      vertex   -3.525075e+01 -1.471328e+02 -5.990000e+00
    endloop
  endfacet
  facet normal -0.000000e+00 0.000000e+00 -1.000000e+00
    outer loop
      vertex   -3.525075e+01 -1.471328e+02 -5.990000e+00
      vertex   -3.553545e+01 -1.471703e+02 -5.990000e+00
      vertex   -3.811440e+01 -1.417196e+02 -5.990000e+00
    endloop
  endfacet
  facet normal 0.000000e+00 0.000000e+00 -1.000000e+00
    outer loop
      vertex   -3.811440e+01 -1.417196e+02 -5.990000e+00
      vertex   -3.553545e+01 -1.471703e+02 -5.990000e+00
      vertex   -3.580075e+01 -1.472802e+02 -5.990000e+00
    endloop
  endfacet
  facet normal 0.000000e+00 0.000000e+00 -1.000000e+00
    outer loop
      vertex   -3.811440e+01 -1.417196e+02 -5.990000e+00
      vertex   -3.580075e+01 -1.472802e+02 -5.990000e+00
      vertex   -3.602857e+01 -1.474550e+02 -5.990000e+00
    endloop
  endfacet
  facet normal -0.000000e+00 0.000000e+00 -1.000000e+00
    outer loop
      vertex   -3.602857e+01 -1.474550e+02 -5.990000e+00
      vertex   -3.620338e+01 -1.476828e+02 -5.990000e+00
      vertex   -3.811440e+01 -1.417196e+02 -5.990000e+00
    endloop
  endfacet
  facet normal 0.000000e+00 0.000000e+00 -1.000000e+00
    outer loop
      vertex   -3.811440e+01 -1.417196e+02 -5.990000e+00
      vertex   -3.620338e+01 -1.476828e+02 -5.990000e+00
      vertex   -3.631327e+01 -1.479481e+02 -5.990000e+00
    endloop
  endfacet
  facet normal -1.079690e-16 -3.122207e-17 -1.000000e+00
    outer loop
      vertex   -3.811440e+01 -1.417196e+02 -5.990000e+00
      vertex   -3.631327e+01 -1.479481e+02 -5.990000e+00
      vertex   -5.181241e+01 -1.512448e+02 -5.990000e+00
    endloop
  endfacet
  facet normal -1.179119e-16 1.552339e-17 -1.000000e+00
    outer loop
      vertex   -5.181241e+01 -1.512448e+02 -5.990000e+00
      vertex   -3.631327e+01 -1.479481e+02 -5.990000e+00
      vertex   -3.635075e+01 -1.482328e+02 -5.990000e+00
    endloop
  endfacet
  facet normal -1.120151e-16 -1.474706e-17 -1.000000e+00
    outer loop
      vertex   -5.181241e+01 -1.512448e+02 -5.990000e+00
      vertex   -3.635075e+01 -1.482328e+02 -5.990000e+00
      vertex   -3.631327e+01 -1.485175e+02 -5.990000e+00
    endloop
  endfacet
  facet normal -1.068240e-16 -4.424794e-17 -1.000000e+00
    outer loop
      vertex   -3.631327e+01 -1.485175e+02 -5.990000e+00
      vertex   -3.620338e+01 -1.487828e+02 -5.990000e+00
      vertex   -5.181241e+01 -1.512448e+02 -5.990000e+00
    endloop
  endfacet
  facet normal -1.608743e-16 2.984316e-16 -1.000000e+00
    outer loop
      vertex   -5.181241e+01 -1.512448e+02 -5.990000e+00
      vertex   -3.620338e+01 -1.487828e+02 -5.990000e+00
      vertex   -3.524957e+01 -1.512448e+02 -5.990000e+00
    endloop
  endfacet
  facet normal 9.495737e-16 7.286335e-16 -1.000000e+00
    outer loop
      vertex   -3.524957e+01 -1.512448e+02 -5.990000e+00
      vertex   -3.620338e+01 -1.487828e+02 -5.990000e+00
      vertex   -3.602857e+01 -1.490106e+02 -5.990000e+00
    endloop
  endfacet
  facet normal 4.164703e-16 5.427546e-16 -1.000000e+00
    outer loop
      vertex   -3.524957e+01 -1.512448e+02 -5.990000e+00
      vertex   -3.602857e+01 -1.490106e+02 -5.990000e+00
      vertex   -3.580075e+01 -1.491854e+02 -5.990000e+00
    endloop
  endfacet
  facet normal 2.009199e-16 4.850636e-16 -1.000000e+00
    outer loop
      vertex   -3.580075e+01 -1.491854e+02 -5.990000e+00
      vertex   -3.553545e+01 -1.492953e+02 -5.990000e+00
      vertex   -3.524957e+01 -1.512448e+02 -5.990000e+00
    endloop
  endfacet
  facet normal 6.116164e-17 4.645688e-16 -1.000000e+00
    outer loop
      vertex   -3.524957e+01 -1.512448e+02 -5.990000e+00
      vertex   -3.553545e+01 -1.492953e+02 -5.990000e+00
      vertex   -3.525075e+01 -1.493328e+02 -5.990000e+00
    endloop
  endfacet
  facet normal -1.517584e-17 4.645217e-16 -1.000000e+00
    outer loop
      vertex   -3.524957e+01 -1.512448e+02 -5.990000e+00
      vertex   -3.525075e+01 -1.493328e+02 -5.990000e+00
      vertex   -3.505376e+01 -1.512384e+02 -5.990000e+00
    endloop
  endfacet
  facet normal -4.535091e-17 4.614024e-16 -1.000000e+00
    outer loop
      vertex   -3.505376e+01 -1.512384e+02 -5.990000e+00
      vertex   -3.525075e+01 -1.493328e+02 -5.990000e+00
      vertex   -3.485879e+01 -1.512192e+02 -5.990000e+00
    endloop
  endfacet
  facet normal -7.500456e-17 4.552410e-16 -1.000000e+00
    outer loop
      vertex   -3.485879e+01 -1.512192e+02 -5.990000e+00
      vertex   -3.525075e+01 -1.493328e+02 -5.990000e+00
      vertex   -3.466548e+01 -1.511874e+02 -5.990000e+00
    endloop
  endfacet
  facet normal -6.053479e-17 4.598074e-16 -1.000000e+00
    outer loop
      vertex   -3.466548e+01 -1.511874e+02 -5.990000e+00
      vertex   -3.525075e+01 -1.493328e+02 -5.990000e+00
      vertex   -3.496605e+01 -1.492953e+02 -5.990000e+00
    endloop
  endfacet
  facet normal -1.824371e-16 4.404421e-16 -1.000000e+00
    outer loop
      vertex   -3.466548e+01 -1.511874e+02 -5.990000e+00
      vertex   -3.496605e+01 -1.492953e+02 -5.990000e+00
      vertex   -3.470075e+01 -1.491854e+02 -5.990000e+00
    endloop
  endfacet
  facet normal -3.358886e-16 4.377386e-16 -1.000000e+00
    outer loop
      vertex   -3.470075e+01 -1.491854e+02 -5.990000e+00
      vertex   -3.447293e+01 -1.490106e+02 -5.990000e+00
      vertex   -3.466548e+01 -1.511874e+02 -5.990000e+00
    endloop
  endfacet
  facet normal -6.010376e-16 4.611924e-16 -1.000000e+00
    outer loop
      vertex   -3.466548e+01 -1.511874e+02 -5.990000e+00
      vertex   -3.447293e+01 -1.490106e+02 -5.990000e+00
      vertex   -3.429812e+01 -1.487828e+02 -5.990000e+00
    endloop
  endfacet
  facet normal -1.412829e-15 5.852128e-16 -1.000000e+00
    outer loop
      vertex   -3.466548e+01 -1.511874e+02 -5.990000e+00
      vertex   -3.429812e+01 -1.487828e+02 -5.990000e+00
      vertex   -3.418823e+01 -1.485175e+02 -5.990000e+00
    endloop
  endfacet
  facet normal -4.305601e-16 4.096299e-16 -1.000000e+00
    outer loop
      vertex   -3.466548e+01 -1.511874e+02 -5.990000e+00
      vertex   -3.418823e+01 -1.485175e+02 -5.990000e+00
      vertex   -1.906400e+01 -1.369570e+02 -5.990000e+00
    endloop
  endfacet
  facet normal -3.117985e-16 4.104905e-17 -1.000000e+00
    outer loop
      vertex   -1.549280e+01 -5.242158e+01 -5.990000e+00
      vertex   -1.545532e+01 -5.213688e+01 -5.990000e+00
      vertex   -6.514835e+00 -4.913819e+01 -5.990000e+00
    endloop
  endfacet
  facet normal -2.854267e-16 -3.757714e-17 -1.000000e+00
    outer loop
      vertex   -6.514835e+00 -4.913819e+01 -5.990000e+00
      vertex   -1.545532e+01 -5.213688e+01 -5.990000e+00
      vertex   -1.549280e+01 -5.185218e+01 -5.990000e+00
    endloop
  endfacet
  facet normal -2.637595e-16 -1.092528e-16 -1.000000e+00
    outer loop
      vertex   -6.514835e+00 -4.913819e+01 -5.990000e+00
      vertex   -1.549280e+01 -5.185218e+01 -5.990000e+00
      vertex   -1.560269e+01 -5.158688e+01 -5.990000e+00
    endloop
  endfacet
  facet normal -2.429637e-16 -1.864326e-16 -1.000000e+00
    outer loop
      vertex   -1.560269e+01 -5.158688e+01 -5.990000e+00
      vertex   -1.577750e+01 -5.135907e+01 -5.990000e+00
      vertex   -6.514835e+00 -4.913819e+01 -5.990000e+00
    endloop
  endfacet
  facet normal -2.191776e-16 -2.856378e-16 -1.000000e+00
    outer loop
      vertex   -6.514835e+00 -4.913819e+01 -5.990000e+00
      vertex   -1.577750e+01 -5.135907e+01 -5.990000e+00
      vertex   -1.600532e+01 -5.118426e+01 -5.990000e+00
    endloop
  endfacet
  facet normal -1.846508e-16 -4.457866e-16 -1.000000e+00
    outer loop
      vertex   -6.514835e+00 -4.913819e+01 -5.990000e+00
      vertex   -1.600532e+01 -5.118426e+01 -5.990000e+00
      vertex   -1.627062e+01 -5.107437e+01 -5.990000e+00
    endloop
  endfacet
  facet normal -1.089232e-16 -8.273540e-16 -1.000000e+00
    outer loop
      vertex   -1.627062e+01 -5.107437e+01 -5.990000e+00
      vertex   -1.655532e+01 -5.103688e+01 -5.990000e+00
      vertex   -6.514835e+00 -4.913819e+01 -5.990000e+00
    endloop
  endfacet
  facet normal -1.763561e-16 -4.707623e-16 -1.000000e+00
    outer loop
      vertex   -6.514835e+00 -4.913819e+01 -5.990000e+00
      vertex   -1.655532e+01 -5.103688e+01 -5.990000e+00
      vertex   -2.666693e+01 -4.913557e+01 -5.990000e+00
    endloop
  endfacet
  facet normal -3.617315e-17 2.747624e-16 -1.000000e+00
    outer loop
      vertex   -2.666693e+01 -4.913557e+01 -5.990000e+00
      vertex   -1.655532e+01 -5.103688e+01 -5.990000e+00
      vertex   -1.684002e+01 -5.107437e+01 -5.990000e+00
    endloop
  endfacet
  facet normal -6.122169e-17 1.478022e-16 -1.000000e+00
    outer loop
      vertex   -2.666693e+01 -4.913557e+01 -5.990000e+00
      vertex   -1.684002e+01 -5.107437e+01 -5.990000e+00
      vertex   -1.710532e+01 -5.118426e+01 -5.990000e+00
    endloop
  endfacet
  facet normal -7.261395e-17 9.463234e-17 -1.000000e+00
    outer loop
      vertex   -1.710532e+01 -5.118426e+01 -5.990000e+00
      vertex   -1.733314e+01 -5.135907e+01 -5.990000e+00
      vertex   -2.666693e+01 -4.913557e+01 -5.990000e+00
    endloop
  endfacet
  facet normal -8.045134e-17 6.173249e-17 -1.000000e+00
    outer loop
      vertex   -2.666693e+01 -4.913557e+01 -5.990000e+00
      vertex   -1.733314e+01 -5.135907e+01 -5.990000e+00
      vertex   -1.750795e+01 -5.158688e+01 -5.990000e+00
    endloop
  endfacet
  facet normal -8.729581e-17 3.615911e-17 -1.000000e+00
    outer loop
      vertex   -2.666693e+01 -4.913557e+01 -5.990000e+00
      vertex   -1.750795e+01 -5.158688e+01 -5.990000e+00
      vertex   -1.761784e+01 -5.185218e+01 -5.990000e+00
    endloop
  endfacet
  facet normal -9.441932e-17 1.243054e-17 -1.000000e+00
    outer loop
      vertex   -1.761784e+01 -5.185218e+01 -5.990000e+00
      vertex   -1.765532e+01 -5.213688e+01 -5.990000e+00
      vertex   -2.666693e+01 -4.913557e+01 -5.990000e+00
    endloop
  endfacet
  facet normal -1.030790e-16 -1.357061e-17 -1.000000e+00
    outer loop
      vertex   -2.666693e+01 -4.913557e+01 -5.990000e+00
      vertex   -1.765532e+01 -5.213688e+01 -5.990000e+00
      vertex   -1.761784e+01 -5.242158e+01 -5.990000e+00
    endloop
  endfacet
  facet normal -7.299927e-17 6.926357e-17 -1.000000e+00
    outer loop
      vertex   -2.666693e+01 -4.913557e+01 -5.990000e+00
      vertex   -1.761784e+01 -5.242158e+01 -5.990000e+00
      vertex   -2.353881e+01 -5.866190e+01 -5.990000e+00
    endloop
  endfacet
  facet normal 0.000000e+00 0.000000e+00 -1.000000e+00
    outer loop
      vertex   -2.353881e+01 -5.866190e+01 -5.990000e+00
      vertex   -1.761784e+01 -5.242158e+01 -5.990000e+00
      vertex   -1.750795e+01 -5.268688e+01 -5.990000e+00
    endloop
  endfacet
  facet normal 0.000000e+00 0.000000e+00 -1.000000e+00
    outer loop
      vertex   -2.353881e+01 -5.866190e+01 -5.990000e+00
      vertex   -1.750795e+01 -5.268688e+01 -5.990000e+00
      vertex   -1.733314e+01 -5.291470e+01 -5.990000e+00
    endloop
  endfacet
  facet normal 0.000000e+00 -0.000000e+00 -1.000000e+00
    outer loop
      vertex   -1.733314e+01 -5.291470e+01 -5.990000e+00
      vertex   -1.710532e+01 -5.308951e+01 -5.990000e+00
      vertex   -2.353881e+01 -5.866190e+01 -5.990000e+00
    endloop
  endfacet
  facet normal 0.000000e+00 0.000000e+00 -1.000000e+00
    outer loop
      vertex   -2.353881e+01 -5.866190e+01 -5.990000e+00
      vertex   -1.710532e+01 -5.308951e+01 -5.990000e+00
      vertex   -1.684002e+01 -5.319940e+01 -5.990000e+00
    endloop
  endfacet
  facet normal 0.000000e+00 0.000000e+00 -1.000000e+00
    outer loop
      vertex   -2.353881e+01 -5.866190e+01 -5.990000e+00
      vertex   -1.684002e+01 -5.319940e+01 -5.990000e+00
      vertex   -1.655532e+01 -5.323688e+01 -5.990000e+00
    endloop
  endfacet
  facet normal -1.268826e-16 1.633329e-16 -1.000000e+00
    outer loop
      vertex   -2.353881e+01 -5.866190e+01 -5.990000e+00
      vertex   -1.655532e+01 -5.323688e+01 -5.990000e+00
      vertex   -9.538806e+00 -5.866190e+01 -5.990000e+00
    endloop
  endfacet
  facet normal -3.683584e-17 2.797960e-16 -1.000000e+00
    outer loop
      vertex   -9.538806e+00 -5.866190e+01 -5.990000e+00
      vertex   -1.655532e+01 -5.323688e+01 -5.990000e+00
      vertex   -1.627062e+01 -5.319940e+01 -5.990000e+00
    endloop
  endfacet
  facet normal -8.917702e-17 2.152924e-16 -1.000000e+00
    outer loop
      vertex   -9.538806e+00 -5.866190e+01 -5.990000e+00
      vertex   -1.627062e+01 -5.319940e+01 -5.990000e+00
      vertex   -1.600532e+01 -5.308951e+01 -5.990000e+00
    endloop
  endfacet
  facet normal -1.293911e-16 1.686257e-16 -1.000000e+00
    outer loop
      vertex   -1.600532e+01 -5.308951e+01 -5.990000e+00
      vertex   -1.577750e+01 -5.291470e+01 -5.990000e+00
      vertex   -9.538806e+00 -5.866190e+01 -5.990000e+00
    endloop
  endfacet
  facet normal -1.668148e-16 1.280015e-16 -1.000000e+00
    outer loop
      vertex   -9.538806e+00 -5.866190e+01 -5.990000e+00
      vertex   -1.577750e+01 -5.291470e+01 -5.990000e+00
      vertex   -1.560269e+01 -5.268688e+01 -5.990000e+00
    endloop
  endfacet
  facet normal -2.080331e-16 8.617015e-17 -1.000000e+00
    outer loop
      vertex   -9.538806e+00 -5.866190e+01 -5.990000e+00
      vertex   -1.560269e+01 -5.268688e+01 -5.990000e+00
      vertex   -1.549280e+01 -5.242158e+01 -5.990000e+00
    endloop
  endfacet
  facet normal -2.971899e-16 1.104115e-18 -1.000000e+00
    outer loop
      vertex   -9.538806e+00 -5.866190e+01 -5.990000e+00
      vertex   -1.549280e+01 -5.242158e+01 -5.990000e+00
      vertex   -6.514835e+00 -4.913819e+01 -5.990000e+00
    endloop
  endfacet
  facet normal -2.539961e-15 4.623965e-15 -1.000000e+00
    outer loop
      vertex   -8.629528e+01 -1.689993e+02 -5.990000e+00
      vertex   -8.624076e+01 -1.685852e+02 -5.990000e+00
      vertex   -5.338317e+01 -1.516889e+02 -5.990000e+00
    endloop
  endfacet
  facet normal 1.914053e-15 -4.037582e-15 -1.000000e+00
    outer loop
      vertex   -5.338317e+01 -1.516889e+02 -5.990000e+00
      vertex   -8.624076e+01 -1.685852e+02 -5.990000e+00
      vertex   -8.629528e+01 -1.681711e+02 -5.990000e+00
    endloop
  endfacet
  facet normal -8.940062e-17 -3.703095e-17 -1.000000e+00
    outer loop
      vertex   -5.338317e+01 -1.516889e+02 -5.990000e+00
      vertex   -8.629528e+01 -1.681711e+02 -5.990000e+00
      vertex   -8.645512e+01 -1.677852e+02 -5.990000e+00
    endloop
  endfacet
  facet normal -1.075439e-16 2.466704e-19 -1.000000e+00
    outer loop
      vertex   -5.338317e+01 -1.516889e+02 -5.990000e+00
      vertex   -8.645512e+01 -1.677852e+02 -5.990000e+00
      vertex   -7.815213e+01 -1.485026e+02 -5.990000e+00
    endloop
  endfacet
  facet normal -3.845083e-17 -2.950436e-17 -1.000000e+00
    outer loop
      vertex   -7.815213e+01 -1.485026e+02 -5.990000e+00
      vertex   -8.645512e+01 -1.677852e+02 -5.990000e+00
      vertex   -8.670939e+01 -1.674538e+02 -5.990000e+00
    endloop
  endfacet
  facet normal -6.710191e-17 -1.656725e-17 -1.000000e+00
    outer loop
      vertex   -7.815213e+01 -1.485026e+02 -5.990000e+00
      vertex   -8.670939e+01 -1.674538e+02 -5.990000e+00
      vertex   -8.929616e+01 -1.569767e+02 -5.990000e+00
    endloop
  endfacet
  facet normal 0.000000e+00 0.000000e+00 -1.000000e+00
    outer loop
      vertex   -8.929616e+01 -1.569767e+02 -5.990000e+00
      vertex   -8.670939e+01 -1.674538e+02 -5.990000e+00
      vertex   -8.704076e+01 -1.671996e+02 -5.990000e+00
    endloop
  endfacet
  facet normal 0.000000e+00 0.000000e+00 -1.000000e+00
    outer loop
      vertex   -8.929616e+01 -1.569767e+02 -5.990000e+00
      vertex   -8.704076e+01 -1.671996e+02 -5.990000e+00
      vertex   -8.742665e+01 -1.670397e+02 -5.990000e+00
    endloop
  endfacet
  facet normal 0.000000e+00 0.000000e+00 -1.000000e+00
    outer loop
      vertex   -8.742665e+01 -1.670397e+02 -5.990000e+00
      vertex   -8.784076e+01 -1.669852e+02 -5.990000e+00
      vertex   -8.929616e+01 -1.569767e+02 -5.990000e+00
    endloop
  endfacet
  facet normal 0.000000e+00 0.000000e+00 -1.000000e+00
    outer loop
      vertex   -8.929616e+01 -1.569767e+02 -5.990000e+00
      vertex   -8.784076e+01 -1.669852e+02 -5.990000e+00
      vertex   -8.825487e+01 -1.670397e+02 -5.990000e+00
    endloop
  endfacet
  facet normal 0.000000e+00 0.000000e+00 -1.000000e+00
    outer loop
      vertex   -8.929616e+01 -1.569767e+02 -5.990000e+00
      vertex   -8.825487e+01 -1.670397e+02 -5.990000e+00
      vertex   -8.864076e+01 -1.671996e+02 -5.990000e+00
    endloop
  endfacet
  facet normal -0.000000e+00 0.000000e+00 -1.000000e+00
    outer loop
      vertex   -8.864076e+01 -1.671996e+02 -5.990000e+00
      vertex   -8.897213e+01 -1.674538e+02 -5.990000e+00
      vertex   -8.929616e+01 -1.569767e+02 -5.990000e+00
    endloop
  endfacet
  facet normal 0.000000e+00 0.000000e+00 -1.000000e+00
    outer loop
      vertex   -8.929616e+01 -1.569767e+02 -5.990000e+00
      vertex   -8.897213e+01 -1.674538e+02 -5.990000e+00
      vertex   -8.922640e+01 -1.677852e+02 -5.990000e+00
    endloop
  endfacet
  facet normal 0.000000e+00 -0.000000e+00 -1.000000e+00
    outer loop
      vertex   -8.929616e+01 -1.569767e+02 -5.990000e+00
      vertex   -8.922640e+01 -1.677852e+02 -5.990000e+00
      vertex   -8.938624e+01 -1.681711e+02 -5.990000e+00
    endloop
  endfacet
  facet normal -2.985415e-15 3.930374e-16 -1.000000e+00
    outer loop
      vertex   -8.944076e+01 -1.685852e+02 -5.990000e+00
      vertex   -9.038783e+01 -1.712594e+02 -5.990000e+00
      vertex   -8.938624e+01 -1.681711e+02 -5.990000e+00
    endloop
  endfacet
  facet normal -5.870114e-16 -3.848121e-16 -1.000000e+00
    outer loop
      vertex   -8.938624e+01 -1.681711e+02 -5.990000e+00
      vertex   -9.038783e+01 -1.712594e+02 -5.990000e+00
      vertex   -1.121858e+02 -1.426239e+02 -5.990000e+00
    endloop
  endfacet
  facet normal -1.544317e-16 1.242642e-18 -1.000000e+00
    outer loop
      vertex   -8.938624e+01 -1.681711e+02 -5.990000e+00
      vertex   -1.121858e+02 -1.426239e+02 -5.990000e+00
      vertex   -8.929616e+01 -1.569767e+02 -5.990000e+00
    endloop
  endfacet
  facet normal -1.056227e-16 7.908250e-17 -1.000000e+00
    outer loop
      vertex   -8.929616e+01 -1.569767e+02 -5.990000e+00
      vertex   -1.121858e+02 -1.426239e+02 -5.990000e+00
      vertex   -9.777028e+01 -1.458326e+02 -5.990000e+00
    endloop
  endfacet
  facet normal -1.142065e-17 5.022926e-16 -1.000000e+00
    outer loop
      vertex   -9.777028e+01 -1.458326e+02 -5.990000e+00
      vertex   -1.121858e+02 -1.426239e+02 -5.990000e+00
      vertex   -1.087717e+02 -1.425463e+02 -5.990000e+00
    endloop
  endfacet
  facet normal -4.939288e-17 3.751762e-16 -1.000000e+00
    outer loop
      vertex   -9.777028e+01 -1.458326e+02 -5.990000e+00
      vertex   -1.087717e+02 -1.425463e+02 -5.990000e+00
      vertex   -1.083576e+02 -1.424918e+02 -5.990000e+00
    endloop
  endfacet
  facet normal -1.367337e-15 -1.800133e-16 -1.000000e+00
    outer loop
      vertex   -8.944076e+01 -1.685852e+02 -5.990000e+00
      vertex   -8.938624e+01 -1.689993e+02 -5.990000e+00
      vertex   -9.038783e+01 -1.712594e+02 -5.990000e+00
    endloop
  endfacet
  facet normal -9.167144e-16 -3.797155e-16 -1.000000e+00
    outer loop
      vertex   -9.038783e+01 -1.712594e+02 -5.990000e+00
      vertex   -8.938624e+01 -1.689993e+02 -5.990000e+00
      vertex   -8.922640e+01 -1.693852e+02 -5.990000e+00
    endloop
  endfacet
  facet normal -6.833350e-16 -5.243414e-16 -1.000000e+00
    outer loop
      vertex   -9.038783e+01 -1.712594e+02 -5.990000e+00
      vertex   -8.922640e+01 -1.693852e+02 -5.990000e+00
      vertex   -8.897213e+01 -1.697166e+02 -5.990000e+00
    endloop
  endfacet
  facet normal -5.184433e-16 -6.756485e-16 -1.000000e+00
    outer loop
      vertex   -8.897213e+01 -1.697166e+02 -5.990000e+00
      vertex   -8.864076e+01 -1.699708e+02 -5.990000e+00
      vertex   -9.038783e+01 -1.712594e+02 -5.990000e+00
    endloop
  endfacet
  facet normal -3.656652e-16 -8.827939e-16 -1.000000e+00
    outer loop
      vertex   -9.038783e+01 -1.712594e+02 -5.990000e+00
      vertex   -8.864076e+01 -1.699708e+02 -5.990000e+00
      vertex   -8.825487e+01 -1.701307e+02 -5.990000e+00
    endloop
  endfacet
  facet normal -1.729604e-15 1.694720e-15 -1.000000e+00
    outer loop
      vertex   -9.038783e+01 -1.712594e+02 -5.990000e+00
      vertex   -8.825487e+01 -1.701307e+02 -5.990000e+00
      vertex   -8.987533e+01 -1.717845e+02 -5.990000e+00
    endloop
  endfacet
  facet normal 0.000000e+00 0.000000e+00 -1.000000e+00
    outer loop
      vertex   -8.987533e+01 -1.717845e+02 -5.990000e+00
      vertex   -8.825487e+01 -1.701307e+02 -5.990000e+00
      vertex   -8.925068e+01 -1.721695e+02 -5.990000e+00
    endloop
  endfacet
  facet normal 0.000000e+00 0.000000e+00 -1.000000e+00
    outer loop
      vertex   -8.925068e+01 -1.721695e+02 -5.990000e+00
      vertex   -8.825487e+01 -1.701307e+02 -5.990000e+00
      vertex   -8.784076e+01 -1.701852e+02 -5.990000e+00
    endloop
  endfacet
  facet normal 0.000000e+00 0.000000e+00 -1.000000e+00
    outer loop
      vertex   -8.925068e+01 -1.721695e+02 -5.990000e+00
      vertex   -8.784076e+01 -1.701852e+02 -5.990000e+00
      vertex   -8.855125e+01 -1.723913e+02 -5.990000e+00
    endloop
  endfacet
  facet normal 0.000000e+00 0.000000e+00 -1.000000e+00
    outer loop
      vertex   -8.855125e+01 -1.723913e+02 -5.990000e+00
      vertex   -8.784076e+01 -1.701852e+02 -5.990000e+00
      vertex   -8.781890e+01 -1.724368e+02 -5.990000e+00
    endloop
  endfacet
  facet normal 0.000000e+00 0.000000e+00 -1.000000e+00
    outer loop
      vertex   -8.781890e+01 -1.724368e+02 -5.990000e+00
      vertex   -8.784076e+01 -1.701852e+02 -5.990000e+00
      vertex   -8.709742e+01 -1.723030e+02 -5.990000e+00
    endloop
  endfacet
  facet normal 0.000000e+00 0.000000e+00 -1.000000e+00
    outer loop
      vertex   -8.709742e+01 -1.723030e+02 -5.990000e+00
      vertex   -8.784076e+01 -1.701852e+02 -5.990000e+00
      vertex   -8.642998e+01 -1.719982e+02 -5.990000e+00
    endloop
  endfacet
  facet normal 0.000000e+00 0.000000e+00 -1.000000e+00
    outer loop
      vertex   -8.642998e+01 -1.719982e+02 -5.990000e+00
      vertex   -8.784076e+01 -1.701852e+02 -5.990000e+00
      vertex   -8.742665e+01 -1.701307e+02 -5.990000e+00
    endloop
  endfacet
  facet normal 0.000000e+00 0.000000e+00 -1.000000e+00
    outer loop
      vertex   -8.642998e+01 -1.719982e+02 -5.990000e+00
      vertex   -8.742665e+01 -1.701307e+02 -5.990000e+00
      vertex   -8.704076e+01 -1.699708e+02 -5.990000e+00
    endloop
  endfacet
  facet normal 0.000000e+00 0.000000e+00 -1.000000e+00
    outer loop
      vertex   -8.704076e+01 -1.699708e+02 -5.990000e+00
      vertex   -8.670939e+01 -1.697166e+02 -5.990000e+00
      vertex   -8.642998e+01 -1.719982e+02 -5.990000e+00
    endloop
  endfacet
  facet normal 0.000000e+00 0.000000e+00 -1.000000e+00
    outer loop
      vertex   -8.642998e+01 -1.719982e+02 -5.990000e+00
      vertex   -8.670939e+01 -1.697166e+02 -5.990000e+00
      vertex   -8.645512e+01 -1.693852e+02 -5.990000e+00
    endloop
  endfacet
  facet normal 0.000000e+00 0.000000e+00 -1.000000e+00
    outer loop
      vertex   -8.642998e+01 -1.719982e+02 -5.990000e+00
      vertex   -8.645512e+01 -1.693852e+02 -5.990000e+00
      vertex   -8.629528e+01 -1.689993e+02 -5.990000e+00
    endloop
  endfacet
  facet normal -1.105575e-16 4.966151e-18 -1.000000e+00
    outer loop
      vertex   -8.642998e+01 -1.719982e+02 -5.990000e+00
      vertex   -8.629528e+01 -1.689993e+02 -5.990000e+00
      vertex   -5.338317e+01 -1.516889e+02 -5.990000e+00
    endloop
  endfacet
  facet normal 1.361829e-16 4.271644e-15 -1.000000e+00
    outer loop
      vertex   -8.662758e+01 -6.511477e+01 -5.990000e+00
      vertex   -8.657307e+01 -6.470066e+01 -5.990000e+00
      vertex   -8.173660e+01 -6.527069e+01 -5.990000e+00
    endloop
  endfacet
  facet normal -8.866221e-16 -4.406298e-15 -1.000000e+00
    outer loop
      vertex   -8.173660e+01 -6.527069e+01 -5.990000e+00
      vertex   -8.657307e+01 -6.470066e+01 -5.990000e+00
      vertex   -8.662758e+01 -6.428655e+01 -5.990000e+00
    endloop
  endfacet
  facet normal 0.000000e+00 0.000000e+00 -1.000000e+00
    outer loop
      vertex   -8.173660e+01 -6.527069e+01 -5.990000e+00
      vertex   -8.662758e+01 -6.428655e+01 -5.990000e+00
      vertex   -8.678742e+01 -6.390066e+01 -5.990000e+00
    endloop
  endfacet
  facet normal 0.000000e+00 0.000000e+00 -1.000000e+00
    outer loop
      vertex   -8.173660e+01 -6.527069e+01 -5.990000e+00
      vertex   -8.678742e+01 -6.390066e+01 -5.990000e+00
      vertex   -8.173660e+01 -6.146760e+01 -5.990000e+00
    endloop
  endfacet
  facet normal 0.000000e+00 0.000000e+00 -1.000000e+00
    outer loop
      vertex   -8.173660e+01 -6.146760e+01 -5.990000e+00
      vertex   -8.678742e+01 -6.390066e+01 -5.990000e+00
      vertex   -8.704169e+01 -6.356929e+01 -5.990000e+00
    endloop
  endfacet
  facet normal -0.000000e+00 0.000000e+00 -1.000000e+00
    outer loop
      vertex   -8.173660e+01 -6.146760e+01 -5.990000e+00
      vertex   -8.704169e+01 -6.356929e+01 -5.990000e+00
      vertex   -8.223672e+01 -6.096760e+01 -5.990000e+00
    endloop
  endfacet
  facet normal 0.000000e+00 0.000000e+00 -1.000000e+00
    outer loop
      vertex   -8.223672e+01 -6.096760e+01 -5.990000e+00
      vertex   -8.704169e+01 -6.356929e+01 -5.990000e+00
      vertex   -8.737307e+01 -6.331502e+01 -5.990000e+00
    endloop
  endfacet
  facet normal -0.000000e+00 0.000000e+00 -1.000000e+00
    outer loop
      vertex   -8.223672e+01 -6.096760e+01 -5.990000e+00
      vertex   -8.737307e+01 -6.331502e+01 -5.990000e+00
      vertex   -8.890681e+01 -6.096760e+01 -5.990000e+00
    endloop
  endfacet
  facet normal 0.000000e+00 0.000000e+00 -1.000000e+00
    outer loop
      vertex   -8.890681e+01 -6.096760e+01 -5.990000e+00
      vertex   -8.737307e+01 -6.331502e+01 -5.990000e+00
      vertex   -8.775895e+01 -6.315517e+01 -5.990000e+00
    endloop
  endfacet
  facet normal 0.000000e+00 0.000000e+00 -1.000000e+00
    outer loop
      vertex   -8.890681e+01 -6.096760e+01 -5.990000e+00
      vertex   -8.775895e+01 -6.315517e+01 -5.990000e+00
      vertex   -8.817307e+01 -6.310066e+01 -5.990000e+00
    endloop
  endfacet
  facet normal -0.000000e+00 0.000000e+00 -1.000000e+00
    outer loop
      vertex   -8.817307e+01 -6.310066e+01 -5.990000e+00
      vertex   -8.858718e+01 -6.315517e+01 -5.990000e+00
      vertex   -8.890681e+01 -6.096760e+01 -5.990000e+00
    endloop
  endfacet
  facet normal 0.000000e+00 -0.000000e+00 -1.000000e+00
    outer loop
      vertex   -8.890681e+01 -6.096760e+01 -5.990000e+00
      vertex   -8.858718e+01 -6.315517e+01 -5.990000e+00
      vertex   -8.957476e+01 -6.104290e+01 -5.990000e+00
    endloop
  endfacet
  facet normal 0.000000e+00 -0.000000e+00 -1.000000e+00
    outer loop
      vertex   -8.957476e+01 -6.104290e+01 -5.990000e+00
      vertex   -8.858718e+01 -6.315517e+01 -5.990000e+00
      vertex   -9.020918e+01 -6.126504e+01 -5.990000e+00
    endloop
  endfacet
  facet normal 0.000000e+00 -0.000000e+00 -1.000000e+00
    outer loop
      vertex   -9.020918e+01 -6.126504e+01 -5.990000e+00
      vertex   -8.858718e+01 -6.315517e+01 -5.990000e+00
      vertex   -9.077822e+01 -6.162285e+01 -5.990000e+00
    endloop
  endfacet
  facet normal 0.000000e+00 0.000000e+00 -1.000000e+00
    outer loop
      vertex   -9.077822e+01 -6.162285e+01 -5.990000e+00
      vertex   -8.858718e+01 -6.315517e+01 -5.990000e+00
      vertex   -8.897307e+01 -6.331502e+01 -5.990000e+00
    endloop
  endfacet
  facet normal 0.000000e+00 -0.000000e+00 -1.000000e+00
    outer loop
      vertex   -9.077822e+01 -6.162285e+01 -5.990000e+00
      vertex   -8.897307e+01 -6.331502e+01 -5.990000e+00
      vertex   -9.125330e+01 -6.209838e+01 -5.990000e+00
    endloop
  endfacet
  facet normal 0.000000e+00 0.000000e+00 -1.000000e+00
    outer loop
      vertex   -9.125330e+01 -6.209838e+01 -5.990000e+00
      vertex   -8.897307e+01 -6.331502e+01 -5.990000e+00
      vertex   -8.930444e+01 -6.356929e+01 -5.990000e+00
    endloop
  endfacet
  facet normal 0.000000e+00 -0.000000e+00 -1.000000e+00
    outer loop
      vertex   -9.125330e+01 -6.209838e+01 -5.990000e+00
      vertex   -8.930444e+01 -6.356929e+01 -5.990000e+00
      vertex   -9.161058e+01 -6.266775e+01 -5.990000e+00
    endloop
  endfacet
  facet normal 0.000000e+00 -0.000000e+00 -1.000000e+00
    outer loop
      vertex   -9.161058e+01 -6.266775e+01 -5.990000e+00
      vertex   -8.930444e+01 -6.356929e+01 -5.990000e+00
      vertex   -9.183213e+01 -6.330238e+01 -5.990000e+00
    endloop
  endfacet
  facet normal 0.000000e+00 0.000000e+00 -1.000000e+00
    outer loop
      vertex   -9.183213e+01 -6.330238e+01 -5.990000e+00
      vertex   -8.930444e+01 -6.356929e+01 -5.990000e+00
      vertex   -8.955871e+01 -6.390066e+01 -5.990000e+00
    endloop
  endfacet
  facet normal -6.797841e-16 -2.583129e-15 -1.000000e+00
    outer loop
      vertex   -9.183213e+01 -6.330238e+01 -5.990000e+00
      vertex   -8.955871e+01 -6.390066e+01 -5.990000e+00
      vertex   -9.190681e+01 -6.397040e+01 -5.990000e+00
    endloop
  endfacet
  facet normal -7.659308e-16 3.172589e-16 -1.000000e+00
    outer loop
      vertex   -9.190681e+01 -6.397040e+01 -5.990000e+00
      vertex   -8.955871e+01 -6.390066e+01 -5.990000e+00
      vertex   -8.971855e+01 -6.428655e+01 -5.990000e+00
    endloop
  endfacet
  facet normal -7.966146e-16 1.048763e-16 -1.000000e+00
    outer loop
      vertex   -9.190681e+01 -6.397040e+01 -5.990000e+00
      vertex   -8.971855e+01 -6.428655e+01 -5.990000e+00
      vertex   -8.977307e+01 -6.470066e+01 -5.990000e+00
    endloop
  endfacet
  facet normal -8.717879e-16 -1.147731e-16 -1.000000e+00
    outer loop
      vertex   -8.977307e+01 -6.470066e+01 -5.990000e+00
      vertex   -8.971855e+01 -6.511477e+01 -5.990000e+00
      vertex   -9.190681e+01 -6.397040e+01 -5.990000e+00
    endloop
  endfacet
  facet normal -1.036231e-15 -4.292209e-16 -1.000000e+00
    outer loop
      vertex   -9.190681e+01 -6.397040e+01 -5.990000e+00
      vertex   -8.971855e+01 -6.511477e+01 -5.990000e+00
      vertex   -8.955871e+01 -6.550066e+01 -5.990000e+00
    endloop
  endfacet
  facet normal -1.513218e-15 -1.161133e-15 -1.000000e+00
    outer loop
      vertex   -9.190681e+01 -6.397040e+01 -5.990000e+00
      vertex   -8.955871e+01 -6.550066e+01 -5.990000e+00
      vertex   -8.930444e+01 -6.583203e+01 -5.990000e+00
    endloop
  endfacet
  facet normal -7.994828e-16 -1.634023e-16 -1.000000e+00
    outer loop
      vertex   -9.190681e+01 -6.397040e+01 -5.990000e+00
      vertex   -8.930444e+01 -6.583203e+01 -5.990000e+00
      vertex   -8.436617e+01 -8.999363e+01 -5.990000e+00
    endloop
  endfacet
  facet normal 0.000000e+00 0.000000e+00 -1.000000e+00
    outer loop
      vertex   -8.436617e+01 -8.999363e+01 -5.990000e+00
      vertex   -8.930444e+01 -6.583203e+01 -5.990000e+00
      vertex   -8.897307e+01 -6.608630e+01 -5.990000e+00
    endloop
  endfacet
  facet normal 0.000000e+00 0.000000e+00 -1.000000e+00
    outer loop
      vertex   -8.436617e+01 -8.999363e+01 -5.990000e+00
      vertex   -8.897307e+01 -6.608630e+01 -5.990000e+00
      vertex   -8.436617e+01 -6.946760e+01 -5.990000e+00
    endloop
  endfacet
  facet normal 0.000000e+00 0.000000e+00 -1.000000e+00
    outer loop
      vertex   -8.436617e+01 -6.946760e+01 -5.990000e+00
      vertex   -8.897307e+01 -6.608630e+01 -5.990000e+00
      vertex   -8.858718e+01 -6.624614e+01 -5.990000e+00
    endloop
  endfacet
  facet normal 0.000000e+00 0.000000e+00 -1.000000e+00
    outer loop
      vertex   -8.436617e+01 -6.946760e+01 -5.990000e+00
      vertex   -8.858718e+01 -6.624614e+01 -5.990000e+00
      vertex   -8.817307e+01 -6.630066e+01 -5.990000e+00
    endloop
  endfacet
  facet normal 0.000000e+00 0.000000e+00 -1.000000e+00
    outer loop
      vertex   -8.436617e+01 -6.946760e+01 -5.990000e+00
      vertex   -8.817307e+01 -6.630066e+01 -5.990000e+00
      vertex   -8.429802e+01 -6.894996e+01 -5.990000e+00
    endloop
  endfacet
  facet normal 0.000000e+00 0.000000e+00 -1.000000e+00
    outer loop
      vertex   -8.429802e+01 -6.894996e+01 -5.990000e+00
      vertex   -8.817307e+01 -6.630066e+01 -5.990000e+00
      vertex   -8.775895e+01 -6.624614e+01 -5.990000e+00
    endloop
  endfacet
  facet normal 0.000000e+00 0.000000e+00 -1.000000e+00
    outer loop
      vertex   -8.429802e+01 -6.894996e+01 -5.990000e+00
      vertex   -8.775895e+01 -6.624614e+01 -5.990000e+00
      vertex   -8.409822e+01 -6.846760e+01 -5.990000e+00
    endloop
  endfacet
  facet normal 0.000000e+00 0.000000e+00 -1.000000e+00
    outer loop
      vertex   -8.409822e+01 -6.846760e+01 -5.990000e+00
      vertex   -8.775895e+01 -6.624614e+01 -5.990000e+00
      vertex   -8.737307e+01 -6.608630e+01 -5.990000e+00
    endloop
  endfacet
  facet normal 0.000000e+00 0.000000e+00 -1.000000e+00
    outer loop
      vertex   -8.409822e+01 -6.846760e+01 -5.990000e+00
      vertex   -8.737307e+01 -6.608630e+01 -5.990000e+00
      vertex   -8.378038e+01 -6.805338e+01 -5.990000e+00
    endloop
  endfacet
  facet normal 0.000000e+00 0.000000e+00 -1.000000e+00
    outer loop
      vertex   -8.378038e+01 -6.805338e+01 -5.990000e+00
      vertex   -8.737307e+01 -6.608630e+01 -5.990000e+00
      vertex   -8.704169e+01 -6.583203e+01 -5.990000e+00
    endloop
  endfacet
  facet normal 0.000000e+00 0.000000e+00 -1.000000e+00
    outer loop
      vertex   -8.378038e+01 -6.805338e+01 -5.990000e+00
      vertex   -8.704169e+01 -6.583203e+01 -5.990000e+00
      vertex   -8.336617e+01 -6.773555e+01 -5.990000e+00
    endloop
  endfacet
  facet normal 0.000000e+00 0.000000e+00 -1.000000e+00
    outer loop
      vertex   -8.336617e+01 -6.773555e+01 -5.990000e+00
      vertex   -8.704169e+01 -6.583203e+01 -5.990000e+00
      vertex   -8.678742e+01 -6.550066e+01 -5.990000e+00
    endloop
  endfacet
  facet normal 0.000000e+00 0.000000e+00 -1.000000e+00
    outer loop
      vertex   -8.336617e+01 -6.773555e+01 -5.990000e+00
      vertex   -8.678742e+01 -6.550066e+01 -5.990000e+00
      vertex   -8.288381e+01 -6.753575e+01 -5.990000e+00
    endloop
  endfacet
  facet normal 0.000000e+00 0.000000e+00 -1.000000e+00
    outer loop
      vertex   -8.288381e+01 -6.753575e+01 -5.990000e+00
      vertex   -8.678742e+01 -6.550066e+01 -5.990000e+00
      vertex   -8.173660e+01 -6.527069e+01 -5.990000e+00
    endloop
  endfacet
  facet normal 0.000000e+00 0.000000e+00 -1.000000e+00
    outer loop
      vertex   -8.288381e+01 -6.753575e+01 -5.990000e+00
      vertex   -8.173660e+01 -6.527069e+01 -5.990000e+00
      vertex   -8.236617e+01 -6.746760e+01 -5.990000e+00
    endloop
  endfacet
  facet normal -3.689426e-16 1.057278e-16 -1.000000e+00
    outer loop
      vertex   -8.236617e+01 -6.746760e+01 -5.990000e+00
      vertex   -8.173660e+01 -6.527069e+01 -5.990000e+00
      vertex   -7.981552e+01 -6.696760e+01 -5.990000e+00
    endloop
  endfacet
  facet normal -4.331212e-16 4.331211e-16 -1.000000e+00
    outer loop
      vertex   -8.236617e+01 -6.746760e+01 -5.990000e+00
      vertex   -7.981552e+01 -6.696760e+01 -5.990000e+00
      vertex   -8.031552e+01 -6.746760e+01 -5.990000e+00
    endloop
  endfacet
  facet normal 0.000000e+00 0.000000e+00 -1.000000e+00
    outer loop
      vertex   -8.031552e+01 -6.746760e+01 -5.990000e+00
      vertex   -7.981552e+01 -6.696760e+01 -5.990000e+00
      vertex   -7.983256e+01 -6.709701e+01 -5.990000e+00
    endloop
  endfacet
  facet normal 0.000000e+00 0.000000e+00 -1.000000e+00
    outer loop
      vertex   -8.031552e+01 -6.746760e+01 -5.990000e+00
      vertex   -7.983256e+01 -6.709701e+01 -5.990000e+00
      vertex   -7.988251e+01 -6.721760e+01 -5.990000e+00
    endloop
  endfacet
  facet normal 0.000000e+00 0.000000e+00 -1.000000e+00
    outer loop
      vertex   -8.678742e+01 -6.550066e+01 -5.990000e+00
      vertex   -8.662758e+01 -6.511477e+01 -5.990000e+00
      vertex   -8.173660e+01 -6.527069e+01 -5.990000e+00
    endloop
  endfacet
  facet normal -8.203932e-16 2.252793e-15 -1.000000e+00
    outer loop
      vertex   5.511528e+01 -1.304497e+02 -5.990000e+00
      vertex   5.516980e+01 -1.300356e+02 -5.990000e+00
      vertex   5.713759e+01 -1.305018e+02 -5.990000e+00
    endloop
  endfacet
  facet normal -1.922115e-15 -2.397837e-15 -1.000000e+00
    outer loop
      vertex   5.713759e+01 -1.305018e+02 -5.990000e+00
      vertex   5.516980e+01 -1.300356e+02 -5.990000e+00
      vertex   5.511528e+01 -1.296215e+02 -5.990000e+00
    endloop
  endfacet
  facet normal -1.071587e-15 -4.438657e-16 -1.000000e+00
    outer loop
      vertex   5.713759e+01 -1.305018e+02 -5.990000e+00
      vertex   5.511528e+01 -1.296215e+02 -5.990000e+00
      vertex   5.495544e+01 -1.292356e+02 -5.990000e+00
    endloop
  endfacet
  facet normal -1.467349e-15 -1.125937e-15 -1.000000e+00
    outer loop
      vertex   5.495544e+01 -1.292356e+02 -5.990000e+00
      vertex   5.470117e+01 -1.289043e+02 -5.990000e+00
      vertex   5.713759e+01 -1.305018e+02 -5.990000e+00
    endloop
  endfacet
  facet normal -5.011274e-15 -6.530819e-15 -1.000000e+00
    outer loop
      vertex   5.713759e+01 -1.305018e+02 -5.990000e+00
      vertex   5.470117e+01 -1.289043e+02 -5.990000e+00
      vertex   5.436980e+01 -1.286500e+02 -5.990000e+00
    endloop
  endfacet
  facet normal -8.636582e-16 -3.316057e-16 -1.000000e+00
    outer loop
      vertex   5.713759e+01 -1.305018e+02 -5.990000e+00
      vertex   5.436980e+01 -1.286500e+02 -5.990000e+00
      vertex   4.761240e+01 -1.110505e+02 -5.990000e+00
    endloop
  endfacet
  facet normal 0.000000e+00 0.000000e+00 -1.000000e+00
    outer loop
      vertex   4.761240e+01 -1.110505e+02 -5.990000e+00
      vertex   5.436980e+01 -1.286500e+02 -5.990000e+00
      vertex   5.398391e+01 -1.284901e+02 -5.990000e+00
    endloop
  endfacet
  facet normal 0.000000e+00 0.000000e+00 -1.000000e+00
    outer loop
      vertex   4.761240e+01 -1.110505e+02 -5.990000e+00
      vertex   5.398391e+01 -1.284901e+02 -5.990000e+00
      vertex   4.761240e+01 -1.250505e+02 -5.990000e+00
    endloop
  endfacet
  facet normal 0.000000e+00 0.000000e+00 -1.000000e+00
    outer loop
      vertex   4.761240e+01 -1.250505e+02 -5.990000e+00
      vertex   5.398391e+01 -1.284901e+02 -5.990000e+00
      vertex   5.356980e+01 -1.284356e+02 -5.990000e+00
    endloop
  endfacet
  facet normal 0.000000e+00 0.000000e+00 -1.000000e+00
    outer loop
      vertex   4.761240e+01 -1.250505e+02 -5.990000e+00
      vertex   5.356980e+01 -1.284356e+02 -5.990000e+00
      vertex   5.315569e+01 -1.284901e+02 -5.990000e+00
    endloop
  endfacet
  facet normal -0.000000e+00 0.000000e+00 -1.000000e+00
    outer loop
      vertex   5.315569e+01 -1.284901e+02 -5.990000e+00
      vertex   5.276980e+01 -1.286500e+02 -5.990000e+00
      vertex   4.761240e+01 -1.250505e+02 -5.990000e+00
    endloop
  endfacet
  facet normal 0.000000e+00 0.000000e+00 -1.000000e+00
    outer loop
      vertex   4.761240e+01 -1.250505e+02 -5.990000e+00
      vertex   5.276980e+01 -1.286500e+02 -5.990000e+00
      vertex   5.243843e+01 -1.289043e+02 -5.990000e+00
    endloop
  endfacet
  facet normal 0.000000e+00 0.000000e+00 -1.000000e+00
    outer loop
      vertex   4.761240e+01 -1.250505e+02 -5.990000e+00
      vertex   5.243843e+01 -1.289043e+02 -5.990000e+00
      vertex   5.218416e+01 -1.292356e+02 -5.990000e+00
    endloop
  endfacet
  facet normal -0.000000e+00 0.000000e+00 -1.000000e+00
    outer loop
      vertex   5.218416e+01 -1.292356e+02 -5.990000e+00
      vertex   5.202432e+01 -1.296215e+02 -5.990000e+00
      vertex   4.761240e+01 -1.250505e+02 -5.990000e+00
    endloop
  endfacet
  facet normal 0.000000e+00 0.000000e+00 -1.000000e+00
    outer loop
      vertex   4.761240e+01 -1.250505e+02 -5.990000e+00
      vertex   5.202432e+01 -1.296215e+02 -5.990000e+00
      vertex   5.196980e+01 -1.300356e+02 -5.990000e+00
    endloop
  endfacet
  facet normal 0.000000e+00 0.000000e+00 -1.000000e+00
    outer loop
      vertex   4.761240e+01 -1.250505e+02 -5.990000e+00
      vertex   5.196980e+01 -1.300356e+02 -5.990000e+00
      vertex   5.202432e+01 -1.304497e+02 -5.990000e+00
    endloop
  endfacet
  facet normal -1.268826e-16 -1.036807e-16 -1.000000e+00
    outer loop
      vertex   4.761240e+01 -1.250505e+02 -5.990000e+00
      vertex   5.202432e+01 -1.304497e+02 -5.990000e+00
      vertex   3.361240e+01 -1.250505e+02 -5.990000e+00
    endloop
  endfacet
  facet normal -1.098178e-16 -4.548803e-17 -1.000000e+00
    outer loop
      vertex   3.361240e+01 -1.250505e+02 -5.990000e+00
      vertex   5.202432e+01 -1.304497e+02 -5.990000e+00
      vertex   5.218416e+01 -1.308356e+02 -5.990000e+00
    endloop
  endfacet
  facet normal -1.256914e-16 -9.644641e-17 -1.000000e+00
    outer loop
      vertex   3.361240e+01 -1.250505e+02 -5.990000e+00
      vertex   5.218416e+01 -1.308356e+02 -5.990000e+00
      vertex   5.243843e+01 -1.311670e+02 -5.990000e+00
    endloop
  endfacet
  facet normal -1.399393e-16 -1.403001e-16 -1.000000e+00
    outer loop
      vertex   3.361240e+01 -1.250505e+02 -5.990000e+00
      vertex   5.243843e+01 -1.311670e+02 -5.990000e+00
      vertex   5.472169e+01 -1.334444e+02 -5.990000e+00
    endloop
  endfacet
  facet normal 0.000000e+00 0.000000e+00 -1.000000e+00
    outer loop
      vertex   5.472169e+01 -1.334444e+02 -5.990000e+00
      vertex   5.243843e+01 -1.311670e+02 -5.990000e+00
      vertex   5.276980e+01 -1.314213e+02 -5.990000e+00
    endloop
  endfacet
  facet normal 0.000000e+00 0.000000e+00 -1.000000e+00
    outer loop
      vertex   5.472169e+01 -1.334444e+02 -5.990000e+00
      vertex   5.276980e+01 -1.314213e+02 -5.990000e+00
      vertex   5.315569e+01 -1.315811e+02 -5.990000e+00
    endloop
  endfacet
  facet normal 0.000000e+00 0.000000e+00 -1.000000e+00
    outer loop
      vertex   5.315569e+01 -1.315811e+02 -5.990000e+00
      vertex   5.356980e+01 -1.316356e+02 -5.990000e+00
      vertex   5.472169e+01 -1.334444e+02 -5.990000e+00
    endloop
  endfacet
  facet normal 0.000000e+00 0.000000e+00 -1.000000e+00
    outer loop
      vertex   5.472169e+01 -1.334444e+02 -5.990000e+00
      vertex   5.356980e+01 -1.316356e+02 -5.990000e+00
      vertex   5.398391e+01 -1.315811e+02 -5.990000e+00
    endloop
  endfacet
  facet normal 0.000000e+00 0.000000e+00 -1.000000e+00
    outer loop
      vertex   5.472169e+01 -1.334444e+02 -5.990000e+00
      vertex   5.398391e+01 -1.315811e+02 -5.990000e+00
      vertex   5.537480e+01 -1.332348e+02 -5.990000e+00
    endloop
  endfacet
  facet normal 0.000000e+00 0.000000e+00 -1.000000e+00
    outer loop
      vertex   5.537480e+01 -1.332348e+02 -5.990000e+00
      vertex   5.398391e+01 -1.315811e+02 -5.990000e+00
      vertex   5.436980e+01 -1.314213e+02 -5.990000e+00
    endloop
  endfacet
  facet normal 0.000000e+00 0.000000e+00 -1.000000e+00
    outer loop
      vertex   5.537480e+01 -1.332348e+02 -5.990000e+00
      vertex   5.436980e+01 -1.314213e+02 -5.990000e+00
      vertex   5.596324e+01 -1.328823e+02 -5.990000e+00
    endloop
  endfacet
  facet normal 0.000000e+00 0.000000e+00 -1.000000e+00
    outer loop
      vertex   5.596324e+01 -1.328823e+02 -5.990000e+00
      vertex   5.436980e+01 -1.314213e+02 -5.990000e+00
      vertex   5.645624e+01 -1.324054e+02 -5.990000e+00
    endloop
  endfacet
  facet normal 0.000000e+00 0.000000e+00 -1.000000e+00
    outer loop
      vertex   5.645624e+01 -1.324054e+02 -5.990000e+00
      vertex   5.436980e+01 -1.314213e+02 -5.990000e+00
      vertex   5.470117e+01 -1.311670e+02 -5.990000e+00
    endloop
  endfacet
  facet normal 0.000000e+00 0.000000e+00 -1.000000e+00
    outer loop
      vertex   5.645624e+01 -1.324054e+02 -5.990000e+00
      vertex   5.470117e+01 -1.311670e+02 -5.990000e+00
      vertex   5.682803e+01 -1.318290e+02 -5.990000e+00
    endloop
  endfacet
  facet normal 0.000000e+00 0.000000e+00 -1.000000e+00
    outer loop
      vertex   5.682803e+01 -1.318290e+02 -5.990000e+00
      vertex   5.470117e+01 -1.311670e+02 -5.990000e+00
      vertex   5.495544e+01 -1.308356e+02 -5.990000e+00
    endloop
  endfacet
  facet normal 0.000000e+00 0.000000e+00 -1.000000e+00
    outer loop
      vertex   5.682803e+01 -1.318290e+02 -5.990000e+00
      vertex   5.495544e+01 -1.308356e+02 -5.990000e+00
      vertex   5.705918e+01 -1.311832e+02 -5.990000e+00
    endloop
  endfacet
  facet normal 0.000000e+00 0.000000e+00 -1.000000e+00
    outer loop
      vertex   5.705918e+01 -1.311832e+02 -5.990000e+00
      vertex   5.495544e+01 -1.308356e+02 -5.990000e+00
      vertex   5.511528e+01 -1.304497e+02 -5.990000e+00
    endloop
  endfacet
  facet normal -9.426873e-16 -2.498352e-15 -1.000000e+00
    outer loop
      vertex   5.705918e+01 -1.311832e+02 -5.990000e+00
      vertex   5.511528e+01 -1.304497e+02 -5.990000e+00
      vertex   5.713759e+01 -1.305018e+02 -5.990000e+00
    endloop
  endfacet
  facet normal -1.768441e-16 2.328197e-17 -1.000000e+00
    outer loop
      vertex   -1.072263e+02 -1.413604e+02 -5.990000e+00
      vertex   -1.071717e+02 -1.409463e+02 -5.990000e+00
      vertex   -9.777028e+01 -1.458326e+02 -5.990000e+00
    endloop
  endfacet
  facet normal -2.028231e-16 -2.670216e-17 -1.000000e+00
    outer loop
      vertex   -9.777028e+01 -1.458326e+02 -5.990000e+00
      vertex   -1.071717e+02 -1.409463e+02 -5.990000e+00
      vertex   -1.072263e+02 -1.405322e+02 -5.990000e+00
    endloop
  endfacet
  facet normal -1.757805e-16 2.154157e-17 -1.000000e+00
    outer loop
      vertex   -9.777028e+01 -1.458326e+02 -5.990000e+00
      vertex   -1.072263e+02 -1.405322e+02 -5.990000e+00
      vertex   -8.662625e+01 -1.373585e+02 -5.990000e+00
    endloop
  endfacet
  facet normal -1.621165e-16 -6.715084e-17 -1.000000e+00
    outer loop
      vertex   -8.662625e+01 -1.373585e+02 -5.990000e+00
      vertex   -1.072263e+02 -1.405322e+02 -5.990000e+00
      vertex   -1.073861e+02 -1.401463e+02 -5.990000e+00
    endloop
  endfacet
  facet normal -1.551473e-16 -1.190487e-16 -1.000000e+00
    outer loop
      vertex   -8.662625e+01 -1.373585e+02 -5.990000e+00
      vertex   -1.073861e+02 -1.401463e+02 -5.990000e+00
      vertex   -1.076404e+02 -1.398149e+02 -5.990000e+00
    endloop
  endfacet
  facet normal -1.634725e-16 -4.782763e-17 -1.000000e+00
    outer loop
      vertex   -8.662625e+01 -1.373585e+02 -5.990000e+00
      vertex   -1.076404e+02 -1.398149e+02 -5.990000e+00
      vertex   -8.991078e+01 -1.261321e+02 -5.990000e+00
    endloop
  endfacet
  facet normal -9.990387e-17 -1.301973e-16 -1.000000e+00
    outer loop
      vertex   -8.991078e+01 -1.261321e+02 -5.990000e+00
      vertex   -1.076404e+02 -1.398149e+02 -5.990000e+00
      vertex   -1.079717e+02 -1.395606e+02 -5.990000e+00
    endloop
  endfacet
  facet normal -9.990387e-17 -1.301973e-16 -1.000000e+00
    outer loop
      vertex   -8.991078e+01 -1.261321e+02 -5.990000e+00
      vertex   -1.079717e+02 -1.395606e+02 -5.990000e+00
      vertex   -9.024216e+01 -1.258779e+02 -5.990000e+00
    endloop
  endfacet
  facet normal -4.511224e-16 3.248974e-16 -1.000000e+00
    outer loop
      vertex   -9.024216e+01 -1.258779e+02 -5.990000e+00
      vertex   -1.079717e+02 -1.395606e+02 -5.990000e+00
      vertex   -9.303673e+01 -1.242907e+02 -5.990000e+00
    endloop
  endfacet
  facet normal -1.126619e-15 -8.644854e-16 -1.000000e+00
    outer loop
      vertex   -9.024216e+01 -1.258779e+02 -5.990000e+00
      vertex   -9.303673e+01 -1.242907e+02 -5.990000e+00
      vertex   -9.049643e+01 -1.255465e+02 -5.990000e+00
    endloop
  endfacet
  facet normal -8.793208e-16 -3.642266e-16 -1.000000e+00
    outer loop
      vertex   -9.049643e+01 -1.255465e+02 -5.990000e+00
      vertex   -9.303673e+01 -1.242907e+02 -5.990000e+00
      vertex   -9.065627e+01 -1.251606e+02 -5.990000e+00
    endloop
  endfacet
  facet normal -7.839370e-16 -1.032073e-16 -1.000000e+00
    outer loop
      vertex   -9.065627e+01 -1.251606e+02 -5.990000e+00
      vertex   -9.303673e+01 -1.242907e+02 -5.990000e+00
      vertex   -9.071078e+01 -1.247465e+02 -5.990000e+00
    endloop
  endfacet
  facet normal -6.343319e-16 6.602640e-16 -1.000000e+00
    outer loop
      vertex   -9.071078e+01 -1.247465e+02 -5.990000e+00
      vertex   -9.303673e+01 -1.242907e+02 -5.990000e+00
      vertex   -9.253942e+01 -1.238129e+02 -5.990000e+00
    endloop
  endfacet
  facet normal -9.102347e-16 1.198347e-16 -1.000000e+00
    outer loop
      vertex   -9.071078e+01 -1.247465e+02 -5.990000e+00
      vertex   -9.253942e+01 -1.238129e+02 -5.990000e+00
      vertex   -9.065627e+01 -1.243324e+02 -5.990000e+00
    endloop
  endfacet
  facet normal -8.465639e-16 3.506582e-16 -1.000000e+00
    outer loop
      vertex   -9.065627e+01 -1.243324e+02 -5.990000e+00
      vertex   -9.253942e+01 -1.238129e+02 -5.990000e+00
      vertex   -9.049643e+01 -1.239465e+02 -5.990000e+00
    endloop
  endfacet
  facet normal -8.341457e-16 5.406092e-16 -1.000000e+00
    outer loop
      vertex   -9.049643e+01 -1.239465e+02 -5.990000e+00
      vertex   -9.253942e+01 -1.238129e+02 -5.990000e+00
      vertex   -9.216434e+01 -1.232342e+02 -5.990000e+00
    endloop
  endfacet
  facet normal -8.021565e-16 6.155163e-16 -1.000000e+00
    outer loop
      vertex   -9.049643e+01 -1.239465e+02 -5.990000e+00
      vertex   -9.216434e+01 -1.232342e+02 -5.990000e+00
      vertex   -9.024216e+01 -1.236151e+02 -5.990000e+00
    endloop
  endfacet
  facet normal -8.627576e-16 3.097097e-16 -1.000000e+00
    outer loop
      vertex   -9.024216e+01 -1.236151e+02 -5.990000e+00
      vertex   -9.216434e+01 -1.232342e+02 -5.990000e+00
      vertex   -9.193134e+01 -1.225851e+02 -5.990000e+00
    endloop
  endfacet
  facet normal -5.859652e-16 7.636447e-16 -1.000000e+00
    outer loop
      vertex   -9.024216e+01 -1.236151e+02 -5.990000e+00
      vertex   -9.193134e+01 -1.225851e+02 -5.990000e+00
      vertex   -8.991078e+01 -1.233609e+02 -5.990000e+00
    endloop
  endfacet
  facet normal -8.420440e-16 9.663328e-17 -1.000000e+00
    outer loop
      vertex   -8.991078e+01 -1.233609e+02 -5.990000e+00
      vertex   -9.193134e+01 -1.225851e+02 -5.990000e+00
      vertex   -9.185271e+01 -1.219000e+02 -5.990000e+00
    endloop
  endfacet
  facet normal -3.248175e-16 7.841788e-16 -1.000000e+00
    outer loop
      vertex   -8.991078e+01 -1.233609e+02 -5.990000e+00
      vertex   -9.185271e+01 -1.219000e+02 -5.990000e+00
      vertex   -8.952490e+01 -1.232010e+02 -5.990000e+00
    endloop
  endfacet
  facet normal -1.454822e-16 1.105047e-15 -1.000000e+00
    outer loop
      vertex   -8.952490e+01 -1.232010e+02 -5.990000e+00
      vertex   -9.185271e+01 -1.219000e+02 -5.990000e+00
      vertex   -8.911078e+01 -1.231465e+02 -5.990000e+00
    endloop
  endfacet
  facet normal 2.640922e-16 2.005979e-15 -1.000000e+00
    outer loop
      vertex   -8.911078e+01 -1.231465e+02 -5.990000e+00
      vertex   -9.185271e+01 -1.219000e+02 -5.990000e+00
      vertex   -8.869667e+01 -1.232010e+02 -5.990000e+00
    endloop
  endfacet
  facet normal -5.918917e-16 -7.046388e-17 -1.000000e+00
    outer loop
      vertex   -8.869667e+01 -1.232010e+02 -5.990000e+00
      vertex   -9.185271e+01 -1.219000e+02 -5.990000e+00
      vertex   -8.959341e+01 -1.156685e+02 -5.990000e+00
    endloop
  endfacet
  facet normal 0.000000e+00 0.000000e+00 -1.000000e+00
    outer loop
      vertex   -8.869667e+01 -1.232010e+02 -5.990000e+00
      vertex   -8.959341e+01 -1.156685e+02 -5.990000e+00
      vertex   -8.831078e+01 -1.233609e+02 -5.990000e+00
    endloop
  endfacet
  facet normal 0.000000e+00 0.000000e+00 -1.000000e+00
    outer loop
      vertex   -8.831078e+01 -1.233609e+02 -5.990000e+00
      vertex   -8.959341e+01 -1.156685e+02 -5.990000e+00
      vertex   -8.797941e+01 -1.236151e+02 -5.990000e+00
    endloop
  endfacet
  facet normal -8.455610e-17 -1.717376e-17 -1.000000e+00
    outer loop
      vertex   -8.797941e+01 -1.236151e+02 -5.990000e+00
      vertex   -8.959341e+01 -1.156685e+02 -5.990000e+00
      vertex   -6.642005e+01 -1.263297e+02 -5.990000e+00
    endloop
  endfacet
  facet normal -9.120552e-17 -6.998446e-17 -1.000000e+00
    outer loop
      vertex   -8.797941e+01 -1.236151e+02 -5.990000e+00
      vertex   -6.642005e+01 -1.263297e+02 -5.990000e+00
      vertex   -8.772514e+01 -1.239465e+02 -5.990000e+00
    endloop
  endfacet
  facet normal -8.742795e-17 -3.621384e-17 -1.000000e+00
    outer loop
      vertex   -8.772514e+01 -1.239465e+02 -5.990000e+00
      vertex   -6.642005e+01 -1.263297e+02 -5.990000e+00
      vertex   -8.756530e+01 -1.243324e+02 -5.990000e+00
    endloop
  endfacet
  facet normal -4.953414e-16 -4.354785e-15 -1.000000e+00
    outer loop
      vertex   -8.756530e+01 -1.243324e+02 -5.990000e+00
      vertex   -6.642005e+01 -1.263297e+02 -5.990000e+00
      vertex   -8.751078e+01 -1.247465e+02 -5.990000e+00
    endloop
  endfacet
  facet normal -1.556827e-16 1.700693e-16 -1.000000e+00
    outer loop
      vertex   -8.751078e+01 -1.247465e+02 -5.990000e+00
      vertex   -6.642005e+01 -1.263297e+02 -5.990000e+00
      vertex   -7.894913e+01 -1.325764e+02 -5.990000e+00
    endloop
  endfacet
  facet normal 3.223626e-15 3.865174e-15 -1.000000e+00
    outer loop
      vertex   -8.751078e+01 -1.247465e+02 -5.990000e+00
      vertex   -7.894913e+01 -1.325764e+02 -5.990000e+00
      vertex   -8.756530e+01 -1.251606e+02 -5.990000e+00
    endloop
  endfacet
  facet normal -7.599119e-17 3.147658e-17 -1.000000e+00
    outer loop
      vertex   -8.756530e+01 -1.251606e+02 -5.990000e+00
      vertex   -7.894913e+01 -1.325764e+02 -5.990000e+00
      vertex   -8.772514e+01 -1.255465e+02 -5.990000e+00
    endloop
  endfacet
  facet normal -6.267895e-17 4.809525e-17 -1.000000e+00
    outer loop
      vertex   -8.772514e+01 -1.255465e+02 -5.990000e+00
      vertex   -7.894913e+01 -1.325764e+02 -5.990000e+00
      vertex   -8.797941e+01 -1.258779e+02 -5.990000e+00
    endloop
  endfacet
  facet normal -5.000994e-17 6.517422e-17 -1.000000e+00
    outer loop
      vertex   -8.797941e+01 -1.258779e+02 -5.990000e+00
      vertex   -7.894913e+01 -1.325764e+02 -5.990000e+00
      vertex   -8.831078e+01 -1.261321e+02 -5.990000e+00
    endloop
  endfacet
  facet normal -3.564178e-17 8.604687e-17 -1.000000e+00
    outer loop
      vertex   -8.831078e+01 -1.261321e+02 -5.990000e+00
      vertex   -7.894913e+01 -1.325764e+02 -5.990000e+00
      vertex   -8.869667e+01 -1.262920e+02 -5.990000e+00
    endloop
  endfacet
  facet normal -1.036164e-16 -1.938547e-17 -1.000000e+00
    outer loop
      vertex   -8.869667e+01 -1.262920e+02 -5.990000e+00
      vertex   -7.894913e+01 -1.325764e+02 -5.990000e+00
      vertex   -8.662625e+01 -1.373585e+02 -5.990000e+00
    endloop
  endfacet
  facet normal 0.000000e+00 -0.000000e+00 -1.000000e+00
    outer loop
      vertex   -8.869667e+01 -1.262920e+02 -5.990000e+00
      vertex   -8.662625e+01 -1.373585e+02 -5.990000e+00
      vertex   -8.911078e+01 -1.263465e+02 -5.990000e+00
    endloop
  endfacet
  facet normal -0.000000e+00 -0.000000e+00 -1.000000e+00
    outer loop
      vertex   -8.911078e+01 -1.263465e+02 -5.990000e+00
      vertex   -8.662625e+01 -1.373585e+02 -5.990000e+00
      vertex   -8.952490e+01 -1.262920e+02 -5.990000e+00
    endloop
  endfacet
  facet normal -0.000000e+00 -0.000000e+00 -1.000000e+00
    outer loop
      vertex   -8.952490e+01 -1.262920e+02 -5.990000e+00
      vertex   -8.662625e+01 -1.373585e+02 -5.990000e+00
      vertex   -8.991078e+01 -1.261321e+02 -5.990000e+00
    endloop
  endfacet
  facet normal -3.429269e-17 -8.278989e-17 -1.000000e+00
    outer loop
      vertex   -1.079717e+02 -1.395606e+02 -5.990000e+00
      vertex   -1.083576e+02 -1.394008e+02 -5.990000e+00
      vertex   -9.303673e+01 -1.242907e+02 -5.990000e+00
    endloop
  endfacet
  facet normal -2.714450e-17 -9.003781e-17 -1.000000e+00
    outer loop
      vertex   -9.303673e+01 -1.242907e+02 -5.990000e+00
      vertex   -1.083576e+02 -1.394008e+02 -5.990000e+00
      vertex   -1.116147e+02 -1.384189e+02 -5.990000e+00
    endloop
  endfacet
  facet normal 0.000000e+00 0.000000e+00 -1.000000e+00
    outer loop
      vertex   -1.116147e+02 -1.384189e+02 -5.990000e+00
      vertex   -1.083576e+02 -1.394008e+02 -5.990000e+00
      vertex   -1.087717e+02 -1.393463e+02 -5.990000e+00
    endloop
  endfacet
  facet normal 0.000000e+00 0.000000e+00 -1.000000e+00
    outer loop
      vertex   -1.116147e+02 -1.384189e+02 -5.990000e+00
      vertex   -1.087717e+02 -1.393463e+02 -5.990000e+00
      vertex   -1.091858e+02 -1.394008e+02 -5.990000e+00
    endloop
  endfacet
  facet normal -0.000000e+00 0.000000e+00 -1.000000e+00
    outer loop
      vertex   -1.091858e+02 -1.394008e+02 -5.990000e+00
      vertex   -1.095717e+02 -1.395606e+02 -5.990000e+00
      vertex   -1.116147e+02 -1.384189e+02 -5.990000e+00
    endloop
  endfacet
  facet normal 0.000000e+00 0.000000e+00 -1.000000e+00
    outer loop
      vertex   -1.116147e+02 -1.384189e+02 -5.990000e+00
      vertex   -1.095717e+02 -1.395606e+02 -5.990000e+00
      vertex   -1.099031e+02 -1.398149e+02 -5.990000e+00
    endloop
  endfacet
  facet normal 0.000000e+00 -0.000000e+00 -1.000000e+00
    outer loop
      vertex   -1.116147e+02 -1.384189e+02 -5.990000e+00
      vertex   -1.099031e+02 -1.398149e+02 -5.990000e+00
      vertex   -1.121006e+02 -1.388830e+02 -5.990000e+00
    endloop
  endfacet
  facet normal 0.000000e+00 0.000000e+00 -1.000000e+00
    outer loop
      vertex   -1.121006e+02 -1.388830e+02 -5.990000e+00
      vertex   -1.099031e+02 -1.398149e+02 -5.990000e+00
      vertex   -1.101574e+02 -1.401463e+02 -5.990000e+00
    endloop
  endfacet
  facet normal 0.000000e+00 -0.000000e+00 -1.000000e+00
    outer loop
      vertex   -1.121006e+02 -1.388830e+02 -5.990000e+00
      vertex   -1.101574e+02 -1.401463e+02 -5.990000e+00
      vertex   -1.124711e+02 -1.394436e+02 -5.990000e+00
    endloop
  endfacet
  facet normal 0.000000e+00 -0.000000e+00 -1.000000e+00
    outer loop
      vertex   -1.124711e+02 -1.394436e+02 -5.990000e+00
      vertex   -1.101574e+02 -1.401463e+02 -5.990000e+00
      vertex   -1.127075e+02 -1.400727e+02 -5.990000e+00
    endloop
  endfacet
  facet normal 0.000000e+00 0.000000e+00 -1.000000e+00
    outer loop
      vertex   -1.127075e+02 -1.400727e+02 -5.990000e+00
      vertex   -1.101574e+02 -1.401463e+02 -5.990000e+00
      vertex   -1.103172e+02 -1.405322e+02 -5.990000e+00
    endloop
  endfacet
  facet normal 0.000000e+00 -0.000000e+00 -1.000000e+00
    outer loop
      vertex   -1.127075e+02 -1.400727e+02 -5.990000e+00
      vertex   -1.103172e+02 -1.405322e+02 -5.990000e+00
      vertex   -1.127979e+02 -1.407385e+02 -5.990000e+00
    endloop
  endfacet
  facet normal 0.000000e+00 0.000000e+00 -1.000000e+00
    outer loop
      vertex   -1.127979e+02 -1.407385e+02 -5.990000e+00
      vertex   -1.103172e+02 -1.405322e+02 -5.990000e+00
      vertex   -1.103717e+02 -1.409463e+02 -5.990000e+00
    endloop
  endfacet
  facet normal 0.000000e+00 0.000000e+00 -1.000000e+00
    outer loop
      vertex   -1.127979e+02 -1.407385e+02 -5.990000e+00
      vertex   -1.103717e+02 -1.409463e+02 -5.990000e+00
      vertex   -1.127378e+02 -1.414078e+02 -5.990000e+00
    endloop
  endfacet
  facet normal 0.000000e+00 0.000000e+00 -1.000000e+00
    outer loop
      vertex   -1.127378e+02 -1.414078e+02 -5.990000e+00
      vertex   -1.103717e+02 -1.409463e+02 -5.990000e+00
      vertex   -1.103172e+02 -1.413604e+02 -5.990000e+00
    endloop
  endfacet
  facet normal 0.000000e+00 0.000000e+00 -1.000000e+00
    outer loop
      vertex   -1.127378e+02 -1.414078e+02 -5.990000e+00
      vertex   -1.103172e+02 -1.413604e+02 -5.990000e+00
      vertex   -1.125303e+02 -1.420470e+02 -5.990000e+00
    endloop
  endfacet
  facet normal 0.000000e+00 0.000000e+00 -1.000000e+00
    outer loop
      vertex   -1.125303e+02 -1.420470e+02 -5.990000e+00
      vertex   -1.103172e+02 -1.413604e+02 -5.990000e+00
      vertex   -1.101574e+02 -1.417463e+02 -5.990000e+00
    endloop
  endfacet
  facet normal 0.000000e+00 0.000000e+00 -1.000000e+00
    outer loop
      vertex   -1.125303e+02 -1.420470e+02 -5.990000e+00
      vertex   -1.101574e+02 -1.417463e+02 -5.990000e+00
      vertex   -1.121858e+02 -1.426239e+02 -5.990000e+00
    endloop
  endfacet
  facet normal 0.000000e+00 0.000000e+00 -1.000000e+00
    outer loop
      vertex   -1.121858e+02 -1.426239e+02 -5.990000e+00
      vertex   -1.101574e+02 -1.417463e+02 -5.990000e+00
      vertex   -1.099031e+02 -1.420777e+02 -5.990000e+00
    endloop
  endfacet
  facet normal 0.000000e+00 0.000000e+00 -1.000000e+00
    outer loop
      vertex   -1.121858e+02 -1.426239e+02 -5.990000e+00
      vertex   -1.099031e+02 -1.420777e+02 -5.990000e+00
      vertex   -1.095717e+02 -1.423319e+02 -5.990000e+00
    endloop
  endfacet
  facet normal 0.000000e+00 -0.000000e+00 -1.000000e+00
    outer loop
      vertex   -1.095717e+02 -1.423319e+02 -5.990000e+00
      vertex   -1.091858e+02 -1.424918e+02 -5.990000e+00
      vertex   -1.121858e+02 -1.426239e+02 -5.990000e+00
    endloop
  endfacet
  facet normal 0.000000e+00 0.000000e+00 -1.000000e+00
    outer loop
      vertex   -1.121858e+02 -1.426239e+02 -5.990000e+00
      vertex   -1.091858e+02 -1.424918e+02 -5.990000e+00
      vertex   -1.087717e+02 -1.425463e+02 -5.990000e+00
    endloop
  endfacet
  facet normal -9.523201e-17 2.299104e-16 -1.000000e+00
    outer loop
      vertex   -1.083576e+02 -1.424918e+02 -5.990000e+00
      vertex   -1.079717e+02 -1.423319e+02 -5.990000e+00
      vertex   -9.777028e+01 -1.458326e+02 -5.990000e+00
    endloop
  endfacet
  facet normal -1.203193e-16 1.568032e-16 -1.000000e+00
    outer loop
      vertex   -9.777028e+01 -1.458326e+02 -5.990000e+00
      vertex   -1.079717e+02 -1.423319e+02 -5.990000e+00
      vertex   -1.076404e+02 -1.420777e+02 -5.990000e+00
    endloop
  endfacet
  facet normal -1.393069e-16 1.068939e-16 -1.000000e+00
    outer loop
      vertex   -9.777028e+01 -1.458326e+02 -5.990000e+00
      vertex   -1.076404e+02 -1.420777e+02 -5.990000e+00
      vertex   -1.073861e+02 -1.417463e+02 -5.990000e+00
    endloop
  endfacet
  facet normal -1.570823e-16 6.506563e-17 -1.000000e+00
    outer loop
      vertex   -1.073861e+02 -1.417463e+02 -5.990000e+00
      vertex   -1.072263e+02 -1.413604e+02 -5.990000e+00
      vertex   -9.777028e+01 -1.458326e+02 -5.990000e+00
    endloop
  endfacet
  facet normal -1.893920e-15 2.394125e-15 -1.000000e+00
    outer loop
      vertex   5.515359e+01 -6.812891e+01 -5.990000e+00
      vertex   5.520811e+01 -6.771480e+01 -5.990000e+00
      vertex   5.713759e+01 -6.730139e+01 -5.990000e+00
    endloop
  endfacet
  facet normal -8.961372e-16 -2.262765e-15 -1.000000e+00
    outer loop
      vertex   5.713759e+01 -6.730139e+01 -5.990000e+00
      vertex   5.520811e+01 -6.771480e+01 -5.990000e+00
      vertex   5.515359e+01 -6.730069e+01 -5.990000e+00
    endloop
  endfacet
  facet normal -8.944209e-16 2.602347e-15 -1.000000e+00
    outer loop
      vertex   5.713759e+01 -6.730139e+01 -5.990000e+00
      vertex   5.515359e+01 -6.730069e+01 -5.990000e+00
      vertex   5.706465e+01 -6.664386e+01 -5.990000e+00
    endloop
  endfacet
  facet normal 0.000000e+00 0.000000e+00 -1.000000e+00
    outer loop
      vertex   5.706465e+01 -6.664386e+01 -5.990000e+00
      vertex   5.515359e+01 -6.730069e+01 -5.990000e+00
      vertex   5.499375e+01 -6.691480e+01 -5.990000e+00
    endloop
  endfacet
  facet normal -0.000000e+00 0.000000e+00 -1.000000e+00
    outer loop
      vertex   5.706465e+01 -6.664386e+01 -5.990000e+00
      vertex   5.499375e+01 -6.691480e+01 -5.990000e+00
      vertex   5.684937e+01 -6.601831e+01 -5.990000e+00
    endloop
  endfacet
  facet normal 0.000000e+00 0.000000e+00 -1.000000e+00
    outer loop
      vertex   5.684937e+01 -6.601831e+01 -5.990000e+00
      vertex   5.499375e+01 -6.691480e+01 -5.990000e+00
      vertex   5.473948e+01 -6.658343e+01 -5.990000e+00
    endloop
  endfacet
  facet normal -0.000000e+00 0.000000e+00 -1.000000e+00
    outer loop
      vertex   5.684937e+01 -6.601831e+01 -5.990000e+00
      vertex   5.473948e+01 -6.658343e+01 -5.990000e+00
      vertex   5.650221e+01 -6.545515e+01 -5.990000e+00
    endloop
  endfacet
  facet normal 0.000000e+00 0.000000e+00 -1.000000e+00
    outer loop
      vertex   5.650221e+01 -6.545515e+01 -5.990000e+00
      vertex   5.473948e+01 -6.658343e+01 -5.990000e+00
      vertex   5.440811e+01 -6.632916e+01 -5.990000e+00
    endloop
  endfacet
  facet normal -0.000000e+00 0.000000e+00 -1.000000e+00
    outer loop
      vertex   5.650221e+01 -6.545515e+01 -5.990000e+00
      vertex   5.440811e+01 -6.632916e+01 -5.990000e+00
      vertex   5.604006e+01 -6.498178e+01 -5.990000e+00
    endloop
  endfacet
  facet normal -0.000000e+00 0.000000e+00 -1.000000e+00
    outer loop
      vertex   5.604006e+01 -6.498178e+01 -5.990000e+00
      vertex   5.440811e+01 -6.632916e+01 -5.990000e+00
      vertex   5.548540e+01 -6.462120e+01 -5.990000e+00
    endloop
  endfacet
  facet normal 0.000000e+00 0.000000e+00 -1.000000e+00
    outer loop
      vertex   5.548540e+01 -6.462120e+01 -5.990000e+00
      vertex   5.440811e+01 -6.632916e+01 -5.990000e+00
      vertex   5.402222e+01 -6.616932e+01 -5.990000e+00
    endloop
  endfacet
  facet normal -0.000000e+00 0.000000e+00 -1.000000e+00
    outer loop
      vertex   5.548540e+01 -6.462120e+01 -5.990000e+00
      vertex   5.402222e+01 -6.616932e+01 -5.990000e+00
      vertex   5.486520e+01 -6.439096e+01 -5.990000e+00
    endloop
  endfacet
  facet normal 0.000000e+00 0.000000e+00 -1.000000e+00
    outer loop
      vertex   5.486520e+01 -6.439096e+01 -5.990000e+00
      vertex   5.402222e+01 -6.616932e+01 -5.990000e+00
      vertex   5.360811e+01 -6.611480e+01 -5.990000e+00
    endloop
  endfacet
  facet normal 0.000000e+00 0.000000e+00 -1.000000e+00
    outer loop
      vertex   5.486520e+01 -6.439096e+01 -5.990000e+00
      vertex   5.360811e+01 -6.611480e+01 -5.990000e+00
      vertex   5.319400e+01 -6.616932e+01 -5.990000e+00
    endloop
  endfacet
  facet normal -0.000000e+00 0.000000e+00 -1.000000e+00
    outer loop
      vertex   5.319400e+01 -6.616932e+01 -5.990000e+00
      vertex   5.280811e+01 -6.632916e+01 -5.990000e+00
      vertex   5.486520e+01 -6.439096e+01 -5.990000e+00
    endloop
  endfacet
  facet normal 0.000000e+00 0.000000e+00 -1.000000e+00
    outer loop
      vertex   5.486520e+01 -6.439096e+01 -5.990000e+00
      vertex   5.280811e+01 -6.632916e+01 -5.990000e+00
      vertex   5.247674e+01 -6.658343e+01 -5.990000e+00
    endloop
  endfacet
  facet normal -9.075298e-17 9.886589e-17 -1.000000e+00
    outer loop
      vertex   5.486520e+01 -6.439096e+01 -5.990000e+00
      vertex   5.247674e+01 -6.658343e+01 -5.990000e+00
      vertex   2.856200e+01 -7.056840e+01 -5.990000e+00
    endloop
  endfacet
  facet normal -8.516851e-17 6.535209e-17 -1.000000e+00
    outer loop
      vertex   2.856200e+01 -7.056840e+01 -5.990000e+00
      vertex   5.247674e+01 -6.658343e+01 -5.990000e+00
      vertex   5.222247e+01 -6.691480e+01 -5.990000e+00
    endloop
  endfacet
  facet normal -5.655525e-17 -1.199457e-16 -1.000000e+00
    outer loop
      vertex   2.856200e+01 -7.056840e+01 -5.990000e+00
      vertex   5.222247e+01 -6.691480e+01 -5.990000e+00
      vertex   3.361240e+01 -7.294970e+01 -5.990000e+00
    endloop
  endfacet
  facet normal -1.102619e-16 4.567199e-17 -1.000000e+00
    outer loop
      vertex   3.361240e+01 -7.294970e+01 -5.990000e+00
      vertex   5.222247e+01 -6.691480e+01 -5.990000e+00
      vertex   5.206263e+01 -6.730069e+01 -5.990000e+00
    endloop
  endfacet
  facet normal -1.268826e-16 9.995690e-17 -1.000000e+00
    outer loop
      vertex   3.361240e+01 -7.294970e+01 -5.990000e+00
      vertex   5.206263e+01 -6.730069e+01 -5.990000e+00
      vertex   4.761240e+01 -7.294970e+01 -5.990000e+00
    endloop
  endfacet
  facet normal 0.000000e+00 0.000000e+00 -1.000000e+00
    outer loop
      vertex   4.761240e+01 -7.294970e+01 -5.990000e+00
      vertex   5.206263e+01 -6.730069e+01 -5.990000e+00
      vertex   5.200811e+01 -6.771480e+01 -5.990000e+00
    endloop
  endfacet
  facet normal 0.000000e+00 0.000000e+00 -1.000000e+00
    outer loop
      vertex   4.761240e+01 -7.294970e+01 -5.990000e+00
      vertex   5.200811e+01 -6.771480e+01 -5.990000e+00
      vertex   5.206263e+01 -6.812891e+01 -5.990000e+00
    endloop
  endfacet
  facet normal 0.000000e+00 -0.000000e+00 -1.000000e+00
    outer loop
      vertex   5.206263e+01 -6.812891e+01 -5.990000e+00
      vertex   5.222247e+01 -6.851480e+01 -5.990000e+00
      vertex   4.761240e+01 -7.294970e+01 -5.990000e+00
    endloop
  endfacet
  facet normal 0.000000e+00 0.000000e+00 -1.000000e+00
    outer loop
      vertex   4.761240e+01 -7.294970e+01 -5.990000e+00
      vertex   5.222247e+01 -6.851480e+01 -5.990000e+00
      vertex   5.247674e+01 -6.884617e+01 -5.990000e+00
    endloop
  endfacet
  facet normal 0.000000e+00 0.000000e+00 -1.000000e+00
    outer loop
      vertex   4.761240e+01 -7.294970e+01 -5.990000e+00
      vertex   5.247674e+01 -6.884617e+01 -5.990000e+00
      vertex   5.280811e+01 -6.910044e+01 -5.990000e+00
    endloop
  endfacet
  facet normal 0.000000e+00 -0.000000e+00 -1.000000e+00
    outer loop
      vertex   5.280811e+01 -6.910044e+01 -5.990000e+00
      vertex   5.319400e+01 -6.926028e+01 -5.990000e+00
      vertex   4.761240e+01 -7.294970e+01 -5.990000e+00
    endloop
  endfacet
  facet normal 0.000000e+00 0.000000e+00 -1.000000e+00
    outer loop
      vertex   4.761240e+01 -7.294970e+01 -5.990000e+00
      vertex   5.319400e+01 -6.926028e+01 -5.990000e+00
      vertex   5.360811e+01 -6.931480e+01 -5.990000e+00
    endloop
  endfacet
  facet normal 0.000000e+00 0.000000e+00 -1.000000e+00
    outer loop
      vertex   4.761240e+01 -7.294970e+01 -5.990000e+00
      vertex   5.360811e+01 -6.931480e+01 -5.990000e+00
      vertex   5.402222e+01 -6.926028e+01 -5.990000e+00
    endloop
  endfacet
  facet normal 0.000000e+00 0.000000e+00 -1.000000e+00
    outer loop
      vertex   4.761240e+01 -7.294970e+01 -5.990000e+00
      vertex   5.402222e+01 -6.926028e+01 -5.990000e+00
      vertex   4.761240e+01 -8.694970e+01 -5.990000e+00
    endloop
  endfacet
  facet normal 0.000000e+00 0.000000e+00 -1.000000e+00
    outer loop
      vertex   4.761240e+01 -8.694970e+01 -5.990000e+00
      vertex   5.402222e+01 -6.926028e+01 -5.990000e+00
      vertex   5.440811e+01 -6.910044e+01 -5.990000e+00
    endloop
  endfacet
  facet normal -8.688309e-16 3.307884e-16 -1.000000e+00
    outer loop
      vertex   4.761240e+01 -8.694970e+01 -5.990000e+00
      vertex   5.440811e+01 -6.910044e+01 -5.990000e+00
      vertex   5.713759e+01 -6.730139e+01 -5.990000e+00
    endloop
  endfacet
  facet normal -4.614909e-15 6.014267e-15 -1.000000e+00
    outer loop
      vertex   5.713759e+01 -6.730139e+01 -5.990000e+00
      vertex   5.440811e+01 -6.910044e+01 -5.990000e+00
      vertex   5.473948e+01 -6.884617e+01 -5.990000e+00
    endloop
  endfacet
  facet normal -1.464719e-15 1.123918e-15 -1.000000e+00
    outer loop
      vertex   5.713759e+01 -6.730139e+01 -5.990000e+00
      vertex   5.473948e+01 -6.884617e+01 -5.990000e+00
      vertex   5.499375e+01 -6.851480e+01 -5.990000e+00
    endloop
  endfacet
  facet normal -1.082330e-15 4.483157e-16 -1.000000e+00
    outer loop
      vertex   5.499375e+01 -6.851480e+01 -5.990000e+00
      vertex   5.515359e+01 -6.812891e+01 -5.990000e+00
      vertex   5.713759e+01 -6.730139e+01 -5.990000e+00
    endloop
  endfacet
  facet normal 0.000000e+00 0.000000e+00 -1.000000e+00
    outer loop
      vertex   3.215291e+01 -1.076165e+02 -5.990000e+00
      vertex   3.219040e+01 -1.073318e+02 -5.990000e+00
      vertex   3.361240e+01 -1.060001e+02 -5.990000e+00
    endloop
  endfacet
  facet normal 0.000000e+00 0.000000e+00 -1.000000e+00
    outer loop
      vertex   3.361240e+01 -1.060001e+02 -5.990000e+00
      vertex   3.219040e+01 -1.073318e+02 -5.990000e+00
      vertex   3.215291e+01 -1.070471e+02 -5.990000e+00
    endloop
  endfacet
  facet normal 0.000000e+00 0.000000e+00 -1.000000e+00
    outer loop
      vertex   3.361240e+01 -1.060001e+02 -5.990000e+00
      vertex   3.215291e+01 -1.070471e+02 -5.990000e+00
      vertex   3.204302e+01 -1.067818e+02 -5.990000e+00
    endloop
  endfacet
  facet normal 0.000000e+00 0.000000e+00 -1.000000e+00
    outer loop
      vertex   3.204302e+01 -1.067818e+02 -5.990000e+00
      vertex   3.186821e+01 -1.065540e+02 -5.990000e+00
      vertex   3.361240e+01 -1.060001e+02 -5.990000e+00
    endloop
  endfacet
  facet normal 0.000000e+00 0.000000e+00 -1.000000e+00
    outer loop
      vertex   3.361240e+01 -1.060001e+02 -5.990000e+00
      vertex   3.186821e+01 -1.065540e+02 -5.990000e+00
      vertex   3.164040e+01 -1.063792e+02 -5.990000e+00
    endloop
  endfacet
  facet normal 0.000000e+00 0.000000e+00 -1.000000e+00
    outer loop
      vertex   3.361240e+01 -1.060001e+02 -5.990000e+00
      vertex   3.164040e+01 -1.063792e+02 -5.990000e+00
      vertex   3.137510e+01 -1.062693e+02 -5.990000e+00
    endloop
  endfacet
  facet normal -0.000000e+00 0.000000e+00 -1.000000e+00
    outer loop
      vertex   3.361240e+01 -1.060001e+02 -5.990000e+00
      vertex   3.137510e+01 -1.062693e+02 -5.990000e+00
      vertex   2.856200e+01 -1.036188e+02 -5.990000e+00
    endloop
  endfacet
  facet normal 0.000000e+00 0.000000e+00 -1.000000e+00
    outer loop
      vertex   2.856200e+01 -1.036188e+02 -5.990000e+00
      vertex   3.137510e+01 -1.062693e+02 -5.990000e+00
      vertex   3.109040e+01 -1.062318e+02 -5.990000e+00
    endloop
  endfacet
  facet normal 0.000000e+00 0.000000e+00 -1.000000e+00
    outer loop
      vertex   2.856200e+01 -1.036188e+02 -5.990000e+00
      vertex   3.109040e+01 -1.062318e+02 -5.990000e+00
      vertex   3.080570e+01 -1.062693e+02 -5.990000e+00
    endloop
  endfacet
  facet normal -0.000000e+00 0.000000e+00 -1.000000e+00
    outer loop
      vertex   3.080570e+01 -1.062693e+02 -5.990000e+00
      vertex   3.054040e+01 -1.063792e+02 -5.990000e+00
      vertex   2.856200e+01 -1.036188e+02 -5.990000e+00
    endloop
  endfacet
  facet normal 0.000000e+00 0.000000e+00 -1.000000e+00
    outer loop
      vertex   2.856200e+01 -1.036188e+02 -5.990000e+00
      vertex   3.054040e+01 -1.063792e+02 -5.990000e+00
      vertex   3.031258e+01 -1.065540e+02 -5.990000e+00
    endloop
  endfacet
  facet normal 0.000000e+00 0.000000e+00 -1.000000e+00
    outer loop
      vertex   2.856200e+01 -1.036188e+02 -5.990000e+00
      vertex   3.031258e+01 -1.065540e+02 -5.990000e+00
      vertex   3.013777e+01 -1.067818e+02 -5.990000e+00
    endloop
  endfacet
  facet normal -0.000000e+00 0.000000e+00 -1.000000e+00
    outer loop
      vertex   3.013777e+01 -1.067818e+02 -5.990000e+00
      vertex   3.002788e+01 -1.070471e+02 -5.990000e+00
      vertex   2.856200e+01 -1.036188e+02 -5.990000e+00
    endloop
  endfacet
  facet normal 0.000000e+00 0.000000e+00 -1.000000e+00
    outer loop
      vertex   2.856200e+01 -1.036188e+02 -5.990000e+00
      vertex   3.002788e+01 -1.070471e+02 -5.990000e+00
      vertex   2.856200e+01 -1.086692e+02 -5.990000e+00
    endloop
  endfacet
  facet normal -1.903239e-16 -0.000000e+00 -1.000000e+00
    outer loop
      vertex   2.856200e+01 -1.036188e+02 -5.990000e+00
      vertex   2.856200e+01 -1.086692e+02 -5.990000e+00
      vertex   1.456199e+01 -1.036188e+02 -5.990000e+00
    endloop
  endfacet
  facet normal -1.903239e-16 7.536987e-23 -1.000000e+00
    outer loop
      vertex   1.456199e+01 -1.036188e+02 -5.990000e+00
      vertex   2.856200e+01 -1.086692e+02 -5.990000e+00
      vertex   1.456199e+01 -1.086692e+02 -5.990000e+00
    endloop
  endfacet
  facet normal -1.758630e-16 6.964325e-23 -1.000000e+00
    outer loop
      vertex   1.456199e+01 -1.036188e+02 -5.990000e+00
      vertex   1.456199e+01 -1.086692e+02 -5.990000e+00
      vertex   9.511596e+00 -1.015253e+02 -5.990000e+00
    endloop
  endfacet
  facet normal -1.758631e-16 -0.000000e+00 -1.000000e+00
    outer loop
      vertex   9.511596e+00 -1.015253e+02 -5.990000e+00
      vertex   1.456199e+01 -1.086692e+02 -5.990000e+00
      vertex   9.511596e+00 -1.155253e+02 -5.990000e+00
    endloop
  endfacet
  facet normal -1.758631e-16 0.000000e+00 -1.000000e+00
    outer loop
      vertex   9.511596e+00 -1.155253e+02 -5.990000e+00
      vertex   1.456199e+01 -1.086692e+02 -5.990000e+00
      vertex   1.456199e+01 -1.226692e+02 -5.990000e+00
    endloop
  endfacet
  facet normal -1.157701e-16 4.248284e-17 -1.000000e+00
    outer loop
      vertex   9.511596e+00 -1.155253e+02 -5.990000e+00
      vertex   1.456199e+01 -1.226692e+02 -5.990000e+00
      vertex   -1.360399e-02 -1.205757e+02 -5.990000e+00
    endloop
  endfacet
  facet normal -1.218720e-16 -0.000000e+00 -1.000000e+00
    outer loop
      vertex   -1.360399e-02 -1.205757e+02 -5.990000e+00
      vertex   1.456199e+01 -1.226692e+02 -5.990000e+00
      vertex   -1.360399e-02 -1.345757e+02 -5.990000e+00
    endloop
  endfacet
  facet normal -1.374794e-16 1.910615e-17 -1.000000e+00
    outer loop
      vertex   -1.360399e-02 -1.345757e+02 -5.990000e+00
      vertex   1.456199e+01 -1.226692e+02 -5.990000e+00
      vertex   3.361240e+01 -1.250505e+02 -5.990000e+00
    endloop
  endfacet
  facet normal -1.121331e-16 -7.037183e-17 -1.000000e+00
    outer loop
      vertex   -1.360399e-02 -1.345757e+02 -5.990000e+00
      vertex   3.361240e+01 -1.250505e+02 -5.990000e+00
      vertex   5.472169e+01 -1.334444e+02 -5.990000e+00
    endloop
  endfacet
  facet normal 0.000000e+00 0.000000e+00 -1.000000e+00
    outer loop
      vertex   3.002788e+01 -1.070471e+02 -5.990000e+00
      vertex   2.999040e+01 -1.073318e+02 -5.990000e+00
      vertex   2.856200e+01 -1.086692e+02 -5.990000e+00
    endloop
  endfacet
  facet normal 0.000000e+00 0.000000e+00 -1.000000e+00
    outer loop
      vertex   2.856200e+01 -1.086692e+02 -5.990000e+00
      vertex   2.999040e+01 -1.073318e+02 -5.990000e+00
      vertex   3.002788e+01 -1.076165e+02 -5.990000e+00
    endloop
  endfacet
  facet normal 0.000000e+00 0.000000e+00 -1.000000e+00
    outer loop
      vertex   2.856200e+01 -1.086692e+02 -5.990000e+00
      vertex   3.002788e+01 -1.076165e+02 -5.990000e+00
      vertex   3.013777e+01 -1.078818e+02 -5.990000e+00
    endloop
  endfacet
  facet normal 0.000000e+00 -0.000000e+00 -1.000000e+00
    outer loop
      vertex   3.013777e+01 -1.078818e+02 -5.990000e+00
      vertex   3.031258e+01 -1.081096e+02 -5.990000e+00
      vertex   2.856200e+01 -1.086692e+02 -5.990000e+00
    endloop
  endfacet
  facet normal 0.000000e+00 0.000000e+00 -1.000000e+00
    outer loop
      vertex   2.856200e+01 -1.086692e+02 -5.990000e+00
      vertex   3.031258e+01 -1.081096e+02 -5.990000e+00
      vertex   3.054040e+01 -1.082844e+02 -5.990000e+00
    endloop
  endfacet
  facet normal 0.000000e+00 0.000000e+00 -1.000000e+00
    outer loop
      vertex   2.856200e+01 -1.086692e+02 -5.990000e+00
      vertex   3.054040e+01 -1.082844e+02 -5.990000e+00
      vertex   3.080570e+01 -1.083943e+02 -5.990000e+00
    endloop
  endfacet
  facet normal 0.000000e+00 0.000000e+00 -1.000000e+00
    outer loop
      vertex   2.856200e+01 -1.086692e+02 -5.990000e+00
      vertex   3.080570e+01 -1.083943e+02 -5.990000e+00
      vertex   3.361240e+01 -1.110505e+02 -5.990000e+00
    endloop
  endfacet
  facet normal 0.000000e+00 0.000000e+00 -1.000000e+00
    outer loop
      vertex   3.361240e+01 -1.110505e+02 -5.990000e+00
      vertex   3.080570e+01 -1.083943e+02 -5.990000e+00
      vertex   3.109040e+01 -1.084318e+02 -5.990000e+00
    endloop
  endfacet
  facet normal 0.000000e+00 0.000000e+00 -1.000000e+00
    outer loop
      vertex   3.361240e+01 -1.110505e+02 -5.990000e+00
      vertex   3.109040e+01 -1.084318e+02 -5.990000e+00
      vertex   3.137510e+01 -1.083943e+02 -5.990000e+00
    endloop
  endfacet
  facet normal 0.000000e+00 0.000000e+00 -1.000000e+00
    outer loop
      vertex   3.137510e+01 -1.083943e+02 -5.990000e+00
      vertex   3.164040e+01 -1.082844e+02 -5.990000e+00
      vertex   3.361240e+01 -1.110505e+02 -5.990000e+00
    endloop
  endfacet
  facet normal 0.000000e+00 0.000000e+00 -1.000000e+00
    outer loop
      vertex   3.361240e+01 -1.110505e+02 -5.990000e+00
      vertex   3.164040e+01 -1.082844e+02 -5.990000e+00
      vertex   3.186821e+01 -1.081096e+02 -5.990000e+00
    endloop
  endfacet
  facet normal 0.000000e+00 0.000000e+00 -1.000000e+00
    outer loop
      vertex   3.361240e+01 -1.110505e+02 -5.990000e+00
      vertex   3.186821e+01 -1.081096e+02 -5.990000e+00
      vertex   3.204302e+01 -1.078818e+02 -5.990000e+00
    endloop
  endfacet
  facet normal 0.000000e+00 0.000000e+00 -1.000000e+00
    outer loop
      vertex   3.204302e+01 -1.078818e+02 -5.990000e+00
      vertex   3.215291e+01 -1.076165e+02 -5.990000e+00
      vertex   3.361240e+01 -1.110505e+02 -5.990000e+00
    endloop
  endfacet
  facet normal 0.000000e+00 0.000000e+00 -1.000000e+00
    outer loop
      vertex   3.361240e+01 -1.110505e+02 -5.990000e+00
      vertex   3.215291e+01 -1.076165e+02 -5.990000e+00
      vertex   3.361240e+01 -1.060001e+02 -5.990000e+00
    endloop
  endfacet
  facet normal -1.268826e-16 3.570234e-31 -1.000000e+00
    outer loop
      vertex   3.361240e+01 -1.110505e+02 -5.990000e+00
      vertex   3.361240e+01 -1.060001e+02 -5.990000e+00
      vertex   4.761240e+01 -1.060001e+02 -5.990000e+00
    endloop
  endfacet
  facet normal 0.000000e+00 0.000000e+00 -1.000000e+00
    outer loop
      vertex   -6.950909e+01 -6.745056e+01 -5.990000e+00
      vertex   -6.962968e+01 -6.740061e+01 -5.990000e+00
      vertex   -6.937968e+01 -6.746760e+01 -5.990000e+00
    endloop
  endfacet
  facet normal 0.000000e+00 0.000000e+00 -1.000000e+00
    outer loop
      vertex   -6.937968e+01 -6.746760e+01 -5.990000e+00
      vertex   -6.962968e+01 -6.740061e+01 -5.990000e+00
      vertex   -6.973324e+01 -6.732115e+01 -5.990000e+00
    endloop
  endfacet
  facet normal 0.000000e+00 0.000000e+00 -1.000000e+00
    outer loop
      vertex   -6.937968e+01 -6.746760e+01 -5.990000e+00
      vertex   -6.973324e+01 -6.732115e+01 -5.990000e+00
      vertex   -6.981270e+01 -6.721760e+01 -5.990000e+00
    endloop
  endfacet
  facet normal 0.000000e+00 0.000000e+00 -1.000000e+00
    outer loop
      vertex   -6.981270e+01 -6.721760e+01 -5.990000e+00
      vertex   -6.986265e+01 -6.709701e+01 -5.990000e+00
      vertex   -6.937968e+01 -6.746760e+01 -5.990000e+00
    endloop
  endfacet
  facet normal 0.000000e+00 0.000000e+00 -1.000000e+00
    outer loop
      vertex   -6.937968e+01 -6.746760e+01 -5.990000e+00
      vertex   -6.986265e+01 -6.709701e+01 -5.990000e+00
      vertex   -6.987968e+01 -6.696760e+01 -5.990000e+00
    endloop
  endfacet
  facet normal 0.000000e+00 0.000000e+00 -1.000000e+00
    outer loop
      vertex   -6.937968e+01 -6.746760e+01 -5.990000e+00
      vertex   -6.987968e+01 -6.696760e+01 -5.990000e+00
      vertex   -6.735745e+01 -6.746760e+01 -5.990000e+00
    endloop
  endfacet
  facet normal 0.000000e+00 0.000000e+00 -1.000000e+00
    outer loop
      vertex   -6.735745e+01 -6.746760e+01 -5.990000e+00
      vertex   -6.987968e+01 -6.696760e+01 -5.990000e+00
      vertex   -6.795860e+01 -6.527069e+01 -5.990000e+00
    endloop
  endfacet
  facet normal 0.000000e+00 0.000000e+00 -1.000000e+00
    outer loop
      vertex   -6.735745e+01 -6.746760e+01 -5.990000e+00
      vertex   -6.795860e+01 -6.527069e+01 -5.990000e+00
      vertex   -6.683982e+01 -6.753575e+01 -5.990000e+00
    endloop
  endfacet
  facet normal 0.000000e+00 0.000000e+00 -1.000000e+00
    outer loop
      vertex   -6.683982e+01 -6.753575e+01 -5.990000e+00
      vertex   -6.795860e+01 -6.527069e+01 -5.990000e+00
      vertex   -6.635745e+01 -6.773555e+01 -5.990000e+00
    endloop
  endfacet
  facet normal 0.000000e+00 0.000000e+00 -1.000000e+00
    outer loop
      vertex   -6.635745e+01 -6.773555e+01 -5.990000e+00
      vertex   -6.795860e+01 -6.527069e+01 -5.990000e+00
      vertex   -6.477864e+01 -6.083256e+01 -5.990000e+00
    endloop
  endfacet
  facet normal 0.000000e+00 0.000000e+00 -1.000000e+00
    outer loop
      vertex   -6.635745e+01 -6.773555e+01 -5.990000e+00
      vertex   -6.477864e+01 -6.083256e+01 -5.990000e+00
      vertex   -6.594324e+01 -6.805338e+01 -5.990000e+00
    endloop
  endfacet
  facet normal -1.886023e-16 3.041842e-17 -1.000000e+00
    outer loop
      vertex   -6.594324e+01 -6.805338e+01 -5.990000e+00
      vertex   -6.477864e+01 -6.083256e+01 -5.990000e+00
      vertex   -6.163960e+01 -7.056840e+01 -5.990000e+00
    endloop
  endfacet
  facet normal -3.741594e-16 -2.871026e-16 -1.000000e+00
    outer loop
      vertex   -6.594324e+01 -6.805338e+01 -5.990000e+00
      vertex   -6.163960e+01 -7.056840e+01 -5.990000e+00
      vertex   -6.562540e+01 -6.846760e+01 -5.990000e+00
    endloop
  endfacet
  facet normal -2.850730e-16 -1.180811e-16 -1.000000e+00
    outer loop
      vertex   -6.562540e+01 -6.846760e+01 -5.990000e+00
      vertex   -6.163960e+01 -7.056840e+01 -5.990000e+00
      vertex   -6.542560e+01 -6.894996e+01 -5.990000e+00
    endloop
  endfacet
  facet normal -2.485858e-16 -3.272694e-17 -1.000000e+00
    outer loop
      vertex   -6.542560e+01 -6.894996e+01 -5.990000e+00
      vertex   -6.163960e+01 -7.056840e+01 -5.990000e+00
      vertex   -6.535745e+01 -6.946760e+01 -5.990000e+00
    endloop
  endfacet
  facet normal -2.388958e-16 0.000000e+00 -1.000000e+00
    outer loop
      vertex   -6.535745e+01 -6.946760e+01 -5.990000e+00
      vertex   -6.163960e+01 -7.056840e+01 -5.990000e+00
      vertex   -6.163960e+01 -8.456840e+01 -5.990000e+00
    endloop
  endfacet
  facet normal -2.388958e-16 -0.000000e+00 -1.000000e+00
    outer loop
      vertex   -6.535745e+01 -6.946760e+01 -5.990000e+00
      vertex   -6.163960e+01 -8.456840e+01 -5.990000e+00
      vertex   -6.535745e+01 -8.999363e+01 -5.990000e+00
    endloop
  endfacet
  facet normal -2.388958e-16 -5.041551e-30 -1.000000e+00
    outer loop
      vertex   -6.535745e+01 -8.999363e+01 -5.990000e+00
      vertex   -6.163960e+01 -8.456840e+01 -5.990000e+00
      vertex   -6.163960e+01 -8.961880e+01 -5.990000e+00
    endloop
  endfacet
  facet normal -2.421093e-16 3.187430e-17 -1.000000e+00
    outer loop
      vertex   -6.535745e+01 -8.999363e+01 -5.990000e+00
      vertex   -6.163960e+01 -8.961880e+01 -5.990000e+00
      vertex   -6.542560e+01 -9.051127e+01 -5.990000e+00
    endloop
  endfacet
  facet normal -2.599807e-16 1.076875e-16 -1.000000e+00
    outer loop
      vertex   -6.542560e+01 -9.051127e+01 -5.990000e+00
      vertex   -6.163960e+01 -8.961880e+01 -5.990000e+00
      vertex   -6.562540e+01 -9.099363e+01 -5.990000e+00
    endloop
  endfacet
  facet normal -3.030444e-16 2.325341e-16 -1.000000e+00
    outer loop
      vertex   -6.562540e+01 -9.099363e+01 -5.990000e+00
      vertex   -6.163960e+01 -8.961880e+01 -5.990000e+00
      vertex   -6.594324e+01 -9.140784e+01 -5.990000e+00
    endloop
  endfacet
  facet normal -4.503704e-16 5.869341e-16 -1.000000e+00
    outer loop
      vertex   -6.594324e+01 -9.140784e+01 -5.990000e+00
      vertex   -6.163960e+01 -8.961880e+01 -5.990000e+00
      vertex   -6.635745e+01 -9.172568e+01 -5.990000e+00
    endloop
  endfacet
  facet normal -1.882592e-16 0.000000e+00 -1.000000e+00
    outer loop
      vertex   -6.635745e+01 -9.172568e+01 -5.990000e+00
      vertex   -6.163960e+01 -8.961880e+01 -5.990000e+00
      vertex   -6.163960e+01 -1.036188e+02 -5.990000e+00
    endloop
  endfacet
  facet normal -2.656801e-17 6.414084e-17 -1.000000e+00
    outer loop
      vertex   -6.635745e+01 -9.172568e+01 -5.990000e+00
      vertex   -6.163960e+01 -1.036188e+02 -5.990000e+00
      vertex   -6.683982e+01 -9.192548e+01 -5.990000e+00
    endloop
  endfacet
  facet normal -9.446720e-18 7.175496e-17 -1.000000e+00
    outer loop
      vertex   -6.683982e+01 -9.192548e+01 -5.990000e+00
      vertex   -6.163960e+01 -1.036188e+02 -5.990000e+00
      vertex   -6.735745e+01 -9.199363e+01 -5.990000e+00
    endloop
  endfacet
  facet normal -1.183550e-16 1.818831e-17 -1.000000e+00
    outer loop
      vertex   -6.735745e+01 -9.199363e+01 -5.990000e+00
      vertex   -6.163960e+01 -1.036188e+02 -5.990000e+00
      vertex   -8.236617e+01 -9.199363e+01 -5.990000e+00
    endloop
  endfacet
  facet normal -9.738021e-17 5.558443e-17 -1.000000e+00
    outer loop
      vertex   -8.236617e+01 -9.199363e+01 -5.990000e+00
      vertex   -6.163960e+01 -1.036188e+02 -5.990000e+00
      vertex   -8.959341e+01 -1.046553e+02 -5.990000e+00
    endloop
  endfacet
  facet normal -0.000000e+00 0.000000e+00 -1.000000e+00
    outer loop
      vertex   -8.236617e+01 -9.199363e+01 -5.990000e+00
      vertex   -8.959341e+01 -1.046553e+02 -5.990000e+00
      vertex   -8.288381e+01 -9.192548e+01 -5.990000e+00
    endloop
  endfacet
  facet normal -6.668940e-16 3.515056e-16 -1.000000e+00
    outer loop
      vertex   -8.288381e+01 -9.192548e+01 -5.990000e+00
      vertex   -8.959341e+01 -1.046553e+02 -5.990000e+00
      vertex   -9.186950e+01 -1.039200e+02 -5.990000e+00
    endloop
  endfacet
  facet normal -4.681635e-17 -1.130247e-16 -1.000000e+00
    outer loop
      vertex   -8.288381e+01 -9.192548e+01 -5.990000e+00
      vertex   -9.186950e+01 -1.039200e+02 -5.990000e+00
      vertex   -8.336617e+01 -9.172568e+01 -5.990000e+00
    endloop
  endfacet
  facet normal -7.281549e-17 -9.489500e-17 -1.000000e+00
    outer loop
      vertex   -8.336617e+01 -9.172568e+01 -5.990000e+00
      vertex   -9.186950e+01 -1.039200e+02 -5.990000e+00
      vertex   -8.378038e+01 -9.140784e+01 -5.990000e+00
    endloop
  endfacet
  facet normal -1.004156e-16 -7.705157e-17 -1.000000e+00
    outer loop
      vertex   -8.378038e+01 -9.140784e+01 -5.990000e+00
      vertex   -9.186950e+01 -1.039200e+02 -5.990000e+00
      vertex   -8.409822e+01 -9.099363e+01 -5.990000e+00
    endloop
  endfacet
  facet normal -1.353356e-16 -5.605783e-17 -1.000000e+00
    outer loop
      vertex   -8.409822e+01 -9.099363e+01 -5.990000e+00
      vertex   -9.186950e+01 -1.039200e+02 -5.990000e+00
      vertex   -8.429802e+01 -9.051127e+01 -5.990000e+00
    endloop
  endfacet
  facet normal -1.902537e-16 -2.504738e-17 -1.000000e+00
    outer loop
      vertex   -8.429802e+01 -9.051127e+01 -5.990000e+00
      vertex   -9.186950e+01 -1.039200e+02 -5.990000e+00
      vertex   -8.436617e+01 -8.999363e+01 -5.990000e+00
    endloop
  endfacet
  facet normal -2.363327e-16 -2.206906e-19 -1.000000e+00
    outer loop
      vertex   -8.436617e+01 -8.999363e+01 -5.990000e+00
      vertex   -9.186950e+01 -1.039200e+02 -5.990000e+00
      vertex   -9.190681e+01 -6.397040e+01 -5.990000e+00
    endloop
  endfacet
  facet normal 0.000000e+00 0.000000e+00 -1.000000e+00
    outer loop
      vertex   -6.987968e+01 -6.696760e+01 -5.990000e+00
      vertex   -6.987968e+01 -6.527069e+01 -5.990000e+00
      vertex   -6.795860e+01 -6.527069e+01 -5.990000e+00
    endloop
  endfacet
  facet normal 0.000000e+00 0.000000e+00 -1.000000e+00
    outer loop
      vertex   -6.795860e+01 -6.146760e+01 -5.990000e+00
      vertex   -6.566858e+01 -6.096760e+01 -5.990000e+00
      vertex   -6.795860e+01 -6.527069e+01 -5.990000e+00
    endloop
  endfacet
  facet normal 0.000000e+00 0.000000e+00 -1.000000e+00
    outer loop
      vertex   -6.795860e+01 -6.527069e+01 -5.990000e+00
      vertex   -6.566858e+01 -6.096760e+01 -5.990000e+00
      vertex   -6.536790e+01 -6.095249e+01 -5.990000e+00
    endloop
  endfacet
  facet normal 0.000000e+00 0.000000e+00 -1.000000e+00
    outer loop
      vertex   -6.795860e+01 -6.527069e+01 -5.990000e+00
      vertex   -6.536790e+01 -6.095249e+01 -5.990000e+00
      vertex   -6.507026e+01 -6.090733e+01 -5.990000e+00
    endloop
  endfacet
  facet normal -0.000000e+00 0.000000e+00 -1.000000e+00
    outer loop
      vertex   -6.566858e+01 -6.096760e+01 -5.990000e+00
      vertex   -6.795860e+01 -6.146760e+01 -5.990000e+00
      vertex   -6.745848e+01 -6.096760e+01 -5.990000e+00
    endloop
  endfacet
  facet normal 0.000000e+00 0.000000e+00 -1.000000e+00
    outer loop
      vertex   -6.745848e+01 -6.096760e+01 -5.990000e+00
      vertex   -6.795860e+01 -6.146760e+01 -5.990000e+00
      vertex   -6.794842e+01 -6.137015e+01 -5.990000e+00
    endloop
  endfacet
  facet normal 0.000000e+00 0.000000e+00 -1.000000e+00
    outer loop
      vertex   -6.745848e+01 -6.096760e+01 -5.990000e+00
      vertex   -6.794842e+01 -6.137015e+01 -5.990000e+00
      vertex   -6.792053e+01 -6.127624e+01 -5.990000e+00
    endloop
  endfacet
  facet normal 0.000000e+00 0.000000e+00 -1.000000e+00
    outer loop
      vertex   -6.792053e+01 -6.127624e+01 -5.990000e+00
      vertex   -6.787382e+01 -6.119011e+01 -5.990000e+00
      vertex   -6.745848e+01 -6.096760e+01 -5.990000e+00
    endloop
  endfacet
  facet normal 0.000000e+00 0.000000e+00 -1.000000e+00
    outer loop
      vertex   -6.745848e+01 -6.096760e+01 -5.990000e+00
      vertex   -6.787382e+01 -6.119011e+01 -5.990000e+00
      vertex   -6.781210e+01 -6.111403e+01 -5.990000e+00
    endloop
  endfacet
  facet normal 0.000000e+00 0.000000e+00 -1.000000e+00
    outer loop
      vertex   -6.745848e+01 -6.096760e+01 -5.990000e+00
      vertex   -6.781210e+01 -6.111403e+01 -5.990000e+00
      vertex   -6.773599e+01 -6.105233e+01 -5.990000e+00
    endloop
  endfacet
  facet normal 0.000000e+00 -0.000000e+00 -1.000000e+00
    outer loop
      vertex   -6.764985e+01 -6.100565e+01 -5.990000e+00
      vertex   -6.755593e+01 -6.097777e+01 -5.990000e+00
      vertex   -6.773599e+01 -6.105233e+01 -5.990000e+00
    endloop
  endfacet
  facet normal 0.000000e+00 0.000000e+00 -1.000000e+00
    outer loop
      vertex   -6.773599e+01 -6.105233e+01 -5.990000e+00
      vertex   -6.755593e+01 -6.097777e+01 -5.990000e+00
      vertex   -6.745848e+01 -6.096760e+01 -5.990000e+00
    endloop
  endfacet
  facet normal 0.000000e+00 -0.000000e+00 -1.000000e+00
    outer loop
      vertex   -6.507026e+01 -6.090733e+01 -5.990000e+00
      vertex   -6.477864e+01 -6.083256e+01 -5.990000e+00
      vertex   -6.795860e+01 -6.527069e+01 -5.990000e+00
    endloop
  endfacet
  facet normal -1.430090e-16 7.629337e-17 -1.000000e+00
    outer loop
      vertex   -2.755726e+01 -4.927061e+01 -5.990000e+00
      vertex   -4.258921e+01 -6.580580e+01 -5.990000e+00
      vertex   -6.477864e+01 -6.083256e+01 -5.990000e+00
    endloop
  endfacet
  facet normal -1.969047e-16 -1.641770e-16 -1.000000e+00
    outer loop
      vertex   -6.477864e+01 -6.083256e+01 -5.990000e+00
      vertex   -4.258921e+01 -6.580580e+01 -5.990000e+00
      vertex   -4.763960e+01 -7.056840e+01 -5.990000e+00
    endloop
  endfacet
  facet normal -6.344132e-17 7.077294e-17 -1.000000e+00
    outer loop
      vertex   -6.477864e+01 -6.083256e+01 -5.990000e+00
      vertex   -4.763960e+01 -7.056840e+01 -5.990000e+00
      vertex   -6.163960e+01 -7.056840e+01 -5.990000e+00
    endloop
  endfacet
  facet normal 0.000000e+00 -0.000000e+00 -1.000000e+00
    outer loop
      vertex   -2.726551e+01 -4.919581e+01 -5.990000e+00
      vertex   -2.666693e+01 -4.913557e+01 -5.990000e+00
      vertex   -2.755726e+01 -4.927061e+01 -5.990000e+00
    endloop
  endfacet
  facet normal -1.347004e-17 8.881096e-17 -1.000000e+00
    outer loop
      vertex   -2.755726e+01 -4.927061e+01 -5.990000e+00
      vertex   -2.666693e+01 -4.913557e+01 -5.990000e+00
      vertex   -2.353881e+01 -5.866190e+01 -5.990000e+00
    endloop
  endfacet
  facet normal -1.109135e-16 4.711577e-17 -1.000000e+00
    outer loop
      vertex   -2.755726e+01 -4.927061e+01 -5.990000e+00
      vertex   -2.353881e+01 -5.866190e+01 -5.990000e+00
      vertex   -4.258921e+01 -6.580580e+01 -5.990000e+00
    endloop
  endfacet
  facet normal -6.344132e-17 -7.947682e-17 -1.000000e+00
    outer loop
      vertex   -4.258921e+01 -6.580580e+01 -5.990000e+00
      vertex   -2.353881e+01 -5.866190e+01 -5.990000e+00
      vertex   -2.858921e+01 -6.580580e+01 -5.990000e+00
    endloop
  endfacet
  facet normal -1.758630e-16 0.000000e+00 -1.000000e+00
    outer loop
      vertex   -2.858921e+01 -6.580580e+01 -5.990000e+00
      vertex   -2.353881e+01 -5.866190e+01 -5.990000e+00
      vertex   -2.353881e+01 -7.266190e+01 -5.990000e+00
    endloop
  endfacet
  facet normal -1.758630e-16 -0.000000e+00 -1.000000e+00
    outer loop
      vertex   -2.858921e+01 -6.580580e+01 -5.990000e+00
      vertex   -2.353881e+01 -7.266190e+01 -5.990000e+00
      vertex   -2.858921e+01 -7.980580e+01 -5.990000e+00
    endloop
  endfacet
  facet normal -1.758628e-16 -1.392862e-22 -1.000000e+00
    outer loop
      vertex   -2.858921e+01 -7.980580e+01 -5.990000e+00
      vertex   -2.353881e+01 -7.266190e+01 -5.990000e+00
      vertex   -2.353880e+01 -7.771230e+01 -5.990000e+00
    endloop
  endfacet
  facet normal -1.758628e-16 -0.000000e+00 -1.000000e+00
    outer loop
      vertex   -2.858921e+01 -7.980580e+01 -5.990000e+00
      vertex   -2.353880e+01 -7.771230e+01 -5.990000e+00
      vertex   -2.858921e+01 -8.485620e+01 -5.990000e+00
    endloop
  endfacet
  facet normal -1.758628e-16 0.000000e+00 -1.000000e+00
    outer loop
      vertex   -2.858921e+01 -8.485620e+01 -5.990000e+00
      vertex   -2.353880e+01 -7.771230e+01 -5.990000e+00
      vertex   -2.353880e+01 -9.171230e+01 -5.990000e+00
    endloop
  endfacet
  facet normal -1.758628e-16 -0.000000e+00 -1.000000e+00
    outer loop
      vertex   -2.858921e+01 -8.485620e+01 -5.990000e+00
      vertex   -2.353880e+01 -9.171230e+01 -5.990000e+00
      vertex   -2.858921e+01 -9.885620e+01 -5.990000e+00
    endloop
  endfacet
  facet normal -1.758629e-16 6.964313e-23 -1.000000e+00
    outer loop
      vertex   -2.858921e+01 -9.885620e+01 -5.990000e+00
      vertex   -2.353880e+01 -9.171230e+01 -5.990000e+00
      vertex   -2.353880e+01 -9.676270e+01 -5.990000e+00
    endloop
  endfacet
  facet normal -1.758629e-16 -0.000000e+00 -1.000000e+00
    outer loop
      vertex   -2.858921e+01 -9.885620e+01 -5.990000e+00
      vertex   -2.353880e+01 -9.676270e+01 -5.990000e+00
      vertex   -2.858921e+01 -1.039066e+02 -5.990000e+00
    endloop
  endfacet
  facet normal -1.758629e-16 0.000000e+00 -1.000000e+00
    outer loop
      vertex   -2.858921e+01 -1.039066e+02 -5.990000e+00
      vertex   -2.353880e+01 -9.676270e+01 -5.990000e+00
      vertex   -2.353880e+01 -1.107627e+02 -5.990000e+00
    endloop
  endfacet
  facet normal -1.758629e-16 -0.000000e+00 -1.000000e+00
    outer loop
      vertex   -2.858921e+01 -1.039066e+02 -5.990000e+00
      vertex   -2.353880e+01 -1.107627e+02 -5.990000e+00
      vertex   -2.858921e+01 -1.179066e+02 -5.990000e+00
    endloop
  endfacet
  facet normal -1.820119e-16 4.347025e-18 -1.000000e+00
    outer loop
      vertex   -2.858921e+01 -1.179066e+02 -5.990000e+00
      vertex   -2.353880e+01 -1.107627e+02 -5.990000e+00
      vertex   -1.401360e+01 -1.205757e+02 -5.990000e+00
    endloop
  endfacet
  facet normal -2.300598e-16 -2.580365e-16 -1.000000e+00
    outer loop
      vertex   -2.858921e+01 -1.179066e+02 -5.990000e+00
      vertex   -1.401360e+01 -1.205757e+02 -5.990000e+00
      vertex   -1.906400e+01 -1.229570e+02 -5.990000e+00
    endloop
  endfacet
  facet normal -3.517259e-16 0.000000e+00 -1.000000e+00
    outer loop
      vertex   -1.906400e+01 -1.229570e+02 -5.990000e+00
      vertex   -1.401360e+01 -1.205757e+02 -5.990000e+00
      vertex   -1.401360e+01 -1.345757e+02 -5.990000e+00
    endloop
  endfacet
  facet normal -3.517259e-16 -0.000000e+00 -1.000000e+00
    outer loop
      vertex   -1.906400e+01 -1.229570e+02 -5.990000e+00
      vertex   -1.401360e+01 -1.345757e+02 -5.990000e+00
      vertex   -1.906400e+01 -1.369570e+02 -5.990000e+00
    endloop
  endfacet
  facet normal -6.344132e-17 -6.114109e-16 -1.000000e+00
    outer loop
      vertex   -1.906400e+01 -1.369570e+02 -5.990000e+00
      vertex   -1.401360e+01 -1.345757e+02 -5.990000e+00
      vertex   -1.360399e-02 -1.345757e+02 -5.990000e+00
    endloop
  endfacet
  facet normal -1.530389e-16 1.053698e-16 -1.000000e+00
    outer loop
      vertex   -1.906400e+01 -1.369570e+02 -5.990000e+00
      vertex   -1.360399e-02 -1.345757e+02 -5.990000e+00
      vertex   -3.466548e+01 -1.511874e+02 -5.990000e+00
    endloop
  endfacet
  facet normal -1.140860e-16 2.411433e-17 -1.000000e+00
    outer loop
      vertex   -3.466548e+01 -1.511874e+02 -5.990000e+00
      vertex   -1.360399e-02 -1.345757e+02 -5.990000e+00
      vertex   5.472169e+01 -1.334444e+02 -5.990000e+00
    endloop
  endfacet
  facet normal 0.000000e+00 0.000000e+00 -1.000000e+00
    outer loop
      vertex   -2.726551e+01 -4.919581e+01 -5.990000e+00
      vertex   -2.696773e+01 -4.915065e+01 -5.990000e+00
      vertex   -2.666693e+01 -4.913557e+01 -5.990000e+00
    endloop
  endfacet
  facet normal -0.000000e+00 -0.000000e+00 -1.000000e+00
    outer loop
      vertex   -6.270259e+00 -4.914821e+01 -5.990000e+00
      vertex   -6.027314e+00 -4.917813e+01 -5.990000e+00
      vertex   -6.514835e+00 -4.913819e+01 -5.990000e+00
    endloop
  endfacet
  facet normal 0.000000e+00 0.000000e+00 -1.000000e+00
    outer loop
      vertex   -6.514835e+00 -4.913819e+01 -5.990000e+00
      vertex   -6.027314e+00 -4.917813e+01 -5.990000e+00
      vertex   -5.787618e+00 -4.922776e+01 -5.990000e+00
    endloop
  endfacet
  facet normal -1.105460e-17 -8.974964e-17 -1.000000e+00
    outer loop
      vertex   -6.514835e+00 -4.913819e+01 -5.990000e+00
      vertex   -5.787618e+00 -4.922776e+01 -5.990000e+00
      vertex   -9.538806e+00 -5.866190e+01 -5.990000e+00
    endloop
  endfacet
  facet normal -1.924733e-16 -1.761419e-17 -1.000000e+00
    outer loop
      vertex   -9.538806e+00 -5.866190e+01 -5.990000e+00
      vertex   -5.787618e+00 -4.922776e+01 -5.990000e+00
      vertex   -4.488404e+00 -6.342450e+01 -5.990000e+00
    endloop
  endfacet
  facet normal -1.758629e-16 -0.000000e+00 -1.000000e+00
    outer loop
      vertex   -9.538806e+00 -5.866190e+01 -5.990000e+00
      vertex   -4.488404e+00 -6.342450e+01 -5.990000e+00
      vertex   -9.538806e+00 -7.266190e+01 -5.990000e+00
    endloop
  endfacet
  facet normal -2.846682e-16 5.948758e-17 -1.000000e+00
    outer loop
      vertex   -9.538806e+00 -7.266190e+01 -5.990000e+00
      vertex   -4.488404e+00 -6.342450e+01 -5.990000e+00
      vertex   -6.724104e+00 -7.412308e+01 -5.990000e+00
    endloop
  endfacet
  facet normal 1.072152e-16 8.143801e-16 -1.000000e+00
    outer loop
      vertex   -9.538806e+00 -7.266190e+01 -5.990000e+00
      vertex   -6.724104e+00 -7.412308e+01 -5.990000e+00
      vertex   -7.008805e+00 -7.408560e+01 -5.990000e+00
    endloop
  endfacet
  facet normal -6.344132e-17 -5.805829e-18 -1.000000e+00
    outer loop
      vertex   -4.488404e+00 -6.342450e+01 -5.990000e+00
      vertex   -5.787618e+00 -4.922776e+01 -5.990000e+00
      vertex   9.511596e+00 -6.342450e+01 -5.990000e+00
    endloop
  endfacet
  facet normal -1.188977e-16 -6.556882e-17 -1.000000e+00
    outer loop
      vertex   9.511596e+00 -6.342450e+01 -5.990000e+00
      vertex   -5.787618e+00 -4.922776e+01 -5.990000e+00
      vertex   5.486520e+01 -6.439096e+01 -5.990000e+00
    endloop
  endfacet
  facet normal -1.133439e-16 1.950569e-16 -1.000000e+00
    outer loop
      vertex   9.511596e+00 -6.342450e+01 -5.990000e+00
      vertex   5.486520e+01 -6.439096e+01 -5.990000e+00
      vertex   2.856200e+01 -7.056840e+01 -5.990000e+00
    endloop
  endfacet
  facet normal -1.864903e-16 5.247474e-31 -1.000000e+00
    outer loop
      vertex   4.761240e+01 -8.694970e+01 -5.990000e+00
      vertex   5.713759e+01 -6.730139e+01 -5.990000e+00
      vertex   4.761240e+01 -9.200010e+01 -5.990000e+00
    endloop
  endfacet
  facet normal -1.864903e-16 0.000000e+00 -1.000000e+00
    outer loop
      vertex   4.761240e+01 -9.200010e+01 -5.990000e+00
      vertex   5.713759e+01 -6.730139e+01 -5.990000e+00
      vertex   5.713759e+01 -1.305018e+02 -5.990000e+00
    endloop
  endfacet
  facet normal -1.864903e-16 -1.892990e-31 -1.000000e+00
    outer loop
      vertex   4.761240e+01 -9.200010e+01 -5.990000e+00
      vertex   5.713759e+01 -1.305018e+02 -5.990000e+00
      vertex   4.761240e+01 -1.060001e+02 -5.990000e+00
    endloop
  endfacet
  facet normal -1.864903e-16 -0.000000e+00 -1.000000e+00
    outer loop
      vertex   4.761240e+01 -1.060001e+02 -5.990000e+00
      vertex   5.713759e+01 -1.305018e+02 -5.990000e+00
      vertex   4.761240e+01 -1.110505e+02 -5.990000e+00
    endloop
  endfacet
  facet normal -1.268826e-16 -0.000000e+00 -1.000000e+00
    outer loop
      vertex   4.761240e+01 -1.060001e+02 -5.990000e+00
      vertex   4.761240e+01 -1.110505e+02 -5.990000e+00
      vertex   3.361240e+01 -1.110505e+02 -5.990000e+00
    endloop
  endfacet
  facet normal -1.268826e-16 -4.022810e-18 -1.000000e+00
    outer loop
      vertex   -3.811440e+01 -1.417196e+02 -5.990000e+00
      vertex   -5.181241e+01 -1.512448e+02 -5.990000e+00
      vertex   -5.211440e+01 -1.417196e+02 -5.990000e+00
    endloop
  endfacet
  facet normal 0.000000e+00 -0.000000e+00 -1.000000e+00
    outer loop
      vertex   -5.211440e+01 -1.417196e+02 -5.990000e+00
      vertex   -5.181241e+01 -1.512448e+02 -5.990000e+00
      vertex   -5.236037e+01 -1.512953e+02 -5.990000e+00
    endloop
  endfacet
  facet normal 0.000000e+00 0.000000e+00 -1.000000e+00
    outer loop
      vertex   -5.211440e+01 -1.417196e+02 -5.990000e+00
      vertex   -5.236037e+01 -1.512953e+02 -5.990000e+00
      vertex   -5.288990e+01 -1.514450e+02 -5.990000e+00
    endloop
  endfacet
  facet normal -0.000000e+00 0.000000e+00 -1.000000e+00
    outer loop
      vertex   -5.288990e+01 -1.514450e+02 -5.990000e+00
      vertex   -5.338317e+01 -1.516889e+02 -5.990000e+00
      vertex   -5.211440e+01 -1.417196e+02 -5.990000e+00
    endloop
  endfacet
  facet normal -1.054472e-16 1.342004e-17 -1.000000e+00
    outer loop
      vertex   -5.211440e+01 -1.417196e+02 -5.990000e+00
      vertex   -5.338317e+01 -1.516889e+02 -5.990000e+00
      vertex   -6.017328e+01 -1.388588e+02 -5.990000e+00
    endloop
  endfacet
  facet normal -1.102112e-16 0.000000e+00 -1.000000e+00
    outer loop
      vertex   -5.211440e+01 -1.417196e+02 -5.990000e+00
      vertex   -6.017328e+01 -1.388588e+02 -5.990000e+00
      vertex   -5.211440e+01 -1.277196e+02 -5.990000e+00
    endloop
  endfacet
  facet normal -1.232549e-16 9.436739e-18 -1.000000e+00
    outer loop
      vertex   -5.211440e+01 -1.277196e+02 -5.990000e+00
      vertex   -6.017328e+01 -1.388588e+02 -5.990000e+00
      vertex   -6.642005e+01 -1.263297e+02 -5.990000e+00
    endloop
  endfacet
  facet normal -1.311104e-16 -7.141496e-17 -1.000000e+00
    outer loop
      vertex   -5.211440e+01 -1.277196e+02 -5.990000e+00
      vertex   -6.642005e+01 -1.263297e+02 -5.990000e+00
      vertex   -6.163960e+01 -1.226692e+02 -5.990000e+00
    endloop
  endfacet
  facet normal -1.176173e-16 -8.903644e-17 -1.000000e+00
    outer loop
      vertex   -6.163960e+01 -1.226692e+02 -5.990000e+00
      vertex   -6.642005e+01 -1.263297e+02 -5.990000e+00
      vertex   -8.959341e+01 -1.156685e+02 -5.990000e+00
    endloop
  endfacet
  facet normal -9.531925e-17 0.000000e+00 -1.000000e+00
    outer loop
      vertex   -6.163960e+01 -1.226692e+02 -5.990000e+00
      vertex   -8.959341e+01 -1.156685e+02 -5.990000e+00
      vertex   -6.163960e+01 -1.086692e+02 -5.990000e+00
    endloop
  endfacet
  facet normal -9.531925e-17 0.000000e+00 -1.000000e+00
    outer loop
      vertex   -6.163960e+01 -1.086692e+02 -5.990000e+00
      vertex   -8.959341e+01 -1.156685e+02 -5.990000e+00
      vertex   -8.959341e+01 -1.046553e+02 -5.990000e+00
    endloop
  endfacet
  facet normal -9.531925e-17 0.000000e+00 -1.000000e+00
    outer loop
      vertex   -6.163960e+01 -1.086692e+02 -5.990000e+00
      vertex   -8.959341e+01 -1.046553e+02 -5.990000e+00
      vertex   -6.163960e+01 -1.036188e+02 -5.990000e+00
    endloop
  endfacet
  facet normal -7.842203e-16 -7.323153e-19 -1.000000e+00
    outer loop
      vertex   -9.185271e+01 -1.219000e+02 -5.990000e+00
      vertex   -9.185784e+01 -1.164047e+02 -5.990000e+00
      vertex   -8.959341e+01 -1.156685e+02 -5.990000e+00
    endloop
  endfacet
  facet normal -1.006530e-15 6.830794e-16 -1.000000e+00
    outer loop
      vertex   -8.959341e+01 -1.156685e+02 -5.990000e+00
      vertex   -9.185784e+01 -1.164047e+02 -5.990000e+00
      vertex   -9.135824e+01 -1.156685e+02 -5.990000e+00
    endloop
  endfacet
  facet normal -6.630796e-15 4.499975e-15 -1.000000e+00
    outer loop
      vertex   -9.135824e+01 -1.156685e+02 -5.990000e+00
      vertex   -9.185784e+01 -1.164047e+02 -5.990000e+00
      vertex   -9.182730e+01 -1.161623e+02 -5.990000e+00
    endloop
  endfacet
  facet normal -2.879223e-15 9.363395e-16 -1.000000e+00
    outer loop
      vertex   -9.135824e+01 -1.156685e+02 -5.990000e+00
      vertex   -9.182730e+01 -1.161623e+02 -5.990000e+00
      vertex   -9.178943e+01 -1.160459e+02 -5.990000e+00
    endloop
  endfacet
  facet normal -1.870595e-13 2.113971e-13 -1.000000e+00
    outer loop
      vertex   -9.178943e+01 -1.160459e+02 -5.990000e+00
      vertex   -9.173632e+01 -1.159359e+02 -5.990000e+00
      vertex   -9.135824e+01 -1.156685e+02 -5.990000e+00
    endloop
  endfacet
  facet normal -2.032363e-10 2.873814e-10 -1.000000e+00
    outer loop
      vertex   -9.135824e+01 -1.156685e+02 -5.990000e+00
      vertex   -9.173632e+01 -1.159359e+02 -5.990000e+00
      vertex   -9.166683e+01 -1.158353e+02 -5.990000e+00
    endloop
  endfacet
  facet normal -1.999549e-10 2.813108e-10 -1.000000e+00
    outer loop
      vertex   -9.135824e+01 -1.156685e+02 -5.990000e+00
      vertex   -9.166683e+01 -1.158353e+02 -5.990000e+00
      vertex   -9.157998e+01 -1.157505e+02 -5.990000e+00
    endloop
  endfacet
  facet normal 1.116178e-10 -5.612715e-10 -1.000000e+00
    outer loop
      vertex   -9.157998e+01 -1.157505e+02 -5.990000e+00
      vertex   -9.152986e+01 -1.157168e+02 -5.990000e+00
      vertex   -9.135824e+01 -1.156685e+02 -5.990000e+00
    endloop
  endfacet
  facet normal 9.310485e-11 -4.953957e-10 -1.000000e+00
    outer loop
      vertex   -9.135824e+01 -1.156685e+02 -5.990000e+00
      vertex   -9.152986e+01 -1.157168e+02 -5.990000e+00
      vertex   -9.147543e+01 -1.156907e+02 -5.990000e+00
    endloop
  endfacet
  facet normal -5.685347e-13 -5.997842e-13 -1.000000e+00
    outer loop
      vertex   -9.135824e+01 -1.156685e+02 -5.990000e+00
      vertex   -9.147543e+01 -1.156907e+02 -5.990000e+00
      vertex   -9.141785e+01 -1.156742e+02 -5.990000e+00
    endloop
  endfacet
  facet normal -1.000369e-15 -6.808346e-16 -1.000000e+00
    outer loop
      vertex   -8.959341e+01 -1.046553e+02 -5.990000e+00
      vertex   -9.136911e+01 -1.046553e+02 -5.990000e+00
      vertex   -9.186950e+01 -1.039200e+02 -5.990000e+00
    endloop
  endfacet
  facet normal -8.899303e-14 -6.056718e-14 -1.000000e+00
    outer loop
      vertex   -9.186950e+01 -1.039200e+02 -5.990000e+00
      vertex   -9.136911e+01 -1.046553e+02 -5.990000e+00
      vertex   -9.186049e+01 -1.040506e+02 -5.990000e+00
    endloop
  endfacet
  facet normal 6.040372e-14 6.083618e-14 -1.000000e+00
    outer loop
      vertex   -9.186049e+01 -1.040506e+02 -5.990000e+00
      vertex   -9.136911e+01 -1.046553e+02 -5.990000e+00
      vertex   -9.183406e+01 -1.041790e+02 -5.990000e+00
    endloop
  endfacet
  facet normal -2.989320e-15 -1.053477e-15 -1.000000e+00
    outer loop
      vertex   -9.183406e+01 -1.041790e+02 -5.990000e+00
      vertex   -9.136911e+01 -1.046553e+02 -5.990000e+00
      vertex   -9.179084e+01 -1.043016e+02 -5.990000e+00
    endloop
  endfacet
  facet normal -1.575711e-14 -1.628074e-14 -1.000000e+00
    outer loop
      vertex   -9.179084e+01 -1.043016e+02 -5.990000e+00
      vertex   -9.136911e+01 -1.046553e+02 -5.990000e+00
      vertex   -9.173280e+01 -1.044124e+02 -5.990000e+00
    endloop
  endfacet
  facet normal -3.496412e-14 -4.504077e-14 -1.000000e+00
    outer loop
      vertex   -9.173280e+01 -1.044124e+02 -5.990000e+00
      vertex   -9.136911e+01 -1.046553e+02 -5.990000e+00
      vertex   -9.166217e+01 -1.045066e+02 -5.990000e+00
    endloop
  endfacet
  facet normal -2.747740e-14 -3.027781e-14 -1.000000e+00
    outer loop
      vertex   -9.166217e+01 -1.045066e+02 -5.990000e+00
      vertex   -9.136911e+01 -1.046553e+02 -5.990000e+00
      vertex   -9.157844e+01 -1.045826e+02 -5.990000e+00
    endloop
  endfacet
  facet normal -3.784999e-14 -6.017147e-14 -1.000000e+00
    outer loop
      vertex   -9.157844e+01 -1.045826e+02 -5.990000e+00
      vertex   -9.136911e+01 -1.046553e+02 -5.990000e+00
      vertex   -9.153068e+01 -1.046127e+02 -5.990000e+00
    endloop
  endfacet
  facet normal 1.380952e-12 5.321879e-12 -1.000000e+00
    outer loop
      vertex   -9.153068e+01 -1.046127e+02 -5.990000e+00
      vertex   -9.136911e+01 -1.046553e+02 -5.990000e+00
      vertex   -9.147931e+01 -1.046357e+02 -5.990000e+00
    endloop
  endfacet
  facet normal 2.183139e-12 9.835876e-12 -1.000000e+00
    outer loop
      vertex   -9.147931e+01 -1.046357e+02 -5.990000e+00
      vertex   -9.136911e+01 -1.046553e+02 -5.990000e+00
      vertex   -9.142500e+01 -1.046503e+02 -5.990000e+00
    endloop
  endfacet
  facet normal -0.000000e+00 -0.000000e+00 -1.000000e+00
    outer loop
      vertex   -8.213928e+01 -6.097777e+01 -5.990000e+00
      vertex   -8.195922e+01 -6.105233e+01 -5.990000e+00
      vertex   -8.223672e+01 -6.096760e+01 -5.990000e+00
    endloop
  endfacet
  facet normal 0.000000e+00 0.000000e+00 -1.000000e+00
    outer loop
      vertex   -8.223672e+01 -6.096760e+01 -5.990000e+00
      vertex   -8.195922e+01 -6.105233e+01 -5.990000e+00
      vertex   -8.188310e+01 -6.111403e+01 -5.990000e+00
    endloop
  endfacet
  facet normal 0.000000e+00 0.000000e+00 -1.000000e+00
    outer loop
      vertex   -8.223672e+01 -6.096760e+01 -5.990000e+00
      vertex   -8.188310e+01 -6.111403e+01 -5.990000e+00
      vertex   -8.182139e+01 -6.119011e+01 -5.990000e+00
    endloop
  endfacet
  facet normal 0.000000e+00 0.000000e+00 -1.000000e+00
    outer loop
      vertex   -8.213928e+01 -6.097777e+01 -5.990000e+00
      vertex   -8.204535e+01 -6.100565e+01 -5.990000e+00
      vertex   -8.195922e+01 -6.105233e+01 -5.990000e+00
    endloop
  endfacet
  facet normal -0.000000e+00 -0.000000e+00 -1.000000e+00
    outer loop
      vertex   -8.182139e+01 -6.119011e+01 -5.990000e+00
      vertex   -8.177468e+01 -6.127624e+01 -5.990000e+00
      vertex   -8.223672e+01 -6.096760e+01 -5.990000e+00
    endloop
  endfacet
  facet normal 0.000000e+00 0.000000e+00 -1.000000e+00
    outer loop
      vertex   -8.223672e+01 -6.096760e+01 -5.990000e+00
      vertex   -8.177468e+01 -6.127624e+01 -5.990000e+00
      vertex   -8.174678e+01 -6.137015e+01 -5.990000e+00
    endloop
  endfacet
  facet normal 0.000000e+00 0.000000e+00 -1.000000e+00
    outer loop
      vertex   -8.223672e+01 -6.096760e+01 -5.990000e+00
      vertex   -8.174678e+01 -6.137015e+01 -5.990000e+00
      vertex   -8.173660e+01 -6.146760e+01 -5.990000e+00
    endloop
  endfacet
  facet normal -4.623327e-16 0.000000e+00 -1.000000e+00
    outer loop
      vertex   -8.173660e+01 -6.527069e+01 -5.990000e+00
      vertex   -7.981552e+01 -6.527069e+01 -5.990000e+00
      vertex   -7.981552e+01 -6.696760e+01 -5.990000e+00
    endloop
  endfacet
  facet normal 0.000000e+00 0.000000e+00 -1.000000e+00
    outer loop
      vertex   -7.988251e+01 -6.721760e+01 -5.990000e+00
      vertex   -7.996197e+01 -6.732115e+01 -5.990000e+00
      vertex   -8.031552e+01 -6.746760e+01 -5.990000e+00
    endloop
  endfacet
  facet normal 0.000000e+00 0.000000e+00 -1.000000e+00
    outer loop
      vertex   -8.031552e+01 -6.746760e+01 -5.990000e+00
      vertex   -7.996197e+01 -6.732115e+01 -5.990000e+00
      vertex   -8.006552e+01 -6.740061e+01 -5.990000e+00
    endloop
  endfacet
  facet normal 0.000000e+00 0.000000e+00 -1.000000e+00
    outer loop
      vertex   -8.031552e+01 -6.746760e+01 -5.990000e+00
      vertex   -8.006552e+01 -6.740061e+01 -5.990000e+00
      vertex   -8.018611e+01 -6.745056e+01 -5.990000e+00
    endloop
  endfacet
  facet normal -1.615767e-16 2.418289e-17 -1.000000e+00
    outer loop
      vertex   -1.401360e+01 -1.205757e+02 -5.990000e+00
      vertex   -2.353880e+01 -1.107627e+02 -5.990000e+00
      vertex   -7.961433e+00 -1.168660e+02 -5.990000e+00
    endloop
  endfacet
  facet normal -1.268826e-16 1.127320e-16 -1.000000e+00
    outer loop
      vertex   -7.961433e+00 -1.168660e+02 -5.990000e+00
      vertex   -2.353880e+01 -1.107627e+02 -5.990000e+00
      vertex   -9.538806e+00 -1.107627e+02 -5.990000e+00
    endloop
  endfacet
  facet normal -1.418680e-16 1.088591e-16 -1.000000e+00
    outer loop
      vertex   -7.961433e+00 -1.168660e+02 -5.990000e+00
      vertex   -9.538806e+00 -1.107627e+02 -5.990000e+00
      vertex   -7.786622e+00 -1.166382e+02 -5.990000e+00
    endloop
  endfacet
  facet normal -9.439408e-17 1.230168e-16 -1.000000e+00
    outer loop
      vertex   -7.786622e+00 -1.166382e+02 -5.990000e+00
      vertex   -9.538806e+00 -1.107627e+02 -5.990000e+00
      vertex   -7.558805e+00 -1.164634e+02 -5.990000e+00
    endloop
  endfacet
  facet normal -5.641865e-17 1.362067e-16 -1.000000e+00
    outer loop
      vertex   -7.558805e+00 -1.164634e+02 -5.990000e+00
      vertex   -9.538806e+00 -1.107627e+02 -5.990000e+00
      vertex   -7.293506e+00 -1.163535e+02 -5.990000e+00
    endloop
  endfacet
  facet normal -1.986466e-17 1.508870e-16 -1.000000e+00
    outer loop
      vertex   -7.293506e+00 -1.163535e+02 -5.990000e+00
      vertex   -9.538806e+00 -1.107627e+02 -5.990000e+00
      vertex   -7.008805e+00 -1.163160e+02 -5.990000e+00
    endloop
  endfacet
  facet normal -4.390087e-17 1.399365e-16 -1.000000e+00
    outer loop
      vertex   -7.008805e+00 -1.163160e+02 -5.990000e+00
      vertex   -9.538806e+00 -1.107627e+02 -5.990000e+00
      vertex   -4.488404e+00 -1.155253e+02 -5.990000e+00
    endloop
  endfacet
  facet normal 0.000000e+00 0.000000e+00 -1.000000e+00
    outer loop
      vertex   -7.008805e+00 -1.163160e+02 -5.990000e+00
      vertex   -4.488404e+00 -1.155253e+02 -5.990000e+00
      vertex   -6.724104e+00 -1.163535e+02 -5.990000e+00
    endloop
  endfacet
  facet normal 0.000000e+00 0.000000e+00 -1.000000e+00
    outer loop
      vertex   -6.724104e+00 -1.163535e+02 -5.990000e+00
      vertex   -4.488404e+00 -1.155253e+02 -5.990000e+00
      vertex   -6.458805e+00 -1.164634e+02 -5.990000e+00
    endloop
  endfacet
  facet normal 0.000000e+00 0.000000e+00 -1.000000e+00
    outer loop
      vertex   -6.458805e+00 -1.164634e+02 -5.990000e+00
      vertex   -4.488404e+00 -1.155253e+02 -5.990000e+00
      vertex   -6.230988e+00 -1.166382e+02 -5.990000e+00
    endloop
  endfacet
  facet normal 0.000000e+00 0.000000e+00 -1.000000e+00
    outer loop
      vertex   -6.230988e+00 -1.166382e+02 -5.990000e+00
      vertex   -4.488404e+00 -1.155253e+02 -5.990000e+00
      vertex   -6.056177e+00 -1.168660e+02 -5.990000e+00
    endloop
  endfacet
  facet normal 0.000000e+00 0.000000e+00 -1.000000e+00
    outer loop
      vertex   -6.056177e+00 -1.168660e+02 -5.990000e+00
      vertex   -4.488404e+00 -1.155253e+02 -5.990000e+00
      vertex   -5.946287e+00 -1.171313e+02 -5.990000e+00
    endloop
  endfacet
  facet normal 0.000000e+00 0.000000e+00 -1.000000e+00
    outer loop
      vertex   -5.946287e+00 -1.171313e+02 -5.990000e+00
      vertex   -4.488404e+00 -1.155253e+02 -5.990000e+00
      vertex   -5.908805e+00 -1.174160e+02 -5.990000e+00
    endloop
  endfacet
  facet normal 0.000000e+00 0.000000e+00 -1.000000e+00
    outer loop
      vertex   -5.908805e+00 -1.174160e+02 -5.990000e+00
      vertex   -4.488404e+00 -1.155253e+02 -5.990000e+00
      vertex   -1.360399e-02 -1.205757e+02 -5.990000e+00
    endloop
  endfacet
  facet normal 0.000000e+00 -0.000000e+00 -1.000000e+00
    outer loop
      vertex   -5.908805e+00 -1.174160e+02 -5.990000e+00
      vertex   -1.360399e-02 -1.205757e+02 -5.990000e+00
      vertex   -5.946287e+00 -1.177007e+02 -5.990000e+00
    endloop
  endfacet
  facet normal 0.000000e+00 -0.000000e+00 -1.000000e+00
    outer loop
      vertex   -5.946287e+00 -1.177007e+02 -5.990000e+00
      vertex   -1.360399e-02 -1.205757e+02 -5.990000e+00
      vertex   -6.056177e+00 -1.179660e+02 -5.990000e+00
    endloop
  endfacet
  facet normal 0.000000e+00 -0.000000e+00 -1.000000e+00
    outer loop
      vertex   -6.056177e+00 -1.179660e+02 -5.990000e+00
      vertex   -1.360399e-02 -1.205757e+02 -5.990000e+00
      vertex   -6.230988e+00 -1.181938e+02 -5.990000e+00
    endloop
  endfacet
  facet normal 0.000000e+00 -0.000000e+00 -1.000000e+00
    outer loop
      vertex   -6.230988e+00 -1.181938e+02 -5.990000e+00
      vertex   -1.360399e-02 -1.205757e+02 -5.990000e+00
      vertex   -6.458805e+00 -1.183686e+02 -5.990000e+00
    endloop
  endfacet
  facet normal 0.000000e+00 -0.000000e+00 -1.000000e+00
    outer loop
      vertex   -6.458805e+00 -1.183686e+02 -5.990000e+00
      vertex   -1.360399e-02 -1.205757e+02 -5.990000e+00
      vertex   -6.724104e+00 -1.184785e+02 -5.990000e+00
    endloop
  endfacet
  facet normal 0.000000e+00 -0.000000e+00 -1.000000e+00
    outer loop
      vertex   -6.724104e+00 -1.184785e+02 -5.990000e+00
      vertex   -1.360399e-02 -1.205757e+02 -5.990000e+00
      vertex   -7.008805e+00 -1.185160e+02 -5.990000e+00
    endloop
  endfacet
  facet normal -6.344132e-17 -2.154608e-16 -1.000000e+00
    outer loop
      vertex   -7.008805e+00 -1.185160e+02 -5.990000e+00
      vertex   -1.360399e-02 -1.205757e+02 -5.990000e+00
      vertex   -1.401360e+01 -1.205757e+02 -5.990000e+00
    endloop
  endfacet
  facet normal -3.921355e-17 -2.978565e-16 -1.000000e+00
    outer loop
      vertex   -7.008805e+00 -1.185160e+02 -5.990000e+00
      vertex   -1.401360e+01 -1.205757e+02 -5.990000e+00
      vertex   -7.293506e+00 -1.184785e+02 -5.990000e+00
    endloop
  endfacet
  facet normal -7.537703e-17 -1.819762e-16 -1.000000e+00
    outer loop
      vertex   -7.293506e+00 -1.184785e+02 -5.990000e+00
      vertex   -1.401360e+01 -1.205757e+02 -5.990000e+00
      vertex   -7.558805e+00 -1.183686e+02 -5.990000e+00
    endloop
  endfacet
  facet normal -9.518462e-17 -1.240470e-16 -1.000000e+00
    outer loop
      vertex   -7.558805e+00 -1.183686e+02 -5.990000e+00
      vertex   -1.401360e+01 -1.205757e+02 -5.990000e+00
      vertex   -7.786622e+00 -1.181938e+02 -5.990000e+00
    endloop
  endfacet
  facet normal -1.102688e-16 -8.461224e-17 -1.000000e+00
    outer loop
      vertex   -7.786622e+00 -1.181938e+02 -5.990000e+00
      vertex   -1.401360e+01 -1.205757e+02 -5.990000e+00
      vertex   -7.961433e+00 -1.179660e+02 -5.990000e+00
    endloop
  endfacet
  facet normal -1.245143e-16 -5.157551e-17 -1.000000e+00
    outer loop
      vertex   -7.961433e+00 -1.179660e+02 -5.990000e+00
      vertex   -1.401360e+01 -1.205757e+02 -5.990000e+00
      vertex   -8.071323e+00 -1.177007e+02 -5.990000e+00
    endloop
  endfacet
  facet normal -1.405172e-16 -1.849944e-17 -1.000000e+00
    outer loop
      vertex   -8.071323e+00 -1.177007e+02 -5.990000e+00
      vertex   -1.401360e+01 -1.205757e+02 -5.990000e+00
      vertex   -8.108805e+00 -1.174160e+02 -5.990000e+00
    endloop
  endfacet
  facet normal -1.618160e-16 2.130348e-17 -1.000000e+00
    outer loop
      vertex   -8.108805e+00 -1.174160e+02 -5.990000e+00
      vertex   -1.401360e+01 -1.205757e+02 -5.990000e+00
      vertex   -8.071323e+00 -1.171313e+02 -5.990000e+00
    endloop
  endfacet
  facet normal -1.966927e-16 8.147280e-17 -1.000000e+00
    outer loop
      vertex   -8.071323e+00 -1.171313e+02 -5.990000e+00
      vertex   -1.401360e+01 -1.205757e+02 -5.990000e+00
      vertex   -7.961433e+00 -1.168660e+02 -5.990000e+00
    endloop
  endfacet
  facet normal -1.758629e-16 0.000000e+00 -1.000000e+00
    outer loop
      vertex   -4.488404e+00 -1.155253e+02 -5.990000e+00
      vertex   -9.538806e+00 -1.107627e+02 -5.990000e+00
      vertex   -4.488404e+00 -1.015253e+02 -5.990000e+00
    endloop
  endfacet
  facet normal -1.758629e-16 0.000000e+00 -1.000000e+00
    outer loop
      vertex   -4.488404e+00 -1.015253e+02 -5.990000e+00
      vertex   -9.538806e+00 -1.107627e+02 -5.990000e+00
      vertex   -9.538806e+00 -9.676270e+01 -5.990000e+00
    endloop
  endfacet
  facet normal -1.758630e-16 -6.964322e-23 -1.000000e+00
    outer loop
      vertex   -4.488404e+00 -1.015253e+02 -5.990000e+00
      vertex   -9.538806e+00 -9.676270e+01 -5.990000e+00
      vertex   -4.488406e+00 -9.647490e+01 -5.990000e+00
    endloop
  endfacet
  facet normal -1.758630e-16 0.000000e+00 -1.000000e+00
    outer loop
      vertex   -4.488406e+00 -9.647490e+01 -5.990000e+00
      vertex   -9.538806e+00 -9.676270e+01 -5.990000e+00
      vertex   -9.538806e+00 -9.171230e+01 -5.990000e+00
    endloop
  endfacet
  facet normal -1.758630e-16 0.000000e+00 -1.000000e+00
    outer loop
      vertex   -4.488406e+00 -9.647490e+01 -5.990000e+00
      vertex   -9.538806e+00 -9.171230e+01 -5.990000e+00
      vertex   -4.488406e+00 -8.247490e+01 -5.990000e+00
    endloop
  endfacet
  facet normal -1.758630e-16 0.000000e+00 -1.000000e+00
    outer loop
      vertex   -4.488406e+00 -8.247490e+01 -5.990000e+00
      vertex   -9.538806e+00 -9.171230e+01 -5.990000e+00
      vertex   -9.538806e+00 -7.771230e+01 -5.990000e+00
    endloop
  endfacet
  facet normal -1.758629e-16 6.964318e-23 -1.000000e+00
    outer loop
      vertex   -4.488406e+00 -8.247490e+01 -5.990000e+00
      vertex   -9.538806e+00 -7.771230e+01 -5.990000e+00
      vertex   -4.488404e+00 -7.742450e+01 -5.990000e+00
    endloop
  endfacet
  facet normal -1.561683e-16 -3.456029e-16 -1.000000e+00
    outer loop
      vertex   -4.488404e+00 -7.742450e+01 -5.990000e+00
      vertex   -9.538806e+00 -7.771230e+01 -5.990000e+00
      vertex   -7.008805e+00 -7.628560e+01 -5.990000e+00
    endloop
  endfacet
  facet normal 0.000000e+00 0.000000e+00 -1.000000e+00
    outer loop
      vertex   -4.488404e+00 -7.742450e+01 -5.990000e+00
      vertex   -7.008805e+00 -7.628560e+01 -5.990000e+00
      vertex   -6.724104e+00 -7.624812e+01 -5.990000e+00
    endloop
  endfacet
  facet normal -1.268827e-16 -0.000000e+00 -1.000000e+00
    outer loop
      vertex   -9.538806e+00 -9.171230e+01 -5.990000e+00
      vertex   -9.538806e+00 -9.676270e+01 -5.990000e+00
      vertex   -2.353880e+01 -9.171230e+01 -5.990000e+00
    endloop
  endfacet
  facet normal -1.268826e-16 5.024655e-23 -1.000000e+00
    outer loop
      vertex   -2.353880e+01 -9.171230e+01 -5.990000e+00
      vertex   -9.538806e+00 -9.676270e+01 -5.990000e+00
      vertex   -2.353880e+01 -9.676270e+01 -5.990000e+00
    endloop
  endfacet
  facet normal -6.344132e-17 5.621081e-17 -1.000000e+00
    outer loop
      vertex   -1.906400e+01 -1.229570e+02 -5.990000e+00
      vertex   -3.306400e+01 -1.229570e+02 -5.990000e+00
      vertex   -2.858921e+01 -1.179066e+02 -5.990000e+00
    endloop
  endfacet
  facet normal -9.983058e-17 8.845274e-17 -1.000000e+00
    outer loop
      vertex   -2.858921e+01 -1.179066e+02 -5.990000e+00
      vertex   -3.306400e+01 -1.229570e+02 -5.990000e+00
      vertex   -4.098620e+01 -1.218570e+02 -5.990000e+00
    endloop
  endfacet
  facet normal -6.344132e-17 -2.574349e-17 -1.000000e+00
    outer loop
      vertex   -2.858921e+01 -1.179066e+02 -5.990000e+00
      vertex   -4.098620e+01 -1.218570e+02 -5.990000e+00
      vertex   -4.258920e+01 -1.179066e+02 -5.990000e+00
    endloop
  endfacet
  facet normal 0.000000e+00 0.000000e+00 -1.000000e+00
    outer loop
      vertex   -4.258920e+01 -1.179066e+02 -5.990000e+00
      vertex   -4.098620e+01 -1.218570e+02 -5.990000e+00
      vertex   -4.125150e+01 -1.217471e+02 -5.990000e+00
    endloop
  endfacet
  facet normal 0.000000e+00 0.000000e+00 -1.000000e+00
    outer loop
      vertex   -4.258920e+01 -1.179066e+02 -5.990000e+00
      vertex   -4.125150e+01 -1.217471e+02 -5.990000e+00
      vertex   -4.153620e+01 -1.217096e+02 -5.990000e+00
    endloop
  endfacet
  facet normal -1.758630e-16 0.000000e+00 -1.000000e+00
    outer loop
      vertex   -3.306400e+01 -1.369570e+02 -5.990000e+00
      vertex   -3.811440e+01 -1.277196e+02 -5.990000e+00
      vertex   -3.306400e+01 -1.229570e+02 -5.990000e+00
    endloop
  endfacet
  facet normal -1.146396e-16 -6.492313e-17 -1.000000e+00
    outer loop
      vertex   -3.306400e+01 -1.229570e+02 -5.990000e+00
      vertex   -3.811440e+01 -1.277196e+02 -5.990000e+00
      vertex   -4.058358e+01 -1.233596e+02 -5.990000e+00
    endloop
  endfacet
  facet normal -1.207944e-16 5.003469e-17 -1.000000e+00
    outer loop
      vertex   -3.306400e+01 -1.229570e+02 -5.990000e+00
      vertex   -4.058358e+01 -1.233596e+02 -5.990000e+00
      vertex   -4.047369e+01 -1.230943e+02 -5.990000e+00
    endloop
  endfacet
  facet normal 0.000000e+00 0.000000e+00 -1.000000e+00
    outer loop
      vertex   2.856200e+01 -1.086692e+02 -5.990000e+00
      vertex   3.361240e+01 -1.110505e+02 -5.990000e+00
      vertex   2.856200e+01 -1.226692e+02 -5.990000e+00
    endloop
  endfacet
  facet normal 0.000000e+00 0.000000e+00 -1.000000e+00
    outer loop
      vertex   2.856200e+01 -1.226692e+02 -5.990000e+00
      vertex   3.361240e+01 -1.110505e+02 -5.990000e+00
      vertex   3.361240e+01 -1.250505e+02 -5.990000e+00
    endloop
  endfacet
  facet normal -1.903239e-16 -4.036504e-16 -1.000000e+00
    outer loop
      vertex   2.856200e+01 -1.226692e+02 -5.990000e+00
      vertex   3.361240e+01 -1.250505e+02 -5.990000e+00
      vertex   1.456199e+01 -1.226692e+02 -5.990000e+00
    endloop
  endfacet
  facet normal -1.903239e-16 7.536982e-23 -1.000000e+00
    outer loop
      vertex   1.456199e+01 -8.961880e+01 -5.990000e+00
      vertex   1.456200e+01 -8.456840e+01 -5.990000e+00
      vertex   2.856200e+01 -8.961880e+01 -5.990000e+00
    endloop
  endfacet
  facet normal -1.903239e-16 0.000000e+00 -1.000000e+00
    outer loop
      vertex   2.856200e+01 -8.961880e+01 -5.990000e+00
      vertex   1.456200e+01 -8.456840e+01 -5.990000e+00
      vertex   2.856200e+01 -8.456840e+01 -5.990000e+00
    endloop
  endfacet
  facet normal 0.000000e+00 0.000000e+00 -1.000000e+00
    outer loop
      vertex   2.856200e+01 -8.961880e+01 -5.990000e+00
      vertex   2.856200e+01 -8.456840e+01 -5.990000e+00
      vertex   3.002788e+01 -8.799750e+01 -5.990000e+00
    endloop
  endfacet
  facet normal 0.000000e+00 0.000000e+00 -1.000000e+00
    outer loop
      vertex   3.002788e+01 -8.799750e+01 -5.990000e+00
      vertex   2.856200e+01 -8.456840e+01 -5.990000e+00
      vertex   3.013777e+01 -8.773220e+01 -5.990000e+00
    endloop
  endfacet
  facet normal 0.000000e+00 0.000000e+00 -1.000000e+00
    outer loop
      vertex   3.013777e+01 -8.773220e+01 -5.990000e+00
      vertex   2.856200e+01 -8.456840e+01 -5.990000e+00
      vertex   3.031258e+01 -8.750438e+01 -5.990000e+00
    endloop
  endfacet
  facet normal 0.000000e+00 0.000000e+00 -1.000000e+00
    outer loop
      vertex   3.031258e+01 -8.750438e+01 -5.990000e+00
      vertex   2.856200e+01 -8.456840e+01 -5.990000e+00
      vertex   3.054040e+01 -8.732957e+01 -5.990000e+00
    endloop
  endfacet
  facet normal 0.000000e+00 0.000000e+00 -1.000000e+00
    outer loop
      vertex   3.054040e+01 -8.732957e+01 -5.990000e+00
      vertex   2.856200e+01 -8.456840e+01 -5.990000e+00
      vertex   3.080570e+01 -8.721968e+01 -5.990000e+00
    endloop
  endfacet
  facet normal 0.000000e+00 0.000000e+00 -1.000000e+00
    outer loop
      vertex   3.080570e+01 -8.721968e+01 -5.990000e+00
      vertex   2.856200e+01 -8.456840e+01 -5.990000e+00
      vertex   3.109040e+01 -8.718220e+01 -5.990000e+00
    endloop
  endfacet
  facet normal 0.000000e+00 0.000000e+00 -1.000000e+00
    outer loop
      vertex   3.109040e+01 -8.718220e+01 -5.990000e+00
      vertex   2.856200e+01 -8.456840e+01 -5.990000e+00
      vertex   3.137510e+01 -8.721968e+01 -5.990000e+00
    endloop
  endfacet
  facet normal 0.000000e+00 0.000000e+00 -1.000000e+00
    outer loop
      vertex   3.137510e+01 -8.721968e+01 -5.990000e+00
      vertex   2.856200e+01 -8.456840e+01 -5.990000e+00
      vertex   3.361240e+01 -8.694970e+01 -5.990000e+00
    endloop
  endfacet
  facet normal 0.000000e+00 0.000000e+00 -1.000000e+00
    outer loop
      vertex   3.137510e+01 -8.721968e+01 -5.990000e+00
      vertex   3.361240e+01 -8.694970e+01 -5.990000e+00
      vertex   3.164040e+01 -8.732957e+01 -5.990000e+00
    endloop
  endfacet
  facet normal 0.000000e+00 0.000000e+00 -1.000000e+00
    outer loop
      vertex   3.164040e+01 -8.732957e+01 -5.990000e+00
      vertex   3.361240e+01 -8.694970e+01 -5.990000e+00
      vertex   3.186821e+01 -8.750438e+01 -5.990000e+00
    endloop
  endfacet
  facet normal 0.000000e+00 0.000000e+00 -1.000000e+00
    outer loop
      vertex   3.186821e+01 -8.750438e+01 -5.990000e+00
      vertex   3.361240e+01 -8.694970e+01 -5.990000e+00
      vertex   3.204302e+01 -8.773220e+01 -5.990000e+00
    endloop
  endfacet
  facet normal 0.000000e+00 0.000000e+00 -1.000000e+00
    outer loop
      vertex   3.204302e+01 -8.773220e+01 -5.990000e+00
      vertex   3.361240e+01 -8.694970e+01 -5.990000e+00
      vertex   3.215291e+01 -8.799750e+01 -5.990000e+00
    endloop
  endfacet
  facet normal 0.000000e+00 0.000000e+00 -1.000000e+00
    outer loop
      vertex   3.215291e+01 -8.799750e+01 -5.990000e+00
      vertex   3.361240e+01 -8.694970e+01 -5.990000e+00
      vertex   3.219040e+01 -8.828220e+01 -5.990000e+00
    endloop
  endfacet
  facet normal 0.000000e+00 -0.000000e+00 -1.000000e+00
    outer loop
      vertex   3.219040e+01 -8.828220e+01 -5.990000e+00
      vertex   3.361240e+01 -8.694970e+01 -5.990000e+00
      vertex   3.215291e+01 -8.856690e+01 -5.990000e+00
    endloop
  endfacet
  facet normal 0.000000e+00 0.000000e+00 -1.000000e+00
    outer loop
      vertex   3.215291e+01 -8.856690e+01 -5.990000e+00
      vertex   3.361240e+01 -8.694970e+01 -5.990000e+00
      vertex   3.361240e+01 -9.200010e+01 -5.990000e+00
    endloop
  endfacet
  facet normal 0.000000e+00 -0.000000e+00 -1.000000e+00
    outer loop
      vertex   3.215291e+01 -8.856690e+01 -5.990000e+00
      vertex   3.361240e+01 -9.200010e+01 -5.990000e+00
      vertex   3.204302e+01 -8.883220e+01 -5.990000e+00
    endloop
  endfacet
  facet normal 0.000000e+00 -0.000000e+00 -1.000000e+00
    outer loop
      vertex   3.204302e+01 -8.883220e+01 -5.990000e+00
      vertex   3.361240e+01 -9.200010e+01 -5.990000e+00
      vertex   3.186821e+01 -8.906002e+01 -5.990000e+00
    endloop
  endfacet
  facet normal 0.000000e+00 -0.000000e+00 -1.000000e+00
    outer loop
      vertex   3.186821e+01 -8.906002e+01 -5.990000e+00
      vertex   3.361240e+01 -9.200010e+01 -5.990000e+00
      vertex   3.164040e+01 -8.923483e+01 -5.990000e+00
    endloop
  endfacet
  facet normal 0.000000e+00 -0.000000e+00 -1.000000e+00
    outer loop
      vertex   3.164040e+01 -8.923483e+01 -5.990000e+00
      vertex   3.361240e+01 -9.200010e+01 -5.990000e+00
      vertex   3.137510e+01 -8.934472e+01 -5.990000e+00
    endloop
  endfacet
  facet normal 0.000000e+00 -0.000000e+00 -1.000000e+00
    outer loop
      vertex   3.137510e+01 -8.934472e+01 -5.990000e+00
      vertex   3.361240e+01 -9.200010e+01 -5.990000e+00
      vertex   3.109040e+01 -8.938220e+01 -5.990000e+00
    endloop
  endfacet
  facet normal -0.000000e+00 -0.000000e+00 -1.000000e+00
    outer loop
      vertex   3.109040e+01 -8.938220e+01 -5.990000e+00
      vertex   3.361240e+01 -9.200010e+01 -5.990000e+00
      vertex   3.080570e+01 -8.934472e+01 -5.990000e+00
    endloop
  endfacet
  facet normal 0.000000e+00 -0.000000e+00 -1.000000e+00
    outer loop
      vertex   3.080570e+01 -8.934472e+01 -5.990000e+00
      vertex   3.361240e+01 -9.200010e+01 -5.990000e+00
      vertex   2.856200e+01 -8.961880e+01 -5.990000e+00
    endloop
  endfacet
  facet normal -0.000000e+00 0.000000e+00 -1.000000e+00
    outer loop
      vertex   3.080570e+01 -8.934472e+01 -5.990000e+00
      vertex   2.856200e+01 -8.961880e+01 -5.990000e+00
      vertex   3.054040e+01 -8.923483e+01 -5.990000e+00
    endloop
  endfacet
  facet normal -0.000000e+00 0.000000e+00 -1.000000e+00
    outer loop
      vertex   3.054040e+01 -8.923483e+01 -5.990000e+00
      vertex   2.856200e+01 -8.961880e+01 -5.990000e+00
      vertex   3.031258e+01 -8.906002e+01 -5.990000e+00
    endloop
  endfacet
  facet normal -0.000000e+00 0.000000e+00 -1.000000e+00
    outer loop
      vertex   3.031258e+01 -8.906002e+01 -5.990000e+00
      vertex   2.856200e+01 -8.961880e+01 -5.990000e+00
      vertex   3.013777e+01 -8.883220e+01 -5.990000e+00
    endloop
  endfacet
  facet normal -0.000000e+00 0.000000e+00 -1.000000e+00
    outer loop
      vertex   3.013777e+01 -8.883220e+01 -5.990000e+00
      vertex   2.856200e+01 -8.961880e+01 -5.990000e+00
      vertex   3.002788e+01 -8.856690e+01 -5.990000e+00
    endloop
  endfacet
  facet normal -0.000000e+00 0.000000e+00 -1.000000e+00
    outer loop
      vertex   3.002788e+01 -8.856690e+01 -5.990000e+00
      vertex   2.856200e+01 -8.961880e+01 -5.990000e+00
      vertex   2.999040e+01 -8.828220e+01 -5.990000e+00
    endloop
  endfacet
  facet normal -0.000000e+00 0.000000e+00 -1.000000e+00
    outer loop
      vertex   2.999040e+01 -8.828220e+01 -5.990000e+00
      vertex   2.856200e+01 -8.961880e+01 -5.990000e+00
      vertex   3.002788e+01 -8.799750e+01 -5.990000e+00
    endloop
  endfacet
  facet normal -1.758631e-16 0.000000e+00 -1.000000e+00
    outer loop
      vertex   1.456199e+01 -1.036188e+02 -5.990000e+00
      vertex   9.511596e+00 -9.647490e+01 -5.990000e+00
      vertex   1.456199e+01 -8.961880e+01 -5.990000e+00
    endloop
  endfacet
  facet normal -1.758631e-16 0.000000e+00 -1.000000e+00
    outer loop
      vertex   1.456199e+01 -8.961880e+01 -5.990000e+00
      vertex   9.511596e+00 -9.647490e+01 -5.990000e+00
      vertex   9.511596e+00 -8.247490e+01 -5.990000e+00
    endloop
  endfacet
  facet normal -1.758630e-16 6.964316e-23 -1.000000e+00
    outer loop
      vertex   1.456199e+01 -8.961880e+01 -5.990000e+00
      vertex   9.511596e+00 -8.247490e+01 -5.990000e+00
      vertex   1.456200e+01 -8.456840e+01 -5.990000e+00
    endloop
  endfacet
  facet normal -1.758630e-16 0.000000e+00 -1.000000e+00
    outer loop
      vertex   1.456200e+01 -8.456840e+01 -5.990000e+00
      vertex   9.511596e+00 -8.247490e+01 -5.990000e+00
      vertex   9.511596e+00 -7.742450e+01 -5.990000e+00
    endloop
  endfacet
  facet normal -1.758630e-16 0.000000e+00 -1.000000e+00
    outer loop
      vertex   1.456200e+01 -8.456840e+01 -5.990000e+00
      vertex   9.511596e+00 -7.742450e+01 -5.990000e+00
      vertex   1.456200e+01 -7.056840e+01 -5.990000e+00
    endloop
  endfacet
  facet normal -1.758630e-16 0.000000e+00 -1.000000e+00
    outer loop
      vertex   1.456200e+01 -7.056840e+01 -5.990000e+00
      vertex   9.511596e+00 -7.742450e+01 -5.990000e+00
      vertex   9.511596e+00 -6.342450e+01 -5.990000e+00
    endloop
  endfacet
  facet normal -1.903239e-16 -1.022322e-17 -1.000000e+00
    outer loop
      vertex   1.456200e+01 -7.056840e+01 -5.990000e+00
      vertex   9.511596e+00 -6.342450e+01 -5.990000e+00
      vertex   2.856200e+01 -7.056840e+01 -5.990000e+00
    endloop
  endfacet
  facet normal 0.000000e+00 0.000000e+00 -1.000000e+00
    outer loop
      vertex   3.361240e+01 -1.060001e+02 -5.990000e+00
      vertex   2.856200e+01 -1.036188e+02 -5.990000e+00
      vertex   3.361240e+01 -9.200010e+01 -5.990000e+00
    endloop
  endfacet
  facet normal -0.000000e+00 0.000000e+00 -1.000000e+00
    outer loop
      vertex   3.361240e+01 -9.200010e+01 -5.990000e+00
      vertex   2.856200e+01 -1.036188e+02 -5.990000e+00
      vertex   2.856200e+01 -8.961880e+01 -5.990000e+00
    endloop
  endfacet
  facet normal -1.758630e-16 0.000000e+00 -1.000000e+00
    outer loop
      vertex   -3.811440e+01 -1.417196e+02 -5.990000e+00
      vertex   -3.811440e+01 -1.277196e+02 -5.990000e+00
      vertex   -3.306400e+01 -1.369570e+02 -5.990000e+00
    endloop
  endfacet
  facet normal -1.268826e-16 -1.222334e-16 -1.000000e+00
    outer loop
      vertex   -5.211440e+01 -1.277196e+02 -5.990000e+00
      vertex   -4.182091e+01 -1.238721e+02 -5.990000e+00
      vertex   -3.811440e+01 -1.277196e+02 -5.990000e+00
    endloop
  endfacet
  facet normal 0.000000e+00 0.000000e+00 -1.000000e+00
    outer loop
      vertex   -3.811440e+01 -1.277196e+02 -5.990000e+00
      vertex   -4.182091e+01 -1.238721e+02 -5.990000e+00
      vertex   -4.153620e+01 -1.239096e+02 -5.990000e+00
    endloop
  endfacet
  facet normal 0.000000e+00 0.000000e+00 -1.000000e+00
    outer loop
      vertex   -3.811440e+01 -1.277196e+02 -5.990000e+00
      vertex   -4.153620e+01 -1.239096e+02 -5.990000e+00
      vertex   -4.125150e+01 -1.238721e+02 -5.990000e+00
    endloop
  endfacet
  facet normal -1.268826e-16 -0.000000e+00 -1.000000e+00
    outer loop
      vertex   3.361240e+01 -8.694970e+01 -5.990000e+00
      vertex   4.761240e+01 -8.694970e+01 -5.990000e+00
      vertex   3.361240e+01 -9.200010e+01 -5.990000e+00
    endloop
  endfacet
  facet normal -1.268826e-16 3.570231e-31 -1.000000e+00
    outer loop
      vertex   3.361240e+01 -9.200010e+01 -5.990000e+00
      vertex   4.761240e+01 -8.694970e+01 -5.990000e+00
      vertex   4.761240e+01 -9.200010e+01 -5.990000e+00
    endloop
  endfacet
  facet normal 0.000000e+00 0.000000e+00 -1.000000e+00
    outer loop
      vertex   2.856200e+01 -7.056840e+01 -5.990000e+00
      vertex   3.361240e+01 -7.294970e+01 -5.990000e+00
      vertex   2.856200e+01 -8.456840e+01 -5.990000e+00
    endloop
  endfacet
  facet normal 0.000000e+00 0.000000e+00 -1.000000e+00
    outer loop
      vertex   2.856200e+01 -8.456840e+01 -5.990000e+00
      vertex   3.361240e+01 -7.294970e+01 -5.990000e+00
      vertex   3.361240e+01 -8.694970e+01 -5.990000e+00
    endloop
  endfacet
  facet normal -8.965668e-15 5.059025e-15 -1.000000e+00
    outer loop
      vertex   -4.405169e+01 -8.204650e+01 -5.990000e+00
      vertex   -4.258921e+01 -7.980580e+01 -5.990000e+00
      vertex   -4.401420e+01 -8.233120e+01 -5.990000e+00
    endloop
  endfacet
  facet normal 0.000000e+00 0.000000e+00 -1.000000e+00
    outer loop
      vertex   -4.401420e+01 -8.233120e+01 -5.990000e+00
      vertex   -4.258921e+01 -7.980580e+01 -5.990000e+00
      vertex   -4.258920e+01 -8.485620e+01 -5.990000e+00
    endloop
  endfacet
  facet normal -8.964503e-15 -5.059179e-15 -1.000000e+00
    outer loop
      vertex   -4.401420e+01 -8.233120e+01 -5.990000e+00
      vertex   -4.258920e+01 -8.485620e+01 -5.990000e+00
      vertex   -4.405169e+01 -8.261590e+01 -5.990000e+00
    endloop
  endfacet
  facet normal -7.431072e-16 3.078051e-16 -1.000000e+00
    outer loop
      vertex   -4.405169e+01 -8.261590e+01 -5.990000e+00
      vertex   -4.258920e+01 -8.485620e+01 -5.990000e+00
      vertex   -4.416158e+01 -8.288120e+01 -5.990000e+00
    endloop
  endfacet
  facet normal -5.752742e-16 4.414234e-16 -1.000000e+00
    outer loop
      vertex   -4.416158e+01 -8.288120e+01 -5.990000e+00
      vertex   -4.258920e+01 -8.485620e+01 -5.990000e+00
      vertex   -4.433639e+01 -8.310902e+01 -5.990000e+00
    endloop
  endfacet
  facet normal -4.414234e-16 5.752742e-16 -1.000000e+00
    outer loop
      vertex   -4.433639e+01 -8.310902e+01 -5.990000e+00
      vertex   -4.258920e+01 -8.485620e+01 -5.990000e+00
      vertex   -4.456420e+01 -8.328383e+01 -5.990000e+00
    endloop
  endfacet
  facet normal -3.078052e-16 7.431074e-16 -1.000000e+00
    outer loop
      vertex   -4.456420e+01 -8.328383e+01 -5.990000e+00
      vertex   -4.258920e+01 -8.485620e+01 -5.990000e+00
      vertex   -4.482950e+01 -8.339372e+01 -5.990000e+00
    endloop
  endfacet
  facet normal -1.330709e-16 1.010774e-15 -1.000000e+00
    outer loop
      vertex   -4.482950e+01 -8.339372e+01 -5.990000e+00
      vertex   -4.258920e+01 -8.485620e+01 -5.990000e+00
      vertex   -4.511420e+01 -8.343120e+01 -5.990000e+00
    endloop
  endfacet
  facet normal -3.122152e-16 6.933425e-16 -1.000000e+00
    outer loop
      vertex   -4.511420e+01 -8.343120e+01 -5.990000e+00
      vertex   -4.258920e+01 -8.485620e+01 -5.990000e+00
      vertex   -4.763960e+01 -8.456840e+01 -5.990000e+00
    endloop
  endfacet
  facet normal -0.000000e+00 0.000000e+00 -1.000000e+00
    outer loop
      vertex   -4.511420e+01 -8.343120e+01 -5.990000e+00
      vertex   -4.763960e+01 -8.456840e+01 -5.990000e+00
      vertex   -4.539891e+01 -8.339372e+01 -5.990000e+00
    endloop
  endfacet
  facet normal -0.000000e+00 0.000000e+00 -1.000000e+00
    outer loop
      vertex   -4.539891e+01 -8.339372e+01 -5.990000e+00
      vertex   -4.763960e+01 -8.456840e+01 -5.990000e+00
      vertex   -4.566420e+01 -8.328383e+01 -5.990000e+00
    endloop
  endfacet
  facet normal -0.000000e+00 0.000000e+00 -1.000000e+00
    outer loop
      vertex   -4.566420e+01 -8.328383e+01 -5.990000e+00
      vertex   -4.763960e+01 -8.456840e+01 -5.990000e+00
      vertex   -4.589202e+01 -8.310902e+01 -5.990000e+00
    endloop
  endfacet
  facet normal -0.000000e+00 0.000000e+00 -1.000000e+00
    outer loop
      vertex   -4.589202e+01 -8.310902e+01 -5.990000e+00
      vertex   -4.763960e+01 -8.456840e+01 -5.990000e+00
      vertex   -4.606683e+01 -8.288120e+01 -5.990000e+00
    endloop
  endfacet
  facet normal -0.000000e+00 0.000000e+00 -1.000000e+00
    outer loop
      vertex   -4.606683e+01 -8.288120e+01 -5.990000e+00
      vertex   -4.763960e+01 -8.456840e+01 -5.990000e+00
      vertex   -4.617672e+01 -8.261590e+01 -5.990000e+00
    endloop
  endfacet
  facet normal -0.000000e+00 0.000000e+00 -1.000000e+00
    outer loop
      vertex   -4.617672e+01 -8.261590e+01 -5.990000e+00
      vertex   -4.763960e+01 -8.456840e+01 -5.990000e+00
      vertex   -4.621420e+01 -8.233120e+01 -5.990000e+00
    endloop
  endfacet
  facet normal -0.000000e+00 0.000000e+00 -1.000000e+00
    outer loop
      vertex   -4.621420e+01 -8.233120e+01 -5.990000e+00
      vertex   -4.763960e+01 -8.456840e+01 -5.990000e+00
      vertex   -4.617672e+01 -8.204650e+01 -5.990000e+00
    endloop
  endfacet
  facet normal -0.000000e+00 0.000000e+00 -1.000000e+00
    outer loop
      vertex   -4.617672e+01 -8.204650e+01 -5.990000e+00
      vertex   -4.763960e+01 -8.456840e+01 -5.990000e+00
      vertex   -4.606683e+01 -8.178120e+01 -5.990000e+00
    endloop
  endfacet
  facet normal -0.000000e+00 0.000000e+00 -1.000000e+00
    outer loop
      vertex   -4.606683e+01 -8.178120e+01 -5.990000e+00
      vertex   -4.763960e+01 -8.456840e+01 -5.990000e+00
      vertex   -4.763960e+01 -7.056840e+01 -5.990000e+00
    endloop
  endfacet
  facet normal 0.000000e+00 0.000000e+00 -1.000000e+00
    outer loop
      vertex   -4.606683e+01 -8.178120e+01 -5.990000e+00
      vertex   -4.763960e+01 -7.056840e+01 -5.990000e+00
      vertex   -4.589202e+01 -8.155338e+01 -5.990000e+00
    endloop
  endfacet
  facet normal 0.000000e+00 0.000000e+00 -1.000000e+00
    outer loop
      vertex   -4.589202e+01 -8.155338e+01 -5.990000e+00
      vertex   -4.763960e+01 -7.056840e+01 -5.990000e+00
      vertex   -4.566420e+01 -8.137857e+01 -5.990000e+00
    endloop
  endfacet
  facet normal 0.000000e+00 0.000000e+00 -1.000000e+00
    outer loop
      vertex   -4.566420e+01 -8.137857e+01 -5.990000e+00
      vertex   -4.763960e+01 -7.056840e+01 -5.990000e+00
      vertex   -4.539891e+01 -8.126868e+01 -5.990000e+00
    endloop
  endfacet
  facet normal -5.700695e-16 -1.193757e-16 -1.000000e+00
    outer loop
      vertex   -4.539891e+01 -8.126868e+01 -5.990000e+00
      vertex   -4.763960e+01 -7.056840e+01 -5.990000e+00
      vertex   -4.258921e+01 -7.980580e+01 -5.990000e+00
    endloop
  endfacet
  facet normal 2.139674e-16 -1.625244e-15 -1.000000e+00
    outer loop
      vertex   -4.539891e+01 -8.126868e+01 -5.990000e+00
      vertex   -4.258921e+01 -7.980580e+01 -5.990000e+00
      vertex   -4.511420e+01 -8.123120e+01 -5.990000e+00
    endloop
  endfacet
  facet normal -1.330406e-16 -1.010543e-15 -1.000000e+00
    outer loop
      vertex   -4.511420e+01 -8.123120e+01 -5.990000e+00
      vertex   -4.258921e+01 -7.980580e+01 -5.990000e+00
      vertex   -4.482950e+01 -8.126868e+01 -5.990000e+00
    endloop
  endfacet
  facet normal -3.077536e-16 -7.429830e-16 -1.000000e+00
    outer loop
      vertex   -4.482950e+01 -8.126868e+01 -5.990000e+00
      vertex   -4.258921e+01 -7.980580e+01 -5.990000e+00
      vertex   -4.456420e+01 -8.137857e+01 -5.990000e+00
    endloop
  endfacet
  facet normal -4.413663e-16 -5.751998e-16 -1.000000e+00
    outer loop
      vertex   -4.456420e+01 -8.137857e+01 -5.990000e+00
      vertex   -4.258921e+01 -7.980580e+01 -5.990000e+00
      vertex   -4.433639e+01 -8.155338e+01 -5.990000e+00
    endloop
  endfacet
  facet normal -5.752172e-16 -4.413797e-16 -1.000000e+00
    outer loop
      vertex   -4.433639e+01 -8.155338e+01 -5.990000e+00
      vertex   -4.258921e+01 -7.980580e+01 -5.990000e+00
      vertex   -4.416158e+01 -8.178120e+01 -5.990000e+00
    endloop
  endfacet
  facet normal -7.430562e-16 -3.077840e-16 -1.000000e+00
    outer loop
      vertex   -4.416158e+01 -8.178120e+01 -5.990000e+00
      vertex   -4.258921e+01 -7.980580e+01 -5.990000e+00
      vertex   -4.405169e+01 -8.204650e+01 -5.990000e+00
    endloop
  endfacet
  facet normal -1.268827e-16 0.000000e+00 -1.000000e+00
    outer loop
      vertex   -2.353880e+01 -7.771230e+01 -5.990000e+00
      vertex   -9.538806e+00 -7.266190e+01 -5.990000e+00
      vertex   -9.538806e+00 -7.771230e+01 -5.990000e+00
    endloop
  endfacet
  facet normal -6.211034e-16 0.000000e+00 -1.000000e+00
    outer loop
      vertex   -9.538806e+00 -7.771230e+01 -5.990000e+00
      vertex   -9.538806e+00 -7.266190e+01 -5.990000e+00
      vertex   -8.108805e+00 -7.518560e+01 -5.990000e+00
    endloop
  endfacet
  facet normal -5.038888e-16 -6.633822e-17 -1.000000e+00
    outer loop
      vertex   -9.538806e+00 -7.771230e+01 -5.990000e+00
      vertex   -8.108805e+00 -7.518560e+01 -5.990000e+00
      vertex   -8.071323e+00 -7.547030e+01 -5.990000e+00
    endloop
  endfacet
  facet normal -6.344132e-17 -1.338837e-30 -1.000000e+00
    outer loop
      vertex   -6.163960e+01 -8.456840e+01 -5.990000e+00
      vertex   -4.763960e+01 -8.456840e+01 -5.990000e+00
      vertex   -6.163960e+01 -8.961880e+01 -5.990000e+00
    endloop
  endfacet
  facet normal -6.344132e-17 0.000000e+00 -1.000000e+00
    outer loop
      vertex   -6.163960e+01 -8.961880e+01 -5.990000e+00
      vertex   -4.763960e+01 -8.456840e+01 -5.990000e+00
      vertex   -4.763960e+01 -8.961880e+01 -5.990000e+00
    endloop
  endfacet
  facet normal -3.517259e-16 0.000000e+00 -1.000000e+00
    outer loop
      vertex   -4.763960e+01 -8.961880e+01 -5.990000e+00
      vertex   -4.763960e+01 -8.456840e+01 -5.990000e+00
      vertex   -4.258920e+01 -8.485620e+01 -5.990000e+00
    endloop
  endfacet
  facet normal -3.517259e-16 0.000000e+00 -1.000000e+00
    outer loop
      vertex   -4.763960e+01 -8.961880e+01 -5.990000e+00
      vertex   -4.258920e+01 -8.485620e+01 -5.990000e+00
      vertex   -4.258920e+01 -9.885620e+01 -5.990000e+00
    endloop
  endfacet
  facet normal -1.268826e-16 -1.004931e-22 -1.000000e+00
    outer loop
      vertex   -2.353881e+01 -7.266190e+01 -5.990000e+00
      vertex   -9.538806e+00 -7.266190e+01 -5.990000e+00
      vertex   -2.353880e+01 -7.771230e+01 -5.990000e+00
    endloop
  endfacet
  facet normal -1.201604e-16 1.581942e-17 -1.000000e+00
    outer loop
      vertex   -4.047369e+01 -1.230943e+02 -5.990000e+00
      vertex   -4.043620e+01 -1.228096e+02 -5.990000e+00
      vertex   -3.306400e+01 -1.229570e+02 -5.990000e+00
    endloop
  endfacet
  facet normal -1.207947e-16 -1.590292e-17 -1.000000e+00
    outer loop
      vertex   -3.306400e+01 -1.229570e+02 -5.990000e+00
      vertex   -4.043620e+01 -1.228096e+02 -5.990000e+00
      vertex   -4.047369e+01 -1.225249e+02 -5.990000e+00
    endloop
  endfacet
  facet normal -1.228344e-16 -5.087966e-17 -1.000000e+00
    outer loop
      vertex   -3.306400e+01 -1.229570e+02 -5.990000e+00
      vertex   -4.047369e+01 -1.225249e+02 -5.990000e+00
      vertex   -4.058358e+01 -1.222596e+02 -5.990000e+00
    endloop
  endfacet
  facet normal -1.271653e-16 -9.757740e-17 -1.000000e+00
    outer loop
      vertex   -4.058358e+01 -1.222596e+02 -5.990000e+00
      vertex   -4.075839e+01 -1.220318e+02 -5.990000e+00
      vertex   -3.306400e+01 -1.229570e+02 -5.990000e+00
    endloop
  endfacet
  facet normal -1.368826e-16 -1.783889e-16 -1.000000e+00
    outer loop
      vertex   -3.306400e+01 -1.229570e+02 -5.990000e+00
      vertex   -4.075839e+01 -1.220318e+02 -5.990000e+00
      vertex   -4.098620e+01 -1.218570e+02 -5.990000e+00
    endloop
  endfacet
  facet normal -0.000000e+00 0.000000e+00 -1.000000e+00
    outer loop
      vertex   -4.153620e+01 -1.217096e+02 -5.990000e+00
      vertex   -4.182091e+01 -1.217471e+02 -5.990000e+00
      vertex   -4.258920e+01 -1.179066e+02 -5.990000e+00
    endloop
  endfacet
  facet normal 0.000000e+00 0.000000e+00 -1.000000e+00
    outer loop
      vertex   -4.258920e+01 -1.179066e+02 -5.990000e+00
      vertex   -4.182091e+01 -1.217471e+02 -5.990000e+00
      vertex   -4.208620e+01 -1.218570e+02 -5.990000e+00
    endloop
  endfacet
  facet normal 0.000000e+00 0.000000e+00 -1.000000e+00
    outer loop
      vertex   -4.258920e+01 -1.179066e+02 -5.990000e+00
      vertex   -4.208620e+01 -1.218570e+02 -5.990000e+00
      vertex   -4.231402e+01 -1.220318e+02 -5.990000e+00
    endloop
  endfacet
  facet normal -3.309096e-16 -2.207423e-17 -1.000000e+00
    outer loop
      vertex   -4.258920e+01 -1.179066e+02 -5.990000e+00
      vertex   -4.231402e+01 -1.220318e+02 -5.990000e+00
      vertex   -4.763960e+01 -1.226692e+02 -5.990000e+00
    endloop
  endfacet
  facet normal -3.672834e-16 2.818265e-16 -1.000000e+00
    outer loop
      vertex   -4.763960e+01 -1.226692e+02 -5.990000e+00
      vertex   -4.231402e+01 -1.220318e+02 -5.990000e+00
      vertex   -4.248883e+01 -1.222596e+02 -5.990000e+00
    endloop
  endfacet
  facet normal -3.566187e-16 1.477163e-16 -1.000000e+00
    outer loop
      vertex   -4.763960e+01 -1.226692e+02 -5.990000e+00
      vertex   -4.248883e+01 -1.222596e+02 -5.990000e+00
      vertex   -4.259872e+01 -1.225249e+02 -5.990000e+00
    endloop
  endfacet
  facet normal -3.537232e-16 4.656854e-17 -1.000000e+00
    outer loop
      vertex   -4.259872e+01 -1.225249e+02 -5.990000e+00
      vertex   -4.263620e+01 -1.228096e+02 -5.990000e+00
      vertex   -4.763960e+01 -1.226692e+02 -5.990000e+00
    endloop
  endfacet
  facet normal -3.563464e-16 -4.691389e-17 -1.000000e+00
    outer loop
      vertex   -4.763960e+01 -1.226692e+02 -5.990000e+00
      vertex   -4.263620e+01 -1.228096e+02 -5.990000e+00
      vertex   -4.259872e+01 -1.230943e+02 -5.990000e+00
    endloop
  endfacet
  facet normal -3.651449e-16 -1.512480e-16 -1.000000e+00
    outer loop
      vertex   -4.763960e+01 -1.226692e+02 -5.990000e+00
      vertex   -4.259872e+01 -1.230943e+02 -5.990000e+00
      vertex   -4.248883e+01 -1.233596e+02 -5.990000e+00
    endloop
  endfacet
  facet normal -3.844088e-16 -2.949672e-16 -1.000000e+00
    outer loop
      vertex   -4.248883e+01 -1.233596e+02 -5.990000e+00
      vertex   -4.231402e+01 -1.235874e+02 -5.990000e+00
      vertex   -4.763960e+01 -1.226692e+02 -5.990000e+00
    endloop
  endfacet
  facet normal -4.302211e-16 -5.606750e-16 -1.000000e+00
    outer loop
      vertex   -4.763960e+01 -1.226692e+02 -5.990000e+00
      vertex   -4.231402e+01 -1.235874e+02 -5.990000e+00
      vertex   -4.208620e+01 -1.237622e+02 -5.990000e+00
    endloop
  endfacet
  facet normal -2.723700e-16 2.413276e-16 -1.000000e+00
    outer loop
      vertex   -4.763960e+01 -1.226692e+02 -5.990000e+00
      vertex   -4.208620e+01 -1.237622e+02 -5.990000e+00
      vertex   -5.211440e+01 -1.277196e+02 -5.990000e+00
    endloop
  endfacet
  facet normal -9.071310e-17 -2.190008e-16 -1.000000e+00
    outer loop
      vertex   -5.211440e+01 -1.277196e+02 -5.990000e+00
      vertex   -4.208620e+01 -1.237622e+02 -5.990000e+00
      vertex   -4.182091e+01 -1.238721e+02 -5.990000e+00
    endloop
  endfacet
  facet normal 0.000000e+00 0.000000e+00 -1.000000e+00
    outer loop
      vertex   -4.125150e+01 -1.238721e+02 -5.990000e+00
      vertex   -4.098620e+01 -1.237622e+02 -5.990000e+00
      vertex   -3.811440e+01 -1.277196e+02 -5.990000e+00
    endloop
  endfacet
  facet normal 0.000000e+00 0.000000e+00 -1.000000e+00
    outer loop
      vertex   -3.811440e+01 -1.277196e+02 -5.990000e+00
      vertex   -4.098620e+01 -1.237622e+02 -5.990000e+00
      vertex   -4.075839e+01 -1.235874e+02 -5.990000e+00
    endloop
  endfacet
  facet normal 0.000000e+00 0.000000e+00 -1.000000e+00
    outer loop
      vertex   -3.811440e+01 -1.277196e+02 -5.990000e+00
      vertex   -4.075839e+01 -1.235874e+02 -5.990000e+00
      vertex   -4.058358e+01 -1.233596e+02 -5.990000e+00
    endloop
  endfacet
  facet normal -6.344131e-17 2.512329e-23 -1.000000e+00
    outer loop
      vertex   -4.488406e+00 -8.247490e+01 -5.990000e+00
      vertex   -4.488404e+00 -7.742450e+01 -5.990000e+00
      vertex   9.511596e+00 -8.247490e+01 -5.990000e+00
    endloop
  endfacet
  facet normal -6.344132e-17 0.000000e+00 -1.000000e+00
    outer loop
      vertex   9.511596e+00 -8.247490e+01 -5.990000e+00
      vertex   -4.488404e+00 -7.742450e+01 -5.990000e+00
      vertex   9.511596e+00 -7.742450e+01 -5.990000e+00
    endloop
  endfacet
  facet normal 0.000000e+00 0.000000e+00 -1.000000e+00
    outer loop
      vertex   -4.488404e+00 -7.742450e+01 -5.990000e+00
      vertex   -6.056177e+00 -7.463560e+01 -5.990000e+00
      vertex   -4.488404e+00 -6.342450e+01 -5.990000e+00
    endloop
  endfacet
  facet normal 0.000000e+00 0.000000e+00 -1.000000e+00
    outer loop
      vertex   -4.488404e+00 -6.342450e+01 -5.990000e+00
      vertex   -6.056177e+00 -7.463560e+01 -5.990000e+00
      vertex   -6.230988e+00 -7.440778e+01 -5.990000e+00
    endloop
  endfacet
  facet normal 0.000000e+00 0.000000e+00 -1.000000e+00
    outer loop
      vertex   -4.488404e+00 -6.342450e+01 -5.990000e+00
      vertex   -6.230988e+00 -7.440778e+01 -5.990000e+00
      vertex   -6.458805e+00 -7.423297e+01 -5.990000e+00
    endloop
  endfacet
  facet normal -6.344131e-17 -2.512329e-23 -1.000000e+00
    outer loop
      vertex   -4.488406e+00 -9.647490e+01 -5.990000e+00
      vertex   9.511596e+00 -9.647490e+01 -5.990000e+00
      vertex   -4.488404e+00 -1.015253e+02 -5.990000e+00
    endloop
  endfacet
  facet normal -6.344132e-17 -2.231397e-31 -1.000000e+00
    outer loop
      vertex   -4.488404e+00 -1.015253e+02 -5.990000e+00
      vertex   9.511596e+00 -9.647490e+01 -5.990000e+00
      vertex   9.511596e+00 -1.015253e+02 -5.990000e+00
    endloop
  endfacet
  facet normal -1.758631e-16 -6.185563e-31 -1.000000e+00
    outer loop
      vertex   9.511596e+00 -1.015253e+02 -5.990000e+00
      vertex   9.511596e+00 -9.647490e+01 -5.990000e+00
      vertex   1.456199e+01 -1.036188e+02 -5.990000e+00
    endloop
  endfacet
  facet normal -6.344132e-17 0.000000e+00 -1.000000e+00
    outer loop
      vertex   -6.163960e+01 -1.086692e+02 -5.990000e+00
      vertex   -6.163960e+01 -1.036188e+02 -5.990000e+00
      vertex   -4.763960e+01 -1.086692e+02 -5.990000e+00
    endloop
  endfacet
  facet normal -6.344132e-17 0.000000e+00 -1.000000e+00
    outer loop
      vertex   -4.763960e+01 -1.086692e+02 -5.990000e+00
      vertex   -6.163960e+01 -1.036188e+02 -5.990000e+00
      vertex   -4.763960e+01 -1.036188e+02 -5.990000e+00
    endloop
  endfacet
  facet normal -3.517259e-16 0.000000e+00 -1.000000e+00
    outer loop
      vertex   -4.763960e+01 -1.086692e+02 -5.990000e+00
      vertex   -4.763960e+01 -1.036188e+02 -5.990000e+00
      vertex   -4.258920e+01 -1.039066e+02 -5.990000e+00
    endloop
  endfacet
  facet normal -3.517259e-16 -1.484533e-30 -1.000000e+00
    outer loop
      vertex   -4.258920e+01 -1.039066e+02 -5.990000e+00
      vertex   -4.763960e+01 -1.036188e+02 -5.990000e+00
      vertex   -4.258920e+01 -9.885620e+01 -5.990000e+00
    endloop
  endfacet
  facet normal -6.344132e-17 -2.677674e-31 -1.000000e+00
    outer loop
      vertex   -4.258920e+01 -1.039066e+02 -5.990000e+00
      vertex   -4.258920e+01 -9.885620e+01 -5.990000e+00
      vertex   -2.858921e+01 -9.885620e+01 -5.990000e+00
    endloop
  endfacet
  facet normal -3.517259e-16 0.000000e+00 -1.000000e+00
    outer loop
      vertex   -4.763960e+01 -1.036188e+02 -5.990000e+00
      vertex   -4.763960e+01 -8.961880e+01 -5.990000e+00
      vertex   -4.258920e+01 -9.885620e+01 -5.990000e+00
    endloop
  endfacet
  facet normal -6.344132e-17 5.621082e-17 -1.000000e+00
    outer loop
      vertex   -6.163960e+01 -1.226692e+02 -5.990000e+00
      vertex   -4.763960e+01 -1.226692e+02 -5.990000e+00
      vertex   -5.211440e+01 -1.277196e+02 -5.990000e+00
    endloop
  endfacet
  facet normal -3.517259e-16 0.000000e+00 -1.000000e+00
    outer loop
      vertex   -4.763960e+01 -1.226692e+02 -5.990000e+00
      vertex   -4.763960e+01 -1.086692e+02 -5.990000e+00
      vertex   -4.258920e+01 -1.179066e+02 -5.990000e+00
    endloop
  endfacet
  facet normal -3.517259e-16 0.000000e+00 -1.000000e+00
    outer loop
      vertex   -4.258920e+01 -1.179066e+02 -5.990000e+00
      vertex   -4.763960e+01 -1.086692e+02 -5.990000e+00
      vertex   -4.258920e+01 -1.039066e+02 -5.990000e+00
    endloop
  endfacet
  facet normal -6.344132e-17 0.000000e+00 -1.000000e+00
    outer loop
      vertex   -2.858921e+01 -1.039066e+02 -5.990000e+00
      vertex   -4.258920e+01 -1.039066e+02 -5.990000e+00
      vertex   -2.858921e+01 -9.885620e+01 -5.990000e+00
    endloop
  endfacet
  facet normal -6.344132e-17 -2.512328e-23 -1.000000e+00
    outer loop
      vertex   -4.258921e+01 -7.980580e+01 -5.990000e+00
      vertex   -2.858921e+01 -7.980580e+01 -5.990000e+00
      vertex   -4.258920e+01 -8.485620e+01 -5.990000e+00
    endloop
  endfacet
  facet normal -6.344132e-17 0.000000e+00 -1.000000e+00
    outer loop
      vertex   -4.258920e+01 -8.485620e+01 -5.990000e+00
      vertex   -2.858921e+01 -7.980580e+01 -5.990000e+00
      vertex   -2.858921e+01 -8.485620e+01 -5.990000e+00
    endloop
  endfacet
  facet normal -3.517260e-16 -0.000000e+00 -1.000000e+00
    outer loop
      vertex   -4.258921e+01 -6.580580e+01 -5.990000e+00
      vertex   -4.258921e+01 -7.980580e+01 -5.990000e+00
      vertex   -4.763960e+01 -7.056840e+01 -5.990000e+00
    endloop
  endfacet
  facet normal -1.604095e-16 -4.227821e-17 -1.000000e+00
    outer loop
      vertex   -8.662625e+01 -1.373585e+02 -5.990000e+00
      vertex   -8.000832e+01 -1.414599e+02 -5.990000e+00
      vertex   -7.815213e+01 -1.485026e+02 -5.990000e+00
    endloop
  endfacet
  facet normal 0.000000e+00 0.000000e+00 -1.000000e+00
    outer loop
      vertex   -7.815213e+01 -1.485026e+02 -5.990000e+00
      vertex   -8.000832e+01 -1.414599e+02 -5.990000e+00
      vertex   -7.978050e+01 -1.416347e+02 -5.990000e+00
    endloop
  endfacet
  facet normal 0.000000e+00 0.000000e+00 -1.000000e+00
    outer loop
      vertex   -7.815213e+01 -1.485026e+02 -5.990000e+00
      vertex   -7.978050e+01 -1.416347e+02 -5.990000e+00
      vertex   -7.951520e+01 -1.417446e+02 -5.990000e+00
    endloop
  endfacet
  facet normal 0.000000e+00 0.000000e+00 -1.000000e+00
    outer loop
      vertex   -5.946287e+00 -7.547030e+01 -5.990000e+00
      vertex   -5.908805e+00 -7.518560e+01 -5.990000e+00
      vertex   -4.488404e+00 -7.742450e+01 -5.990000e+00
    endloop
  endfacet
  facet normal 0.000000e+00 0.000000e+00 -1.000000e+00
    outer loop
      vertex   -4.488404e+00 -7.742450e+01 -5.990000e+00
      vertex   -5.908805e+00 -7.518560e+01 -5.990000e+00
      vertex   -5.946287e+00 -7.490090e+01 -5.990000e+00
    endloop
  endfacet
  facet normal 0.000000e+00 0.000000e+00 -1.000000e+00
    outer loop
      vertex   -4.488404e+00 -7.742450e+01 -5.990000e+00
      vertex   -5.946287e+00 -7.490090e+01 -5.990000e+00
      vertex   -6.056177e+00 -7.463560e+01 -5.990000e+00
    endloop
  endfacet
  facet normal 0.000000e+00 0.000000e+00 -1.000000e+00
    outer loop
      vertex   -6.458805e+00 -7.423297e+01 -5.990000e+00
      vertex   -6.724104e+00 -7.412308e+01 -5.990000e+00
      vertex   -4.488404e+00 -6.342450e+01 -5.990000e+00
    endloop
  endfacet
  facet normal -6.655975e-17 5.055715e-16 -1.000000e+00
    outer loop
      vertex   -7.008805e+00 -7.408560e+01 -5.990000e+00
      vertex   -7.293506e+00 -7.412308e+01 -5.990000e+00
      vertex   -9.538806e+00 -7.266190e+01 -5.990000e+00
    endloop
  endfacet
  facet normal -1.538530e-16 3.714339e-16 -1.000000e+00
    outer loop
      vertex   -9.538806e+00 -7.266190e+01 -5.990000e+00
      vertex   -7.293506e+00 -7.412308e+01 -5.990000e+00
      vertex   -7.558805e+00 -7.423297e+01 -5.990000e+00
    endloop
  endfacet
  facet normal -2.205306e-16 2.874010e-16 -1.000000e+00
    outer loop
      vertex   -9.538806e+00 -7.266190e+01 -5.990000e+00
      vertex   -7.558805e+00 -7.423297e+01 -5.990000e+00
      vertex   -7.786622e+00 -7.440778e+01 -5.990000e+00
    endloop
  endfacet
  facet normal -2.872647e-16 2.204260e-16 -1.000000e+00
    outer loop
      vertex   -7.786622e+00 -7.440778e+01 -5.990000e+00
      vertex   -7.961433e+00 -7.463560e+01 -5.990000e+00
      vertex   -9.538806e+00 -7.266190e+01 -5.990000e+00
    endloop
  endfacet
  facet normal -3.708614e-16 1.536158e-16 -1.000000e+00
    outer loop
      vertex   -9.538806e+00 -7.266190e+01 -5.990000e+00
      vertex   -7.961433e+00 -7.463560e+01 -5.990000e+00
      vertex   -8.071323e+00 -7.490090e+01 -5.990000e+00
    endloop
  endfacet
  facet normal -5.040018e-16 6.635310e-17 -1.000000e+00
    outer loop
      vertex   -9.538806e+00 -7.266190e+01 -5.990000e+00
      vertex   -8.071323e+00 -7.490090e+01 -5.990000e+00
      vertex   -8.108805e+00 -7.518560e+01 -5.990000e+00
    endloop
  endfacet
  facet normal -3.706690e-16 -1.535361e-16 -1.000000e+00
    outer loop
      vertex   -8.071323e+00 -7.547030e+01 -5.990000e+00
      vertex   -7.961433e+00 -7.573560e+01 -5.990000e+00
      vertex   -9.538806e+00 -7.771230e+01 -5.990000e+00
    endloop
  endfacet
  facet normal -2.870509e-16 -2.202619e-16 -1.000000e+00
    outer loop
      vertex   -9.538806e+00 -7.771230e+01 -5.990000e+00
      vertex   -7.961433e+00 -7.573560e+01 -5.990000e+00
      vertex   -7.786622e+00 -7.596342e+01 -5.990000e+00
    endloop
  endfacet
  facet normal -2.203165e-16 -2.871221e-16 -1.000000e+00
    outer loop
      vertex   -9.538806e+00 -7.771230e+01 -5.990000e+00
      vertex   -7.786622e+00 -7.596342e+01 -5.990000e+00
      vertex   -7.558805e+00 -7.613823e+01 -5.990000e+00
    endloop
  endfacet
  facet normal -1.536600e-16 -3.709682e-16 -1.000000e+00
    outer loop
      vertex   -7.558805e+00 -7.613823e+01 -5.990000e+00
      vertex   -7.293506e+00 -7.624812e+01 -5.990000e+00
      vertex   -9.538806e+00 -7.771230e+01 -5.990000e+00
    endloop
  endfacet
  facet normal -6.644621e-17 -5.047091e-16 -1.000000e+00
    outer loop
      vertex   -9.538806e+00 -7.771230e+01 -5.990000e+00
      vertex   -7.293506e+00 -7.624812e+01 -5.990000e+00
      vertex   -7.008805e+00 -7.628560e+01 -5.990000e+00
    endloop
  endfacet
  facet normal 0.000000e+00 0.000000e+00 -1.000000e+00
    outer loop
      vertex   -6.724104e+00 -7.624812e+01 -5.990000e+00
      vertex   -6.458805e+00 -7.613823e+01 -5.990000e+00
      vertex   -4.488404e+00 -7.742450e+01 -5.990000e+00
    endloop
  endfacet
  facet normal 0.000000e+00 0.000000e+00 -1.000000e+00
    outer loop
      vertex   -4.488404e+00 -7.742450e+01 -5.990000e+00
      vertex   -6.458805e+00 -7.613823e+01 -5.990000e+00
      vertex   -6.230988e+00 -7.596342e+01 -5.990000e+00
    endloop
  endfacet
  facet normal 0.000000e+00 0.000000e+00 -1.000000e+00
    outer loop
      vertex   -4.488404e+00 -7.742450e+01 -5.990000e+00
      vertex   -6.230988e+00 -7.596342e+01 -5.990000e+00
      vertex   -6.056177e+00 -7.573560e+01 -5.990000e+00
    endloop
  endfacet
  facet normal 0.000000e+00 0.000000e+00 -1.000000e+00
    outer loop
      vertex   -6.056177e+00 -7.573560e+01 -5.990000e+00
      vertex   -5.946287e+00 -7.547030e+01 -5.990000e+00
      vertex   -4.488404e+00 -7.742450e+01 -5.990000e+00
    endloop
  endfacet
  facet normal -6.344132e-17 -5.621082e-17 -1.000000e+00
    outer loop
      vertex   -4.488404e+00 -1.155253e+02 -5.990000e+00
      vertex   9.511596e+00 -1.155253e+02 -5.990000e+00
      vertex   -1.360399e-02 -1.205757e+02 -5.990000e+00
    endloop
  endfacet
  facet normal -1.394876e-16 -4.595215e-18 -1.000000e+00
    outer loop
      vertex   -6.017328e+01 -1.388588e+02 -5.990000e+00
      vertex   -5.338317e+01 -1.516889e+02 -5.990000e+00
      vertex   -7.270236e+01 -1.451055e+02 -5.990000e+00
    endloop
  endfacet
  facet normal -8.917242e-17 1.430571e-16 -1.000000e+00
    outer loop
      vertex   -7.270236e+01 -1.451055e+02 -5.990000e+00
      vertex   -5.338317e+01 -1.516889e+02 -5.990000e+00
      vertex   -7.815213e+01 -1.485026e+02 -5.990000e+00
    endloop
  endfacet
  facet normal -0.000000e+00 0.000000e+00 -1.000000e+00
    outer loop
      vertex   -7.270236e+01 -1.451055e+02 -5.990000e+00
      vertex   -7.815213e+01 -1.485026e+02 -5.990000e+00
      vertex   -7.894580e+01 -1.417446e+02 -5.990000e+00
    endloop
  endfacet
  facet normal 0.000000e+00 -0.000000e+00 -1.000000e+00
    outer loop
      vertex   -7.894580e+01 -1.417446e+02 -5.990000e+00
      vertex   -7.815213e+01 -1.485026e+02 -5.990000e+00
      vertex   -7.923050e+01 -1.417821e+02 -5.990000e+00
    endloop
  endfacet
  facet normal -0.000000e+00 -0.000000e+00 -1.000000e+00
    outer loop
      vertex   -7.923050e+01 -1.417821e+02 -5.990000e+00
      vertex   -7.815213e+01 -1.485026e+02 -5.990000e+00
      vertex   -7.951520e+01 -1.417446e+02 -5.990000e+00
    endloop
  endfacet
  facet normal 0.000000e+00 0.000000e+00 -1.000000e+00
    outer loop
      vertex   -7.270236e+01 -1.451055e+02 -5.990000e+00
      vertex   -7.827788e+01 -1.401321e+02 -5.990000e+00
      vertex   -7.894913e+01 -1.325764e+02 -5.990000e+00
    endloop
  endfacet
  facet normal 0.000000e+00 0.000000e+00 -1.000000e+00
    outer loop
      vertex   -7.894913e+01 -1.325764e+02 -5.990000e+00
      vertex   -7.827788e+01 -1.401321e+02 -5.990000e+00
      vertex   -7.845269e+01 -1.399043e+02 -5.990000e+00
    endloop
  endfacet
  facet normal 0.000000e+00 0.000000e+00 -1.000000e+00
    outer loop
      vertex   -7.894913e+01 -1.325764e+02 -5.990000e+00
      vertex   -7.845269e+01 -1.399043e+02 -5.990000e+00
      vertex   -7.868050e+01 -1.397295e+02 -5.990000e+00
    endloop
  endfacet
  facet normal 0.000000e+00 0.000000e+00 -1.000000e+00
    outer loop
      vertex   -7.816799e+01 -1.409668e+02 -5.990000e+00
      vertex   -7.813050e+01 -1.406821e+02 -5.990000e+00
      vertex   -7.270236e+01 -1.451055e+02 -5.990000e+00
    endloop
  endfacet
  facet normal 0.000000e+00 0.000000e+00 -1.000000e+00
    outer loop
      vertex   -7.270236e+01 -1.451055e+02 -5.990000e+00
      vertex   -7.813050e+01 -1.406821e+02 -5.990000e+00
      vertex   -7.816799e+01 -1.403974e+02 -5.990000e+00
    endloop
  endfacet
  facet normal 0.000000e+00 0.000000e+00 -1.000000e+00
    outer loop
      vertex   -7.270236e+01 -1.451055e+02 -5.990000e+00
      vertex   -7.816799e+01 -1.403974e+02 -5.990000e+00
      vertex   -7.827788e+01 -1.401321e+02 -5.990000e+00
    endloop
  endfacet
  facet normal 0.000000e+00 0.000000e+00 -1.000000e+00
    outer loop
      vertex   -7.868050e+01 -1.397295e+02 -5.990000e+00
      vertex   -7.894580e+01 -1.396196e+02 -5.990000e+00
      vertex   -7.894913e+01 -1.325764e+02 -5.990000e+00
    endloop
  endfacet
  facet normal 0.000000e+00 -0.000000e+00 -1.000000e+00
    outer loop
      vertex   -7.894913e+01 -1.325764e+02 -5.990000e+00
      vertex   -7.894580e+01 -1.396196e+02 -5.990000e+00
      vertex   -7.923050e+01 -1.395821e+02 -5.990000e+00
    endloop
  endfacet
  facet normal 0.000000e+00 0.000000e+00 -1.000000e+00
    outer loop
      vertex   -7.894913e+01 -1.325764e+02 -5.990000e+00
      vertex   -7.923050e+01 -1.395821e+02 -5.990000e+00
      vertex   -7.951520e+01 -1.396196e+02 -5.990000e+00
    endloop
  endfacet
  facet normal -1.217889e-16 9.788483e-18 -1.000000e+00
    outer loop
      vertex   -7.894913e+01 -1.325764e+02 -5.990000e+00
      vertex   -7.951520e+01 -1.396196e+02 -5.990000e+00
      vertex   -8.662625e+01 -1.373585e+02 -5.990000e+00
    endloop
  endfacet
  facet normal -7.066020e-17 1.705888e-16 -1.000000e+00
    outer loop
      vertex   -8.662625e+01 -1.373585e+02 -5.990000e+00
      vertex   -7.951520e+01 -1.396196e+02 -5.990000e+00
      vertex   -7.978050e+01 -1.397295e+02 -5.990000e+00
    endloop
  endfacet
  facet normal -8.939336e-17 1.164997e-16 -1.000000e+00
    outer loop
      vertex   -8.662625e+01 -1.373585e+02 -5.990000e+00
      vertex   -7.978050e+01 -1.397295e+02 -5.990000e+00
      vertex   -8.000832e+01 -1.399043e+02 -5.990000e+00
    endloop
  endfacet
  facet normal -1.036217e-16 7.951175e-17 -1.000000e+00
    outer loop
      vertex   -8.000832e+01 -1.399043e+02 -5.990000e+00
      vertex   -8.018313e+01 -1.401321e+02 -5.990000e+00
      vertex   -8.662625e+01 -1.373585e+02 -5.990000e+00
    endloop
  endfacet
  facet normal -1.169892e-16 4.845853e-17 -1.000000e+00
    outer loop
      vertex   -8.662625e+01 -1.373585e+02 -5.990000e+00
      vertex   -8.018313e+01 -1.401321e+02 -5.990000e+00
      vertex   -8.029302e+01 -1.403974e+02 -5.990000e+00
    endloop
  endfacet
  facet normal -1.319083e-16 1.736606e-17 -1.000000e+00
    outer loop
      vertex   -8.662625e+01 -1.373585e+02 -5.990000e+00
      vertex   -8.029302e+01 -1.403974e+02 -5.990000e+00
      vertex   -8.033050e+01 -1.406821e+02 -5.990000e+00
    endloop
  endfacet
  facet normal -1.516132e-16 -1.996026e-17 -1.000000e+00
    outer loop
      vertex   -8.033050e+01 -1.406821e+02 -5.990000e+00
      vertex   -8.029302e+01 -1.409668e+02 -5.990000e+00
      vertex   -8.662625e+01 -1.373585e+02 -5.990000e+00
    endloop
  endfacet
  facet normal -1.835600e-16 -7.603302e-17 -1.000000e+00
    outer loop
      vertex   -8.662625e+01 -1.373585e+02 -5.990000e+00
      vertex   -8.029302e+01 -1.409668e+02 -5.990000e+00
      vertex   -8.018313e+01 -1.412321e+02 -5.990000e+00
    endloop
  endfacet
  facet normal -2.558989e-16 -1.963581e-16 -1.000000e+00
    outer loop
      vertex   -8.662625e+01 -1.373585e+02 -5.990000e+00
      vertex   -8.018313e+01 -1.412321e+02 -5.990000e+00
      vertex   -8.000832e+01 -1.414599e+02 -5.990000e+00
    endloop
  endfacet
  facet normal 0.000000e+00 0.000000e+00 -1.000000e+00
    outer loop
      vertex   -7.894580e+01 -1.417446e+02 -5.990000e+00
      vertex   -7.868050e+01 -1.416347e+02 -5.990000e+00
      vertex   -7.270236e+01 -1.451055e+02 -5.990000e+00
    endloop
  endfacet
  facet normal 0.000000e+00 0.000000e+00 -1.000000e+00
    outer loop
      vertex   -7.270236e+01 -1.451055e+02 -5.990000e+00
      vertex   -7.868050e+01 -1.416347e+02 -5.990000e+00
      vertex   -7.845269e+01 -1.414599e+02 -5.990000e+00
    endloop
  endfacet
  facet normal 0.000000e+00 0.000000e+00 -1.000000e+00
    outer loop
      vertex   -7.270236e+01 -1.451055e+02 -5.990000e+00
      vertex   -7.845269e+01 -1.414599e+02 -5.990000e+00
      vertex   -7.827788e+01 -1.412321e+02 -5.990000e+00
    endloop
  endfacet
  facet normal 0.000000e+00 0.000000e+00 -1.000000e+00
    outer loop
      vertex   -7.827788e+01 -1.412321e+02 -5.990000e+00
      vertex   -7.816799e+01 -1.409668e+02 -5.990000e+00
      vertex   -7.270236e+01 -1.451055e+02 -5.990000e+00
    endloop
  endfacet
  facet normal 2.035882e-15 1.000000e+00 -6.885155e-16
    outer loop
      vertex   -8.192661e+01 -6.096760e+01 -4.490000e+00
      vertex   -8.209100e+01 -6.096760e+01 -4.976082e+00
      vertex   -8.890681e+01 -6.096760e+01 -4.490000e+00
    endloop
  endfacet
  facet normal 2.054691e-15 1.000000e+00 -4.247835e-16
    outer loop
      vertex   -8.890681e+01 -6.096760e+01 -4.490000e+00
      vertex   -8.209100e+01 -6.096760e+01 -4.976082e+00
      vertex   -8.219489e+01 -6.096760e+01 -5.478582e+00
    endloop
  endfacet
  facet normal 2.117256e-15 1.000000e+00 0.000000e+00
    outer loop
      vertex   -8.890681e+01 -6.096760e+01 -4.490000e+00
      vertex   -8.219489e+01 -6.096760e+01 -5.478582e+00
      vertex   -8.890681e+01 -6.096760e+01 -5.990000e+00
    endloop
  endfacet
  facet normal 2.130535e-15 1.000000e+00 -1.742756e-16
    outer loop
      vertex   -8.890681e+01 -6.096760e+01 -5.990000e+00
      vertex   -8.219489e+01 -6.096760e+01 -5.478582e+00
      vertex   -8.223672e+01 -6.096760e+01 -5.990000e+00
    endloop
  endfacet
  facet normal 0.000000e+00 -1.000000e+00 0.000000e+00
    outer loop
      vertex   -6.937968e+01 -6.746760e+01 -5.990000e+00
      vertex   -6.735745e+01 -6.746760e+01 -5.990000e+00
      vertex   -6.937968e+01 -6.746760e+01 -4.490000e+00
    endloop
  endfacet
  facet normal 0.000000e+00 -1.000000e+00 0.000000e+00
    outer loop
      vertex   -6.937968e+01 -6.746760e+01 -4.490000e+00
      vertex   -6.735745e+01 -6.746760e+01 -5.990000e+00
      vertex   -6.735745e+01 -6.746760e+01 -4.490000e+00
    endloop
  endfacet
  facet normal -1.305262e-01 -9.914449e-01 -0.000000e+00
    outer loop
      vertex   -6.735745e+01 -6.746760e+01 -4.490000e+00
      vertex   -6.735745e+01 -6.746760e+01 -5.990000e+00
      vertex   -6.683982e+01 -6.753575e+01 -4.490000e+00
    endloop
  endfacet
  facet normal -1.305262e-01 -9.914449e-01 -0.000000e+00
    outer loop
      vertex   -6.683982e+01 -6.753575e+01 -4.490000e+00
      vertex   -6.735745e+01 -6.746760e+01 -5.990000e+00
      vertex   -6.683982e+01 -6.753575e+01 -5.990000e+00
    endloop
  endfacet
  facet normal -3.826834e-01 -9.238795e-01 -0.000000e+00
    outer loop
      vertex   -6.683982e+01 -6.753575e+01 -4.490000e+00
      vertex   -6.683982e+01 -6.753575e+01 -5.990000e+00
      vertex   -6.635745e+01 -6.773555e+01 -4.490000e+00
    endloop
  endfacet
  facet normal -3.826834e-01 -9.238795e-01 -0.000000e+00
    outer loop
      vertex   -6.635745e+01 -6.773555e+01 -4.490000e+00
      vertex   -6.683982e+01 -6.753575e+01 -5.990000e+00
      vertex   -6.635745e+01 -6.773555e+01 -5.990000e+00
    endloop
  endfacet
  facet normal -6.087614e-01 -7.933533e-01 -0.000000e+00
    outer loop
      vertex   -6.635745e+01 -6.773555e+01 -4.490000e+00
      vertex   -6.635745e+01 -6.773555e+01 -5.990000e+00
      vertex   -6.594324e+01 -6.805338e+01 -4.490000e+00
    endloop
  endfacet
  facet normal -6.087614e-01 -7.933533e-01 -0.000000e+00
    outer loop
      vertex   -6.594324e+01 -6.805338e+01 -4.490000e+00
      vertex   -6.635745e+01 -6.773555e+01 -5.990000e+00
      vertex   -6.594324e+01 -6.805338e+01 -5.990000e+00
    endloop
  endfacet
  facet normal -7.933533e-01 -6.087614e-01 -0.000000e+00
    outer loop
      vertex   -6.594324e+01 -6.805338e+01 -4.490000e+00
      vertex   -6.594324e+01 -6.805338e+01 -5.990000e+00
      vertex   -6.562540e+01 -6.846760e+01 -4.490000e+00
    endloop
  endfacet
  facet normal -7.933533e-01 -6.087614e-01 -0.000000e+00
    outer loop
      vertex   -6.562540e+01 -6.846760e+01 -4.490000e+00
      vertex   -6.594324e+01 -6.805338e+01 -5.990000e+00
      vertex   -6.562540e+01 -6.846760e+01 -5.990000e+00
    endloop
  endfacet
  facet normal -9.238795e-01 -3.826834e-01 -0.000000e+00
    outer loop
      vertex   -6.562540e+01 -6.846760e+01 -4.490000e+00
      vertex   -6.562540e+01 -6.846760e+01 -5.990000e+00
      vertex   -6.542560e+01 -6.894996e+01 -4.490000e+00
    endloop
  endfacet
  facet normal -9.238795e-01 -3.826834e-01 -0.000000e+00
    outer loop
      vertex   -6.542560e+01 -6.894996e+01 -4.490000e+00
      vertex   -6.562540e+01 -6.846760e+01 -5.990000e+00
      vertex   -6.542560e+01 -6.894996e+01 -5.990000e+00
    endloop
  endfacet
  facet normal -9.914449e-01 -1.305262e-01 -0.000000e+00
    outer loop
      vertex   -6.542560e+01 -6.894996e+01 -4.490000e+00
      vertex   -6.542560e+01 -6.894996e+01 -5.990000e+00
      vertex   -6.535745e+01 -6.946760e+01 -4.490000e+00
    endloop
  endfacet
  facet normal -9.914449e-01 -1.305262e-01 -0.000000e+00
    outer loop
      vertex   -6.535745e+01 -6.946760e+01 -4.490000e+00
      vertex   -6.542560e+01 -6.894996e+01 -5.990000e+00
      vertex   -6.535745e+01 -6.946760e+01 -5.990000e+00
    endloop
  endfacet
  facet normal -1.000000e+00 0.000000e+00 0.000000e+00
    outer loop
      vertex   -6.535745e+01 -6.946760e+01 -5.990000e+00
      vertex   -6.535745e+01 -8.999363e+01 -5.990000e+00
      vertex   -6.535745e+01 -6.946760e+01 -4.490000e+00
    endloop
  endfacet
  facet normal -1.000000e+00 -0.000000e+00 0.000000e+00
    outer loop
      vertex   -6.535745e+01 -6.946760e+01 -4.490000e+00
      vertex   -6.535745e+01 -8.999363e+01 -5.990000e+00
      vertex   -6.535745e+01 -8.999363e+01 -4.490000e+00
    endloop
  endfacet
  facet normal -9.914449e-01 1.305262e-01 0.000000e+00
    outer loop
      vertex   -6.535745e+01 -8.999363e+01 -4.490000e+00
      vertex   -6.535745e+01 -8.999363e+01 -5.990000e+00
      vertex   -6.542560e+01 -9.051127e+01 -4.490000e+00
    endloop
  endfacet
  facet normal -9.914449e-01 1.305262e-01 0.000000e+00
    outer loop
      vertex   -6.542560e+01 -9.051127e+01 -4.490000e+00
      vertex   -6.535745e+01 -8.999363e+01 -5.990000e+00
      vertex   -6.542560e+01 -9.051127e+01 -5.990000e+00
    endloop
  endfacet
  facet normal -9.238795e-01 3.826834e-01 0.000000e+00
    outer loop
      vertex   -6.542560e+01 -9.051127e+01 -4.490000e+00
      vertex   -6.542560e+01 -9.051127e+01 -5.990000e+00
      vertex   -6.562540e+01 -9.099363e+01 -4.490000e+00
    endloop
  endfacet
  facet normal -9.238795e-01 3.826834e-01 0.000000e+00
    outer loop
      vertex   -6.562540e+01 -9.099363e+01 -4.490000e+00
      vertex   -6.542560e+01 -9.051127e+01 -5.990000e+00
      vertex   -6.562540e+01 -9.099363e+01 -5.990000e+00
    endloop
  endfacet
  facet normal -7.933533e-01 6.087614e-01 0.000000e+00
    outer loop
      vertex   -6.562540e+01 -9.099363e+01 -4.490000e+00
      vertex   -6.562540e+01 -9.099363e+01 -5.990000e+00
      vertex   -6.594324e+01 -9.140784e+01 -4.490000e+00
    endloop
  endfacet
  facet normal -7.933533e-01 6.087614e-01 0.000000e+00
    outer loop
      vertex   -6.594324e+01 -9.140784e+01 -4.490000e+00
      vertex   -6.562540e+01 -9.099363e+01 -5.990000e+00
      vertex   -6.594324e+01 -9.140784e+01 -5.990000e+00
    endloop
  endfacet
  facet normal -6.087614e-01 7.933533e-01 0.000000e+00
    outer loop
      vertex   -6.594324e+01 -9.140784e+01 -4.490000e+00
      vertex   -6.594324e+01 -9.140784e+01 -5.990000e+00
      vertex   -6.635745e+01 -9.172568e+01 -4.490000e+00
    endloop
  endfacet
  facet normal -6.087614e-01 7.933533e-01 0.000000e+00
    outer loop
      vertex   -6.635745e+01 -9.172568e+01 -4.490000e+00
      vertex   -6.594324e+01 -9.140784e+01 -5.990000e+00
      vertex   -6.635745e+01 -9.172568e+01 -5.990000e+00
    endloop
  endfacet
  facet normal -3.826834e-01 9.238795e-01 0.000000e+00
    outer loop
      vertex   -6.635745e+01 -9.172568e+01 -4.490000e+00
      vertex   -6.635745e+01 -9.172568e+01 -5.990000e+00
      vertex   -6.683982e+01 -9.192548e+01 -4.490000e+00
    endloop
  endfacet
  facet normal -3.826834e-01 9.238795e-01 0.000000e+00
    outer loop
      vertex   -6.683982e+01 -9.192548e+01 -4.490000e+00
      vertex   -6.635745e+01 -9.172568e+01 -5.990000e+00
      vertex   -6.683982e+01 -9.192548e+01 -5.990000e+00
    endloop
  endfacet
  facet normal -1.305262e-01 9.914449e-01 0.000000e+00
    outer loop
      vertex   -6.683982e+01 -9.192548e+01 -4.490000e+00
      vertex   -6.683982e+01 -9.192548e+01 -5.990000e+00
      vertex   -6.735745e+01 -9.199363e+01 -4.490000e+00
    endloop
  endfacet
  facet normal -1.305262e-01 9.914449e-01 0.000000e+00
    outer loop
      vertex   -6.735745e+01 -9.199363e+01 -4.490000e+00
      vertex   -6.683982e+01 -9.192548e+01 -5.990000e+00
      vertex   -6.735745e+01 -9.199363e+01 -5.990000e+00
    endloop
  endfacet
  facet normal 0.000000e+00 1.000000e+00 -0.000000e+00
    outer loop
      vertex   -6.735745e+01 -9.199363e+01 -5.990000e+00
      vertex   -8.236617e+01 -9.199363e+01 -5.990000e+00
      vertex   -6.735745e+01 -9.199363e+01 -4.490000e+00
    endloop
  endfacet
  facet normal 0.000000e+00 1.000000e+00 0.000000e+00
    outer loop
      vertex   -6.735745e+01 -9.199363e+01 -4.490000e+00
      vertex   -8.236617e+01 -9.199363e+01 -5.990000e+00
      vertex   -8.236617e+01 -9.199363e+01 -4.490000e+00
    endloop
  endfacet
  facet normal 1.305262e-01 9.914449e-01 0.000000e+00
    outer loop
      vertex   -8.236617e+01 -9.199363e+01 -4.490000e+00
      vertex   -8.236617e+01 -9.199363e+01 -5.990000e+00
      vertex   -8.288381e+01 -9.192548e+01 -4.490000e+00
    endloop
  endfacet
  facet normal 1.305262e-01 9.914449e-01 0.000000e+00
    outer loop
      vertex   -8.288381e+01 -9.192548e+01 -4.490000e+00
      vertex   -8.236617e+01 -9.199363e+01 -5.990000e+00
      vertex   -8.288381e+01 -9.192548e+01 -5.990000e+00
    endloop
  endfacet
  facet normal 3.826834e-01 9.238795e-01 0.000000e+00
    outer loop
      vertex   -8.288381e+01 -9.192548e+01 -4.490000e+00
      vertex   -8.288381e+01 -9.192548e+01 -5.990000e+00
      vertex   -8.336617e+01 -9.172568e+01 -4.490000e+00
    endloop
  endfacet
  facet normal 3.826834e-01 9.238795e-01 0.000000e+00
    outer loop
      vertex   -8.336617e+01 -9.172568e+01 -4.490000e+00
      vertex   -8.288381e+01 -9.192548e+01 -5.990000e+00
      vertex   -8.336617e+01 -9.172568e+01 -5.990000e+00
    endloop
  endfacet
  facet normal 6.087614e-01 7.933533e-01 0.000000e+00
    outer loop
      vertex   -8.336617e+01 -9.172568e+01 -4.490000e+00
      vertex   -8.336617e+01 -9.172568e+01 -5.990000e+00
      vertex   -8.378038e+01 -9.140784e+01 -4.490000e+00
    endloop
  endfacet
  facet normal 6.087614e-01 7.933533e-01 0.000000e+00
    outer loop
      vertex   -8.378038e+01 -9.140784e+01 -4.490000e+00
      vertex   -8.336617e+01 -9.172568e+01 -5.990000e+00
      vertex   -8.378038e+01 -9.140784e+01 -5.990000e+00
    endloop
  endfacet
  facet normal 7.933533e-01 6.087614e-01 0.000000e+00
    outer loop
      vertex   -8.378038e+01 -9.140784e+01 -4.490000e+00
      vertex   -8.378038e+01 -9.140784e+01 -5.990000e+00
      vertex   -8.409822e+01 -9.099363e+01 -4.490000e+00
    endloop
  endfacet
  facet normal 7.933533e-01 6.087614e-01 0.000000e+00
    outer loop
      vertex   -8.409822e+01 -9.099363e+01 -4.490000e+00
      vertex   -8.378038e+01 -9.140784e+01 -5.990000e+00
      vertex   -8.409822e+01 -9.099363e+01 -5.990000e+00
    endloop
  endfacet
  facet normal 9.238795e-01 3.826834e-01 0.000000e+00
    outer loop
      vertex   -8.409822e+01 -9.099363e+01 -4.490000e+00
      vertex   -8.409822e+01 -9.099363e+01 -5.990000e+00
      vertex   -8.429802e+01 -9.051127e+01 -4.490000e+00
    endloop
  endfacet
  facet normal 9.238795e-01 3.826834e-01 0.000000e+00
    outer loop
      vertex   -8.429802e+01 -9.051127e+01 -4.490000e+00
      vertex   -8.409822e+01 -9.099363e+01 -5.990000e+00
      vertex   -8.429802e+01 -9.051127e+01 -5.990000e+00
    endloop
  endfacet
  facet normal 9.914449e-01 1.305262e-01 0.000000e+00
    outer loop
      vertex   -8.429802e+01 -9.051127e+01 -4.490000e+00
      vertex   -8.429802e+01 -9.051127e+01 -5.990000e+00
      vertex   -8.436617e+01 -8.999363e+01 -4.490000e+00
    endloop
  endfacet
  facet normal 9.914449e-01 1.305262e-01 0.000000e+00
    outer loop
      vertex   -8.436617e+01 -8.999363e+01 -4.490000e+00
      vertex   -8.429802e+01 -9.051127e+01 -5.990000e+00
      vertex   -8.436617e+01 -8.999363e+01 -5.990000e+00
    endloop
  endfacet
  facet normal 1.000000e+00 0.000000e+00 0.000000e+00
    outer loop
      vertex   -8.436617e+01 -8.999363e+01 -5.990000e+00
      vertex   -8.436617e+01 -6.946760e+01 -5.990000e+00
      vertex   -8.436617e+01 -8.999363e+01 -4.490000e+00
    endloop
  endfacet
  facet normal 1.000000e+00 -0.000000e+00 0.000000e+00
    outer loop
      vertex   -8.436617e+01 -8.999363e+01 -4.490000e+00
      vertex   -8.436617e+01 -6.946760e+01 -5.990000e+00
      vertex   -8.436617e+01 -6.946760e+01 -4.490000e+00
    endloop
  endfacet
  facet normal 9.914449e-01 -1.305262e-01 0.000000e+00
    outer loop
      vertex   -8.436617e+01 -6.946760e+01 -4.490000e+00
      vertex   -8.436617e+01 -6.946760e+01 -5.990000e+00
      vertex   -8.429802e+01 -6.894996e+01 -4.490000e+00
    endloop
  endfacet
  facet normal 9.914449e-01 -1.305262e-01 0.000000e+00
    outer loop
      vertex   -8.429802e+01 -6.894996e+01 -4.490000e+00
      vertex   -8.436617e+01 -6.946760e+01 -5.990000e+00
      vertex   -8.429802e+01 -6.894996e+01 -5.990000e+00
    endloop
  endfacet
  facet normal 9.238795e-01 -3.826834e-01 0.000000e+00
    outer loop
      vertex   -8.429802e+01 -6.894996e+01 -4.490000e+00
      vertex   -8.429802e+01 -6.894996e+01 -5.990000e+00
      vertex   -8.409822e+01 -6.846760e+01 -4.490000e+00
    endloop
  endfacet
  facet normal 9.238795e-01 -3.826834e-01 0.000000e+00
    outer loop
      vertex   -8.409822e+01 -6.846760e+01 -4.490000e+00
      vertex   -8.429802e+01 -6.894996e+01 -5.990000e+00
      vertex   -8.409822e+01 -6.846760e+01 -5.990000e+00
    endloop
  endfacet
  facet normal 7.933533e-01 -6.087614e-01 0.000000e+00
    outer loop
      vertex   -8.409822e+01 -6.846760e+01 -4.490000e+00
      vertex   -8.409822e+01 -6.846760e+01 -5.990000e+00
      vertex   -8.378038e+01 -6.805338e+01 -4.490000e+00
    endloop
  endfacet
  facet normal 7.933533e-01 -6.087614e-01 0.000000e+00
    outer loop
      vertex   -8.378038e+01 -6.805338e+01 -4.490000e+00
      vertex   -8.409822e+01 -6.846760e+01 -5.990000e+00
      vertex   -8.378038e+01 -6.805338e+01 -5.990000e+00
    endloop
  endfacet
  facet normal 6.087614e-01 -7.933533e-01 0.000000e+00
    outer loop
      vertex   -8.378038e+01 -6.805338e+01 -4.490000e+00
      vertex   -8.378038e+01 -6.805338e+01 -5.990000e+00
      vertex   -8.336617e+01 -6.773555e+01 -4.490000e+00
    endloop
  endfacet
  facet normal 6.087614e-01 -7.933533e-01 0.000000e+00
    outer loop
      vertex   -8.336617e+01 -6.773555e+01 -4.490000e+00
      vertex   -8.378038e+01 -6.805338e+01 -5.990000e+00
      vertex   -8.336617e+01 -6.773555e+01 -5.990000e+00
    endloop
  endfacet
  facet normal 3.826834e-01 -9.238795e-01 0.000000e+00
    outer loop
      vertex   -8.336617e+01 -6.773555e+01 -4.490000e+00
      vertex   -8.336617e+01 -6.773555e+01 -5.990000e+00
      vertex   -8.288381e+01 -6.753575e+01 -4.490000e+00
    endloop
  endfacet
  facet normal 3.826834e-01 -9.238795e-01 0.000000e+00
    outer loop
      vertex   -8.288381e+01 -6.753575e+01 -4.490000e+00
      vertex   -8.336617e+01 -6.773555e+01 -5.990000e+00
      vertex   -8.288381e+01 -6.753575e+01 -5.990000e+00
    endloop
  endfacet
  facet normal 1.305262e-01 -9.914449e-01 0.000000e+00
    outer loop
      vertex   -8.288381e+01 -6.753575e+01 -4.490000e+00
      vertex   -8.288381e+01 -6.753575e+01 -5.990000e+00
      vertex   -8.236617e+01 -6.746760e+01 -4.490000e+00
    endloop
  endfacet
  facet normal 1.305262e-01 -9.914449e-01 0.000000e+00
    outer loop
      vertex   -8.236617e+01 -6.746760e+01 -4.490000e+00
      vertex   -8.288381e+01 -6.753575e+01 -5.990000e+00
      vertex   -8.236617e+01 -6.746760e+01 -5.990000e+00
    endloop
  endfacet
  facet normal 3.480249e-01 9.374853e-01 -0.000000e+00
    outer loop
      vertex   5.486520e+01 -6.439096e+01 -5.990000e+00
      vertex   5.486520e+01 -6.439096e+01 -4.490000e+00
      vertex   5.548540e+01 -6.462120e+01 -5.990000e+00
    endloop
  endfacet
  facet normal 3.480249e-01 9.374853e-01 -0.000000e+00
    outer loop
      vertex   5.548540e+01 -6.462120e+01 -5.990000e+00
      vertex   5.486520e+01 -6.439096e+01 -4.490000e+00
      vertex   5.548540e+01 -6.462120e+01 -4.490000e+00
    endloop
  endfacet
  facet normal 5.450369e-01 8.384121e-01 -0.000000e+00
    outer loop
      vertex   5.548540e+01 -6.462120e+01 -5.990000e+00
      vertex   5.548540e+01 -6.462120e+01 -4.490000e+00
      vertex   5.604006e+01 -6.498178e+01 -4.490000e+00
    endloop
  endfacet
  facet normal 5.450369e-01 8.384121e-01 0.000000e+00
    outer loop
      vertex   5.548540e+01 -6.462120e+01 -5.990000e+00
      vertex   5.604006e+01 -6.498178e+01 -4.490000e+00
      vertex   5.604006e+01 -6.498178e+01 -5.990000e+00
    endloop
  endfacet
  facet normal 7.155441e-01 6.985676e-01 -0.000000e+00
    outer loop
      vertex   5.604006e+01 -6.498178e+01 -5.990000e+00
      vertex   5.604006e+01 -6.498178e+01 -4.490000e+00
      vertex   5.650221e+01 -6.545515e+01 -4.490000e+00
    endloop
  endfacet
  facet normal 7.155441e-01 6.985676e-01 0.000000e+00
    outer loop
      vertex   5.604006e+01 -6.498178e+01 -5.990000e+00
      vertex   5.650221e+01 -6.545515e+01 -4.490000e+00
      vertex   5.650221e+01 -6.545515e+01 -5.990000e+00
    endloop
  endfacet
  facet normal 8.512550e-01 5.247522e-01 -0.000000e+00
    outer loop
      vertex   5.650221e+01 -6.545515e+01 -5.990000e+00
      vertex   5.650221e+01 -6.545515e+01 -4.490000e+00
      vertex   5.684937e+01 -6.601831e+01 -4.490000e+00
    endloop
  endfacet
  facet normal 8.512550e-01 5.247522e-01 0.000000e+00
    outer loop
      vertex   5.650221e+01 -6.545515e+01 -5.990000e+00
      vertex   5.684937e+01 -6.601831e+01 -4.490000e+00
      vertex   5.684937e+01 -6.601831e+01 -5.990000e+00
    endloop
  endfacet
  facet normal 9.455700e-01 3.254186e-01 -0.000000e+00
    outer loop
      vertex   5.684937e+01 -6.601831e+01 -5.990000e+00
      vertex   5.684937e+01 -6.601831e+01 -4.490000e+00
      vertex   5.706465e+01 -6.664386e+01 -4.490000e+00
    endloop
  endfacet
  facet normal 9.455700e-01 3.254186e-01 0.000000e+00
    outer loop
      vertex   5.684937e+01 -6.601831e+01 -5.990000e+00
      vertex   5.706465e+01 -6.664386e+01 -4.490000e+00
      vertex   5.706465e+01 -6.664386e+01 -5.990000e+00
    endloop
  endfacet
  facet normal 9.939028e-01 1.102602e-01 -0.000000e+00
    outer loop
      vertex   5.706465e+01 -6.664386e+01 -5.990000e+00
      vertex   5.706465e+01 -6.664386e+01 -4.490000e+00
      vertex   5.713759e+01 -6.730139e+01 -5.990000e+00
    endloop
  endfacet
  facet normal 9.939028e-01 1.102602e-01 -0.000000e+00
    outer loop
      vertex   5.713759e+01 -6.730139e+01 -5.990000e+00
      vertex   5.706465e+01 -6.664386e+01 -4.490000e+00
      vertex   5.713759e+01 -6.730139e+01 -4.490000e+00
    endloop
  endfacet
  facet normal 1.000000e+00 0.000000e+00 0.000000e+00
    outer loop
      vertex   5.713759e+01 -6.730139e+01 -4.490000e+00
      vertex   5.713759e+01 -1.305018e+02 -4.490000e+00
      vertex   5.713759e+01 -6.730139e+01 -5.990000e+00
    endloop
  endfacet
  facet normal 1.000000e+00 0.000000e+00 0.000000e+00
    outer loop
      vertex   5.713759e+01 -6.730139e+01 -5.990000e+00
      vertex   5.713759e+01 -1.305018e+02 -4.490000e+00
      vertex   5.713759e+01 -1.305018e+02 -5.990000e+00
    endloop
  endfacet
  facet normal 4.092659e-02 9.991622e-01 -0.000000e+00
    outer loop
      vertex   -6.514835e+00 -4.913819e+01 -5.990000e+00
      vertex   -6.514835e+00 -4.913819e+01 -4.490000e+00
      vertex   -6.270259e+00 -4.914821e+01 -5.990000e+00
    endloop
  endfacet
  facet normal 4.092659e-02 9.991622e-01 -0.000000e+00
    outer loop
      vertex   -6.270259e+00 -4.914821e+01 -5.990000e+00
      vertex   -6.514835e+00 -4.913819e+01 -4.490000e+00
      vertex   -6.270259e+00 -4.914821e+01 -4.490000e+00
    endloop
  endfacet
  facet normal 1.222477e-01 9.924996e-01 -0.000000e+00
    outer loop
      vertex   -6.270259e+00 -4.914821e+01 -5.990000e+00
      vertex   -6.270259e+00 -4.914821e+01 -4.490000e+00
      vertex   -6.027314e+00 -4.917813e+01 -5.990000e+00
    endloop
  endfacet
  facet normal 1.222477e-01 9.924996e-01 -0.000000e+00
    outer loop
      vertex   -6.027314e+00 -4.917813e+01 -5.990000e+00
      vertex   -6.270259e+00 -4.914821e+01 -4.490000e+00
      vertex   -6.027314e+00 -4.917813e+01 -4.490000e+00
    endloop
  endfacet
  facet normal 2.027550e-01 9.792295e-01 -0.000000e+00
    outer loop
      vertex   -6.027314e+00 -4.917813e+01 -5.990000e+00
      vertex   -6.027314e+00 -4.917813e+01 -4.490000e+00
      vertex   -5.787618e+00 -4.922776e+01 -5.990000e+00
    endloop
  endfacet
  facet normal 2.027550e-01 9.792295e-01 -0.000000e+00
    outer loop
      vertex   -5.787618e+00 -4.922776e+01 -5.990000e+00
      vertex   -6.027314e+00 -4.917813e+01 -4.490000e+00
      vertex   -5.787618e+00 -4.922776e+01 -4.490000e+00
    endloop
  endfacet
  facet normal 1.299030e-04 1.000000e+00 -0.000000e+00
    outer loop
      vertex   -6.514835e+00 -4.913819e+01 -5.990000e+00
      vertex   -2.666693e+01 -4.913557e+01 -5.990000e+00
      vertex   -6.514835e+00 -4.913819e+01 -4.490000e+00
    endloop
  endfacet
  facet normal 1.299030e-04 1.000000e+00 0.000000e+00
    outer loop
      vertex   -6.514835e+00 -4.913819e+01 -4.490000e+00
      vertex   -2.666693e+01 -4.913557e+01 -5.990000e+00
      vertex   -2.666693e+01 -4.913557e+01 -4.490000e+00
    endloop
  endfacet
  facet normal -2.483334e-01 9.686746e-01 0.000000e+00
    outer loop
      vertex   -2.755726e+01 -4.927061e+01 -5.990000e+00
      vertex   -2.755726e+01 -4.927061e+01 -4.490000e+00
      vertex   -2.726551e+01 -4.919581e+01 -5.990000e+00
    endloop
  endfacet
  facet normal -2.483334e-01 9.686746e-01 0.000000e+00
    outer loop
      vertex   -2.726551e+01 -4.919581e+01 -5.990000e+00
      vertex   -2.755726e+01 -4.927061e+01 -4.490000e+00
      vertex   -2.726551e+01 -4.919581e+01 -4.490000e+00
    endloop
  endfacet
  facet normal -1.499559e-01 9.886927e-01 0.000000e+00
    outer loop
      vertex   -2.726551e+01 -4.919581e+01 -5.990000e+00
      vertex   -2.726551e+01 -4.919581e+01 -4.490000e+00
      vertex   -2.696773e+01 -4.915065e+01 -4.490000e+00
    endloop
  endfacet
  facet normal -5.006702e-02 9.987459e-01 0.000000e+00
    outer loop
      vertex   -2.666693e+01 -4.913557e+01 -4.490000e+00
      vertex   -2.666693e+01 -4.913557e+01 -5.990000e+00
      vertex   -2.696773e+01 -4.915065e+01 -4.490000e+00
    endloop
  endfacet
  facet normal -5.006702e-02 9.987459e-01 0.000000e+00
    outer loop
      vertex   -2.696773e+01 -4.915065e+01 -4.490000e+00
      vertex   -2.666693e+01 -4.913557e+01 -5.990000e+00
      vertex   -2.696773e+01 -4.915065e+01 -5.990000e+00
    endloop
  endfacet
  facet normal -1.499559e-01 9.886927e-01 0.000000e+00
    outer loop
      vertex   -2.696773e+01 -4.915065e+01 -4.490000e+00
      vertex   -2.696773e+01 -4.915065e+01 -5.990000e+00
      vertex   -2.726551e+01 -4.919581e+01 -5.990000e+00
    endloop
  endfacet
  facet normal -2.483544e-01 9.686692e-01 0.000000e+00
    outer loop
      vertex   -6.477864e+01 -6.083256e+01 -4.490000e+00
      vertex   -6.477864e+01 -6.083256e+01 -5.990000e+00
      vertex   -6.507026e+01 -6.090733e+01 -4.490000e+00
    endloop
  endfacet
  facet normal -2.483544e-01 9.686692e-01 0.000000e+00
    outer loop
      vertex   -6.507026e+01 -6.090733e+01 -4.490000e+00
      vertex   -6.477864e+01 -6.083256e+01 -5.990000e+00
      vertex   -6.507026e+01 -6.090733e+01 -5.990000e+00
    endloop
  endfacet
  facet normal -1.500201e-01 9.886829e-01 0.000000e+00
    outer loop
      vertex   -6.507026e+01 -6.090733e+01 -4.490000e+00
      vertex   -6.507026e+01 -6.090733e+01 -5.990000e+00
      vertex   -6.536790e+01 -6.095249e+01 -5.990000e+00
    endloop
  endfacet
  facet normal -5.017514e-02 9.987404e-01 0.000000e+00
    outer loop
      vertex   -6.566858e+01 -6.096760e+01 -5.990000e+00
      vertex   -6.566858e+01 -6.096760e+01 -4.490000e+00
      vertex   -6.536790e+01 -6.095249e+01 -5.990000e+00
    endloop
  endfacet
  facet normal -5.017514e-02 9.987404e-01 0.000000e+00
    outer loop
      vertex   -6.536790e+01 -6.095249e+01 -5.990000e+00
      vertex   -6.566858e+01 -6.096760e+01 -4.490000e+00
      vertex   -6.536790e+01 -6.095249e+01 -4.490000e+00
    endloop
  endfacet
  facet normal -1.500201e-01 9.886829e-01 0.000000e+00
    outer loop
      vertex   -6.536790e+01 -6.095249e+01 -5.990000e+00
      vertex   -6.536790e+01 -6.095249e+01 -4.490000e+00
      vertex   -6.507026e+01 -6.090733e+01 -4.490000e+00
    endloop
  endfacet
  facet normal -9.938089e-01 1.111028e-01 0.000000e+00
    outer loop
      vertex   -9.190681e+01 -6.397040e+01 -5.990000e+00
      vertex   -9.190681e+01 -6.397040e+01 -4.490000e+00
      vertex   -9.183213e+01 -6.330238e+01 -5.990000e+00
    endloop
  endfacet
  facet normal -9.938089e-01 1.111028e-01 0.000000e+00
    outer loop
      vertex   -9.183213e+01 -6.330238e+01 -5.990000e+00
      vertex   -9.190681e+01 -6.397040e+01 -4.490000e+00
      vertex   -9.183213e+01 -6.330238e+01 -4.490000e+00
    endloop
  endfacet
  facet normal -9.441254e-01 3.295864e-01 0.000000e+00
    outer loop
      vertex   -9.183213e+01 -6.330238e+01 -5.990000e+00
      vertex   -9.183213e+01 -6.330238e+01 -4.490000e+00
      vertex   -9.161058e+01 -6.266775e+01 -4.490000e+00
    endloop
  endfacet
  facet normal -9.441254e-01 3.295864e-01 0.000000e+00
    outer loop
      vertex   -9.183213e+01 -6.330238e+01 -5.990000e+00
      vertex   -9.161058e+01 -6.266775e+01 -4.490000e+00
      vertex   -9.161058e+01 -6.266775e+01 -5.990000e+00
    endloop
  endfacet
  facet normal -8.470434e-01 5.315237e-01 0.000000e+00
    outer loop
      vertex   -9.161058e+01 -6.266775e+01 -5.990000e+00
      vertex   -9.161058e+01 -6.266775e+01 -4.490000e+00
      vertex   -9.125330e+01 -6.209838e+01 -4.490000e+00
    endloop
  endfacet
  facet normal -8.470434e-01 5.315237e-01 0.000000e+00
    outer loop
      vertex   -9.161058e+01 -6.266775e+01 -5.990000e+00
      vertex   -9.125330e+01 -6.209838e+01 -4.490000e+00
      vertex   -9.125330e+01 -6.209838e+01 -5.990000e+00
    endloop
  endfacet
  facet normal -7.074369e-01 7.067766e-01 0.000000e+00
    outer loop
      vertex   -9.125330e+01 -6.209838e+01 -5.990000e+00
      vertex   -9.125330e+01 -6.209838e+01 -4.490000e+00
      vertex   -9.077822e+01 -6.162285e+01 -4.490000e+00
    endloop
  endfacet
  facet normal -7.074369e-01 7.067766e-01 0.000000e+00
    outer loop
      vertex   -9.125330e+01 -6.209838e+01 -5.990000e+00
      vertex   -9.077822e+01 -6.162285e+01 -4.490000e+00
      vertex   -9.077822e+01 -6.162285e+01 -5.990000e+00
    endloop
  endfacet
  facet normal -5.323144e-01 8.465467e-01 0.000000e+00
    outer loop
      vertex   -9.077822e+01 -6.162285e+01 -5.990000e+00
      vertex   -9.077822e+01 -6.162285e+01 -4.490000e+00
      vertex   -9.020918e+01 -6.126504e+01 -4.490000e+00
    endloop
  endfacet
  facet normal -5.323144e-01 8.465467e-01 0.000000e+00
    outer loop
      vertex   -9.077822e+01 -6.162285e+01 -5.990000e+00
      vertex   -9.020918e+01 -6.126504e+01 -4.490000e+00
      vertex   -9.020918e+01 -6.126504e+01 -5.990000e+00
    endloop
  endfacet
  facet normal -3.304679e-01 9.438172e-01 0.000000e+00
    outer loop
      vertex   -9.020918e+01 -6.126504e+01 -5.990000e+00
      vertex   -9.020918e+01 -6.126504e+01 -4.490000e+00
      vertex   -8.957476e+01 -6.104290e+01 -4.490000e+00
    endloop
  endfacet
  facet normal -3.304679e-01 9.438172e-01 0.000000e+00
    outer loop
      vertex   -9.020918e+01 -6.126504e+01 -5.990000e+00
      vertex   -8.957476e+01 -6.104290e+01 -4.490000e+00
      vertex   -8.957476e+01 -6.104290e+01 -5.990000e+00
    endloop
  endfacet
  facet normal -1.120308e-01 9.937047e-01 0.000000e+00
    outer loop
      vertex   -8.957476e+01 -6.104290e+01 -5.990000e+00
      vertex   -8.957476e+01 -6.104290e+01 -4.490000e+00
      vertex   -8.890681e+01 -6.096760e+01 -5.990000e+00
    endloop
  endfacet
  facet normal -1.120308e-01 9.937047e-01 0.000000e+00
    outer loop
      vertex   -8.890681e+01 -6.096760e+01 -5.990000e+00
      vertex   -8.957476e+01 -6.104290e+01 -4.490000e+00
      vertex   -8.890681e+01 -6.096760e+01 -4.490000e+00
    endloop
  endfacet
  facet normal -9.934794e-01 1.140121e-01 0.000000e+00
    outer loop
      vertex   -9.185271e+01 -1.219000e+02 -4.490000e+00
      vertex   -9.185271e+01 -1.219000e+02 -5.990000e+00
      vertex   -9.193134e+01 -1.225851e+02 -4.490000e+00
    endloop
  endfacet
  facet normal -9.934794e-01 1.140121e-01 0.000000e+00
    outer loop
      vertex   -9.193134e+01 -1.225851e+02 -4.490000e+00
      vertex   -9.185271e+01 -1.219000e+02 -5.990000e+00
      vertex   -9.193134e+01 -1.225851e+02 -5.990000e+00
    endloop
  endfacet
  facet normal -9.411940e-01 3.378665e-01 0.000000e+00
    outer loop
      vertex   -9.193134e+01 -1.225851e+02 -4.490000e+00
      vertex   -9.193134e+01 -1.225851e+02 -5.990000e+00
      vertex   -9.216434e+01 -1.232342e+02 -4.490000e+00
    endloop
  endfacet
  facet normal -9.411940e-01 3.378665e-01 0.000000e+00
    outer loop
      vertex   -9.216434e+01 -1.232342e+02 -4.490000e+00
      vertex   -9.193134e+01 -1.225851e+02 -5.990000e+00
      vertex   -9.216434e+01 -1.232342e+02 -5.990000e+00
    endloop
  endfacet
  facet normal -8.391717e-01 5.438666e-01 0.000000e+00
    outer loop
      vertex   -9.216434e+01 -1.232342e+02 -4.490000e+00
      vertex   -9.216434e+01 -1.232342e+02 -5.990000e+00
      vertex   -9.253942e+01 -1.238129e+02 -4.490000e+00
    endloop
  endfacet
  facet normal -8.391717e-01 5.438666e-01 0.000000e+00
    outer loop
      vertex   -9.253942e+01 -1.238129e+02 -4.490000e+00
      vertex   -9.216434e+01 -1.232342e+02 -5.990000e+00
      vertex   -9.253942e+01 -1.238129e+02 -5.990000e+00
    endloop
  endfacet
  facet normal -6.928037e-01 7.211262e-01 0.000000e+00
    outer loop
      vertex   -9.253942e+01 -1.238129e+02 -4.490000e+00
      vertex   -9.253942e+01 -1.238129e+02 -5.990000e+00
      vertex   -9.303673e+01 -1.242907e+02 -4.490000e+00
    endloop
  endfacet
  facet normal -6.928037e-01 7.211262e-01 0.000000e+00
    outer loop
      vertex   -9.303673e+01 -1.242907e+02 -4.490000e+00
      vertex   -9.253942e+01 -1.238129e+02 -5.990000e+00
      vertex   -9.303673e+01 -1.242907e+02 -5.990000e+00
    endloop
  endfacet
  facet normal -6.053261e-01 7.959776e-01 0.000000e+00
    outer loop
      vertex   -9.303673e+01 -1.242907e+02 -5.990000e+00
      vertex   -1.116147e+02 -1.384189e+02 -5.990000e+00
      vertex   -9.303673e+01 -1.242907e+02 -4.490000e+00
    endloop
  endfacet
  facet normal -6.053261e-01 7.959776e-01 0.000000e+00
    outer loop
      vertex   -9.303673e+01 -1.242907e+02 -4.490000e+00
      vertex   -1.116147e+02 -1.384189e+02 -5.990000e+00
      vertex   -1.116147e+02 -1.384189e+02 -4.490000e+00
    endloop
  endfacet
  facet normal -8.585246e-01 -5.127723e-01 0.000000e+00
    outer loop
      vertex   -1.121858e+02 -1.426239e+02 -5.990000e+00
      vertex   -1.121858e+02 -1.426239e+02 -4.490000e+00
      vertex   -1.125303e+02 -1.420470e+02 -5.990000e+00
    endloop
  endfacet
  facet normal -8.585246e-01 -5.127723e-01 0.000000e+00
    outer loop
      vertex   -1.125303e+02 -1.420470e+02 -5.990000e+00
      vertex   -1.121858e+02 -1.426239e+02 -4.490000e+00
      vertex   -1.125303e+02 -1.420470e+02 -4.490000e+00
    endloop
  endfacet
  facet normal -9.511229e-01 -3.088127e-01 0.000000e+00
    outer loop
      vertex   -1.125303e+02 -1.420470e+02 -5.990000e+00
      vertex   -1.125303e+02 -1.420470e+02 -4.490000e+00
      vertex   -1.127378e+02 -1.414078e+02 -4.490000e+00
    endloop
  endfacet
  facet normal -9.511229e-01 -3.088127e-01 0.000000e+00
    outer loop
      vertex   -1.125303e+02 -1.420470e+02 -5.990000e+00
      vertex   -1.127378e+02 -1.414078e+02 -4.490000e+00
      vertex   -1.127378e+02 -1.414078e+02 -5.990000e+00
    endloop
  endfacet
  facet normal -9.959995e-01 -8.935868e-02 0.000000e+00
    outer loop
      vertex   -1.127378e+02 -1.414078e+02 -5.990000e+00
      vertex   -1.127378e+02 -1.414078e+02 -4.490000e+00
      vertex   -1.127979e+02 -1.407385e+02 -4.490000e+00
    endloop
  endfacet
  facet normal -9.959995e-01 -8.935868e-02 0.000000e+00
    outer loop
      vertex   -1.127378e+02 -1.414078e+02 -5.990000e+00
      vertex   -1.127979e+02 -1.407385e+02 -4.490000e+00
      vertex   -1.127979e+02 -1.407385e+02 -5.990000e+00
    endloop
  endfacet
  facet normal -9.909029e-01 1.345788e-01 0.000000e+00
    outer loop
      vertex   -1.127979e+02 -1.407385e+02 -5.990000e+00
      vertex   -1.127979e+02 -1.407385e+02 -4.490000e+00
      vertex   -1.127075e+02 -1.400727e+02 -4.490000e+00
    endloop
  endfacet
  facet normal -9.909029e-01 1.345788e-01 0.000000e+00
    outer loop
      vertex   -1.127979e+02 -1.407385e+02 -5.990000e+00
      vertex   -1.127075e+02 -1.400727e+02 -4.490000e+00
      vertex   -1.127075e+02 -1.400727e+02 -5.990000e+00
    endloop
  endfacet
  facet normal -9.360887e-01 3.517639e-01 0.000000e+00
    outer loop
      vertex   -1.127075e+02 -1.400727e+02 -5.990000e+00
      vertex   -1.127075e+02 -1.400727e+02 -4.490000e+00
      vertex   -1.124711e+02 -1.394436e+02 -4.490000e+00
    endloop
  endfacet
  facet normal -9.360887e-01 3.517639e-01 0.000000e+00
    outer loop
      vertex   -1.127075e+02 -1.400727e+02 -5.990000e+00
      vertex   -1.124711e+02 -1.394436e+02 -4.490000e+00
      vertex   -1.124711e+02 -1.394436e+02 -5.990000e+00
    endloop
  endfacet
  facet normal -8.343073e-01 5.512997e-01 0.000000e+00
    outer loop
      vertex   -1.124711e+02 -1.394436e+02 -5.990000e+00
      vertex   -1.124711e+02 -1.394436e+02 -4.490000e+00
      vertex   -1.121006e+02 -1.388830e+02 -4.490000e+00
    endloop
  endfacet
  facet normal -8.343073e-01 5.512997e-01 0.000000e+00
    outer loop
      vertex   -1.124711e+02 -1.394436e+02 -5.990000e+00
      vertex   -1.121006e+02 -1.388830e+02 -4.490000e+00
      vertex   -1.121006e+02 -1.388830e+02 -5.990000e+00
    endloop
  endfacet
  facet normal -6.906653e-01 7.231745e-01 0.000000e+00
    outer loop
      vertex   -1.121006e+02 -1.388830e+02 -5.990000e+00
      vertex   -1.121006e+02 -1.388830e+02 -4.490000e+00
      vertex   -1.116147e+02 -1.384189e+02 -5.990000e+00
    endloop
  endfacet
  facet normal -6.906653e-01 7.231745e-01 0.000000e+00
    outer loop
      vertex   -1.116147e+02 -1.384189e+02 -5.990000e+00
      vertex   -1.121006e+02 -1.388830e+02 -4.490000e+00
      vertex   -1.116147e+02 -1.384189e+02 -4.490000e+00
    endloop
  endfacet
  facet normal -7.956938e-01 -6.056990e-01 0.000000e+00
    outer loop
      vertex   -1.121858e+02 -1.426239e+02 -5.990000e+00
      vertex   -9.038783e+01 -1.712594e+02 -5.990000e+00
      vertex   -1.121858e+02 -1.426239e+02 -4.490000e+00
    endloop
  endfacet
  facet normal -7.956938e-01 -6.056990e-01 0.000000e+00
    outer loop
      vertex   -1.121858e+02 -1.426239e+02 -4.490000e+00
      vertex   -9.038783e+01 -1.712594e+02 -5.990000e+00
      vertex   -9.038783e+01 -1.712594e+02 -4.490000e+00
    endloop
  endfacet
  facet normal 4.154678e-01 -9.096079e-01 0.000000e+00
    outer loop
      vertex   -8.642998e+01 -1.719982e+02 -5.990000e+00
      vertex   -8.642998e+01 -1.719982e+02 -4.490000e+00
      vertex   -8.709742e+01 -1.723030e+02 -5.990000e+00
    endloop
  endfacet
  facet normal 4.154678e-01 -9.096079e-01 0.000000e+00
    outer loop
      vertex   -8.709742e+01 -1.723030e+02 -5.990000e+00
      vertex   -8.642998e+01 -1.719982e+02 -4.490000e+00
      vertex   -8.709742e+01 -1.723030e+02 -4.490000e+00
    endloop
  endfacet
  facet normal 1.822313e-01 -9.832557e-01 0.000000e+00
    outer loop
      vertex   -8.709742e+01 -1.723030e+02 -5.990000e+00
      vertex   -8.709742e+01 -1.723030e+02 -4.490000e+00
      vertex   -8.781890e+01 -1.724368e+02 -5.990000e+00
    endloop
  endfacet
  facet normal 1.822313e-01 -9.832557e-01 0.000000e+00
    outer loop
      vertex   -8.781890e+01 -1.724368e+02 -5.990000e+00
      vertex   -8.709742e+01 -1.723030e+02 -4.490000e+00
      vertex   -8.781890e+01 -1.724368e+02 -4.490000e+00
    endloop
  endfacet
  facet normal -6.190676e-02 -9.980819e-01 0.000000e+00
    outer loop
      vertex   -8.781890e+01 -1.724368e+02 -5.990000e+00
      vertex   -8.781890e+01 -1.724368e+02 -4.490000e+00
      vertex   -8.855125e+01 -1.723913e+02 -5.990000e+00
    endloop
  endfacet
  facet normal -6.190676e-02 -9.980819e-01 0.000000e+00
    outer loop
      vertex   -8.855125e+01 -1.723913e+02 -5.990000e+00
      vertex   -8.781890e+01 -1.724368e+02 -4.490000e+00
      vertex   -8.855125e+01 -1.723913e+02 -4.490000e+00
    endloop
  endfacet
  facet normal -3.023414e-01 -9.531997e-01 0.000000e+00
    outer loop
      vertex   -8.855125e+01 -1.723913e+02 -5.990000e+00
      vertex   -8.855125e+01 -1.723913e+02 -4.490000e+00
      vertex   -8.925068e+01 -1.721695e+02 -5.990000e+00
    endloop
  endfacet
  facet normal -3.023414e-01 -9.531997e-01 0.000000e+00
    outer loop
      vertex   -8.925068e+01 -1.721695e+02 -5.990000e+00
      vertex   -8.855125e+01 -1.723913e+02 -4.490000e+00
      vertex   -8.925068e+01 -1.721695e+02 -4.490000e+00
    endloop
  endfacet
  facet normal -5.246890e-01 -8.512940e-01 0.000000e+00
    outer loop
      vertex   -8.925068e+01 -1.721695e+02 -5.990000e+00
      vertex   -8.925068e+01 -1.721695e+02 -4.490000e+00
      vertex   -8.987533e+01 -1.717845e+02 -5.990000e+00
    endloop
  endfacet
  facet normal -5.246890e-01 -8.512940e-01 0.000000e+00
    outer loop
      vertex   -8.987533e+01 -1.717845e+02 -5.990000e+00
      vertex   -8.925068e+01 -1.721695e+02 -4.490000e+00
      vertex   -8.987533e+01 -1.717845e+02 -4.490000e+00
    endloop
  endfacet
  facet normal -7.156480e-01 -6.984611e-01 0.000000e+00
    outer loop
      vertex   -8.987533e+01 -1.717845e+02 -5.990000e+00
      vertex   -8.987533e+01 -1.717845e+02 -4.490000e+00
      vertex   -9.038783e+01 -1.712594e+02 -5.990000e+00
    endloop
  endfacet
  facet normal -7.156480e-01 -6.984611e-01 0.000000e+00
    outer loop
      vertex   -9.038783e+01 -1.712594e+02 -5.990000e+00
      vertex   -8.987533e+01 -1.717845e+02 -4.490000e+00
      vertex   -9.038783e+01 -1.712594e+02 -4.490000e+00
    endloop
  endfacet
  facet normal 4.432444e-01 -8.964008e-01 0.000000e+00
    outer loop
      vertex   -5.338317e+01 -1.516889e+02 -4.490000e+00
      vertex   -5.338317e+01 -1.516889e+02 -5.990000e+00
      vertex   -5.288990e+01 -1.514450e+02 -4.490000e+00
    endloop
  endfacet
  facet normal 4.432444e-01 -8.964008e-01 0.000000e+00
    outer loop
      vertex   -5.288990e+01 -1.514450e+02 -4.490000e+00
      vertex   -5.338317e+01 -1.516889e+02 -5.990000e+00
      vertex   -5.288990e+01 -1.514450e+02 -5.990000e+00
    endloop
  endfacet
  facet normal 2.720559e-01 -9.622814e-01 0.000000e+00
    outer loop
      vertex   -5.288990e+01 -1.514450e+02 -4.490000e+00
      vertex   -5.288990e+01 -1.514450e+02 -5.990000e+00
      vertex   -5.236037e+01 -1.512953e+02 -4.490000e+00
    endloop
  endfacet
  facet normal 2.720559e-01 -9.622814e-01 0.000000e+00
    outer loop
      vertex   -5.236037e+01 -1.512953e+02 -4.490000e+00
      vertex   -5.288990e+01 -1.514450e+02 -5.990000e+00
      vertex   -5.236037e+01 -1.512953e+02 -5.990000e+00
    endloop
  endfacet
  facet normal 9.171391e-02 -9.957854e-01 0.000000e+00
    outer loop
      vertex   -5.236037e+01 -1.512953e+02 -4.490000e+00
      vertex   -5.236037e+01 -1.512953e+02 -5.990000e+00
      vertex   -5.181241e+01 -1.512448e+02 -4.490000e+00
    endloop
  endfacet
  facet normal 9.171391e-02 -9.957854e-01 0.000000e+00
    outer loop
      vertex   -5.181241e+01 -1.512448e+02 -4.490000e+00
      vertex   -5.236037e+01 -1.512953e+02 -5.990000e+00
      vertex   -5.181241e+01 -1.512448e+02 -5.990000e+00
    endloop
  endfacet
  facet normal 3.431986e-14 -1.000000e+00 0.000000e+00
    outer loop
      vertex   -5.181241e+01 -1.512448e+02 -5.990000e+00
      vertex   -3.524957e+01 -1.512448e+02 -5.990000e+00
      vertex   -5.181241e+01 -1.512448e+02 -4.490000e+00
    endloop
  endfacet
  facet normal 3.431986e-14 -1.000000e+00 0.000000e+00
    outer loop
      vertex   -5.181241e+01 -1.512448e+02 -4.490000e+00
      vertex   -3.524957e+01 -1.512448e+02 -5.990000e+00
      vertex   -3.524957e+01 -1.512448e+02 -4.490000e+00
    endloop
  endfacet
  facet normal 1.625663e-01 -9.866976e-01 0.000000e+00
    outer loop
      vertex   -3.466548e+01 -1.511874e+02 -5.990000e+00
      vertex   -3.466548e+01 -1.511874e+02 -4.490000e+00
      vertex   -3.485879e+01 -1.512192e+02 -5.990000e+00
    endloop
  endfacet
  facet normal 1.625663e-01 -9.866976e-01 0.000000e+00
    outer loop
      vertex   -3.485879e+01 -1.512192e+02 -5.990000e+00
      vertex   -3.466548e+01 -1.511874e+02 -4.490000e+00
      vertex   -3.485879e+01 -1.512192e+02 -4.490000e+00
    endloop
  endfacet
  facet normal 9.781791e-02 -9.952043e-01 0.000000e+00
    outer loop
      vertex   -3.485879e+01 -1.512192e+02 -5.990000e+00
      vertex   -3.485879e+01 -1.512192e+02 -4.490000e+00
      vertex   -3.505376e+01 -1.512384e+02 -5.990000e+00
    endloop
  endfacet
  facet normal 9.781791e-02 -9.952043e-01 0.000000e+00
    outer loop
      vertex   -3.505376e+01 -1.512384e+02 -5.990000e+00
      vertex   -3.485879e+01 -1.512192e+02 -4.490000e+00
      vertex   -3.505376e+01 -1.512384e+02 -4.490000e+00
    endloop
  endfacet
  facet normal 3.265239e-02 -9.994668e-01 0.000000e+00
    outer loop
      vertex   -3.505376e+01 -1.512384e+02 -5.990000e+00
      vertex   -3.505376e+01 -1.512384e+02 -4.490000e+00
      vertex   -3.524957e+01 -1.512448e+02 -5.990000e+00
    endloop
  endfacet
  facet normal 3.265239e-02 -9.994668e-01 0.000000e+00
    outer loop
      vertex   -3.524957e+01 -1.512448e+02 -5.990000e+00
      vertex   -3.505376e+01 -1.512384e+02 -4.490000e+00
      vertex   -3.524957e+01 -1.512448e+02 -4.490000e+00
    endloop
  endfacet
  facet normal 9.934440e-01 -1.143201e-01 0.000000e+00
    outer loop
      vertex   5.713759e+01 -1.305018e+02 -5.990000e+00
      vertex   5.713759e+01 -1.305018e+02 -4.490000e+00
      vertex   5.705918e+01 -1.311832e+02 -5.990000e+00
    endloop
  endfacet
  facet normal 9.934440e-01 -1.143201e-01 0.000000e+00
    outer loop
      vertex   5.705918e+01 -1.311832e+02 -5.990000e+00
      vertex   5.713759e+01 -1.305018e+02 -4.490000e+00
      vertex   5.705918e+01 -1.311832e+02 -4.490000e+00
    endloop
  endfacet
  facet normal 9.415103e-01 -3.369841e-01 0.000000e+00
    outer loop
      vertex   5.705918e+01 -1.311832e+02 -5.990000e+00
      vertex   5.705918e+01 -1.311832e+02 -4.490000e+00
      vertex   5.682803e+01 -1.318290e+02 -5.990000e+00
    endloop
  endfacet
  facet normal 9.415103e-01 -3.369841e-01 0.000000e+00
    outer loop
      vertex   5.682803e+01 -1.318290e+02 -5.990000e+00
      vertex   5.705918e+01 -1.311832e+02 -4.490000e+00
      vertex   5.682803e+01 -1.318290e+02 -4.490000e+00
    endloop
  endfacet
  facet normal 8.403580e-01 -5.420318e-01 0.000000e+00
    outer loop
      vertex   5.682803e+01 -1.318290e+02 -5.990000e+00
      vertex   5.682803e+01 -1.318290e+02 -4.490000e+00
      vertex   5.645624e+01 -1.324054e+02 -5.990000e+00
    endloop
  endfacet
  facet normal 8.403580e-01 -5.420318e-01 0.000000e+00
    outer loop
      vertex   5.645624e+01 -1.324054e+02 -5.990000e+00
      vertex   5.682803e+01 -1.318290e+02 -4.490000e+00
      vertex   5.645624e+01 -1.324054e+02 -4.490000e+00
    endloop
  endfacet
  facet normal 6.952748e-01 -7.187440e-01 0.000000e+00
    outer loop
      vertex   5.645624e+01 -1.324054e+02 -5.990000e+00
      vertex   5.645624e+01 -1.324054e+02 -4.490000e+00
      vertex   5.596324e+01 -1.328823e+02 -5.990000e+00
    endloop
  endfacet
  facet normal 6.952748e-01 -7.187440e-01 0.000000e+00
    outer loop
      vertex   5.596324e+01 -1.328823e+02 -5.990000e+00
      vertex   5.645624e+01 -1.324054e+02 -4.490000e+00
      vertex   5.596324e+01 -1.328823e+02 -4.490000e+00
    endloop
  endfacet
  facet normal 5.138452e-01 -8.578830e-01 0.000000e+00
    outer loop
      vertex   5.596324e+01 -1.328823e+02 -5.990000e+00
      vertex   5.596324e+01 -1.328823e+02 -4.490000e+00
      vertex   5.537480e+01 -1.332348e+02 -5.990000e+00
    endloop
  endfacet
  facet normal 5.138452e-01 -8.578830e-01 0.000000e+00
    outer loop
      vertex   5.537480e+01 -1.332348e+02 -5.990000e+00
      vertex   5.596324e+01 -1.328823e+02 -4.490000e+00
      vertex   5.537480e+01 -1.332348e+02 -4.490000e+00
    endloop
  endfacet
  facet normal 3.055536e-01 -9.521749e-01 0.000000e+00
    outer loop
      vertex   5.537480e+01 -1.332348e+02 -5.990000e+00
      vertex   5.537480e+01 -1.332348e+02 -4.490000e+00
      vertex   5.472169e+01 -1.334444e+02 -5.990000e+00
    endloop
  endfacet
  facet normal 3.055536e-01 -9.521749e-01 0.000000e+00
    outer loop
      vertex   5.472169e+01 -1.334444e+02 -5.990000e+00
      vertex   5.537480e+01 -1.332348e+02 -4.490000e+00
      vertex   5.472169e+01 -1.334444e+02 -4.490000e+00
    endloop
  endfacet
  facet normal -9.914449e-01 -1.305262e-01 -0.000000e+00
    outer loop
      vertex   -7.816799e+01 -1.403974e+02 -4.490000e+00
      vertex   -7.816799e+01 -1.403974e+02 -5.990000e+00
      vertex   -7.813050e+01 -1.406821e+02 -4.490000e+00
    endloop
  endfacet
  facet normal -9.914449e-01 -1.305262e-01 -0.000000e+00
    outer loop
      vertex   -7.813050e+01 -1.406821e+02 -4.490000e+00
      vertex   -7.816799e+01 -1.403974e+02 -5.990000e+00
      vertex   -7.813050e+01 -1.406821e+02 -5.990000e+00
    endloop
  endfacet
  facet normal -9.914449e-01 1.305262e-01 0.000000e+00
    outer loop
      vertex   -7.813050e+01 -1.406821e+02 -4.490000e+00
      vertex   -7.813050e+01 -1.406821e+02 -5.990000e+00
      vertex   -7.816799e+01 -1.409668e+02 -4.490000e+00
    endloop
  endfacet
  facet normal -9.914449e-01 1.305262e-01 0.000000e+00
    outer loop
      vertex   -7.816799e+01 -1.409668e+02 -4.490000e+00
      vertex   -7.813050e+01 -1.406821e+02 -5.990000e+00
      vertex   -7.816799e+01 -1.409668e+02 -5.990000e+00
    endloop
  endfacet
  facet normal -9.238795e-01 3.826834e-01 0.000000e+00
    outer loop
      vertex   -7.816799e+01 -1.409668e+02 -4.490000e+00
      vertex   -7.816799e+01 -1.409668e+02 -5.990000e+00
      vertex   -7.827788e+01 -1.412321e+02 -4.490000e+00
    endloop
  endfacet
  facet normal -9.238795e-01 3.826834e-01 0.000000e+00
    outer loop
      vertex   -7.827788e+01 -1.412321e+02 -4.490000e+00
      vertex   -7.816799e+01 -1.409668e+02 -5.990000e+00
      vertex   -7.827788e+01 -1.412321e+02 -5.990000e+00
    endloop
  endfacet
  facet normal -7.933533e-01 6.087614e-01 0.000000e+00
    outer loop
      vertex   -7.827788e+01 -1.412321e+02 -4.490000e+00
      vertex   -7.827788e+01 -1.412321e+02 -5.990000e+00
      vertex   -7.845269e+01 -1.414599e+02 -4.490000e+00
    endloop
  endfacet
  facet normal -7.933533e-01 6.087614e-01 0.000000e+00
    outer loop
      vertex   -7.845269e+01 -1.414599e+02 -4.490000e+00
      vertex   -7.827788e+01 -1.412321e+02 -5.990000e+00
      vertex   -7.845269e+01 -1.414599e+02 -5.990000e+00
    endloop
  endfacet
  facet normal -6.087614e-01 7.933533e-01 0.000000e+00
    outer loop
      vertex   -7.845269e+01 -1.414599e+02 -4.490000e+00
      vertex   -7.845269e+01 -1.414599e+02 -5.990000e+00
      vertex   -7.868050e+01 -1.416347e+02 -4.490000e+00
    endloop
  endfacet
  facet normal -6.087614e-01 7.933533e-01 0.000000e+00
    outer loop
      vertex   -7.868050e+01 -1.416347e+02 -4.490000e+00
      vertex   -7.845269e+01 -1.414599e+02 -5.990000e+00
      vertex   -7.868050e+01 -1.416347e+02 -5.990000e+00
    endloop
  endfacet
  facet normal -3.826834e-01 9.238795e-01 0.000000e+00
    outer loop
      vertex   -7.868050e+01 -1.416347e+02 -4.490000e+00
      vertex   -7.868050e+01 -1.416347e+02 -5.990000e+00
      vertex   -7.894580e+01 -1.417446e+02 -4.490000e+00
    endloop
  endfacet
  facet normal -3.826834e-01 9.238795e-01 0.000000e+00
    outer loop
      vertex   -7.894580e+01 -1.417446e+02 -4.490000e+00
      vertex   -7.868050e+01 -1.416347e+02 -5.990000e+00
      vertex   -7.894580e+01 -1.417446e+02 -5.990000e+00
    endloop
  endfacet
  facet normal -1.305262e-01 9.914449e-01 0.000000e+00
    outer loop
      vertex   -7.894580e+01 -1.417446e+02 -4.490000e+00
      vertex   -7.894580e+01 -1.417446e+02 -5.990000e+00
      vertex   -7.923050e+01 -1.417821e+02 -4.490000e+00
    endloop
  endfacet
  facet normal -1.305262e-01 9.914449e-01 0.000000e+00
    outer loop
      vertex   -7.923050e+01 -1.417821e+02 -4.490000e+00
      vertex   -7.894580e+01 -1.417446e+02 -5.990000e+00
      vertex   -7.923050e+01 -1.417821e+02 -5.990000e+00
    endloop
  endfacet
  facet normal 1.305262e-01 9.914449e-01 0.000000e+00
    outer loop
      vertex   -7.923050e+01 -1.417821e+02 -4.490000e+00
      vertex   -7.923050e+01 -1.417821e+02 -5.990000e+00
      vertex   -7.951520e+01 -1.417446e+02 -4.490000e+00
    endloop
  endfacet
  facet normal 1.305262e-01 9.914449e-01 0.000000e+00
    outer loop
      vertex   -7.951520e+01 -1.417446e+02 -4.490000e+00
      vertex   -7.923050e+01 -1.417821e+02 -5.990000e+00
      vertex   -7.951520e+01 -1.417446e+02 -5.990000e+00
    endloop
  endfacet
  facet normal 3.826834e-01 9.238795e-01 0.000000e+00
    outer loop
      vertex   -7.951520e+01 -1.417446e+02 -4.490000e+00
      vertex   -7.951520e+01 -1.417446e+02 -5.990000e+00
      vertex   -7.978050e+01 -1.416347e+02 -4.490000e+00
    endloop
  endfacet
  facet normal 3.826834e-01 9.238795e-01 0.000000e+00
    outer loop
      vertex   -7.978050e+01 -1.416347e+02 -4.490000e+00
      vertex   -7.951520e+01 -1.417446e+02 -5.990000e+00
      vertex   -7.978050e+01 -1.416347e+02 -5.990000e+00
    endloop
  endfacet
  facet normal 6.087614e-01 7.933533e-01 0.000000e+00
    outer loop
      vertex   -7.978050e+01 -1.416347e+02 -4.490000e+00
      vertex   -7.978050e+01 -1.416347e+02 -5.990000e+00
      vertex   -8.000832e+01 -1.414599e+02 -4.490000e+00
    endloop
  endfacet
  facet normal 6.087614e-01 7.933533e-01 0.000000e+00
    outer loop
      vertex   -8.000832e+01 -1.414599e+02 -4.490000e+00
      vertex   -7.978050e+01 -1.416347e+02 -5.990000e+00
      vertex   -8.000832e+01 -1.414599e+02 -5.990000e+00
    endloop
  endfacet
  facet normal 7.933533e-01 6.087614e-01 0.000000e+00
    outer loop
      vertex   -8.000832e+01 -1.414599e+02 -4.490000e+00
      vertex   -8.000832e+01 -1.414599e+02 -5.990000e+00
      vertex   -8.018313e+01 -1.412321e+02 -4.490000e+00
    endloop
  endfacet
  facet normal 7.933533e-01 6.087614e-01 0.000000e+00
    outer loop
      vertex   -8.018313e+01 -1.412321e+02 -4.490000e+00
      vertex   -8.000832e+01 -1.414599e+02 -5.990000e+00
      vertex   -8.018313e+01 -1.412321e+02 -5.990000e+00
    endloop
  endfacet
  facet normal 9.238795e-01 3.826834e-01 0.000000e+00
    outer loop
      vertex   -8.018313e+01 -1.412321e+02 -4.490000e+00
      vertex   -8.018313e+01 -1.412321e+02 -5.990000e+00
      vertex   -8.029302e+01 -1.409668e+02 -4.490000e+00
    endloop
  endfacet
  facet normal 9.238795e-01 3.826834e-01 0.000000e+00
    outer loop
      vertex   -8.029302e+01 -1.409668e+02 -4.490000e+00
      vertex   -8.018313e+01 -1.412321e+02 -5.990000e+00
      vertex   -8.029302e+01 -1.409668e+02 -5.990000e+00
    endloop
  endfacet
  facet normal 9.914449e-01 1.305262e-01 0.000000e+00
    outer loop
      vertex   -8.029302e+01 -1.409668e+02 -4.490000e+00
      vertex   -8.029302e+01 -1.409668e+02 -5.990000e+00
      vertex   -8.033050e+01 -1.406821e+02 -4.490000e+00
    endloop
  endfacet
  facet normal 9.914449e-01 1.305262e-01 0.000000e+00
    outer loop
      vertex   -8.033050e+01 -1.406821e+02 -4.490000e+00
      vertex   -8.029302e+01 -1.409668e+02 -5.990000e+00
      vertex   -8.033050e+01 -1.406821e+02 -5.990000e+00
    endloop
  endfacet
  facet normal 9.914449e-01 -1.305262e-01 0.000000e+00
    outer loop
      vertex   -8.033050e+01 -1.406821e+02 -4.490000e+00
      vertex   -8.033050e+01 -1.406821e+02 -5.990000e+00
      vertex   -8.029302e+01 -1.403974e+02 -4.490000e+00
    endloop
  endfacet
  facet normal 9.914449e-01 -1.305262e-01 0.000000e+00
    outer loop
      vertex   -8.029302e+01 -1.403974e+02 -4.490000e+00
      vertex   -8.033050e+01 -1.406821e+02 -5.990000e+00
      vertex   -8.029302e+01 -1.403974e+02 -5.990000e+00
    endloop
  endfacet
  facet normal 9.238795e-01 -3.826834e-01 0.000000e+00
    outer loop
      vertex   -8.029302e+01 -1.403974e+02 -4.490000e+00
      vertex   -8.029302e+01 -1.403974e+02 -5.990000e+00
      vertex   -8.018313e+01 -1.401321e+02 -4.490000e+00
    endloop
  endfacet
  facet normal 9.238795e-01 -3.826834e-01 0.000000e+00
    outer loop
      vertex   -8.018313e+01 -1.401321e+02 -4.490000e+00
      vertex   -8.029302e+01 -1.403974e+02 -5.990000e+00
      vertex   -8.018313e+01 -1.401321e+02 -5.990000e+00
    endloop
  endfacet
  facet normal 7.933533e-01 -6.087614e-01 0.000000e+00
    outer loop
      vertex   -8.018313e+01 -1.401321e+02 -4.490000e+00
      vertex   -8.018313e+01 -1.401321e+02 -5.990000e+00
      vertex   -8.000832e+01 -1.399043e+02 -4.490000e+00
    endloop
  endfacet
  facet normal 7.933533e-01 -6.087614e-01 0.000000e+00
    outer loop
      vertex   -8.000832e+01 -1.399043e+02 -4.490000e+00
      vertex   -8.018313e+01 -1.401321e+02 -5.990000e+00
      vertex   -8.000832e+01 -1.399043e+02 -5.990000e+00
    endloop
  endfacet
  facet normal 6.087614e-01 -7.933533e-01 0.000000e+00
    outer loop
      vertex   -8.000832e+01 -1.399043e+02 -4.490000e+00
      vertex   -8.000832e+01 -1.399043e+02 -5.990000e+00
      vertex   -7.978050e+01 -1.397295e+02 -4.490000e+00
    endloop
  endfacet
  facet normal 6.087614e-01 -7.933533e-01 0.000000e+00
    outer loop
      vertex   -7.978050e+01 -1.397295e+02 -4.490000e+00
      vertex   -8.000832e+01 -1.399043e+02 -5.990000e+00
      vertex   -7.978050e+01 -1.397295e+02 -5.990000e+00
    endloop
  endfacet
  facet normal 3.826834e-01 -9.238795e-01 0.000000e+00
    outer loop
      vertex   -7.978050e+01 -1.397295e+02 -4.490000e+00
      vertex   -7.978050e+01 -1.397295e+02 -5.990000e+00
      vertex   -7.951520e+01 -1.396196e+02 -4.490000e+00
    endloop
  endfacet
  facet normal 3.826834e-01 -9.238795e-01 0.000000e+00
    outer loop
      vertex   -7.951520e+01 -1.396196e+02 -4.490000e+00
      vertex   -7.978050e+01 -1.397295e+02 -5.990000e+00
      vertex   -7.951520e+01 -1.396196e+02 -5.990000e+00
    endloop
  endfacet
  facet normal 1.305262e-01 -9.914449e-01 0.000000e+00
    outer loop
      vertex   -7.951520e+01 -1.396196e+02 -4.490000e+00
      vertex   -7.951520e+01 -1.396196e+02 -5.990000e+00
      vertex   -7.923050e+01 -1.395821e+02 -4.490000e+00
    endloop
  endfacet
  facet normal 1.305262e-01 -9.914449e-01 0.000000e+00
    outer loop
      vertex   -7.923050e+01 -1.395821e+02 -4.490000e+00
      vertex   -7.951520e+01 -1.396196e+02 -5.990000e+00
      vertex   -7.923050e+01 -1.395821e+02 -5.990000e+00
    endloop
  endfacet
  facet normal -1.305262e-01 -9.914449e-01 -0.000000e+00
    outer loop
      vertex   -7.923050e+01 -1.395821e+02 -4.490000e+00
      vertex   -7.923050e+01 -1.395821e+02 -5.990000e+00
      vertex   -7.894580e+01 -1.396196e+02 -4.490000e+00
    endloop
  endfacet
  facet normal -1.305262e-01 -9.914449e-01 -0.000000e+00
    outer loop
      vertex   -7.894580e+01 -1.396196e+02 -4.490000e+00
      vertex   -7.923050e+01 -1.395821e+02 -5.990000e+00
      vertex   -7.894580e+01 -1.396196e+02 -5.990000e+00
    endloop
  endfacet
  facet normal -3.826834e-01 -9.238795e-01 -0.000000e+00
    outer loop
      vertex   -7.894580e+01 -1.396196e+02 -4.490000e+00
      vertex   -7.894580e+01 -1.396196e+02 -5.990000e+00
      vertex   -7.868050e+01 -1.397295e+02 -4.490000e+00
    endloop
  endfacet
  facet normal -3.826834e-01 -9.238795e-01 -0.000000e+00
    outer loop
      vertex   -7.868050e+01 -1.397295e+02 -4.490000e+00
      vertex   -7.894580e+01 -1.396196e+02 -5.990000e+00
      vertex   -7.868050e+01 -1.397295e+02 -5.990000e+00
    endloop
  endfacet
  facet normal -6.087614e-01 -7.933533e-01 -0.000000e+00
    outer loop
      vertex   -7.868050e+01 -1.397295e+02 -4.490000e+00
      vertex   -7.868050e+01 -1.397295e+02 -5.990000e+00
      vertex   -7.845269e+01 -1.399043e+02 -4.490000e+00
    endloop
  endfacet
  facet normal -6.087614e-01 -7.933533e-01 -0.000000e+00
    outer loop
      vertex   -7.845269e+01 -1.399043e+02 -4.490000e+00
      vertex   -7.868050e+01 -1.397295e+02 -5.990000e+00
      vertex   -7.845269e+01 -1.399043e+02 -5.990000e+00
    endloop
  endfacet
  facet normal -7.933533e-01 -6.087614e-01 -0.000000e+00
    outer loop
      vertex   -7.845269e+01 -1.399043e+02 -4.490000e+00
      vertex   -7.845269e+01 -1.399043e+02 -5.990000e+00
      vertex   -7.827788e+01 -1.401321e+02 -4.490000e+00
    endloop
  endfacet
  facet normal -7.933533e-01 -6.087614e-01 -0.000000e+00
    outer loop
      vertex   -7.827788e+01 -1.401321e+02 -4.490000e+00
      vertex   -7.845269e+01 -1.399043e+02 -5.990000e+00
      vertex   -7.827788e+01 -1.401321e+02 -5.990000e+00
    endloop
  endfacet
  facet normal -9.238795e-01 -3.826834e-01 -0.000000e+00
    outer loop
      vertex   -7.827788e+01 -1.401321e+02 -4.490000e+00
      vertex   -7.827788e+01 -1.401321e+02 -5.990000e+00
      vertex   -7.816799e+01 -1.403974e+02 -4.490000e+00
    endloop
  endfacet
  facet normal -9.238795e-01 -3.826834e-01 -0.000000e+00
    outer loop
      vertex   -7.816799e+01 -1.403974e+02 -4.490000e+00
      vertex   -7.827788e+01 -1.401321e+02 -5.990000e+00
      vertex   -7.816799e+01 -1.403974e+02 -5.990000e+00
    endloop
  endfacet
  facet normal -8.949344e-01 -4.461978e-01 0.000000e+00
    outer loop
      vertex   -6.642005e+01 -1.263297e+02 -5.990000e+00
      vertex   -6.017328e+01 -1.388588e+02 -5.990000e+00
      vertex   -6.642005e+01 -1.263297e+02 -4.490000e+00
    endloop
  endfacet
  facet normal -8.949344e-01 -4.461978e-01 0.000000e+00
    outer loop
      vertex   -6.642005e+01 -1.263297e+02 -4.490000e+00
      vertex   -6.017328e+01 -1.388588e+02 -5.990000e+00
      vertex   -6.017328e+01 -1.388588e+02 -4.490000e+00
    endloop
  endfacet
  facet normal 4.461978e-01 -8.949344e-01 0.000000e+00
    outer loop
      vertex   -7.894913e+01 -1.325764e+02 -5.990000e+00
      vertex   -6.642005e+01 -1.263297e+02 -5.990000e+00
      vertex   -7.894913e+01 -1.325764e+02 -4.490000e+00
    endloop
  endfacet
  facet normal 4.461978e-01 -8.949344e-01 0.000000e+00
    outer loop
      vertex   -7.894913e+01 -1.325764e+02 -4.490000e+00
      vertex   -6.642005e+01 -1.263297e+02 -5.990000e+00
      vertex   -6.642005e+01 -1.263297e+02 -4.490000e+00
    endloop
  endfacet
  facet normal 8.949344e-01 4.461978e-01 -0.000000e+00
    outer loop
      vertex   -7.270236e+01 -1.451055e+02 -5.990000e+00
      vertex   -7.894913e+01 -1.325764e+02 -5.990000e+00
      vertex   -7.270236e+01 -1.451055e+02 -4.490000e+00
    endloop
  endfacet
  facet normal 8.949344e-01 4.461978e-01 0.000000e+00
    outer loop
      vertex   -7.270236e+01 -1.451055e+02 -4.490000e+00
      vertex   -7.894913e+01 -1.325764e+02 -5.990000e+00
      vertex   -7.894913e+01 -1.325764e+02 -4.490000e+00
    endloop
  endfacet
  facet normal -4.461978e-01 8.949344e-01 0.000000e+00
    outer loop
      vertex   -6.017328e+01 -1.388588e+02 -5.990000e+00
      vertex   -7.270236e+01 -1.451055e+02 -5.990000e+00
      vertex   -6.017328e+01 -1.388588e+02 -4.490000e+00
    endloop
  endfacet
  facet normal -4.461978e-01 8.949344e-01 0.000000e+00
    outer loop
      vertex   -6.017328e+01 -1.388588e+02 -4.490000e+00
      vertex   -7.270236e+01 -1.451055e+02 -5.990000e+00
      vertex   -7.270236e+01 -1.451055e+02 -4.490000e+00
    endloop
  endfacet
  facet normal -1.000000e+00 0.000000e+00 0.000000e+00
    outer loop
      vertex   9.511596e+00 -1.015253e+02 -5.990000e+00
      vertex   9.511596e+00 -1.155253e+02 -5.990000e+00
      vertex   9.511596e+00 -1.015253e+02 -4.490000e+00
    endloop
  endfacet
  facet normal -1.000000e+00 -0.000000e+00 0.000000e+00
    outer loop
      vertex   9.511596e+00 -1.015253e+02 -4.490000e+00
      vertex   9.511596e+00 -1.155253e+02 -5.990000e+00
      vertex   9.511596e+00 -1.155253e+02 -4.490000e+00
    endloop
  endfacet
  facet normal 0.000000e+00 -1.000000e+00 0.000000e+00
    outer loop
      vertex   -4.488404e+00 -1.015253e+02 -5.990000e+00
      vertex   9.511596e+00 -1.015253e+02 -5.990000e+00
      vertex   -4.488404e+00 -1.015253e+02 -4.490000e+00
    endloop
  endfacet
  facet normal 0.000000e+00 -1.000000e+00 0.000000e+00
    outer loop
      vertex   -4.488404e+00 -1.015253e+02 -4.490000e+00
      vertex   9.511596e+00 -1.015253e+02 -5.990000e+00
      vertex   9.511596e+00 -1.015253e+02 -4.490000e+00
    endloop
  endfacet
  facet normal 1.000000e+00 0.000000e+00 0.000000e+00
    outer loop
      vertex   -4.488404e+00 -1.155253e+02 -5.990000e+00
      vertex   -4.488404e+00 -1.015253e+02 -5.990000e+00
      vertex   -4.488404e+00 -1.155253e+02 -4.490000e+00
    endloop
  endfacet
  facet normal 1.000000e+00 -0.000000e+00 0.000000e+00
    outer loop
      vertex   -4.488404e+00 -1.155253e+02 -4.490000e+00
      vertex   -4.488404e+00 -1.015253e+02 -5.990000e+00
      vertex   -4.488404e+00 -1.015253e+02 -4.490000e+00
    endloop
  endfacet
  facet normal 0.000000e+00 1.000000e+00 -0.000000e+00
    outer loop
      vertex   9.511596e+00 -1.155253e+02 -5.990000e+00
      vertex   -4.488404e+00 -1.155253e+02 -5.990000e+00
      vertex   9.511596e+00 -1.155253e+02 -4.490000e+00
    endloop
  endfacet
  facet normal 0.000000e+00 1.000000e+00 0.000000e+00
    outer loop
      vertex   9.511596e+00 -1.155253e+02 -4.490000e+00
      vertex   -4.488404e+00 -1.155253e+02 -5.990000e+00
      vertex   -4.488404e+00 -1.155253e+02 -4.490000e+00
    endloop
  endfacet
  facet normal -9.914449e-01 -1.305262e-01 -0.000000e+00
    outer loop
      vertex   3.215291e+01 -8.799750e+01 -4.490000e+00
      vertex   3.215291e+01 -8.799750e+01 -5.990000e+00
      vertex   3.219040e+01 -8.828220e+01 -4.490000e+00
    endloop
  endfacet
  facet normal -9.914449e-01 -1.305262e-01 -0.000000e+00
    outer loop
      vertex   3.219040e+01 -8.828220e+01 -4.490000e+00
      vertex   3.215291e+01 -8.799750e+01 -5.990000e+00
      vertex   3.219040e+01 -8.828220e+01 -5.990000e+00
    endloop
  endfacet
  facet normal -9.914449e-01 1.305262e-01 0.000000e+00
    outer loop
      vertex   3.219040e+01 -8.828220e+01 -4.490000e+00
      vertex   3.219040e+01 -8.828220e+01 -5.990000e+00
      vertex   3.215291e+01 -8.856690e+01 -4.490000e+00
    endloop
  endfacet
  facet normal -9.914449e-01 1.305262e-01 0.000000e+00
    outer loop
      vertex   3.215291e+01 -8.856690e+01 -4.490000e+00
      vertex   3.219040e+01 -8.828220e+01 -5.990000e+00
      vertex   3.215291e+01 -8.856690e+01 -5.990000e+00
    endloop
  endfacet
  facet normal -9.238795e-01 3.826834e-01 0.000000e+00
    outer loop
      vertex   3.215291e+01 -8.856690e+01 -4.490000e+00
      vertex   3.215291e+01 -8.856690e+01 -5.990000e+00
      vertex   3.204302e+01 -8.883220e+01 -4.490000e+00
    endloop
  endfacet
  facet normal -9.238795e-01 3.826834e-01 0.000000e+00
    outer loop
      vertex   3.204302e+01 -8.883220e+01 -4.490000e+00
      vertex   3.215291e+01 -8.856690e+01 -5.990000e+00
      vertex   3.204302e+01 -8.883220e+01 -5.990000e+00
    endloop
  endfacet
  facet normal -7.933533e-01 6.087614e-01 0.000000e+00
    outer loop
      vertex   3.204302e+01 -8.883220e+01 -4.490000e+00
      vertex   3.204302e+01 -8.883220e+01 -5.990000e+00
      vertex   3.186821e+01 -8.906002e+01 -4.490000e+00
    endloop
  endfacet
  facet normal -7.933533e-01 6.087614e-01 0.000000e+00
    outer loop
      vertex   3.186821e+01 -8.906002e+01 -4.490000e+00
      vertex   3.204302e+01 -8.883220e+01 -5.990000e+00
      vertex   3.186821e+01 -8.906002e+01 -5.990000e+00
    endloop
  endfacet
  facet normal -6.087614e-01 7.933533e-01 0.000000e+00
    outer loop
      vertex   3.186821e+01 -8.906002e+01 -4.490000e+00
      vertex   3.186821e+01 -8.906002e+01 -5.990000e+00
      vertex   3.164040e+01 -8.923483e+01 -4.490000e+00
    endloop
  endfacet
  facet normal -6.087614e-01 7.933533e-01 0.000000e+00
    outer loop
      vertex   3.164040e+01 -8.923483e+01 -4.490000e+00
      vertex   3.186821e+01 -8.906002e+01 -5.990000e+00
      vertex   3.164040e+01 -8.923483e+01 -5.990000e+00
    endloop
  endfacet
  facet normal -3.826834e-01 9.238795e-01 0.000000e+00
    outer loop
      vertex   3.164040e+01 -8.923483e+01 -4.490000e+00
      vertex   3.164040e+01 -8.923483e+01 -5.990000e+00
      vertex   3.137510e+01 -8.934472e+01 -4.490000e+00
    endloop
  endfacet
  facet normal -3.826834e-01 9.238795e-01 0.000000e+00
    outer loop
      vertex   3.137510e+01 -8.934472e+01 -4.490000e+00
      vertex   3.164040e+01 -8.923483e+01 -5.990000e+00
      vertex   3.137510e+01 -8.934472e+01 -5.990000e+00
    endloop
  endfacet
  facet normal -1.305262e-01 9.914449e-01 0.000000e+00
    outer loop
      vertex   3.137510e+01 -8.934472e+01 -4.490000e+00
      vertex   3.137510e+01 -8.934472e+01 -5.990000e+00
      vertex   3.109040e+01 -8.938220e+01 -4.490000e+00
    endloop
  endfacet
  facet normal -1.305262e-01 9.914449e-01 0.000000e+00
    outer loop
      vertex   3.109040e+01 -8.938220e+01 -4.490000e+00
      vertex   3.137510e+01 -8.934472e+01 -5.990000e+00
      vertex   3.109040e+01 -8.938220e+01 -5.990000e+00
    endloop
  endfacet
  facet normal 1.305262e-01 9.914449e-01 0.000000e+00
    outer loop
      vertex   3.109040e+01 -8.938220e+01 -4.490000e+00
      vertex   3.109040e+01 -8.938220e+01 -5.990000e+00
      vertex   3.080570e+01 -8.934472e+01 -4.490000e+00
    endloop
  endfacet
  facet normal 1.305262e-01 9.914449e-01 0.000000e+00
    outer loop
      vertex   3.080570e+01 -8.934472e+01 -4.490000e+00
      vertex   3.109040e+01 -8.938220e+01 -5.990000e+00
      vertex   3.080570e+01 -8.934472e+01 -5.990000e+00
    endloop
  endfacet
  facet normal 3.826834e-01 9.238795e-01 0.000000e+00
    outer loop
      vertex   3.080570e+01 -8.934472e+01 -4.490000e+00
      vertex   3.080570e+01 -8.934472e+01 -5.990000e+00
      vertex   3.054040e+01 -8.923483e+01 -4.490000e+00
    endloop
  endfacet
  facet normal 3.826834e-01 9.238795e-01 0.000000e+00
    outer loop
      vertex   3.054040e+01 -8.923483e+01 -4.490000e+00
      vertex   3.080570e+01 -8.934472e+01 -5.990000e+00
      vertex   3.054040e+01 -8.923483e+01 -5.990000e+00
    endloop
  endfacet
  facet normal 6.087614e-01 7.933533e-01 0.000000e+00
    outer loop
      vertex   3.054040e+01 -8.923483e+01 -4.490000e+00
      vertex   3.054040e+01 -8.923483e+01 -5.990000e+00
      vertex   3.031258e+01 -8.906002e+01 -4.490000e+00
    endloop
  endfacet
  facet normal 6.087614e-01 7.933533e-01 0.000000e+00
    outer loop
      vertex   3.031258e+01 -8.906002e+01 -4.490000e+00
      vertex   3.054040e+01 -8.923483e+01 -5.990000e+00
      vertex   3.031258e+01 -8.906002e+01 -5.990000e+00
    endloop
  endfacet
  facet normal 7.933533e-01 6.087614e-01 0.000000e+00
    outer loop
      vertex   3.031258e+01 -8.906002e+01 -4.490000e+00
      vertex   3.031258e+01 -8.906002e+01 -5.990000e+00
      vertex   3.013777e+01 -8.883220e+01 -4.490000e+00
    endloop
  endfacet
  facet normal 7.933533e-01 6.087614e-01 0.000000e+00
    outer loop
      vertex   3.013777e+01 -8.883220e+01 -4.490000e+00
      vertex   3.031258e+01 -8.906002e+01 -5.990000e+00
      vertex   3.013777e+01 -8.883220e+01 -5.990000e+00
    endloop
  endfacet
  facet normal 9.238795e-01 3.826834e-01 0.000000e+00
    outer loop
      vertex   3.013777e+01 -8.883220e+01 -4.490000e+00
      vertex   3.013777e+01 -8.883220e+01 -5.990000e+00
      vertex   3.002788e+01 -8.856690e+01 -4.490000e+00
    endloop
  endfacet
  facet normal 9.238795e-01 3.826834e-01 0.000000e+00
    outer loop
      vertex   3.002788e+01 -8.856690e+01 -4.490000e+00
      vertex   3.013777e+01 -8.883220e+01 -5.990000e+00
      vertex   3.002788e+01 -8.856690e+01 -5.990000e+00
    endloop
  endfacet
  facet normal 9.914449e-01 1.305262e-01 0.000000e+00
    outer loop
      vertex   3.002788e+01 -8.856690e+01 -4.490000e+00
      vertex   3.002788e+01 -8.856690e+01 -5.990000e+00
      vertex   2.999040e+01 -8.828220e+01 -4.490000e+00
    endloop
  endfacet
  facet normal 9.914449e-01 1.305262e-01 0.000000e+00
    outer loop
      vertex   2.999040e+01 -8.828220e+01 -4.490000e+00
      vertex   3.002788e+01 -8.856690e+01 -5.990000e+00
      vertex   2.999040e+01 -8.828220e+01 -5.990000e+00
    endloop
  endfacet
  facet normal 9.914449e-01 -1.305262e-01 0.000000e+00
    outer loop
      vertex   2.999040e+01 -8.828220e+01 -4.490000e+00
      vertex   2.999040e+01 -8.828220e+01 -5.990000e+00
      vertex   3.002788e+01 -8.799750e+01 -4.490000e+00
    endloop
  endfacet
  facet normal 9.914449e-01 -1.305262e-01 0.000000e+00
    outer loop
      vertex   3.002788e+01 -8.799750e+01 -4.490000e+00
      vertex   2.999040e+01 -8.828220e+01 -5.990000e+00
      vertex   3.002788e+01 -8.799750e+01 -5.990000e+00
    endloop
  endfacet
  facet normal 9.238795e-01 -3.826834e-01 0.000000e+00
    outer loop
      vertex   3.002788e+01 -8.799750e+01 -4.490000e+00
      vertex   3.002788e+01 -8.799750e+01 -5.990000e+00
      vertex   3.013777e+01 -8.773220e+01 -4.490000e+00
    endloop
  endfacet
  facet normal 9.238795e-01 -3.826834e-01 0.000000e+00
    outer loop
      vertex   3.013777e+01 -8.773220e+01 -4.490000e+00
      vertex   3.002788e+01 -8.799750e+01 -5.990000e+00
      vertex   3.013777e+01 -8.773220e+01 -5.990000e+00
    endloop
  endfacet
  facet normal 7.933533e-01 -6.087614e-01 0.000000e+00
    outer loop
      vertex   3.013777e+01 -8.773220e+01 -4.490000e+00
      vertex   3.013777e+01 -8.773220e+01 -5.990000e+00
      vertex   3.031258e+01 -8.750438e+01 -4.490000e+00
    endloop
  endfacet
  facet normal 7.933533e-01 -6.087614e-01 0.000000e+00
    outer loop
      vertex   3.031258e+01 -8.750438e+01 -4.490000e+00
      vertex   3.013777e+01 -8.773220e+01 -5.990000e+00
      vertex   3.031258e+01 -8.750438e+01 -5.990000e+00
    endloop
  endfacet
  facet normal 6.087614e-01 -7.933533e-01 0.000000e+00
    outer loop
      vertex   3.031258e+01 -8.750438e+01 -4.490000e+00
      vertex   3.031258e+01 -8.750438e+01 -5.990000e+00
      vertex   3.054040e+01 -8.732957e+01 -4.490000e+00
    endloop
  endfacet
  facet normal 6.087614e-01 -7.933533e-01 0.000000e+00
    outer loop
      vertex   3.054040e+01 -8.732957e+01 -4.490000e+00
      vertex   3.031258e+01 -8.750438e+01 -5.990000e+00
      vertex   3.054040e+01 -8.732957e+01 -5.990000e+00
    endloop
  endfacet
  facet normal 3.826834e-01 -9.238795e-01 0.000000e+00
    outer loop
      vertex   3.054040e+01 -8.732957e+01 -4.490000e+00
      vertex   3.054040e+01 -8.732957e+01 -5.990000e+00
      vertex   3.080570e+01 -8.721968e+01 -4.490000e+00
    endloop
  endfacet
  facet normal 3.826834e-01 -9.238795e-01 0.000000e+00
    outer loop
      vertex   3.080570e+01 -8.721968e+01 -4.490000e+00
      vertex   3.054040e+01 -8.732957e+01 -5.990000e+00
      vertex   3.080570e+01 -8.721968e+01 -5.990000e+00
    endloop
  endfacet
  facet normal 1.305262e-01 -9.914449e-01 0.000000e+00
    outer loop
      vertex   3.080570e+01 -8.721968e+01 -4.490000e+00
      vertex   3.080570e+01 -8.721968e+01 -5.990000e+00
      vertex   3.109040e+01 -8.718220e+01 -4.490000e+00
    endloop
  endfacet
  facet normal 1.305262e-01 -9.914449e-01 0.000000e+00
    outer loop
      vertex   3.109040e+01 -8.718220e+01 -4.490000e+00
      vertex   3.080570e+01 -8.721968e+01 -5.990000e+00
      vertex   3.109040e+01 -8.718220e+01 -5.990000e+00
    endloop
  endfacet
  facet normal -1.305262e-01 -9.914449e-01 -0.000000e+00
    outer loop
      vertex   3.109040e+01 -8.718220e+01 -4.490000e+00
      vertex   3.109040e+01 -8.718220e+01 -5.990000e+00
      vertex   3.137510e+01 -8.721968e+01 -4.490000e+00
    endloop
  endfacet
  facet normal -1.305262e-01 -9.914449e-01 -0.000000e+00
    outer loop
      vertex   3.137510e+01 -8.721968e+01 -4.490000e+00
      vertex   3.109040e+01 -8.718220e+01 -5.990000e+00
      vertex   3.137510e+01 -8.721968e+01 -5.990000e+00
    endloop
  endfacet
  facet normal -3.826834e-01 -9.238795e-01 -0.000000e+00
    outer loop
      vertex   3.137510e+01 -8.721968e+01 -4.490000e+00
      vertex   3.137510e+01 -8.721968e+01 -5.990000e+00
      vertex   3.164040e+01 -8.732957e+01 -4.490000e+00
    endloop
  endfacet
  facet normal -3.826834e-01 -9.238795e-01 -0.000000e+00
    outer loop
      vertex   3.164040e+01 -8.732957e+01 -4.490000e+00
      vertex   3.137510e+01 -8.721968e+01 -5.990000e+00
      vertex   3.164040e+01 -8.732957e+01 -5.990000e+00
    endloop
  endfacet
  facet normal -6.087614e-01 -7.933533e-01 -0.000000e+00
    outer loop
      vertex   3.164040e+01 -8.732957e+01 -4.490000e+00
      vertex   3.164040e+01 -8.732957e+01 -5.990000e+00
      vertex   3.186821e+01 -8.750438e+01 -4.490000e+00
    endloop
  endfacet
  facet normal -6.087614e-01 -7.933533e-01 -0.000000e+00
    outer loop
      vertex   3.186821e+01 -8.750438e+01 -4.490000e+00
      vertex   3.164040e+01 -8.732957e+01 -5.990000e+00
      vertex   3.186821e+01 -8.750438e+01 -5.990000e+00
    endloop
  endfacet
  facet normal -7.933533e-01 -6.087614e-01 -0.000000e+00
    outer loop
      vertex   3.186821e+01 -8.750438e+01 -4.490000e+00
      vertex   3.186821e+01 -8.750438e+01 -5.990000e+00
      vertex   3.204302e+01 -8.773220e+01 -4.490000e+00
    endloop
  endfacet
  facet normal -7.933533e-01 -6.087614e-01 -0.000000e+00
    outer loop
      vertex   3.204302e+01 -8.773220e+01 -4.490000e+00
      vertex   3.186821e+01 -8.750438e+01 -5.990000e+00
      vertex   3.204302e+01 -8.773220e+01 -5.990000e+00
    endloop
  endfacet
  facet normal -9.238795e-01 -3.826834e-01 -0.000000e+00
    outer loop
      vertex   3.204302e+01 -8.773220e+01 -4.490000e+00
      vertex   3.204302e+01 -8.773220e+01 -5.990000e+00
      vertex   3.215291e+01 -8.799750e+01 -4.490000e+00
    endloop
  endfacet
  facet normal -9.238795e-01 -3.826834e-01 -0.000000e+00
    outer loop
      vertex   3.215291e+01 -8.799750e+01 -4.490000e+00
      vertex   3.204302e+01 -8.773220e+01 -5.990000e+00
      vertex   3.215291e+01 -8.799750e+01 -5.990000e+00
    endloop
  endfacet
  facet normal -9.914449e-01 -1.305262e-01 -0.000000e+00
    outer loop
      vertex   -5.946287e+00 -7.490090e+01 -4.490000e+00
      vertex   -5.946287e+00 -7.490090e+01 -5.990000e+00
      vertex   -5.908805e+00 -7.518560e+01 -4.490000e+00
    endloop
  endfacet
  facet normal -9.914449e-01 -1.305262e-01 -0.000000e+00
    outer loop
      vertex   -5.908805e+00 -7.518560e+01 -4.490000e+00
      vertex   -5.946287e+00 -7.490090e+01 -5.990000e+00
      vertex   -5.908805e+00 -7.518560e+01 -5.990000e+00
    endloop
  endfacet
  facet normal -9.914449e-01 1.305262e-01 0.000000e+00
    outer loop
      vertex   -5.908805e+00 -7.518560e+01 -4.490000e+00
      vertex   -5.908805e+00 -7.518560e+01 -5.990000e+00
      vertex   -5.946287e+00 -7.547030e+01 -4.490000e+00
    endloop
  endfacet
  facet normal -9.914449e-01 1.305262e-01 0.000000e+00
    outer loop
      vertex   -5.946287e+00 -7.547030e+01 -4.490000e+00
      vertex   -5.908805e+00 -7.518560e+01 -5.990000e+00
      vertex   -5.946287e+00 -7.547030e+01 -5.990000e+00
    endloop
  endfacet
  facet normal -9.238795e-01 3.826834e-01 0.000000e+00
    outer loop
      vertex   -5.946287e+00 -7.547030e+01 -4.490000e+00
      vertex   -5.946287e+00 -7.547030e+01 -5.990000e+00
      vertex   -6.056177e+00 -7.573560e+01 -4.490000e+00
    endloop
  endfacet
  facet normal -9.238795e-01 3.826834e-01 5.470466e-16
    outer loop
      vertex   -6.056177e+00 -7.573560e+01 -4.490000e+00
      vertex   -5.946287e+00 -7.547030e+01 -5.990000e+00
      vertex   -6.056177e+00 -7.573560e+01 -5.990000e+00
    endloop
  endfacet
  facet normal -7.933533e-01 6.087614e-01 4.697595e-16
    outer loop
      vertex   -6.056177e+00 -7.573560e+01 -4.490000e+00
      vertex   -6.056177e+00 -7.573560e+01 -5.990000e+00
      vertex   -6.230988e+00 -7.596342e+01 -4.490000e+00
    endloop
  endfacet
  facet normal -7.933533e-01 6.087614e-01 0.000000e+00
    outer loop
      vertex   -6.230988e+00 -7.596342e+01 -4.490000e+00
      vertex   -6.056177e+00 -7.573560e+01 -5.990000e+00
      vertex   -6.230988e+00 -7.596342e+01 -5.990000e+00
    endloop
  endfacet
  facet normal -6.087614e-01 7.933533e-01 0.000000e+00
    outer loop
      vertex   -6.230988e+00 -7.596342e+01 -4.490000e+00
      vertex   -6.230988e+00 -7.596342e+01 -5.990000e+00
      vertex   -6.458805e+00 -7.613823e+01 -4.490000e+00
    endloop
  endfacet
  facet normal -6.087614e-01 7.933533e-01 3.604592e-16
    outer loop
      vertex   -6.458805e+00 -7.613823e+01 -4.490000e+00
      vertex   -6.230988e+00 -7.596342e+01 -5.990000e+00
      vertex   -6.458805e+00 -7.613823e+01 -5.990000e+00
    endloop
  endfacet
  facet normal -3.826834e-01 9.238795e-01 2.265941e-16
    outer loop
      vertex   -6.458805e+00 -7.613823e+01 -4.490000e+00
      vertex   -6.458805e+00 -7.613823e+01 -5.990000e+00
      vertex   -6.724104e+00 -7.624812e+01 -4.490000e+00
    endloop
  endfacet
  facet normal -3.826834e-01 9.238795e-01 2.265941e-16
    outer loop
      vertex   -6.724104e+00 -7.624812e+01 -4.490000e+00
      vertex   -6.458805e+00 -7.613823e+01 -5.990000e+00
      vertex   -6.724104e+00 -7.624812e+01 -5.990000e+00
    endloop
  endfacet
  facet normal -1.305262e-01 9.914449e-01 7.728703e-17
    outer loop
      vertex   -6.724104e+00 -7.624812e+01 -4.490000e+00
      vertex   -6.724104e+00 -7.624812e+01 -5.990000e+00
      vertex   -7.008805e+00 -7.628560e+01 -4.490000e+00
    endloop
  endfacet
  facet normal -1.305262e-01 9.914449e-01 0.000000e+00
    outer loop
      vertex   -7.008805e+00 -7.628560e+01 -4.490000e+00
      vertex   -6.724104e+00 -7.624812e+01 -5.990000e+00
      vertex   -7.008805e+00 -7.628560e+01 -5.990000e+00
    endloop
  endfacet
  facet normal 1.305262e-01 9.914449e-01 0.000000e+00
    outer loop
      vertex   -7.008805e+00 -7.628560e+01 -4.490000e+00
      vertex   -7.008805e+00 -7.628560e+01 -5.990000e+00
      vertex   -7.293506e+00 -7.624812e+01 -4.490000e+00
    endloop
  endfacet
  facet normal 1.305262e-01 9.914449e-01 9.392853e-15
    outer loop
      vertex   -7.293506e+00 -7.624812e+01 -4.490000e+00
      vertex   -7.008805e+00 -7.628560e+01 -5.990000e+00
      vertex   -7.293506e+00 -7.624812e+01 -5.990000e+00
    endloop
  endfacet
  facet normal 3.826834e-01 9.238795e-01 8.752745e-15
    outer loop
      vertex   -7.293506e+00 -7.624812e+01 -4.490000e+00
      vertex   -7.293506e+00 -7.624812e+01 -5.990000e+00
      vertex   -7.558805e+00 -7.613823e+01 -4.490000e+00
    endloop
  endfacet
  facet normal 3.826834e-01 9.238795e-01 0.000000e+00
    outer loop
      vertex   -7.558805e+00 -7.613823e+01 -4.490000e+00
      vertex   -7.293506e+00 -7.624812e+01 -5.990000e+00
      vertex   -7.558805e+00 -7.613823e+01 -5.990000e+00
    endloop
  endfacet
  facet normal 6.087614e-01 7.933533e-01 0.000000e+00
    outer loop
      vertex   -7.558805e+00 -7.613823e+01 -4.490000e+00
      vertex   -7.558805e+00 -7.613823e+01 -5.990000e+00
      vertex   -7.786622e+00 -7.596342e+01 -4.490000e+00
    endloop
  endfacet
  facet normal 6.087614e-01 7.933533e-01 -3.604592e-16
    outer loop
      vertex   -7.786622e+00 -7.596342e+01 -4.490000e+00
      vertex   -7.558805e+00 -7.613823e+01 -5.990000e+00
      vertex   -7.786622e+00 -7.596342e+01 -5.990000e+00
    endloop
  endfacet
  facet normal 7.933533e-01 6.087614e-01 -4.697595e-16
    outer loop
      vertex   -7.786622e+00 -7.596342e+01 -4.490000e+00
      vertex   -7.786622e+00 -7.596342e+01 -5.990000e+00
      vertex   -7.961433e+00 -7.573560e+01 -4.490000e+00
    endloop
  endfacet
  facet normal 7.933533e-01 6.087614e-01 -4.697595e-16
    outer loop
      vertex   -7.961433e+00 -7.573560e+01 -4.490000e+00
      vertex   -7.786622e+00 -7.596342e+01 -5.990000e+00
      vertex   -7.961433e+00 -7.573560e+01 -5.990000e+00
    endloop
  endfacet
  facet normal 9.238795e-01 3.826834e-01 -5.470466e-16
    outer loop
      vertex   -7.961433e+00 -7.573560e+01 -4.490000e+00
      vertex   -7.961433e+00 -7.573560e+01 -5.990000e+00
      vertex   -8.071323e+00 -7.547030e+01 -4.490000e+00
    endloop
  endfacet
  facet normal 9.238795e-01 3.826834e-01 0.000000e+00
    outer loop
      vertex   -8.071323e+00 -7.547030e+01 -4.490000e+00
      vertex   -7.961433e+00 -7.573560e+01 -5.990000e+00
      vertex   -8.071323e+00 -7.547030e+01 -5.990000e+00
    endloop
  endfacet
  facet normal 9.914449e-01 1.305262e-01 0.000000e+00
    outer loop
      vertex   -8.071323e+00 -7.547030e+01 -4.490000e+00
      vertex   -8.071323e+00 -7.547030e+01 -5.990000e+00
      vertex   -8.108805e+00 -7.518560e+01 -4.490000e+00
    endloop
  endfacet
  facet normal 9.914449e-01 1.305262e-01 0.000000e+00
    outer loop
      vertex   -8.108805e+00 -7.518560e+01 -4.490000e+00
      vertex   -8.071323e+00 -7.547030e+01 -5.990000e+00
      vertex   -8.108805e+00 -7.518560e+01 -5.990000e+00
    endloop
  endfacet
  facet normal 9.914449e-01 -1.305262e-01 0.000000e+00
    outer loop
      vertex   -8.108805e+00 -7.518560e+01 -4.490000e+00
      vertex   -8.108805e+00 -7.518560e+01 -5.990000e+00
      vertex   -8.071323e+00 -7.490090e+01 -4.490000e+00
    endloop
  endfacet
  facet normal 9.914449e-01 -1.305262e-01 0.000000e+00
    outer loop
      vertex   -8.071323e+00 -7.490090e+01 -4.490000e+00
      vertex   -8.108805e+00 -7.518560e+01 -5.990000e+00
      vertex   -8.071323e+00 -7.490090e+01 -5.990000e+00
    endloop
  endfacet
  facet normal 9.238795e-01 -3.826834e-01 0.000000e+00
    outer loop
      vertex   -8.071323e+00 -7.490090e+01 -4.490000e+00
      vertex   -8.071323e+00 -7.490090e+01 -5.990000e+00
      vertex   -7.961433e+00 -7.463560e+01 -4.490000e+00
    endloop
  endfacet
  facet normal 9.238795e-01 -3.826834e-01 5.470466e-16
    outer loop
      vertex   -7.961433e+00 -7.463560e+01 -4.490000e+00
      vertex   -8.071323e+00 -7.490090e+01 -5.990000e+00
      vertex   -7.961433e+00 -7.463560e+01 -5.990000e+00
    endloop
  endfacet
  facet normal 7.933533e-01 -6.087614e-01 4.697595e-16
    outer loop
      vertex   -7.961433e+00 -7.463560e+01 -4.490000e+00
      vertex   -7.961433e+00 -7.463560e+01 -5.990000e+00
      vertex   -7.786622e+00 -7.440778e+01 -4.490000e+00
    endloop
  endfacet
  facet normal 7.933533e-01 -6.087614e-01 4.697595e-16
    outer loop
      vertex   -7.786622e+00 -7.440778e+01 -4.490000e+00
      vertex   -7.961433e+00 -7.463560e+01 -5.990000e+00
      vertex   -7.786622e+00 -7.440778e+01 -5.990000e+00
    endloop
  endfacet
  facet normal 6.087614e-01 -7.933533e-01 3.604592e-16
    outer loop
      vertex   -7.786622e+00 -7.440778e+01 -4.490000e+00
      vertex   -7.786622e+00 -7.440778e+01 -5.990000e+00
      vertex   -7.558805e+00 -7.423297e+01 -4.490000e+00
    endloop
  endfacet
  facet normal 6.087614e-01 -7.933533e-01 0.000000e+00
    outer loop
      vertex   -7.558805e+00 -7.423297e+01 -4.490000e+00
      vertex   -7.786622e+00 -7.440778e+01 -5.990000e+00
      vertex   -7.558805e+00 -7.423297e+01 -5.990000e+00
    endloop
  endfacet
  facet normal 3.826834e-01 -9.238795e-01 0.000000e+00
    outer loop
      vertex   -7.558805e+00 -7.423297e+01 -4.490000e+00
      vertex   -7.558805e+00 -7.423297e+01 -5.990000e+00
      vertex   -7.293506e+00 -7.412308e+01 -4.490000e+00
    endloop
  endfacet
  facet normal 3.826834e-01 -9.238795e-01 -8.752745e-15
    outer loop
      vertex   -7.293506e+00 -7.412308e+01 -4.490000e+00
      vertex   -7.558805e+00 -7.423297e+01 -5.990000e+00
      vertex   -7.293506e+00 -7.412308e+01 -5.990000e+00
    endloop
  endfacet
  facet normal 1.305262e-01 -9.914449e-01 -9.392853e-15
    outer loop
      vertex   -7.293506e+00 -7.412308e+01 -4.490000e+00
      vertex   -7.293506e+00 -7.412308e+01 -5.990000e+00
      vertex   -7.008805e+00 -7.408560e+01 -4.490000e+00
    endloop
  endfacet
  facet normal 1.305262e-01 -9.914449e-01 0.000000e+00
    outer loop
      vertex   -7.008805e+00 -7.408560e+01 -4.490000e+00
      vertex   -7.293506e+00 -7.412308e+01 -5.990000e+00
      vertex   -7.008805e+00 -7.408560e+01 -5.990000e+00
    endloop
  endfacet
  facet normal -1.305262e-01 -9.914449e-01 -0.000000e+00
    outer loop
      vertex   -7.008805e+00 -7.408560e+01 -4.490000e+00
      vertex   -7.008805e+00 -7.408560e+01 -5.990000e+00
      vertex   -6.724104e+00 -7.412308e+01 -4.490000e+00
    endloop
  endfacet
  facet normal -1.305262e-01 -9.914449e-01 -7.728703e-17
    outer loop
      vertex   -6.724104e+00 -7.412308e+01 -4.490000e+00
      vertex   -7.008805e+00 -7.408560e+01 -5.990000e+00
      vertex   -6.724104e+00 -7.412308e+01 -5.990000e+00
    endloop
  endfacet
  facet normal -3.826834e-01 -9.238795e-01 -2.265941e-16
    outer loop
      vertex   -6.724104e+00 -7.412308e+01 -4.490000e+00
      vertex   -6.724104e+00 -7.412308e+01 -5.990000e+00
      vertex   -6.458805e+00 -7.423297e+01 -4.490000e+00
    endloop
  endfacet
  facet normal -3.826834e-01 -9.238795e-01 -2.265941e-16
    outer loop
      vertex   -6.458805e+00 -7.423297e+01 -4.490000e+00
      vertex   -6.724104e+00 -7.412308e+01 -5.990000e+00
      vertex   -6.458805e+00 -7.423297e+01 -5.990000e+00
    endloop
  endfacet
  facet normal -6.087614e-01 -7.933533e-01 -3.604592e-16
    outer loop
      vertex   -6.458805e+00 -7.423297e+01 -4.490000e+00
      vertex   -6.458805e+00 -7.423297e+01 -5.990000e+00
      vertex   -6.230988e+00 -7.440778e+01 -4.490000e+00
    endloop
  endfacet
  facet normal -6.087614e-01 -7.933533e-01 -0.000000e+00
    outer loop
      vertex   -6.230988e+00 -7.440778e+01 -4.490000e+00
      vertex   -6.458805e+00 -7.423297e+01 -5.990000e+00
      vertex   -6.230988e+00 -7.440778e+01 -5.990000e+00
    endloop
  endfacet
  facet normal -7.933533e-01 -6.087614e-01 -0.000000e+00
    outer loop
      vertex   -6.230988e+00 -7.440778e+01 -4.490000e+00
      vertex   -6.230988e+00 -7.440778e+01 -5.990000e+00
      vertex   -6.056177e+00 -7.463560e+01 -4.490000e+00
    endloop
  endfacet
  facet normal -7.933533e-01 -6.087614e-01 -4.697595e-16
    outer loop
      vertex   -6.056177e+00 -7.463560e+01 -4.490000e+00
      vertex   -6.230988e+00 -7.440778e+01 -5.990000e+00
      vertex   -6.056177e+00 -7.463560e+01 -5.990000e+00
    endloop
  endfacet
  facet normal -9.238795e-01 -3.826834e-01 -5.470466e-16
    outer loop
      vertex   -6.056177e+00 -7.463560e+01 -4.490000e+00
      vertex   -6.056177e+00 -7.463560e+01 -5.990000e+00
      vertex   -5.946287e+00 -7.490090e+01 -4.490000e+00
    endloop
  endfacet
  facet normal -9.238795e-01 -3.826834e-01 -0.000000e+00
    outer loop
      vertex   -5.946287e+00 -7.490090e+01 -4.490000e+00
      vertex   -6.056177e+00 -7.463560e+01 -5.990000e+00
      vertex   -5.946287e+00 -7.490090e+01 -5.990000e+00
    endloop
  endfacet
  facet normal -1.000000e+00 0.000000e+00 0.000000e+00
    outer loop
      vertex   -2.858921e+01 -8.485620e+01 -5.990000e+00
      vertex   -2.858921e+01 -9.885620e+01 -5.990000e+00
      vertex   -2.858921e+01 -8.485620e+01 -4.490000e+00
    endloop
  endfacet
  facet normal -1.000000e+00 -0.000000e+00 0.000000e+00
    outer loop
      vertex   -2.858921e+01 -8.485620e+01 -4.490000e+00
      vertex   -2.858921e+01 -9.885620e+01 -5.990000e+00
      vertex   -2.858921e+01 -9.885620e+01 -4.490000e+00
    endloop
  endfacet
  facet normal 0.000000e+00 -1.000000e+00 0.000000e+00
    outer loop
      vertex   -4.258920e+01 -8.485620e+01 -5.990000e+00
      vertex   -2.858921e+01 -8.485620e+01 -5.990000e+00
      vertex   -4.258920e+01 -8.485620e+01 -4.490000e+00
    endloop
  endfacet
  facet normal 0.000000e+00 -1.000000e+00 0.000000e+00
    outer loop
      vertex   -4.258920e+01 -8.485620e+01 -4.490000e+00
      vertex   -2.858921e+01 -8.485620e+01 -5.990000e+00
      vertex   -2.858921e+01 -8.485620e+01 -4.490000e+00
    endloop
  endfacet
  facet normal 1.000000e+00 0.000000e+00 0.000000e+00
    outer loop
      vertex   -4.258920e+01 -9.885620e+01 -5.990000e+00
      vertex   -4.258920e+01 -8.485620e+01 -5.990000e+00
      vertex   -4.258920e+01 -9.885620e+01 -4.490000e+00
    endloop
  endfacet
  facet normal 1.000000e+00 -0.000000e+00 0.000000e+00
    outer loop
      vertex   -4.258920e+01 -9.885620e+01 -4.490000e+00
      vertex   -4.258920e+01 -8.485620e+01 -5.990000e+00
      vertex   -4.258920e+01 -8.485620e+01 -4.490000e+00
    endloop
  endfacet
  facet normal 0.000000e+00 1.000000e+00 -0.000000e+00
    outer loop
      vertex   -2.858921e+01 -9.885620e+01 -5.990000e+00
      vertex   -4.258920e+01 -9.885620e+01 -5.990000e+00
      vertex   -2.858921e+01 -9.885620e+01 -4.490000e+00
    endloop
  endfacet
  facet normal 0.000000e+00 1.000000e+00 0.000000e+00
    outer loop
      vertex   -2.858921e+01 -9.885620e+01 -4.490000e+00
      vertex   -4.258920e+01 -9.885620e+01 -5.990000e+00
      vertex   -4.258920e+01 -9.885620e+01 -4.490000e+00
    endloop
  endfacet
  facet normal -7.960021e-01 -6.052939e-01 0.000000e+00
    outer loop
      vertex   -8.662625e+01 -1.373585e+02 -5.990000e+00
      vertex   -7.815213e+01 -1.485026e+02 -5.990000e+00
      vertex   -8.662625e+01 -1.373585e+02 -4.490000e+00
    endloop
  endfacet
  facet normal -7.960021e-01 -6.052939e-01 0.000000e+00
    outer loop
      vertex   -8.662625e+01 -1.373585e+02 -4.490000e+00
      vertex   -7.815213e+01 -1.485026e+02 -5.990000e+00
      vertex   -7.815213e+01 -1.485026e+02 -4.490000e+00
    endloop
  endfacet
  facet normal 6.052939e-01 -7.960021e-01 0.000000e+00
    outer loop
      vertex   -9.777028e+01 -1.458326e+02 -5.990000e+00
      vertex   -8.662625e+01 -1.373585e+02 -5.990000e+00
      vertex   -9.777028e+01 -1.458326e+02 -4.490000e+00
    endloop
  endfacet
  facet normal 6.052939e-01 -7.960021e-01 0.000000e+00
    outer loop
      vertex   -9.777028e+01 -1.458326e+02 -4.490000e+00
      vertex   -8.662625e+01 -1.373585e+02 -5.990000e+00
      vertex   -8.662625e+01 -1.373585e+02 -4.490000e+00
    endloop
  endfacet
  facet normal 7.960021e-01 6.052939e-01 -0.000000e+00
    outer loop
      vertex   -8.929616e+01 -1.569767e+02 -5.990000e+00
      vertex   -9.777028e+01 -1.458326e+02 -5.990000e+00
      vertex   -8.929616e+01 -1.569767e+02 -4.490000e+00
    endloop
  endfacet
  facet normal 7.960021e-01 6.052939e-01 0.000000e+00
    outer loop
      vertex   -8.929616e+01 -1.569767e+02 -4.490000e+00
      vertex   -9.777028e+01 -1.458326e+02 -5.990000e+00
      vertex   -9.777028e+01 -1.458326e+02 -4.490000e+00
    endloop
  endfacet
  facet normal -6.052939e-01 7.960021e-01 0.000000e+00
    outer loop
      vertex   -7.815213e+01 -1.485026e+02 -5.990000e+00
      vertex   -8.929616e+01 -1.569767e+02 -5.990000e+00
      vertex   -7.815213e+01 -1.485026e+02 -4.490000e+00
    endloop
  endfacet
  facet normal -6.052939e-01 7.960021e-01 0.000000e+00
    outer loop
      vertex   -7.815213e+01 -1.485026e+02 -4.490000e+00
      vertex   -8.929616e+01 -1.569767e+02 -5.990000e+00
      vertex   -8.929616e+01 -1.569767e+02 -4.490000e+00
    endloop
  endfacet
  facet normal -1.000000e+00 0.000000e+00 0.000000e+00
    outer loop
      vertex   2.856200e+01 -7.056840e+01 -5.990000e+00
      vertex   2.856200e+01 -8.456840e+01 -5.990000e+00
      vertex   2.856200e+01 -7.056840e+01 -4.490000e+00
    endloop
  endfacet
  facet normal -1.000000e+00 -0.000000e+00 0.000000e+00
    outer loop
      vertex   2.856200e+01 -7.056840e+01 -4.490000e+00
      vertex   2.856200e+01 -8.456840e+01 -5.990000e+00
      vertex   2.856200e+01 -8.456840e+01 -4.490000e+00
    endloop
  endfacet
  facet normal 0.000000e+00 -1.000000e+00 0.000000e+00
    outer loop
      vertex   1.456200e+01 -7.056840e+01 -5.990000e+00
      vertex   2.856200e+01 -7.056840e+01 -5.990000e+00
      vertex   1.456200e+01 -7.056840e+01 -4.490000e+00
    endloop
  endfacet
  facet normal 0.000000e+00 -1.000000e+00 0.000000e+00
    outer loop
      vertex   1.456200e+01 -7.056840e+01 -4.490000e+00
      vertex   2.856200e+01 -7.056840e+01 -5.990000e+00
      vertex   2.856200e+01 -7.056840e+01 -4.490000e+00
    endloop
  endfacet
  facet normal 1.000000e+00 0.000000e+00 0.000000e+00
    outer loop
      vertex   1.456200e+01 -8.456840e+01 -5.990000e+00
      vertex   1.456200e+01 -7.056840e+01 -5.990000e+00
      vertex   1.456200e+01 -8.456840e+01 -4.490000e+00
    endloop
  endfacet
  facet normal 1.000000e+00 -0.000000e+00 0.000000e+00
    outer loop
      vertex   1.456200e+01 -8.456840e+01 -4.490000e+00
      vertex   1.456200e+01 -7.056840e+01 -5.990000e+00
      vertex   1.456200e+01 -7.056840e+01 -4.490000e+00
    endloop
  endfacet
  facet normal 0.000000e+00 1.000000e+00 -0.000000e+00
    outer loop
      vertex   2.856200e+01 -8.456840e+01 -5.990000e+00
      vertex   1.456200e+01 -8.456840e+01 -5.990000e+00
      vertex   2.856200e+01 -8.456840e+01 -4.490000e+00
    endloop
  endfacet
  facet normal 0.000000e+00 1.000000e+00 0.000000e+00
    outer loop
      vertex   2.856200e+01 -8.456840e+01 -4.490000e+00
      vertex   1.456200e+01 -8.456840e+01 -5.990000e+00
      vertex   1.456200e+01 -8.456840e+01 -4.490000e+00
    endloop
  endfacet
  facet normal -1.000000e+00 0.000000e+00 0.000000e+00
    outer loop
      vertex   -2.858921e+01 -6.580580e+01 -5.990000e+00
      vertex   -2.858921e+01 -7.980580e+01 -5.990000e+00
      vertex   -2.858921e+01 -6.580580e+01 -4.490000e+00
    endloop
  endfacet
  facet normal -1.000000e+00 -0.000000e+00 0.000000e+00
    outer loop
      vertex   -2.858921e+01 -6.580580e+01 -4.490000e+00
      vertex   -2.858921e+01 -7.980580e+01 -5.990000e+00
      vertex   -2.858921e+01 -7.980580e+01 -4.490000e+00
    endloop
  endfacet
  facet normal 0.000000e+00 -1.000000e+00 0.000000e+00
    outer loop
      vertex   -4.258921e+01 -6.580580e+01 -5.990000e+00
      vertex   -2.858921e+01 -6.580580e+01 -5.990000e+00
      vertex   -4.258921e+01 -6.580580e+01 -4.490000e+00
    endloop
  endfacet
  facet normal 0.000000e+00 -1.000000e+00 0.000000e+00
    outer loop
      vertex   -4.258921e+01 -6.580580e+01 -4.490000e+00
      vertex   -2.858921e+01 -6.580580e+01 -5.990000e+00
      vertex   -2.858921e+01 -6.580580e+01 -4.490000e+00
    endloop
  endfacet
  facet normal 1.000000e+00 0.000000e+00 0.000000e+00
    outer loop
      vertex   -4.258921e+01 -7.980580e+01 -5.990000e+00
      vertex   -4.258921e+01 -6.580580e+01 -5.990000e+00
      vertex   -4.258921e+01 -7.980580e+01 -4.490000e+00
    endloop
  endfacet
  facet normal 1.000000e+00 -0.000000e+00 0.000000e+00
    outer loop
      vertex   -4.258921e+01 -7.980580e+01 -4.490000e+00
      vertex   -4.258921e+01 -6.580580e+01 -5.990000e+00
      vertex   -4.258921e+01 -6.580580e+01 -4.490000e+00
    endloop
  endfacet
  facet normal 0.000000e+00 1.000000e+00 -0.000000e+00
    outer loop
      vertex   -2.858921e+01 -7.980580e+01 -5.990000e+00
      vertex   -4.258921e+01 -7.980580e+01 -5.990000e+00
      vertex   -2.858921e+01 -7.980580e+01 -4.490000e+00
    endloop
  endfacet
  facet normal 0.000000e+00 1.000000e+00 0.000000e+00
    outer loop
      vertex   -2.858921e+01 -7.980580e+01 -4.490000e+00
      vertex   -4.258921e+01 -7.980580e+01 -5.990000e+00
      vertex   -4.258921e+01 -7.980580e+01 -4.490000e+00
    endloop
  endfacet
  facet normal -9.914449e-01 -1.305262e-01 -0.000000e+00
    outer loop
      vertex   -5.946287e+00 -1.171313e+02 -4.490000e+00
      vertex   -5.946287e+00 -1.171313e+02 -5.990000e+00
      vertex   -5.908805e+00 -1.174160e+02 -4.490000e+00
    endloop
  endfacet
  facet normal -9.914449e-01 -1.305262e-01 -0.000000e+00
    outer loop
      vertex   -5.908805e+00 -1.174160e+02 -4.490000e+00
      vertex   -5.946287e+00 -1.171313e+02 -5.990000e+00
      vertex   -5.908805e+00 -1.174160e+02 -5.990000e+00
    endloop
  endfacet
  facet normal -9.914449e-01 1.305262e-01 0.000000e+00
    outer loop
      vertex   -5.908805e+00 -1.174160e+02 -4.490000e+00
      vertex   -5.908805e+00 -1.174160e+02 -5.990000e+00
      vertex   -5.946287e+00 -1.177007e+02 -4.490000e+00
    endloop
  endfacet
  facet normal -9.914449e-01 1.305262e-01 0.000000e+00
    outer loop
      vertex   -5.946287e+00 -1.177007e+02 -4.490000e+00
      vertex   -5.908805e+00 -1.174160e+02 -5.990000e+00
      vertex   -5.946287e+00 -1.177007e+02 -5.990000e+00
    endloop
  endfacet
  facet normal -9.238795e-01 3.826834e-01 0.000000e+00
    outer loop
      vertex   -5.946287e+00 -1.177007e+02 -4.490000e+00
      vertex   -5.946287e+00 -1.177007e+02 -5.990000e+00
      vertex   -6.056177e+00 -1.179660e+02 -4.490000e+00
    endloop
  endfacet
  facet normal -9.238795e-01 3.826834e-01 5.470466e-16
    outer loop
      vertex   -6.056177e+00 -1.179660e+02 -4.490000e+00
      vertex   -5.946287e+00 -1.177007e+02 -5.990000e+00
      vertex   -6.056177e+00 -1.179660e+02 -5.990000e+00
    endloop
  endfacet
  facet normal -7.933533e-01 6.087614e-01 4.697595e-16
    outer loop
      vertex   -6.056177e+00 -1.179660e+02 -4.490000e+00
      vertex   -6.056177e+00 -1.179660e+02 -5.990000e+00
      vertex   -6.230988e+00 -1.181938e+02 -4.490000e+00
    endloop
  endfacet
  facet normal -7.933533e-01 6.087614e-01 0.000000e+00
    outer loop
      vertex   -6.230988e+00 -1.181938e+02 -4.490000e+00
      vertex   -6.056177e+00 -1.179660e+02 -5.990000e+00
      vertex   -6.230988e+00 -1.181938e+02 -5.990000e+00
    endloop
  endfacet
  facet normal -6.087614e-01 7.933533e-01 0.000000e+00
    outer loop
      vertex   -6.230988e+00 -1.181938e+02 -4.490000e+00
      vertex   -6.230988e+00 -1.181938e+02 -5.990000e+00
      vertex   -6.458805e+00 -1.183686e+02 -4.490000e+00
    endloop
  endfacet
  facet normal -6.087614e-01 7.933533e-01 3.604592e-16
    outer loop
      vertex   -6.458805e+00 -1.183686e+02 -4.490000e+00
      vertex   -6.230988e+00 -1.181938e+02 -5.990000e+00
      vertex   -6.458805e+00 -1.183686e+02 -5.990000e+00
    endloop
  endfacet
  facet normal -3.826834e-01 9.238795e-01 2.265941e-16
    outer loop
      vertex   -6.458805e+00 -1.183686e+02 -4.490000e+00
      vertex   -6.458805e+00 -1.183686e+02 -5.990000e+00
      vertex   -6.724104e+00 -1.184785e+02 -4.490000e+00
    endloop
  endfacet
  facet normal -3.826834e-01 9.238795e-01 2.265941e-16
    outer loop
      vertex   -6.724104e+00 -1.184785e+02 -4.490000e+00
      vertex   -6.458805e+00 -1.183686e+02 -5.990000e+00
      vertex   -6.724104e+00 -1.184785e+02 -5.990000e+00
    endloop
  endfacet
  facet normal -1.305262e-01 9.914449e-01 7.728703e-17
    outer loop
      vertex   -6.724104e+00 -1.184785e+02 -4.490000e+00
      vertex   -6.724104e+00 -1.184785e+02 -5.990000e+00
      vertex   -7.008805e+00 -1.185160e+02 -4.490000e+00
    endloop
  endfacet
  facet normal -1.305262e-01 9.914449e-01 0.000000e+00
    outer loop
      vertex   -7.008805e+00 -1.185160e+02 -4.490000e+00
      vertex   -6.724104e+00 -1.184785e+02 -5.990000e+00
      vertex   -7.008805e+00 -1.185160e+02 -5.990000e+00
    endloop
  endfacet
  facet normal 1.305262e-01 9.914449e-01 0.000000e+00
    outer loop
      vertex   -7.008805e+00 -1.185160e+02 -4.490000e+00
      vertex   -7.008805e+00 -1.185160e+02 -5.990000e+00
      vertex   -7.293506e+00 -1.184785e+02 -4.490000e+00
    endloop
  endfacet
  facet normal 1.305262e-01 9.914449e-01 0.000000e+00
    outer loop
      vertex   -7.293506e+00 -1.184785e+02 -4.490000e+00
      vertex   -7.008805e+00 -1.185160e+02 -5.990000e+00
      vertex   -7.293506e+00 -1.184785e+02 -5.990000e+00
    endloop
  endfacet
  facet normal 3.826834e-01 9.238795e-01 0.000000e+00
    outer loop
      vertex   -7.293506e+00 -1.184785e+02 -4.490000e+00
      vertex   -7.293506e+00 -1.184785e+02 -5.990000e+00
      vertex   -7.558805e+00 -1.183686e+02 -4.490000e+00
    endloop
  endfacet
  facet normal 3.826834e-01 9.238795e-01 0.000000e+00
    outer loop
      vertex   -7.558805e+00 -1.183686e+02 -4.490000e+00
      vertex   -7.293506e+00 -1.184785e+02 -5.990000e+00
      vertex   -7.558805e+00 -1.183686e+02 -5.990000e+00
    endloop
  endfacet
  facet normal 6.087614e-01 7.933533e-01 0.000000e+00
    outer loop
      vertex   -7.558805e+00 -1.183686e+02 -4.490000e+00
      vertex   -7.558805e+00 -1.183686e+02 -5.990000e+00
      vertex   -7.786622e+00 -1.181938e+02 -4.490000e+00
    endloop
  endfacet
  facet normal 6.087614e-01 7.933533e-01 -3.604592e-16
    outer loop
      vertex   -7.786622e+00 -1.181938e+02 -4.490000e+00
      vertex   -7.558805e+00 -1.183686e+02 -5.990000e+00
      vertex   -7.786622e+00 -1.181938e+02 -5.990000e+00
    endloop
  endfacet
  facet normal 7.933533e-01 6.087614e-01 -4.697595e-16
    outer loop
      vertex   -7.786622e+00 -1.181938e+02 -4.490000e+00
      vertex   -7.786622e+00 -1.181938e+02 -5.990000e+00
      vertex   -7.961433e+00 -1.179660e+02 -4.490000e+00
    endloop
  endfacet
  facet normal 7.933533e-01 6.087614e-01 -4.697595e-16
    outer loop
      vertex   -7.961433e+00 -1.179660e+02 -4.490000e+00
      vertex   -7.786622e+00 -1.181938e+02 -5.990000e+00
      vertex   -7.961433e+00 -1.179660e+02 -5.990000e+00
    endloop
  endfacet
  facet normal 9.238795e-01 3.826834e-01 -5.470466e-16
    outer loop
      vertex   -7.961433e+00 -1.179660e+02 -4.490000e+00
      vertex   -7.961433e+00 -1.179660e+02 -5.990000e+00
      vertex   -8.071323e+00 -1.177007e+02 -4.490000e+00
    endloop
  endfacet
  facet normal 9.238795e-01 3.826834e-01 0.000000e+00
    outer loop
      vertex   -8.071323e+00 -1.177007e+02 -4.490000e+00
      vertex   -7.961433e+00 -1.179660e+02 -5.990000e+00
      vertex   -8.071323e+00 -1.177007e+02 -5.990000e+00
    endloop
  endfacet
  facet normal 9.914449e-01 1.305262e-01 0.000000e+00
    outer loop
      vertex   -8.071323e+00 -1.177007e+02 -4.490000e+00
      vertex   -8.071323e+00 -1.177007e+02 -5.990000e+00
      vertex   -8.108805e+00 -1.174160e+02 -4.490000e+00
    endloop
  endfacet
  facet normal 9.914449e-01 1.305262e-01 0.000000e+00
    outer loop
      vertex   -8.108805e+00 -1.174160e+02 -4.490000e+00
      vertex   -8.071323e+00 -1.177007e+02 -5.990000e+00
      vertex   -8.108805e+00 -1.174160e+02 -5.990000e+00
    endloop
  endfacet
  facet normal 9.914449e-01 -1.305262e-01 0.000000e+00
    outer loop
      vertex   -8.108805e+00 -1.174160e+02 -4.490000e+00
      vertex   -8.108805e+00 -1.174160e+02 -5.990000e+00
      vertex   -8.071323e+00 -1.171313e+02 -4.490000e+00
    endloop
  endfacet
  facet normal 9.914449e-01 -1.305262e-01 0.000000e+00
    outer loop
      vertex   -8.071323e+00 -1.171313e+02 -4.490000e+00
      vertex   -8.108805e+00 -1.174160e+02 -5.990000e+00
      vertex   -8.071323e+00 -1.171313e+02 -5.990000e+00
    endloop
  endfacet
  facet normal 9.238795e-01 -3.826834e-01 0.000000e+00
    outer loop
      vertex   -8.071323e+00 -1.171313e+02 -4.490000e+00
      vertex   -8.071323e+00 -1.171313e+02 -5.990000e+00
      vertex   -7.961433e+00 -1.168660e+02 -4.490000e+00
    endloop
  endfacet
  facet normal 9.238795e-01 -3.826834e-01 5.470466e-16
    outer loop
      vertex   -7.961433e+00 -1.168660e+02 -4.490000e+00
      vertex   -8.071323e+00 -1.171313e+02 -5.990000e+00
      vertex   -7.961433e+00 -1.168660e+02 -5.990000e+00
    endloop
  endfacet
  facet normal 7.933533e-01 -6.087614e-01 4.697595e-16
    outer loop
      vertex   -7.961433e+00 -1.168660e+02 -4.490000e+00
      vertex   -7.961433e+00 -1.168660e+02 -5.990000e+00
      vertex   -7.786622e+00 -1.166382e+02 -4.490000e+00
    endloop
  endfacet
  facet normal 7.933533e-01 -6.087614e-01 4.697595e-16
    outer loop
      vertex   -7.786622e+00 -1.166382e+02 -4.490000e+00
      vertex   -7.961433e+00 -1.168660e+02 -5.990000e+00
      vertex   -7.786622e+00 -1.166382e+02 -5.990000e+00
    endloop
  endfacet
  facet normal 6.087614e-01 -7.933533e-01 3.604592e-16
    outer loop
      vertex   -7.786622e+00 -1.166382e+02 -4.490000e+00
      vertex   -7.786622e+00 -1.166382e+02 -5.990000e+00
      vertex   -7.558805e+00 -1.164634e+02 -4.490000e+00
    endloop
  endfacet
  facet normal 6.087614e-01 -7.933533e-01 0.000000e+00
    outer loop
      vertex   -7.558805e+00 -1.164634e+02 -4.490000e+00
      vertex   -7.786622e+00 -1.166382e+02 -5.990000e+00
      vertex   -7.558805e+00 -1.164634e+02 -5.990000e+00
    endloop
  endfacet
  facet normal 3.826834e-01 -9.238795e-01 0.000000e+00
    outer loop
      vertex   -7.558805e+00 -1.164634e+02 -4.490000e+00
      vertex   -7.558805e+00 -1.164634e+02 -5.990000e+00
      vertex   -7.293506e+00 -1.163535e+02 -4.490000e+00
    endloop
  endfacet
  facet normal 3.826834e-01 -9.238795e-01 0.000000e+00
    outer loop
      vertex   -7.293506e+00 -1.163535e+02 -4.490000e+00
      vertex   -7.558805e+00 -1.164634e+02 -5.990000e+00
      vertex   -7.293506e+00 -1.163535e+02 -5.990000e+00
    endloop
  endfacet
  facet normal 1.305262e-01 -9.914449e-01 0.000000e+00
    outer loop
      vertex   -7.293506e+00 -1.163535e+02 -4.490000e+00
      vertex   -7.293506e+00 -1.163535e+02 -5.990000e+00
      vertex   -7.008805e+00 -1.163160e+02 -4.490000e+00
    endloop
  endfacet
  facet normal 1.305262e-01 -9.914449e-01 0.000000e+00
    outer loop
      vertex   -7.008805e+00 -1.163160e+02 -4.490000e+00
      vertex   -7.293506e+00 -1.163535e+02 -5.990000e+00
      vertex   -7.008805e+00 -1.163160e+02 -5.990000e+00
    endloop
  endfacet
  facet normal -1.305262e-01 -9.914449e-01 -0.000000e+00
    outer loop
      vertex   -7.008805e+00 -1.163160e+02 -4.490000e+00
      vertex   -7.008805e+00 -1.163160e+02 -5.990000e+00
      vertex   -6.724104e+00 -1.163535e+02 -4.490000e+00
    endloop
  endfacet
  facet normal -1.305262e-01 -9.914449e-01 -7.728703e-17
    outer loop
      vertex   -6.724104e+00 -1.163535e+02 -4.490000e+00
      vertex   -7.008805e+00 -1.163160e+02 -5.990000e+00
      vertex   -6.724104e+00 -1.163535e+02 -5.990000e+00
    endloop
  endfacet
  facet normal -3.826834e-01 -9.238795e-01 -2.265941e-16
    outer loop
      vertex   -6.724104e+00 -1.163535e+02 -4.490000e+00
      vertex   -6.724104e+00 -1.163535e+02 -5.990000e+00
      vertex   -6.458805e+00 -1.164634e+02 -4.490000e+00
    endloop
  endfacet
  facet normal -3.826834e-01 -9.238795e-01 -2.265941e-16
    outer loop
      vertex   -6.458805e+00 -1.164634e+02 -4.490000e+00
      vertex   -6.724104e+00 -1.163535e+02 -5.990000e+00
      vertex   -6.458805e+00 -1.164634e+02 -5.990000e+00
    endloop
  endfacet
  facet normal -6.087614e-01 -7.933533e-01 -3.604592e-16
    outer loop
      vertex   -6.458805e+00 -1.164634e+02 -4.490000e+00
      vertex   -6.458805e+00 -1.164634e+02 -5.990000e+00
      vertex   -6.230988e+00 -1.166382e+02 -4.490000e+00
    endloop
  endfacet
  facet normal -6.087614e-01 -7.933533e-01 -0.000000e+00
    outer loop
      vertex   -6.230988e+00 -1.166382e+02 -4.490000e+00
      vertex   -6.458805e+00 -1.164634e+02 -5.990000e+00
      vertex   -6.230988e+00 -1.166382e+02 -5.990000e+00
    endloop
  endfacet
  facet normal -7.933533e-01 -6.087614e-01 -0.000000e+00
    outer loop
      vertex   -6.230988e+00 -1.166382e+02 -4.490000e+00
      vertex   -6.230988e+00 -1.166382e+02 -5.990000e+00
      vertex   -6.056177e+00 -1.168660e+02 -4.490000e+00
    endloop
  endfacet
  facet normal -7.933533e-01 -6.087614e-01 -4.697595e-16
    outer loop
      vertex   -6.056177e+00 -1.168660e+02 -4.490000e+00
      vertex   -6.230988e+00 -1.166382e+02 -5.990000e+00
      vertex   -6.056177e+00 -1.168660e+02 -5.990000e+00
    endloop
  endfacet
  facet normal -9.238795e-01 -3.826834e-01 -5.470466e-16
    outer loop
      vertex   -6.056177e+00 -1.168660e+02 -4.490000e+00
      vertex   -6.056177e+00 -1.168660e+02 -5.990000e+00
      vertex   -5.946287e+00 -1.171313e+02 -4.490000e+00
    endloop
  endfacet
  facet normal -9.238795e-01 -3.826834e-01 -0.000000e+00
    outer loop
      vertex   -5.946287e+00 -1.171313e+02 -4.490000e+00
      vertex   -6.056177e+00 -1.168660e+02 -5.990000e+00
      vertex   -5.946287e+00 -1.171313e+02 -5.990000e+00
    endloop
  endfacet
  facet normal -1.000000e+00 0.000000e+00 0.000000e+00
    outer loop
      vertex   -2.858921e+01 -1.039066e+02 -5.990000e+00
      vertex   -2.858921e+01 -1.179066e+02 -5.990000e+00
      vertex   -2.858921e+01 -1.039066e+02 -4.490000e+00
    endloop
  endfacet
  facet normal -1.000000e+00 -0.000000e+00 0.000000e+00
    outer loop
      vertex   -2.858921e+01 -1.039066e+02 -4.490000e+00
      vertex   -2.858921e+01 -1.179066e+02 -5.990000e+00
      vertex   -2.858921e+01 -1.179066e+02 -4.490000e+00
    endloop
  endfacet
  facet normal 0.000000e+00 -1.000000e+00 0.000000e+00
    outer loop
      vertex   -4.258920e+01 -1.039066e+02 -5.990000e+00
      vertex   -2.858921e+01 -1.039066e+02 -5.990000e+00
      vertex   -4.258920e+01 -1.039066e+02 -4.490000e+00
    endloop
  endfacet
  facet normal 0.000000e+00 -1.000000e+00 0.000000e+00
    outer loop
      vertex   -4.258920e+01 -1.039066e+02 -4.490000e+00
      vertex   -2.858921e+01 -1.039066e+02 -5.990000e+00
      vertex   -2.858921e+01 -1.039066e+02 -4.490000e+00
    endloop
  endfacet
  facet normal 1.000000e+00 0.000000e+00 0.000000e+00
    outer loop
      vertex   -4.258920e+01 -1.179066e+02 -5.990000e+00
      vertex   -4.258920e+01 -1.039066e+02 -5.990000e+00
      vertex   -4.258920e+01 -1.179066e+02 -4.490000e+00
    endloop
  endfacet
  facet normal 1.000000e+00 -0.000000e+00 0.000000e+00
    outer loop
      vertex   -4.258920e+01 -1.179066e+02 -4.490000e+00
      vertex   -4.258920e+01 -1.039066e+02 -5.990000e+00
      vertex   -4.258920e+01 -1.039066e+02 -4.490000e+00
    endloop
  endfacet
  facet normal 0.000000e+00 1.000000e+00 -0.000000e+00
    outer loop
      vertex   -2.858921e+01 -1.179066e+02 -5.990000e+00
      vertex   -4.258920e+01 -1.179066e+02 -5.990000e+00
      vertex   -2.858921e+01 -1.179066e+02 -4.490000e+00
    endloop
  endfacet
  facet normal 0.000000e+00 1.000000e+00 0.000000e+00
    outer loop
      vertex   -2.858921e+01 -1.179066e+02 -4.490000e+00
      vertex   -4.258920e+01 -1.179066e+02 -5.990000e+00
      vertex   -4.258920e+01 -1.179066e+02 -4.490000e+00
    endloop
  endfacet
  facet normal -1.000000e+00 0.000000e+00 0.000000e+00
    outer loop
      vertex   -4.763960e+01 -1.086692e+02 -5.990000e+00
      vertex   -4.763960e+01 -1.226692e+02 -5.990000e+00
      vertex   -4.763960e+01 -1.086692e+02 -4.490000e+00
    endloop
  endfacet
  facet normal -1.000000e+00 -0.000000e+00 0.000000e+00
    outer loop
      vertex   -4.763960e+01 -1.086692e+02 -4.490000e+00
      vertex   -4.763960e+01 -1.226692e+02 -5.990000e+00
      vertex   -4.763960e+01 -1.226692e+02 -4.490000e+00
    endloop
  endfacet
  facet normal 0.000000e+00 -1.000000e+00 0.000000e+00
    outer loop
      vertex   -6.163960e+01 -1.086692e+02 -5.990000e+00
      vertex   -4.763960e+01 -1.086692e+02 -5.990000e+00
      vertex   -6.163960e+01 -1.086692e+02 -4.490000e+00
    endloop
  endfacet
  facet normal 0.000000e+00 -1.000000e+00 0.000000e+00
    outer loop
      vertex   -6.163960e+01 -1.086692e+02 -4.490000e+00
      vertex   -4.763960e+01 -1.086692e+02 -5.990000e+00
      vertex   -4.763960e+01 -1.086692e+02 -4.490000e+00
    endloop
  endfacet
  facet normal 1.000000e+00 0.000000e+00 0.000000e+00
    outer loop
      vertex   -6.163960e+01 -1.226692e+02 -5.990000e+00
      vertex   -6.163960e+01 -1.086692e+02 -5.990000e+00
      vertex   -6.163960e+01 -1.226692e+02 -4.490000e+00
    endloop
  endfacet
  facet normal 1.000000e+00 -0.000000e+00 0.000000e+00
    outer loop
      vertex   -6.163960e+01 -1.226692e+02 -4.490000e+00
      vertex   -6.163960e+01 -1.086692e+02 -5.990000e+00
      vertex   -6.163960e+01 -1.086692e+02 -4.490000e+00
    endloop
  endfacet
  facet normal 0.000000e+00 1.000000e+00 -0.000000e+00
    outer loop
      vertex   -4.763960e+01 -1.226692e+02 -5.990000e+00
      vertex   -6.163960e+01 -1.226692e+02 -5.990000e+00
      vertex   -4.763960e+01 -1.226692e+02 -4.490000e+00
    endloop
  endfacet
  facet normal 0.000000e+00 1.000000e+00 0.000000e+00
    outer loop
      vertex   -4.763960e+01 -1.226692e+02 -4.490000e+00
      vertex   -6.163960e+01 -1.226692e+02 -5.990000e+00
      vertex   -6.163960e+01 -1.226692e+02 -4.490000e+00
    endloop
  endfacet
  facet normal -1.000000e+00 0.000000e+00 0.000000e+00
    outer loop
      vertex   -4.763960e+01 -8.961880e+01 -5.990000e+00
      vertex   -4.763960e+01 -1.036188e+02 -5.990000e+00
      vertex   -4.763960e+01 -8.961880e+01 -4.490000e+00
    endloop
  endfacet
  facet normal -1.000000e+00 -0.000000e+00 0.000000e+00
    outer loop
      vertex   -4.763960e+01 -8.961880e+01 -4.490000e+00
      vertex   -4.763960e+01 -1.036188e+02 -5.990000e+00
      vertex   -4.763960e+01 -1.036188e+02 -4.490000e+00
    endloop
  endfacet
  facet normal 0.000000e+00 -1.000000e+00 0.000000e+00
    outer loop
      vertex   -6.163960e+01 -8.961880e+01 -5.990000e+00
      vertex   -4.763960e+01 -8.961880e+01 -5.990000e+00
      vertex   -6.163960e+01 -8.961880e+01 -4.490000e+00
    endloop
  endfacet
  facet normal 0.000000e+00 -1.000000e+00 0.000000e+00
    outer loop
      vertex   -6.163960e+01 -8.961880e+01 -4.490000e+00
      vertex   -4.763960e+01 -8.961880e+01 -5.990000e+00
      vertex   -4.763960e+01 -8.961880e+01 -4.490000e+00
    endloop
  endfacet
  facet normal 1.000000e+00 0.000000e+00 0.000000e+00
    outer loop
      vertex   -6.163960e+01 -1.036188e+02 -5.990000e+00
      vertex   -6.163960e+01 -8.961880e+01 -5.990000e+00
      vertex   -6.163960e+01 -1.036188e+02 -4.490000e+00
    endloop
  endfacet
  facet normal 1.000000e+00 -0.000000e+00 0.000000e+00
    outer loop
      vertex   -6.163960e+01 -1.036188e+02 -4.490000e+00
      vertex   -6.163960e+01 -8.961880e+01 -5.990000e+00
      vertex   -6.163960e+01 -8.961880e+01 -4.490000e+00
    endloop
  endfacet
  facet normal 0.000000e+00 1.000000e+00 -0.000000e+00
    outer loop
      vertex   -4.763960e+01 -1.036188e+02 -5.990000e+00
      vertex   -6.163960e+01 -1.036188e+02 -5.990000e+00
      vertex   -4.763960e+01 -1.036188e+02 -4.490000e+00
    endloop
  endfacet
  facet normal 0.000000e+00 1.000000e+00 0.000000e+00
    outer loop
      vertex   -4.763960e+01 -1.036188e+02 -4.490000e+00
      vertex   -6.163960e+01 -1.036188e+02 -5.990000e+00
      vertex   -6.163960e+01 -1.036188e+02 -4.490000e+00
    endloop
  endfacet
  facet normal -1.000000e+00 0.000000e+00 0.000000e+00
    outer loop
      vertex   9.511596e+00 -8.247490e+01 -5.990000e+00
      vertex   9.511596e+00 -9.647490e+01 -5.990000e+00
      vertex   9.511596e+00 -8.247490e+01 -4.490000e+00
    endloop
  endfacet
  facet normal -1.000000e+00 -0.000000e+00 0.000000e+00
    outer loop
      vertex   9.511596e+00 -8.247490e+01 -4.490000e+00
      vertex   9.511596e+00 -9.647490e+01 -5.990000e+00
      vertex   9.511596e+00 -9.647490e+01 -4.490000e+00
    endloop
  endfacet
  facet normal 0.000000e+00 -1.000000e+00 0.000000e+00
    outer loop
      vertex   -4.488406e+00 -8.247490e+01 -5.990000e+00
      vertex   9.511596e+00 -8.247490e+01 -5.990000e+00
      vertex   -4.488406e+00 -8.247490e+01 -4.490000e+00
    endloop
  endfacet
  facet normal 0.000000e+00 -1.000000e+00 0.000000e+00
    outer loop
      vertex   -4.488406e+00 -8.247490e+01 -4.490000e+00
      vertex   9.511596e+00 -8.247490e+01 -5.990000e+00
      vertex   9.511596e+00 -8.247490e+01 -4.490000e+00
    endloop
  endfacet
  facet normal 1.000000e+00 0.000000e+00 0.000000e+00
    outer loop
      vertex   -4.488406e+00 -9.647490e+01 -5.990000e+00
      vertex   -4.488406e+00 -8.247490e+01 -5.990000e+00
      vertex   -4.488406e+00 -9.647490e+01 -4.490000e+00
    endloop
  endfacet
  facet normal 1.000000e+00 -0.000000e+00 0.000000e+00
    outer loop
      vertex   -4.488406e+00 -9.647490e+01 -4.490000e+00
      vertex   -4.488406e+00 -8.247490e+01 -5.990000e+00
      vertex   -4.488406e+00 -8.247490e+01 -4.490000e+00
    endloop
  endfacet
  facet normal 0.000000e+00 1.000000e+00 -0.000000e+00
    outer loop
      vertex   9.511596e+00 -9.647490e+01 -5.990000e+00
      vertex   -4.488406e+00 -9.647490e+01 -5.990000e+00
      vertex   9.511596e+00 -9.647490e+01 -4.490000e+00
    endloop
  endfacet
  facet normal 0.000000e+00 1.000000e+00 0.000000e+00
    outer loop
      vertex   9.511596e+00 -9.647490e+01 -4.490000e+00
      vertex   -4.488406e+00 -9.647490e+01 -5.990000e+00
      vertex   -4.488406e+00 -9.647490e+01 -4.490000e+00
    endloop
  endfacet
  facet normal -1.000000e+00 0.000000e+00 0.000000e+00
    outer loop
      vertex   9.511596e+00 -6.342450e+01 -5.990000e+00
      vertex   9.511596e+00 -7.742450e+01 -5.990000e+00
      vertex   9.511596e+00 -6.342450e+01 -4.490000e+00
    endloop
  endfacet
  facet normal -1.000000e+00 -0.000000e+00 0.000000e+00
    outer loop
      vertex   9.511596e+00 -6.342450e+01 -4.490000e+00
      vertex   9.511596e+00 -7.742450e+01 -5.990000e+00
      vertex   9.511596e+00 -7.742450e+01 -4.490000e+00
    endloop
  endfacet
  facet normal -1.015061e-15 -1.000000e+00 0.000000e+00
    outer loop
      vertex   -4.488404e+00 -6.342450e+01 -5.990000e+00
      vertex   9.511596e+00 -6.342450e+01 -5.990000e+00
      vertex   -4.488404e+00 -6.342450e+01 -4.490000e+00
    endloop
  endfacet
  facet normal -1.015061e-15 -1.000000e+00 0.000000e+00
    outer loop
      vertex   -4.488404e+00 -6.342450e+01 -4.490000e+00
      vertex   9.511596e+00 -6.342450e+01 -5.990000e+00
      vertex   9.511596e+00 -6.342450e+01 -4.490000e+00
    endloop
  endfacet
  facet normal 1.000000e+00 -1.268826e-15 0.000000e+00
    outer loop
      vertex   -4.488404e+00 -7.742450e+01 -5.990000e+00
      vertex   -4.488404e+00 -6.342450e+01 -5.990000e+00
      vertex   -4.488404e+00 -7.742450e+01 -4.490000e+00
    endloop
  endfacet
  facet normal 1.000000e+00 -1.268826e-15 0.000000e+00
    outer loop
      vertex   -4.488404e+00 -7.742450e+01 -4.490000e+00
      vertex   -4.488404e+00 -6.342450e+01 -5.990000e+00
      vertex   -4.488404e+00 -6.342450e+01 -4.490000e+00
    endloop
  endfacet
  facet normal 0.000000e+00 1.000000e+00 -0.000000e+00
    outer loop
      vertex   9.511596e+00 -7.742450e+01 -5.990000e+00
      vertex   -4.488404e+00 -7.742450e+01 -5.990000e+00
      vertex   9.511596e+00 -7.742450e+01 -4.490000e+00
    endloop
  endfacet
  facet normal 0.000000e+00 1.000000e+00 0.000000e+00
    outer loop
      vertex   9.511596e+00 -7.742450e+01 -4.490000e+00
      vertex   -4.488404e+00 -7.742450e+01 -5.990000e+00
      vertex   -4.488404e+00 -7.742450e+01 -4.490000e+00
    endloop
  endfacet
  facet normal -9.914449e-01 -1.305262e-01 -4.696426e-15
    outer loop
      vertex   -4.047369e+01 -1.225249e+02 -4.490000e+00
      vertex   -4.047369e+01 -1.225249e+02 -5.990000e+00
      vertex   -4.043620e+01 -1.228096e+02 -4.490000e+00
    endloop
  endfacet
  facet normal -9.914449e-01 -1.305262e-01 -0.000000e+00
    outer loop
      vertex   -4.043620e+01 -1.228096e+02 -4.490000e+00
      vertex   -4.047369e+01 -1.225249e+02 -5.990000e+00
      vertex   -4.043620e+01 -1.228096e+02 -5.990000e+00
    endloop
  endfacet
  facet normal -9.914449e-01 1.305262e-01 0.000000e+00
    outer loop
      vertex   -4.043620e+01 -1.228096e+02 -4.490000e+00
      vertex   -4.043620e+01 -1.228096e+02 -5.990000e+00
      vertex   -4.047369e+01 -1.230943e+02 -4.490000e+00
    endloop
  endfacet
  facet normal -9.914449e-01 1.305262e-01 4.696426e-15
    outer loop
      vertex   -4.047369e+01 -1.230943e+02 -4.490000e+00
      vertex   -4.043620e+01 -1.228096e+02 -5.990000e+00
      vertex   -4.047369e+01 -1.230943e+02 -5.990000e+00
    endloop
  endfacet
  facet normal -9.238795e-01 3.826834e-01 4.376373e-15
    outer loop
      vertex   -4.047369e+01 -1.230943e+02 -4.490000e+00
      vertex   -4.047369e+01 -1.230943e+02 -5.990000e+00
      vertex   -4.058358e+01 -1.233596e+02 -4.490000e+00
    endloop
  endfacet
  facet normal -9.238795e-01 3.826834e-01 0.000000e+00
    outer loop
      vertex   -4.058358e+01 -1.233596e+02 -4.490000e+00
      vertex   -4.047369e+01 -1.230943e+02 -5.990000e+00
      vertex   -4.058358e+01 -1.233596e+02 -5.990000e+00
    endloop
  endfacet
  facet normal -7.933533e-01 6.087614e-01 0.000000e+00
    outer loop
      vertex   -4.058358e+01 -1.233596e+02 -4.490000e+00
      vertex   -4.058358e+01 -1.233596e+02 -5.990000e+00
      vertex   -4.075839e+01 -1.235874e+02 -4.490000e+00
    endloop
  endfacet
  facet normal -7.933533e-01 6.087614e-01 0.000000e+00
    outer loop
      vertex   -4.075839e+01 -1.235874e+02 -4.490000e+00
      vertex   -4.058358e+01 -1.233596e+02 -5.990000e+00
      vertex   -4.075839e+01 -1.235874e+02 -5.990000e+00
    endloop
  endfacet
  facet normal -6.087614e-01 7.933533e-01 0.000000e+00
    outer loop
      vertex   -4.075839e+01 -1.235874e+02 -4.490000e+00
      vertex   -4.075839e+01 -1.235874e+02 -5.990000e+00
      vertex   -4.098620e+01 -1.237622e+02 -4.490000e+00
    endloop
  endfacet
  facet normal -6.087614e-01 7.933533e-01 0.000000e+00
    outer loop
      vertex   -4.098620e+01 -1.237622e+02 -4.490000e+00
      vertex   -4.075839e+01 -1.235874e+02 -5.990000e+00
      vertex   -4.098620e+01 -1.237622e+02 -5.990000e+00
    endloop
  endfacet
  facet normal -3.826834e-01 9.238795e-01 0.000000e+00
    outer loop
      vertex   -4.098620e+01 -1.237622e+02 -4.490000e+00
      vertex   -4.098620e+01 -1.237622e+02 -5.990000e+00
      vertex   -4.125150e+01 -1.238721e+02 -4.490000e+00
    endloop
  endfacet
  facet normal -3.826834e-01 9.238795e-01 0.000000e+00
    outer loop
      vertex   -4.125150e+01 -1.238721e+02 -4.490000e+00
      vertex   -4.098620e+01 -1.237622e+02 -5.990000e+00
      vertex   -4.125150e+01 -1.238721e+02 -5.990000e+00
    endloop
  endfacet
  facet normal -1.305262e-01 9.914449e-01 0.000000e+00
    outer loop
      vertex   -4.125150e+01 -1.238721e+02 -4.490000e+00
      vertex   -4.125150e+01 -1.238721e+02 -5.990000e+00
      vertex   -4.153620e+01 -1.239096e+02 -4.490000e+00
    endloop
  endfacet
  facet normal -1.305262e-01 9.914449e-01 0.000000e+00
    outer loop
      vertex   -4.153620e+01 -1.239096e+02 -4.490000e+00
      vertex   -4.125150e+01 -1.238721e+02 -5.990000e+00
      vertex   -4.153620e+01 -1.239096e+02 -5.990000e+00
    endloop
  endfacet
  facet normal 1.305262e-01 9.914449e-01 0.000000e+00
    outer loop
      vertex   -4.153620e+01 -1.239096e+02 -4.490000e+00
      vertex   -4.153620e+01 -1.239096e+02 -5.990000e+00
      vertex   -4.182091e+01 -1.238721e+02 -4.490000e+00
    endloop
  endfacet
  facet normal 1.305262e-01 9.914449e-01 0.000000e+00
    outer loop
      vertex   -4.182091e+01 -1.238721e+02 -4.490000e+00
      vertex   -4.153620e+01 -1.239096e+02 -5.990000e+00
      vertex   -4.182091e+01 -1.238721e+02 -5.990000e+00
    endloop
  endfacet
  facet normal 3.826834e-01 9.238795e-01 0.000000e+00
    outer loop
      vertex   -4.182091e+01 -1.238721e+02 -4.490000e+00
      vertex   -4.182091e+01 -1.238721e+02 -5.990000e+00
      vertex   -4.208620e+01 -1.237622e+02 -4.490000e+00
    endloop
  endfacet
  facet normal 3.826834e-01 9.238795e-01 0.000000e+00
    outer loop
      vertex   -4.208620e+01 -1.237622e+02 -4.490000e+00
      vertex   -4.182091e+01 -1.238721e+02 -5.990000e+00
      vertex   -4.208620e+01 -1.237622e+02 -5.990000e+00
    endloop
  endfacet
  facet normal 6.087614e-01 7.933533e-01 0.000000e+00
    outer loop
      vertex   -4.208620e+01 -1.237622e+02 -4.490000e+00
      vertex   -4.208620e+01 -1.237622e+02 -5.990000e+00
      vertex   -4.231402e+01 -1.235874e+02 -4.490000e+00
    endloop
  endfacet
  facet normal 6.087614e-01 7.933533e-01 0.000000e+00
    outer loop
      vertex   -4.231402e+01 -1.235874e+02 -4.490000e+00
      vertex   -4.208620e+01 -1.237622e+02 -5.990000e+00
      vertex   -4.231402e+01 -1.235874e+02 -5.990000e+00
    endloop
  endfacet
  facet normal 7.933533e-01 6.087614e-01 0.000000e+00
    outer loop
      vertex   -4.231402e+01 -1.235874e+02 -4.490000e+00
      vertex   -4.231402e+01 -1.235874e+02 -5.990000e+00
      vertex   -4.248883e+01 -1.233596e+02 -4.490000e+00
    endloop
  endfacet
  facet normal 7.933533e-01 6.087614e-01 0.000000e+00
    outer loop
      vertex   -4.248883e+01 -1.233596e+02 -4.490000e+00
      vertex   -4.231402e+01 -1.235874e+02 -5.990000e+00
      vertex   -4.248883e+01 -1.233596e+02 -5.990000e+00
    endloop
  endfacet
  facet normal 9.238795e-01 3.826834e-01 0.000000e+00
    outer loop
      vertex   -4.248883e+01 -1.233596e+02 -4.490000e+00
      vertex   -4.248883e+01 -1.233596e+02 -5.990000e+00
      vertex   -4.259872e+01 -1.230943e+02 -4.490000e+00
    endloop
  endfacet
  facet normal 9.238795e-01 3.826834e-01 0.000000e+00
    outer loop
      vertex   -4.259872e+01 -1.230943e+02 -4.490000e+00
      vertex   -4.248883e+01 -1.233596e+02 -5.990000e+00
      vertex   -4.259872e+01 -1.230943e+02 -5.990000e+00
    endloop
  endfacet
  facet normal 9.914449e-01 1.305262e-01 0.000000e+00
    outer loop
      vertex   -4.259872e+01 -1.230943e+02 -4.490000e+00
      vertex   -4.259872e+01 -1.230943e+02 -5.990000e+00
      vertex   -4.263620e+01 -1.228096e+02 -4.490000e+00
    endloop
  endfacet
  facet normal 9.914449e-01 1.305262e-01 0.000000e+00
    outer loop
      vertex   -4.263620e+01 -1.228096e+02 -4.490000e+00
      vertex   -4.259872e+01 -1.230943e+02 -5.990000e+00
      vertex   -4.263620e+01 -1.228096e+02 -5.990000e+00
    endloop
  endfacet
  facet normal 9.914449e-01 -1.305262e-01 0.000000e+00
    outer loop
      vertex   -4.263620e+01 -1.228096e+02 -4.490000e+00
      vertex   -4.263620e+01 -1.228096e+02 -5.990000e+00
      vertex   -4.259872e+01 -1.225249e+02 -4.490000e+00
    endloop
  endfacet
  facet normal 9.914449e-01 -1.305262e-01 0.000000e+00
    outer loop
      vertex   -4.259872e+01 -1.225249e+02 -4.490000e+00
      vertex   -4.263620e+01 -1.228096e+02 -5.990000e+00
      vertex   -4.259872e+01 -1.225249e+02 -5.990000e+00
    endloop
  endfacet
  facet normal 9.238795e-01 -3.826834e-01 0.000000e+00
    outer loop
      vertex   -4.259872e+01 -1.225249e+02 -4.490000e+00
      vertex   -4.259872e+01 -1.225249e+02 -5.990000e+00
      vertex   -4.248883e+01 -1.222596e+02 -4.490000e+00
    endloop
  endfacet
  facet normal 9.238795e-01 -3.826834e-01 0.000000e+00
    outer loop
      vertex   -4.248883e+01 -1.222596e+02 -4.490000e+00
      vertex   -4.259872e+01 -1.225249e+02 -5.990000e+00
      vertex   -4.248883e+01 -1.222596e+02 -5.990000e+00
    endloop
  endfacet
  facet normal 7.933533e-01 -6.087614e-01 0.000000e+00
    outer loop
      vertex   -4.248883e+01 -1.222596e+02 -4.490000e+00
      vertex   -4.248883e+01 -1.222596e+02 -5.990000e+00
      vertex   -4.231402e+01 -1.220318e+02 -4.490000e+00
    endloop
  endfacet
  facet normal 7.933533e-01 -6.087614e-01 0.000000e+00
    outer loop
      vertex   -4.231402e+01 -1.220318e+02 -4.490000e+00
      vertex   -4.248883e+01 -1.222596e+02 -5.990000e+00
      vertex   -4.231402e+01 -1.220318e+02 -5.990000e+00
    endloop
  endfacet
  facet normal 6.087614e-01 -7.933533e-01 0.000000e+00
    outer loop
      vertex   -4.231402e+01 -1.220318e+02 -4.490000e+00
      vertex   -4.231402e+01 -1.220318e+02 -5.990000e+00
      vertex   -4.208620e+01 -1.218570e+02 -4.490000e+00
    endloop
  endfacet
  facet normal 6.087614e-01 -7.933533e-01 0.000000e+00
    outer loop
      vertex   -4.208620e+01 -1.218570e+02 -4.490000e+00
      vertex   -4.231402e+01 -1.220318e+02 -5.990000e+00
      vertex   -4.208620e+01 -1.218570e+02 -5.990000e+00
    endloop
  endfacet
  facet normal 3.826834e-01 -9.238795e-01 0.000000e+00
    outer loop
      vertex   -4.208620e+01 -1.218570e+02 -4.490000e+00
      vertex   -4.208620e+01 -1.218570e+02 -5.990000e+00
      vertex   -4.182091e+01 -1.217471e+02 -4.490000e+00
    endloop
  endfacet
  facet normal 3.826834e-01 -9.238795e-01 0.000000e+00
    outer loop
      vertex   -4.182091e+01 -1.217471e+02 -4.490000e+00
      vertex   -4.208620e+01 -1.218570e+02 -5.990000e+00
      vertex   -4.182091e+01 -1.217471e+02 -5.990000e+00
    endloop
  endfacet
  facet normal 1.305262e-01 -9.914449e-01 0.000000e+00
    outer loop
      vertex   -4.182091e+01 -1.217471e+02 -4.490000e+00
      vertex   -4.182091e+01 -1.217471e+02 -5.990000e+00
      vertex   -4.153620e+01 -1.217096e+02 -4.490000e+00
    endloop
  endfacet
  facet normal 1.305262e-01 -9.914449e-01 0.000000e+00
    outer loop
      vertex   -4.153620e+01 -1.217096e+02 -4.490000e+00
      vertex   -4.182091e+01 -1.217471e+02 -5.990000e+00
      vertex   -4.153620e+01 -1.217096e+02 -5.990000e+00
    endloop
  endfacet
  facet normal -1.305262e-01 -9.914449e-01 -0.000000e+00
    outer loop
      vertex   -4.153620e+01 -1.217096e+02 -4.490000e+00
      vertex   -4.153620e+01 -1.217096e+02 -5.990000e+00
      vertex   -4.125150e+01 -1.217471e+02 -4.490000e+00
    endloop
  endfacet
  facet normal -1.305262e-01 -9.914449e-01 -0.000000e+00
    outer loop
      vertex   -4.125150e+01 -1.217471e+02 -4.490000e+00
      vertex   -4.153620e+01 -1.217096e+02 -5.990000e+00
      vertex   -4.125150e+01 -1.217471e+02 -5.990000e+00
    endloop
  endfacet
  facet normal -3.826834e-01 -9.238795e-01 -0.000000e+00
    outer loop
      vertex   -4.125150e+01 -1.217471e+02 -4.490000e+00
      vertex   -4.125150e+01 -1.217471e+02 -5.990000e+00
      vertex   -4.098620e+01 -1.218570e+02 -4.490000e+00
    endloop
  endfacet
  facet normal -3.826834e-01 -9.238795e-01 -0.000000e+00
    outer loop
      vertex   -4.098620e+01 -1.218570e+02 -4.490000e+00
      vertex   -4.125150e+01 -1.217471e+02 -5.990000e+00
      vertex   -4.098620e+01 -1.218570e+02 -5.990000e+00
    endloop
  endfacet
  facet normal -6.087614e-01 -7.933533e-01 -0.000000e+00
    outer loop
      vertex   -4.098620e+01 -1.218570e+02 -4.490000e+00
      vertex   -4.098620e+01 -1.218570e+02 -5.990000e+00
      vertex   -4.075839e+01 -1.220318e+02 -4.490000e+00
    endloop
  endfacet
  facet normal -6.087614e-01 -7.933533e-01 -0.000000e+00
    outer loop
      vertex   -4.075839e+01 -1.220318e+02 -4.490000e+00
      vertex   -4.098620e+01 -1.218570e+02 -5.990000e+00
      vertex   -4.075839e+01 -1.220318e+02 -5.990000e+00
    endloop
  endfacet
  facet normal -7.933533e-01 -6.087614e-01 -0.000000e+00
    outer loop
      vertex   -4.075839e+01 -1.220318e+02 -4.490000e+00
      vertex   -4.075839e+01 -1.220318e+02 -5.990000e+00
      vertex   -4.058358e+01 -1.222596e+02 -4.490000e+00
    endloop
  endfacet
  facet normal -7.933533e-01 -6.087614e-01 -0.000000e+00
    outer loop
      vertex   -4.058358e+01 -1.222596e+02 -4.490000e+00
      vertex   -4.075839e+01 -1.220318e+02 -5.990000e+00
      vertex   -4.058358e+01 -1.222596e+02 -5.990000e+00
    endloop
  endfacet
  facet normal -9.238795e-01 -3.826834e-01 -0.000000e+00
    outer loop
      vertex   -4.058358e+01 -1.222596e+02 -4.490000e+00
      vertex   -4.058358e+01 -1.222596e+02 -5.990000e+00
      vertex   -4.047369e+01 -1.225249e+02 -4.490000e+00
    endloop
  endfacet
  facet normal -9.238795e-01 -3.826834e-01 -4.376373e-15
    outer loop
      vertex   -4.047369e+01 -1.225249e+02 -4.490000e+00
      vertex   -4.058358e+01 -1.222596e+02 -5.990000e+00
      vertex   -4.047369e+01 -1.225249e+02 -5.990000e+00
    endloop
  endfacet
  facet normal -1.000000e+00 0.000000e+00 0.000000e+00
    outer loop
      vertex   -9.538806e+00 -5.866190e+01 -5.990000e+00
      vertex   -9.538806e+00 -7.266190e+01 -5.990000e+00
      vertex   -9.538806e+00 -5.866190e+01 -4.490000e+00
    endloop
  endfacet
  facet normal -1.000000e+00 -0.000000e+00 0.000000e+00
    outer loop
      vertex   -9.538806e+00 -5.866190e+01 -4.490000e+00
      vertex   -9.538806e+00 -7.266190e+01 -5.990000e+00
      vertex   -9.538806e+00 -7.266190e+01 -4.490000e+00
    endloop
  endfacet
  facet normal 0.000000e+00 -1.000000e+00 0.000000e+00
    outer loop
      vertex   -2.353881e+01 -5.866190e+01 -5.990000e+00
      vertex   -9.538806e+00 -5.866190e+01 -5.990000e+00
      vertex   -2.353881e+01 -5.866190e+01 -4.490000e+00
    endloop
  endfacet
  facet normal 0.000000e+00 -1.000000e+00 0.000000e+00
    outer loop
      vertex   -2.353881e+01 -5.866190e+01 -4.490000e+00
      vertex   -9.538806e+00 -5.866190e+01 -5.990000e+00
      vertex   -9.538806e+00 -5.866190e+01 -4.490000e+00
    endloop
  endfacet
  facet normal 1.000000e+00 0.000000e+00 0.000000e+00
    outer loop
      vertex   -2.353881e+01 -7.266190e+01 -5.990000e+00
      vertex   -2.353881e+01 -5.866190e+01 -5.990000e+00
      vertex   -2.353881e+01 -7.266190e+01 -4.490000e+00
    endloop
  endfacet
  facet normal 1.000000e+00 -0.000000e+00 0.000000e+00
    outer loop
      vertex   -2.353881e+01 -7.266190e+01 -4.490000e+00
      vertex   -2.353881e+01 -5.866190e+01 -5.990000e+00
      vertex   -2.353881e+01 -5.866190e+01 -4.490000e+00
    endloop
  endfacet
  facet normal 0.000000e+00 1.000000e+00 -0.000000e+00
    outer loop
      vertex   -9.538806e+00 -7.266190e+01 -5.990000e+00
      vertex   -2.353881e+01 -7.266190e+01 -5.990000e+00
      vertex   -9.538806e+00 -7.266190e+01 -4.490000e+00
    endloop
  endfacet
  facet normal 0.000000e+00 1.000000e+00 0.000000e+00
    outer loop
      vertex   -9.538806e+00 -7.266190e+01 -4.490000e+00
      vertex   -2.353881e+01 -7.266190e+01 -5.990000e+00
      vertex   -2.353881e+01 -7.266190e+01 -4.490000e+00
    endloop
  endfacet
  facet normal -1.000000e+00 0.000000e+00 0.000000e+00
    outer loop
      vertex   -4.763960e+01 -7.056840e+01 -5.990000e+00
      vertex   -4.763960e+01 -8.456840e+01 -5.990000e+00
      vertex   -4.763960e+01 -7.056840e+01 -4.490000e+00
    endloop
  endfacet
  facet normal -1.000000e+00 -0.000000e+00 0.000000e+00
    outer loop
      vertex   -4.763960e+01 -7.056840e+01 -4.490000e+00
      vertex   -4.763960e+01 -8.456840e+01 -5.990000e+00
      vertex   -4.763960e+01 -8.456840e+01 -4.490000e+00
    endloop
  endfacet
  facet normal 0.000000e+00 -1.000000e+00 0.000000e+00
    outer loop
      vertex   -6.163960e+01 -7.056840e+01 -5.990000e+00
      vertex   -4.763960e+01 -7.056840e+01 -5.990000e+00
      vertex   -6.163960e+01 -7.056840e+01 -4.490000e+00
    endloop
  endfacet
  facet normal 0.000000e+00 -1.000000e+00 0.000000e+00
    outer loop
      vertex   -6.163960e+01 -7.056840e+01 -4.490000e+00
      vertex   -4.763960e+01 -7.056840e+01 -5.990000e+00
      vertex   -4.763960e+01 -7.056840e+01 -4.490000e+00
    endloop
  endfacet
  facet normal 1.000000e+00 0.000000e+00 0.000000e+00
    outer loop
      vertex   -6.163960e+01 -8.456840e+01 -5.990000e+00
      vertex   -6.163960e+01 -7.056840e+01 -5.990000e+00
      vertex   -6.163960e+01 -8.456840e+01 -4.490000e+00
    endloop
  endfacet
  facet normal 1.000000e+00 -0.000000e+00 0.000000e+00
    outer loop
      vertex   -6.163960e+01 -8.456840e+01 -4.490000e+00
      vertex   -6.163960e+01 -7.056840e+01 -5.990000e+00
      vertex   -6.163960e+01 -7.056840e+01 -4.490000e+00
    endloop
  endfacet
  facet normal 0.000000e+00 1.000000e+00 -0.000000e+00
    outer loop
      vertex   -4.763960e+01 -8.456840e+01 -5.990000e+00
      vertex   -6.163960e+01 -8.456840e+01 -5.990000e+00
      vertex   -4.763960e+01 -8.456840e+01 -4.490000e+00
    endloop
  endfacet
  facet normal 0.000000e+00 1.000000e+00 0.000000e+00
    outer loop
      vertex   -4.763960e+01 -8.456840e+01 -4.490000e+00
      vertex   -6.163960e+01 -8.456840e+01 -5.990000e+00
      vertex   -6.163960e+01 -8.456840e+01 -4.490000e+00
    endloop
  endfacet
  facet normal -1.000000e+00 0.000000e+00 0.000000e+00
    outer loop
      vertex   4.761240e+01 -1.110505e+02 -5.990000e+00
      vertex   4.761240e+01 -1.250505e+02 -5.990000e+00
      vertex   4.761240e+01 -1.110505e+02 -4.490000e+00
    endloop
  endfacet
  facet normal -1.000000e+00 -0.000000e+00 0.000000e+00
    outer loop
      vertex   4.761240e+01 -1.110505e+02 -4.490000e+00
      vertex   4.761240e+01 -1.250505e+02 -5.990000e+00
      vertex   4.761240e+01 -1.250505e+02 -4.490000e+00
    endloop
  endfacet
  facet normal 0.000000e+00 -1.000000e+00 0.000000e+00
    outer loop
      vertex   3.361240e+01 -1.110505e+02 -5.990000e+00
      vertex   4.761240e+01 -1.110505e+02 -5.990000e+00
      vertex   3.361240e+01 -1.110505e+02 -4.490000e+00
    endloop
  endfacet
  facet normal 0.000000e+00 -1.000000e+00 0.000000e+00
    outer loop
      vertex   3.361240e+01 -1.110505e+02 -4.490000e+00
      vertex   4.761240e+01 -1.110505e+02 -5.990000e+00
      vertex   4.761240e+01 -1.110505e+02 -4.490000e+00
    endloop
  endfacet
  facet normal 1.000000e+00 0.000000e+00 0.000000e+00
    outer loop
      vertex   3.361240e+01 -1.250505e+02 -5.990000e+00
      vertex   3.361240e+01 -1.110505e+02 -5.990000e+00
      vertex   3.361240e+01 -1.250505e+02 -4.490000e+00
    endloop
  endfacet
  facet normal 1.000000e+00 -0.000000e+00 0.000000e+00
    outer loop
      vertex   3.361240e+01 -1.250505e+02 -4.490000e+00
      vertex   3.361240e+01 -1.110505e+02 -5.990000e+00
      vertex   3.361240e+01 -1.110505e+02 -4.490000e+00
    endloop
  endfacet
  facet normal -2.030122e-15 1.000000e+00 0.000000e+00
    outer loop
      vertex   4.761240e+01 -1.250505e+02 -5.990000e+00
      vertex   3.361240e+01 -1.250505e+02 -5.990000e+00
      vertex   4.761240e+01 -1.250505e+02 -4.490000e+00
    endloop
  endfacet
  facet normal -2.030122e-15 1.000000e+00 0.000000e+00
    outer loop
      vertex   4.761240e+01 -1.250505e+02 -4.490000e+00
      vertex   3.361240e+01 -1.250505e+02 -5.990000e+00
      vertex   3.361240e+01 -1.250505e+02 -4.490000e+00
    endloop
  endfacet
  facet normal -1.000000e+00 0.000000e+00 0.000000e+00
    outer loop
      vertex   -9.538806e+00 -7.771230e+01 -5.990000e+00
      vertex   -9.538806e+00 -9.171230e+01 -5.990000e+00
      vertex   -9.538806e+00 -7.771230e+01 -4.490000e+00
    endloop
  endfacet
  facet normal -1.000000e+00 -0.000000e+00 0.000000e+00
    outer loop
      vertex   -9.538806e+00 -7.771230e+01 -4.490000e+00
      vertex   -9.538806e+00 -9.171230e+01 -5.990000e+00
      vertex   -9.538806e+00 -9.171230e+01 -4.490000e+00
    endloop
  endfacet
  facet normal 0.000000e+00 -1.000000e+00 0.000000e+00
    outer loop
      vertex   -2.353880e+01 -7.771230e+01 -5.990000e+00
      vertex   -9.538806e+00 -7.771230e+01 -5.990000e+00
      vertex   -2.353880e+01 -7.771230e+01 -4.490000e+00
    endloop
  endfacet
  facet normal 0.000000e+00 -1.000000e+00 0.000000e+00
    outer loop
      vertex   -2.353880e+01 -7.771230e+01 -4.490000e+00
      vertex   -9.538806e+00 -7.771230e+01 -5.990000e+00
      vertex   -9.538806e+00 -7.771230e+01 -4.490000e+00
    endloop
  endfacet
  facet normal 1.000000e+00 0.000000e+00 0.000000e+00
    outer loop
      vertex   -2.353880e+01 -9.171230e+01 -5.990000e+00
      vertex   -2.353880e+01 -7.771230e+01 -5.990000e+00
      vertex   -2.353880e+01 -9.171230e+01 -4.490000e+00
    endloop
  endfacet
  facet normal 1.000000e+00 -0.000000e+00 0.000000e+00
    outer loop
      vertex   -2.353880e+01 -9.171230e+01 -4.490000e+00
      vertex   -2.353880e+01 -7.771230e+01 -5.990000e+00
      vertex   -2.353880e+01 -7.771230e+01 -4.490000e+00
    endloop
  endfacet
  facet normal 0.000000e+00 1.000000e+00 -0.000000e+00
    outer loop
      vertex   -9.538806e+00 -9.171230e+01 -5.990000e+00
      vertex   -2.353880e+01 -9.171230e+01 -5.990000e+00
      vertex   -9.538806e+00 -9.171230e+01 -4.490000e+00
    endloop
  endfacet
  facet normal 0.000000e+00 1.000000e+00 0.000000e+00
    outer loop
      vertex   -9.538806e+00 -9.171230e+01 -4.490000e+00
      vertex   -2.353880e+01 -9.171230e+01 -5.990000e+00
      vertex   -2.353880e+01 -9.171230e+01 -4.490000e+00
    endloop
  endfacet
  facet normal -1.000000e+00 0.000000e+00 0.000000e+00
    outer loop
      vertex   -1.360399e-02 -1.205757e+02 -5.990000e+00
      vertex   -1.360399e-02 -1.345757e+02 -5.990000e+00
      vertex   -1.360399e-02 -1.205757e+02 -4.490000e+00
    endloop
  endfacet
  facet normal -1.000000e+00 -0.000000e+00 0.000000e+00
    outer loop
      vertex   -1.360399e-02 -1.205757e+02 -4.490000e+00
      vertex   -1.360399e-02 -1.345757e+02 -5.990000e+00
      vertex   -1.360399e-02 -1.345757e+02 -4.490000e+00
    endloop
  endfacet
  facet normal 0.000000e+00 -1.000000e+00 0.000000e+00
    outer loop
      vertex   -1.401360e+01 -1.205757e+02 -5.990000e+00
      vertex   -1.360399e-02 -1.205757e+02 -5.990000e+00
      vertex   -1.401360e+01 -1.205757e+02 -4.490000e+00
    endloop
  endfacet
  facet normal 0.000000e+00 -1.000000e+00 0.000000e+00
    outer loop
      vertex   -1.401360e+01 -1.205757e+02 -4.490000e+00
      vertex   -1.360399e-02 -1.205757e+02 -5.990000e+00
      vertex   -1.360399e-02 -1.205757e+02 -4.490000e+00
    endloop
  endfacet
  facet normal 1.000000e+00 0.000000e+00 0.000000e+00
    outer loop
      vertex   -1.401360e+01 -1.345757e+02 -5.990000e+00
      vertex   -1.401360e+01 -1.205757e+02 -5.990000e+00
      vertex   -1.401360e+01 -1.345757e+02 -4.490000e+00
    endloop
  endfacet
  facet normal 1.000000e+00 -0.000000e+00 0.000000e+00
    outer loop
      vertex   -1.401360e+01 -1.345757e+02 -4.490000e+00
      vertex   -1.401360e+01 -1.205757e+02 -5.990000e+00
      vertex   -1.401360e+01 -1.205757e+02 -4.490000e+00
    endloop
  endfacet
  facet normal 0.000000e+00 1.000000e+00 -0.000000e+00
    outer loop
      vertex   -1.360399e-02 -1.345757e+02 -5.990000e+00
      vertex   -1.401360e+01 -1.345757e+02 -5.990000e+00
      vertex   -1.360399e-02 -1.345757e+02 -4.490000e+00
    endloop
  endfacet
  facet normal 0.000000e+00 1.000000e+00 0.000000e+00
    outer loop
      vertex   -1.360399e-02 -1.345757e+02 -4.490000e+00
      vertex   -1.401360e+01 -1.345757e+02 -5.990000e+00
      vertex   -1.401360e+01 -1.345757e+02 -4.490000e+00
    endloop
  endfacet
  facet normal -1.000000e+00 -1.015061e-15 0.000000e+00
    outer loop
      vertex   4.761240e+01 -9.200010e+01 -5.990000e+00
      vertex   4.761240e+01 -1.060001e+02 -5.990000e+00
      vertex   4.761240e+01 -9.200010e+01 -4.490000e+00
    endloop
  endfacet
  facet normal -1.000000e+00 -1.015061e-15 0.000000e+00
    outer loop
      vertex   4.761240e+01 -9.200010e+01 -4.490000e+00
      vertex   4.761240e+01 -1.060001e+02 -5.990000e+00
      vertex   4.761240e+01 -1.060001e+02 -4.490000e+00
    endloop
  endfacet
  facet normal -1.015061e-15 -1.000000e+00 0.000000e+00
    outer loop
      vertex   3.361240e+01 -9.200010e+01 -5.990000e+00
      vertex   4.761240e+01 -9.200010e+01 -5.990000e+00
      vertex   3.361240e+01 -9.200010e+01 -4.490000e+00
    endloop
  endfacet
  facet normal -1.015061e-15 -1.000000e+00 0.000000e+00
    outer loop
      vertex   3.361240e+01 -9.200010e+01 -4.490000e+00
      vertex   4.761240e+01 -9.200010e+01 -5.990000e+00
      vertex   4.761240e+01 -9.200010e+01 -4.490000e+00
    endloop
  endfacet
  facet normal 1.000000e+00 1.015061e-15 -0.000000e+00
    outer loop
      vertex   3.361240e+01 -1.060001e+02 -5.990000e+00
      vertex   3.361240e+01 -9.200010e+01 -5.990000e+00
      vertex   3.361240e+01 -1.060001e+02 -4.490000e+00
    endloop
  endfacet
  facet normal 1.000000e+00 1.015061e-15 0.000000e+00
    outer loop
      vertex   3.361240e+01 -1.060001e+02 -4.490000e+00
      vertex   3.361240e+01 -9.200010e+01 -5.990000e+00
      vertex   3.361240e+01 -9.200010e+01 -4.490000e+00
    endloop
  endfacet
  facet normal 0.000000e+00 1.000000e+00 -0.000000e+00
    outer loop
      vertex   4.761240e+01 -1.060001e+02 -5.990000e+00
      vertex   3.361240e+01 -1.060001e+02 -5.990000e+00
      vertex   4.761240e+01 -1.060001e+02 -4.490000e+00
    endloop
  endfacet
  facet normal 0.000000e+00 1.000000e+00 0.000000e+00
    outer loop
      vertex   4.761240e+01 -1.060001e+02 -4.490000e+00
      vertex   3.361240e+01 -1.060001e+02 -5.990000e+00
      vertex   3.361240e+01 -1.060001e+02 -4.490000e+00
    endloop
  endfacet
  facet normal -9.914449e-01 -1.305262e-01 -4.696426e-15
    outer loop
      vertex   -4.405169e+01 -8.204650e+01 -4.490000e+00
      vertex   -4.405169e+01 -8.204650e+01 -5.990000e+00
      vertex   -4.401420e+01 -8.233120e+01 -4.490000e+00
    endloop
  endfacet
  facet normal -9.914449e-01 -1.305262e-01 -0.000000e+00
    outer loop
      vertex   -4.401420e+01 -8.233120e+01 -4.490000e+00
      vertex   -4.405169e+01 -8.204650e+01 -5.990000e+00
      vertex   -4.401420e+01 -8.233120e+01 -5.990000e+00
    endloop
  endfacet
  facet normal -9.914449e-01 1.305262e-01 0.000000e+00
    outer loop
      vertex   -4.401420e+01 -8.233120e+01 -4.490000e+00
      vertex   -4.401420e+01 -8.233120e+01 -5.990000e+00
      vertex   -4.405169e+01 -8.261590e+01 -4.490000e+00
    endloop
  endfacet
  facet normal -9.914449e-01 1.305262e-01 4.696426e-15
    outer loop
      vertex   -4.405169e+01 -8.261590e+01 -4.490000e+00
      vertex   -4.401420e+01 -8.233120e+01 -5.990000e+00
      vertex   -4.405169e+01 -8.261590e+01 -5.990000e+00
    endloop
  endfacet
  facet normal -9.238795e-01 3.826834e-01 4.376373e-15
    outer loop
      vertex   -4.405169e+01 -8.261590e+01 -4.490000e+00
      vertex   -4.405169e+01 -8.261590e+01 -5.990000e+00
      vertex   -4.416158e+01 -8.288120e+01 -4.490000e+00
    endloop
  endfacet
  facet normal -9.238795e-01 3.826834e-01 0.000000e+00
    outer loop
      vertex   -4.416158e+01 -8.288120e+01 -4.490000e+00
      vertex   -4.405169e+01 -8.261590e+01 -5.990000e+00
      vertex   -4.416158e+01 -8.288120e+01 -5.990000e+00
    endloop
  endfacet
  facet normal -7.933533e-01 6.087614e-01 0.000000e+00
    outer loop
      vertex   -4.416158e+01 -8.288120e+01 -4.490000e+00
      vertex   -4.416158e+01 -8.288120e+01 -5.990000e+00
      vertex   -4.433639e+01 -8.310902e+01 -4.490000e+00
    endloop
  endfacet
  facet normal -7.933533e-01 6.087614e-01 0.000000e+00
    outer loop
      vertex   -4.433639e+01 -8.310902e+01 -4.490000e+00
      vertex   -4.416158e+01 -8.288120e+01 -5.990000e+00
      vertex   -4.433639e+01 -8.310902e+01 -5.990000e+00
    endloop
  endfacet
  facet normal -6.087614e-01 7.933533e-01 0.000000e+00
    outer loop
      vertex   -4.433639e+01 -8.310902e+01 -4.490000e+00
      vertex   -4.433639e+01 -8.310902e+01 -5.990000e+00
      vertex   -4.456420e+01 -8.328383e+01 -4.490000e+00
    endloop
  endfacet
  facet normal -6.087614e-01 7.933533e-01 0.000000e+00
    outer loop
      vertex   -4.456420e+01 -8.328383e+01 -4.490000e+00
      vertex   -4.433639e+01 -8.310902e+01 -5.990000e+00
      vertex   -4.456420e+01 -8.328383e+01 -5.990000e+00
    endloop
  endfacet
  facet normal -3.826834e-01 9.238795e-01 0.000000e+00
    outer loop
      vertex   -4.456420e+01 -8.328383e+01 -4.490000e+00
      vertex   -4.456420e+01 -8.328383e+01 -5.990000e+00
      vertex   -4.482950e+01 -8.339372e+01 -4.490000e+00
    endloop
  endfacet
  facet normal -3.826834e-01 9.238795e-01 0.000000e+00
    outer loop
      vertex   -4.482950e+01 -8.339372e+01 -4.490000e+00
      vertex   -4.456420e+01 -8.328383e+01 -5.990000e+00
      vertex   -4.482950e+01 -8.339372e+01 -5.990000e+00
    endloop
  endfacet
  facet normal -1.305262e-01 9.914449e-01 0.000000e+00
    outer loop
      vertex   -4.482950e+01 -8.339372e+01 -4.490000e+00
      vertex   -4.482950e+01 -8.339372e+01 -5.990000e+00
      vertex   -4.511420e+01 -8.343120e+01 -4.490000e+00
    endloop
  endfacet
  facet normal -1.305262e-01 9.914449e-01 0.000000e+00
    outer loop
      vertex   -4.511420e+01 -8.343120e+01 -4.490000e+00
      vertex   -4.482950e+01 -8.339372e+01 -5.990000e+00
      vertex   -4.511420e+01 -8.343120e+01 -5.990000e+00
    endloop
  endfacet
  facet normal 1.305262e-01 9.914449e-01 0.000000e+00
    outer loop
      vertex   -4.511420e+01 -8.343120e+01 -4.490000e+00
      vertex   -4.511420e+01 -8.343120e+01 -5.990000e+00
      vertex   -4.539891e+01 -8.339372e+01 -4.490000e+00
    endloop
  endfacet
  facet normal 1.305262e-01 9.914449e-01 0.000000e+00
    outer loop
      vertex   -4.539891e+01 -8.339372e+01 -4.490000e+00
      vertex   -4.511420e+01 -8.343120e+01 -5.990000e+00
      vertex   -4.539891e+01 -8.339372e+01 -5.990000e+00
    endloop
  endfacet
  facet normal 3.826834e-01 9.238795e-01 0.000000e+00
    outer loop
      vertex   -4.539891e+01 -8.339372e+01 -4.490000e+00
      vertex   -4.539891e+01 -8.339372e+01 -5.990000e+00
      vertex   -4.566420e+01 -8.328383e+01 -4.490000e+00
    endloop
  endfacet
  facet normal 3.826834e-01 9.238795e-01 0.000000e+00
    outer loop
      vertex   -4.566420e+01 -8.328383e+01 -4.490000e+00
      vertex   -4.539891e+01 -8.339372e+01 -5.990000e+00
      vertex   -4.566420e+01 -8.328383e+01 -5.990000e+00
    endloop
  endfacet
  facet normal 6.087614e-01 7.933533e-01 0.000000e+00
    outer loop
      vertex   -4.566420e+01 -8.328383e+01 -4.490000e+00
      vertex   -4.566420e+01 -8.328383e+01 -5.990000e+00
      vertex   -4.589202e+01 -8.310902e+01 -4.490000e+00
    endloop
  endfacet
  facet normal 6.087614e-01 7.933533e-01 0.000000e+00
    outer loop
      vertex   -4.589202e+01 -8.310902e+01 -4.490000e+00
      vertex   -4.566420e+01 -8.328383e+01 -5.990000e+00
      vertex   -4.589202e+01 -8.310902e+01 -5.990000e+00
    endloop
  endfacet
  facet normal 7.933533e-01 6.087614e-01 0.000000e+00
    outer loop
      vertex   -4.589202e+01 -8.310902e+01 -4.490000e+00
      vertex   -4.589202e+01 -8.310902e+01 -5.990000e+00
      vertex   -4.606683e+01 -8.288120e+01 -4.490000e+00
    endloop
  endfacet
  facet normal 7.933533e-01 6.087614e-01 0.000000e+00
    outer loop
      vertex   -4.606683e+01 -8.288120e+01 -4.490000e+00
      vertex   -4.589202e+01 -8.310902e+01 -5.990000e+00
      vertex   -4.606683e+01 -8.288120e+01 -5.990000e+00
    endloop
  endfacet
  facet normal 9.238795e-01 3.826834e-01 0.000000e+00
    outer loop
      vertex   -4.606683e+01 -8.288120e+01 -4.490000e+00
      vertex   -4.606683e+01 -8.288120e+01 -5.990000e+00
      vertex   -4.617672e+01 -8.261590e+01 -4.490000e+00
    endloop
  endfacet
  facet normal 9.238795e-01 3.826834e-01 0.000000e+00
    outer loop
      vertex   -4.617672e+01 -8.261590e+01 -4.490000e+00
      vertex   -4.606683e+01 -8.288120e+01 -5.990000e+00
      vertex   -4.617672e+01 -8.261590e+01 -5.990000e+00
    endloop
  endfacet
  facet normal 9.914449e-01 1.305262e-01 0.000000e+00
    outer loop
      vertex   -4.617672e+01 -8.261590e+01 -4.490000e+00
      vertex   -4.617672e+01 -8.261590e+01 -5.990000e+00
      vertex   -4.621420e+01 -8.233120e+01 -4.490000e+00
    endloop
  endfacet
  facet normal 9.914449e-01 1.305262e-01 0.000000e+00
    outer loop
      vertex   -4.621420e+01 -8.233120e+01 -4.490000e+00
      vertex   -4.617672e+01 -8.261590e+01 -5.990000e+00
      vertex   -4.621420e+01 -8.233120e+01 -5.990000e+00
    endloop
  endfacet
  facet normal 9.914449e-01 -1.305262e-01 0.000000e+00
    outer loop
      vertex   -4.621420e+01 -8.233120e+01 -4.490000e+00
      vertex   -4.621420e+01 -8.233120e+01 -5.990000e+00
      vertex   -4.617672e+01 -8.204650e+01 -4.490000e+00
    endloop
  endfacet
  facet normal 9.914449e-01 -1.305262e-01 0.000000e+00
    outer loop
      vertex   -4.617672e+01 -8.204650e+01 -4.490000e+00
      vertex   -4.621420e+01 -8.233120e+01 -5.990000e+00
      vertex   -4.617672e+01 -8.204650e+01 -5.990000e+00
    endloop
  endfacet
  facet normal 9.238795e-01 -3.826834e-01 0.000000e+00
    outer loop
      vertex   -4.617672e+01 -8.204650e+01 -4.490000e+00
      vertex   -4.617672e+01 -8.204650e+01 -5.990000e+00
      vertex   -4.606683e+01 -8.178120e+01 -4.490000e+00
    endloop
  endfacet
  facet normal 9.238795e-01 -3.826834e-01 0.000000e+00
    outer loop
      vertex   -4.606683e+01 -8.178120e+01 -4.490000e+00
      vertex   -4.617672e+01 -8.204650e+01 -5.990000e+00
      vertex   -4.606683e+01 -8.178120e+01 -5.990000e+00
    endloop
  endfacet
  facet normal 7.933533e-01 -6.087614e-01 0.000000e+00
    outer loop
      vertex   -4.606683e+01 -8.178120e+01 -4.490000e+00
      vertex   -4.606683e+01 -8.178120e+01 -5.990000e+00
      vertex   -4.589202e+01 -8.155338e+01 -4.490000e+00
    endloop
  endfacet
  facet normal 7.933533e-01 -6.087614e-01 0.000000e+00
    outer loop
      vertex   -4.589202e+01 -8.155338e+01 -4.490000e+00
      vertex   -4.606683e+01 -8.178120e+01 -5.990000e+00
      vertex   -4.589202e+01 -8.155338e+01 -5.990000e+00
    endloop
  endfacet
  facet normal 6.087614e-01 -7.933533e-01 0.000000e+00
    outer loop
      vertex   -4.589202e+01 -8.155338e+01 -4.490000e+00
      vertex   -4.589202e+01 -8.155338e+01 -5.990000e+00
      vertex   -4.566420e+01 -8.137857e+01 -4.490000e+00
    endloop
  endfacet
  facet normal 6.087614e-01 -7.933533e-01 0.000000e+00
    outer loop
      vertex   -4.566420e+01 -8.137857e+01 -4.490000e+00
      vertex   -4.589202e+01 -8.155338e+01 -5.990000e+00
      vertex   -4.566420e+01 -8.137857e+01 -5.990000e+00
    endloop
  endfacet
  facet normal 3.826834e-01 -9.238795e-01 0.000000e+00
    outer loop
      vertex   -4.566420e+01 -8.137857e+01 -4.490000e+00
      vertex   -4.566420e+01 -8.137857e+01 -5.990000e+00
      vertex   -4.539891e+01 -8.126868e+01 -4.490000e+00
    endloop
  endfacet
  facet normal 3.826834e-01 -9.238795e-01 0.000000e+00
    outer loop
      vertex   -4.539891e+01 -8.126868e+01 -4.490000e+00
      vertex   -4.566420e+01 -8.137857e+01 -5.990000e+00
      vertex   -4.539891e+01 -8.126868e+01 -5.990000e+00
    endloop
  endfacet
  facet normal 1.305262e-01 -9.914449e-01 0.000000e+00
    outer loop
      vertex   -4.539891e+01 -8.126868e+01 -4.490000e+00
      vertex   -4.539891e+01 -8.126868e+01 -5.990000e+00
      vertex   -4.511420e+01 -8.123120e+01 -4.490000e+00
    endloop
  endfacet
  facet normal 1.305262e-01 -9.914449e-01 0.000000e+00
    outer loop
      vertex   -4.511420e+01 -8.123120e+01 -4.490000e+00
      vertex   -4.539891e+01 -8.126868e+01 -5.990000e+00
      vertex   -4.511420e+01 -8.123120e+01 -5.990000e+00
    endloop
  endfacet
  facet normal -1.305262e-01 -9.914449e-01 -0.000000e+00
    outer loop
      vertex   -4.511420e+01 -8.123120e+01 -4.490000e+00
      vertex   -4.511420e+01 -8.123120e+01 -5.990000e+00
      vertex   -4.482950e+01 -8.126868e+01 -4.490000e+00
    endloop
  endfacet
  facet normal -1.305262e-01 -9.914449e-01 -0.000000e+00
    outer loop
      vertex   -4.482950e+01 -8.126868e+01 -4.490000e+00
      vertex   -4.511420e+01 -8.123120e+01 -5.990000e+00
      vertex   -4.482950e+01 -8.126868e+01 -5.990000e+00
    endloop
  endfacet
  facet normal -3.826834e-01 -9.238795e-01 -0.000000e+00
    outer loop
      vertex   -4.482950e+01 -8.126868e+01 -4.490000e+00
      vertex   -4.482950e+01 -8.126868e+01 -5.990000e+00
      vertex   -4.456420e+01 -8.137857e+01 -4.490000e+00
    endloop
  endfacet
  facet normal -3.826834e-01 -9.238795e-01 -0.000000e+00
    outer loop
      vertex   -4.456420e+01 -8.137857e+01 -4.490000e+00
      vertex   -4.482950e+01 -8.126868e+01 -5.990000e+00
      vertex   -4.456420e+01 -8.137857e+01 -5.990000e+00
    endloop
  endfacet
  facet normal -6.087614e-01 -7.933533e-01 -0.000000e+00
    outer loop
      vertex   -4.456420e+01 -8.137857e+01 -4.490000e+00
      vertex   -4.456420e+01 -8.137857e+01 -5.990000e+00
      vertex   -4.433639e+01 -8.155338e+01 -4.490000e+00
    endloop
  endfacet
  facet normal -6.087614e-01 -7.933533e-01 -0.000000e+00
    outer loop
      vertex   -4.433639e+01 -8.155338e+01 -4.490000e+00
      vertex   -4.456420e+01 -8.137857e+01 -5.990000e+00
      vertex   -4.433639e+01 -8.155338e+01 -5.990000e+00
    endloop
  endfacet
  facet normal -7.933533e-01 -6.087614e-01 -0.000000e+00
    outer loop
      vertex   -4.433639e+01 -8.155338e+01 -4.490000e+00
      vertex   -4.433639e+01 -8.155338e+01 -5.990000e+00
      vertex   -4.416158e+01 -8.178120e+01 -4.490000e+00
    endloop
  endfacet
  facet normal -7.933533e-01 -6.087614e-01 -0.000000e+00
    outer loop
      vertex   -4.416158e+01 -8.178120e+01 -4.490000e+00
      vertex   -4.433639e+01 -8.155338e+01 -5.990000e+00
      vertex   -4.416158e+01 -8.178120e+01 -5.990000e+00
    endloop
  endfacet
  facet normal -9.238795e-01 -3.826834e-01 -0.000000e+00
    outer loop
      vertex   -4.416158e+01 -8.178120e+01 -4.490000e+00
      vertex   -4.416158e+01 -8.178120e+01 -5.990000e+00
      vertex   -4.405169e+01 -8.204650e+01 -4.490000e+00
    endloop
  endfacet
  facet normal -9.238795e-01 -3.826834e-01 -4.376373e-15
    outer loop
      vertex   -4.405169e+01 -8.204650e+01 -4.490000e+00
      vertex   -4.416158e+01 -8.178120e+01 -5.990000e+00
      vertex   -4.405169e+01 -8.204650e+01 -5.990000e+00
    endloop
  endfacet
  facet normal -1.000000e+00 0.000000e+00 0.000000e+00
    outer loop
      vertex   4.761240e+01 -7.294970e+01 -5.990000e+00
      vertex   4.761240e+01 -8.694970e+01 -5.990000e+00
      vertex   4.761240e+01 -7.294970e+01 -4.490000e+00
    endloop
  endfacet
  facet normal -1.000000e+00 -0.000000e+00 0.000000e+00
    outer loop
      vertex   4.761240e+01 -7.294970e+01 -4.490000e+00
      vertex   4.761240e+01 -8.694970e+01 -5.990000e+00
      vertex   4.761240e+01 -8.694970e+01 -4.490000e+00
    endloop
  endfacet
  facet normal -1.015061e-15 -1.000000e+00 0.000000e+00
    outer loop
      vertex   3.361240e+01 -7.294970e+01 -5.990000e+00
      vertex   4.761240e+01 -7.294970e+01 -5.990000e+00
      vertex   3.361240e+01 -7.294970e+01 -4.490000e+00
    endloop
  endfacet
  facet normal -1.015061e-15 -1.000000e+00 0.000000e+00
    outer loop
      vertex   3.361240e+01 -7.294970e+01 -4.490000e+00
      vertex   4.761240e+01 -7.294970e+01 -5.990000e+00
      vertex   4.761240e+01 -7.294970e+01 -4.490000e+00
    endloop
  endfacet
  facet normal 1.000000e+00 1.522592e-15 -0.000000e+00
    outer loop
      vertex   3.361240e+01 -8.694970e+01 -5.990000e+00
      vertex   3.361240e+01 -7.294970e+01 -5.990000e+00
      vertex   3.361240e+01 -8.694970e+01 -4.490000e+00
    endloop
  endfacet
  facet normal 1.000000e+00 1.522592e-15 0.000000e+00
    outer loop
      vertex   3.361240e+01 -8.694970e+01 -4.490000e+00
      vertex   3.361240e+01 -7.294970e+01 -5.990000e+00
      vertex   3.361240e+01 -7.294970e+01 -4.490000e+00
    endloop
  endfacet
  facet normal 0.000000e+00 1.000000e+00 -0.000000e+00
    outer loop
      vertex   4.761240e+01 -8.694970e+01 -5.990000e+00
      vertex   3.361240e+01 -8.694970e+01 -5.990000e+00
      vertex   4.761240e+01 -8.694970e+01 -4.490000e+00
    endloop
  endfacet
  facet normal 0.000000e+00 1.000000e+00 0.000000e+00
    outer loop
      vertex   4.761240e+01 -8.694970e+01 -4.490000e+00
      vertex   3.361240e+01 -8.694970e+01 -5.990000e+00
      vertex   3.361240e+01 -8.694970e+01 -4.490000e+00
    endloop
  endfacet
  facet normal -1.000000e+00 0.000000e+00 0.000000e+00
    outer loop
      vertex   -3.811440e+01 -1.277196e+02 -5.990000e+00
      vertex   -3.811440e+01 -1.417196e+02 -5.990000e+00
      vertex   -3.811440e+01 -1.277196e+02 -4.490000e+00
    endloop
  endfacet
  facet normal -1.000000e+00 -0.000000e+00 0.000000e+00
    outer loop
      vertex   -3.811440e+01 -1.277196e+02 -4.490000e+00
      vertex   -3.811440e+01 -1.417196e+02 -5.990000e+00
      vertex   -3.811440e+01 -1.417196e+02 -4.490000e+00
    endloop
  endfacet
  facet normal 0.000000e+00 -1.000000e+00 0.000000e+00
    outer loop
      vertex   -5.211440e+01 -1.277196e+02 -5.990000e+00
      vertex   -3.811440e+01 -1.277196e+02 -5.990000e+00
      vertex   -5.211440e+01 -1.277196e+02 -4.490000e+00
    endloop
  endfacet
  facet normal 0.000000e+00 -1.000000e+00 0.000000e+00
    outer loop
      vertex   -5.211440e+01 -1.277196e+02 -4.490000e+00
      vertex   -3.811440e+01 -1.277196e+02 -5.990000e+00
      vertex   -3.811440e+01 -1.277196e+02 -4.490000e+00
    endloop
  endfacet
  facet normal 1.000000e+00 0.000000e+00 0.000000e+00
    outer loop
      vertex   -5.211440e+01 -1.417196e+02 -5.990000e+00
      vertex   -5.211440e+01 -1.277196e+02 -5.990000e+00
      vertex   -5.211440e+01 -1.417196e+02 -4.490000e+00
    endloop
  endfacet
  facet normal 1.000000e+00 -0.000000e+00 0.000000e+00
    outer loop
      vertex   -5.211440e+01 -1.417196e+02 -4.490000e+00
      vertex   -5.211440e+01 -1.277196e+02 -5.990000e+00
      vertex   -5.211440e+01 -1.277196e+02 -4.490000e+00
    endloop
  endfacet
  facet normal 0.000000e+00 1.000000e+00 -0.000000e+00
    outer loop
      vertex   -3.811440e+01 -1.417196e+02 -5.990000e+00
      vertex   -5.211440e+01 -1.417196e+02 -5.990000e+00
      vertex   -3.811440e+01 -1.417196e+02 -4.490000e+00
    endloop
  endfacet
  facet normal 0.000000e+00 1.000000e+00 0.000000e+00
    outer loop
      vertex   -3.811440e+01 -1.417196e+02 -4.490000e+00
      vertex   -5.211440e+01 -1.417196e+02 -5.990000e+00
      vertex   -5.211440e+01 -1.417196e+02 -4.490000e+00
    endloop
  endfacet
  facet normal 1.000000e+00 0.000000e+00 0.000000e+00
    outer loop
      vertex   1.456199e+01 -1.036188e+02 -5.990000e+00
      vertex   1.456199e+01 -8.961880e+01 -5.990000e+00
      vertex   1.456199e+01 -1.036188e+02 -4.490000e+00
    endloop
  endfacet
  facet normal 1.000000e+00 -0.000000e+00 0.000000e+00
    outer loop
      vertex   1.456199e+01 -1.036188e+02 -4.490000e+00
      vertex   1.456199e+01 -8.961880e+01 -5.990000e+00
      vertex   1.456199e+01 -8.961880e+01 -4.490000e+00
    endloop
  endfacet
  facet normal 0.000000e+00 1.000000e+00 -0.000000e+00
    outer loop
      vertex   2.856200e+01 -1.036188e+02 -5.990000e+00
      vertex   1.456199e+01 -1.036188e+02 -5.990000e+00
      vertex   2.856200e+01 -1.036188e+02 -4.490000e+00
    endloop
  endfacet
  facet normal 0.000000e+00 1.000000e+00 0.000000e+00
    outer loop
      vertex   2.856200e+01 -1.036188e+02 -4.490000e+00
      vertex   1.456199e+01 -1.036188e+02 -5.990000e+00
      vertex   1.456199e+01 -1.036188e+02 -4.490000e+00
    endloop
  endfacet
  facet normal -1.000000e+00 0.000000e+00 0.000000e+00
    outer loop
      vertex   2.856200e+01 -8.961880e+01 -5.990000e+00
      vertex   2.856200e+01 -1.036188e+02 -5.990000e+00
      vertex   2.856200e+01 -8.961880e+01 -4.490000e+00
    endloop
  endfacet
  facet normal -1.000000e+00 -0.000000e+00 0.000000e+00
    outer loop
      vertex   2.856200e+01 -8.961880e+01 -4.490000e+00
      vertex   2.856200e+01 -1.036188e+02 -5.990000e+00
      vertex   2.856200e+01 -1.036188e+02 -4.490000e+00
    endloop
  endfacet
  facet normal 0.000000e+00 -1.000000e+00 0.000000e+00
    outer loop
      vertex   1.456199e+01 -8.961880e+01 -5.990000e+00
      vertex   2.856200e+01 -8.961880e+01 -5.990000e+00
      vertex   1.456199e+01 -8.961880e+01 -4.490000e+00
    endloop
  endfacet
  facet normal 0.000000e+00 -1.000000e+00 0.000000e+00
    outer loop
      vertex   1.456199e+01 -8.961880e+01 -4.490000e+00
      vertex   2.856200e+01 -8.961880e+01 -5.990000e+00
      vertex   2.856200e+01 -8.961880e+01 -4.490000e+00
    endloop
  endfacet
  facet normal 0.000000e+00 -1.000000e+00 0.000000e+00
    outer loop
      vertex   1.456199e+01 -1.086692e+02 -5.990000e+00
      vertex   2.856200e+01 -1.086692e+02 -5.990000e+00
      vertex   1.456199e+01 -1.086692e+02 -4.490000e+00
    endloop
  endfacet
  facet normal 0.000000e+00 -1.000000e+00 0.000000e+00
    outer loop
      vertex   1.456199e+01 -1.086692e+02 -4.490000e+00
      vertex   2.856200e+01 -1.086692e+02 -5.990000e+00
      vertex   2.856200e+01 -1.086692e+02 -4.490000e+00
    endloop
  endfacet
  facet normal 1.000000e+00 0.000000e+00 0.000000e+00
    outer loop
      vertex   1.456199e+01 -1.226692e+02 -5.990000e+00
      vertex   1.456199e+01 -1.086692e+02 -5.990000e+00
      vertex   1.456199e+01 -1.226692e+02 -4.490000e+00
    endloop
  endfacet
  facet normal 1.000000e+00 -0.000000e+00 0.000000e+00
    outer loop
      vertex   1.456199e+01 -1.226692e+02 -4.490000e+00
      vertex   1.456199e+01 -1.086692e+02 -5.990000e+00
      vertex   1.456199e+01 -1.086692e+02 -4.490000e+00
    endloop
  endfacet
  facet normal 0.000000e+00 1.000000e+00 -0.000000e+00
    outer loop
      vertex   2.856200e+01 -1.226692e+02 -5.990000e+00
      vertex   1.456199e+01 -1.226692e+02 -5.990000e+00
      vertex   2.856200e+01 -1.226692e+02 -4.490000e+00
    endloop
  endfacet
  facet normal 0.000000e+00 1.000000e+00 0.000000e+00
    outer loop
      vertex   2.856200e+01 -1.226692e+02 -4.490000e+00
      vertex   1.456199e+01 -1.226692e+02 -5.990000e+00
      vertex   1.456199e+01 -1.226692e+02 -4.490000e+00
    endloop
  endfacet
  facet normal -1.000000e+00 0.000000e+00 0.000000e+00
    outer loop
      vertex   2.856200e+01 -1.086692e+02 -5.990000e+00
      vertex   2.856200e+01 -1.226692e+02 -5.990000e+00
      vertex   2.856200e+01 -1.086692e+02 -4.490000e+00
    endloop
  endfacet
  facet normal -1.000000e+00 -0.000000e+00 0.000000e+00
    outer loop
      vertex   2.856200e+01 -1.086692e+02 -4.490000e+00
      vertex   2.856200e+01 -1.226692e+02 -5.990000e+00
      vertex   2.856200e+01 -1.226692e+02 -4.490000e+00
    endloop
  endfacet
  facet normal -1.000000e+00 0.000000e+00 0.000000e+00
    outer loop
      vertex   -1.906400e+01 -1.229570e+02 -5.990000e+00
      vertex   -1.906400e+01 -1.369570e+02 -5.990000e+00
      vertex   -1.906400e+01 -1.229570e+02 -4.490000e+00
    endloop
  endfacet
  facet normal -1.000000e+00 -0.000000e+00 0.000000e+00
    outer loop
      vertex   -1.906400e+01 -1.229570e+02 -4.490000e+00
      vertex   -1.906400e+01 -1.369570e+02 -5.990000e+00
      vertex   -1.906400e+01 -1.369570e+02 -4.490000e+00
    endloop
  endfacet
  facet normal 0.000000e+00 -1.000000e+00 0.000000e+00
    outer loop
      vertex   -3.306400e+01 -1.229570e+02 -5.990000e+00
      vertex   -1.906400e+01 -1.229570e+02 -5.990000e+00
      vertex   -3.306400e+01 -1.229570e+02 -4.490000e+00
    endloop
  endfacet
  facet normal 0.000000e+00 -1.000000e+00 0.000000e+00
    outer loop
      vertex   -3.306400e+01 -1.229570e+02 -4.490000e+00
      vertex   -1.906400e+01 -1.229570e+02 -5.990000e+00
      vertex   -1.906400e+01 -1.229570e+02 -4.490000e+00
    endloop
  endfacet
  facet normal 1.000000e+00 0.000000e+00 0.000000e+00
    outer loop
      vertex   -3.306400e+01 -1.369570e+02 -5.990000e+00
      vertex   -3.306400e+01 -1.229570e+02 -5.990000e+00
      vertex   -3.306400e+01 -1.369570e+02 -4.490000e+00
    endloop
  endfacet
  facet normal 1.000000e+00 -0.000000e+00 0.000000e+00
    outer loop
      vertex   -3.306400e+01 -1.369570e+02 -4.490000e+00
      vertex   -3.306400e+01 -1.229570e+02 -5.990000e+00
      vertex   -3.306400e+01 -1.229570e+02 -4.490000e+00
    endloop
  endfacet
  facet normal 0.000000e+00 1.000000e+00 -0.000000e+00
    outer loop
      vertex   -1.906400e+01 -1.369570e+02 -5.990000e+00
      vertex   -3.306400e+01 -1.369570e+02 -5.990000e+00
      vertex   -1.906400e+01 -1.369570e+02 -4.490000e+00
    endloop
  endfacet
  facet normal 0.000000e+00 1.000000e+00 0.000000e+00
    outer loop
      vertex   -1.906400e+01 -1.369570e+02 -4.490000e+00
      vertex   -3.306400e+01 -1.369570e+02 -5.990000e+00
      vertex   -3.306400e+01 -1.369570e+02 -4.490000e+00
    endloop
  endfacet
  facet normal -1.000000e+00 0.000000e+00 0.000000e+00
    outer loop
      vertex   -9.538806e+00 -9.676270e+01 -5.990000e+00
      vertex   -9.538806e+00 -1.107627e+02 -5.990000e+00
      vertex   -9.538806e+00 -9.676270e+01 -4.490000e+00
    endloop
  endfacet
  facet normal -1.000000e+00 -0.000000e+00 0.000000e+00
    outer loop
      vertex   -9.538806e+00 -9.676270e+01 -4.490000e+00
      vertex   -9.538806e+00 -1.107627e+02 -5.990000e+00
      vertex   -9.538806e+00 -1.107627e+02 -4.490000e+00
    endloop
  endfacet
  facet normal 0.000000e+00 -1.000000e+00 0.000000e+00
    outer loop
      vertex   -2.353880e+01 -9.676270e+01 -5.990000e+00
      vertex   -9.538806e+00 -9.676270e+01 -5.990000e+00
      vertex   -2.353880e+01 -9.676270e+01 -4.490000e+00
    endloop
  endfacet
  facet normal 0.000000e+00 -1.000000e+00 0.000000e+00
    outer loop
      vertex   -2.353880e+01 -9.676270e+01 -4.490000e+00
      vertex   -9.538806e+00 -9.676270e+01 -5.990000e+00
      vertex   -9.538806e+00 -9.676270e+01 -4.490000e+00
    endloop
  endfacet
  facet normal 1.000000e+00 0.000000e+00 0.000000e+00
    outer loop
      vertex   -2.353880e+01 -1.107627e+02 -5.990000e+00
      vertex   -2.353880e+01 -9.676270e+01 -5.990000e+00
      vertex   -2.353880e+01 -1.107627e+02 -4.490000e+00
    endloop
  endfacet
  facet normal 1.000000e+00 -0.000000e+00 0.000000e+00
    outer loop
      vertex   -2.353880e+01 -1.107627e+02 -4.490000e+00
      vertex   -2.353880e+01 -9.676270e+01 -5.990000e+00
      vertex   -2.353880e+01 -9.676270e+01 -4.490000e+00
    endloop
  endfacet
  facet normal 0.000000e+00 1.000000e+00 -0.000000e+00
    outer loop
      vertex   -9.538806e+00 -1.107627e+02 -5.990000e+00
      vertex   -2.353880e+01 -1.107627e+02 -5.990000e+00
      vertex   -9.538806e+00 -1.107627e+02 -4.490000e+00
    endloop
  endfacet
  facet normal 0.000000e+00 1.000000e+00 0.000000e+00
    outer loop
      vertex   -9.538806e+00 -1.107627e+02 -4.490000e+00
      vertex   -2.353880e+01 -1.107627e+02 -5.990000e+00
      vertex   -2.353880e+01 -1.107627e+02 -4.490000e+00
    endloop
  endfacet
  facet normal 1.946976e-01 -9.808633e-01 0.000000e+00
    outer loop
      vertex   -3.466548e+01 -1.511874e+02 -5.990000e+00
      vertex   5.472169e+01 -1.334444e+02 -5.990000e+00
      vertex   -3.466548e+01 -1.511874e+02 -4.490000e+00
    endloop
  endfacet
  facet normal 1.946976e-01 -9.808633e-01 0.000000e+00
    outer loop
      vertex   -3.466548e+01 -1.511874e+02 -4.490000e+00
      vertex   5.472169e+01 -1.334444e+02 -5.990000e+00
      vertex   5.472169e+01 -1.334444e+02 -4.490000e+00
    endloop
  endfacet
  facet normal 5.235888e-01 -8.519711e-01 0.000000e+00
    outer loop
      vertex   -8.642998e+01 -1.719982e+02 -5.990000e+00
      vertex   -5.338317e+01 -1.516889e+02 -5.990000e+00
      vertex   -8.642998e+01 -1.719982e+02 -4.490000e+00
    endloop
  endfacet
  facet normal 5.235888e-01 -8.519711e-01 0.000000e+00
    outer loop
      vertex   -8.642998e+01 -1.719982e+02 -4.490000e+00
      vertex   -5.338317e+01 -1.516889e+02 -5.990000e+00
      vertex   -5.338317e+01 -1.516889e+02 -4.490000e+00
    endloop
  endfacet
  facet normal -9.999996e-01 -9.338129e-04 1.975729e-14
    outer loop
      vertex   -9.186950e+01 -1.039200e+02 -5.990000e+00
      vertex   -9.186985e+01 -1.035464e+02 -5.534504e+00
      vertex   -9.190681e+01 -6.397040e+01 -5.990000e+00
    endloop
  endfacet
  facet normal -9.999996e-01 -9.338129e-04 -7.106975e-15
    outer loop
      vertex   -9.190681e+01 -6.397040e+01 -5.990000e+00
      vertex   -9.186985e+01 -1.035464e+02 -5.534504e+00
      vertex   -9.187014e+01 -1.032401e+02 -5.031203e+00
    endloop
  endfacet
  facet normal -9.999996e-01 -9.338129e-04 0.000000e+00
    outer loop
      vertex   -9.190681e+01 -6.397040e+01 -5.990000e+00
      vertex   -9.187014e+01 -1.032401e+02 -5.031203e+00
      vertex   -9.190681e+01 -6.397040e+01 -4.490000e+00
    endloop
  endfacet
  facet normal -9.999996e-01 -9.338129e-04 -2.426769e-14
    outer loop
      vertex   -9.190681e+01 -6.397040e+01 -4.490000e+00
      vertex   -9.187014e+01 -1.032401e+02 -5.031203e+00
      vertex   -9.187035e+01 -1.030073e+02 -4.490000e+00
    endloop
  endfacet
  facet normal -2.966447e-01 9.549879e-01 0.000000e+00
    outer loop
      vertex   -2.755726e+01 -4.927061e+01 -5.990000e+00
      vertex   -6.477864e+01 -6.083256e+01 -5.990000e+00
      vertex   -2.755726e+01 -4.927061e+01 -4.490000e+00
    endloop
  endfacet
  facet normal -2.966447e-01 9.549879e-01 0.000000e+00
    outer loop
      vertex   -2.755726e+01 -4.927061e+01 -4.490000e+00
      vertex   -6.477864e+01 -6.083256e+01 -5.990000e+00
      vertex   -6.477864e+01 -6.083256e+01 -4.490000e+00
    endloop
  endfacet
  facet normal 2.425356e-01 9.701425e-01 -0.000000e+00
    outer loop
      vertex   5.486520e+01 -6.439096e+01 -5.990000e+00
      vertex   -5.787618e+00 -4.922776e+01 -5.990000e+00
      vertex   5.486520e+01 -6.439096e+01 -4.490000e+00
    endloop
  endfacet
  facet normal 2.425356e-01 9.701425e-01 0.000000e+00
    outer loop
      vertex   5.486520e+01 -6.439096e+01 -4.490000e+00
      vertex   -5.787618e+00 -4.922776e+01 -5.990000e+00
      vertex   -5.787618e+00 -4.922776e+01 -4.490000e+00
    endloop
  endfacet
endsolid
